value,value_label,cohort,variable,variable_label
0,0.inap.,CHARLS,r1iwstat,r1iwstat:w1 r interview status
1,"1.resp, alive",CHARLS,r1iwstat,r1iwstat:w1 r interview status
4,"4.nr, alive",CHARLS,r1iwstat,r1iwstat:w1 r interview status
5,"5.nr, died this wv",CHARLS,r1iwstat,r1iwstat:w1 r interview status
6,"6.nr, died prev wv",CHARLS,r1iwstat,r1iwstat:w1 r interview status
7,"7.nr, dropped from samp",CHARLS,r1iwstat,r1iwstat:w1 r interview status
9,"9.nr, dk if alive or died",CHARLS,r1iwstat,r1iwstat:w1 r interview status
,.d:dk,CHARLS,r1iwstat,r1iwstat:w1 r interview status
,.m:missing,CHARLS,r1iwstat,r1iwstat:w1 r interview status
,.p:proxy,CHARLS,r1iwstat,r1iwstat:w1 r interview status
,.r:refuse,CHARLS,r1iwstat,r1iwstat:w1 r interview status
,.s:skip,CHARLS,r1iwstat,r1iwstat:w1 r interview status
,.u:unmar,CHARLS,r1iwstat,r1iwstat:w1 r interview status
,.v:sp nr,CHARLS,r1iwstat,r1iwstat:w1 r interview status
0,0.inap.,CHARLS,r2iwstat,r2iwstat:w2 r interview status
1,"1.resp, alive",CHARLS,r2iwstat,r2iwstat:w2 r interview status
4,"4.nr, alive",CHARLS,r2iwstat,r2iwstat:w2 r interview status
5,"5.nr, died this wv",CHARLS,r2iwstat,r2iwstat:w2 r interview status
6,"6.nr, died prev wv",CHARLS,r2iwstat,r2iwstat:w2 r interview status
7,"7.nr, dropped from samp",CHARLS,r2iwstat,r2iwstat:w2 r interview status
9,"9.nr, dk if alive or died",CHARLS,r2iwstat,r2iwstat:w2 r interview status
,.d:dk,CHARLS,r2iwstat,r2iwstat:w2 r interview status
,.m:missing,CHARLS,r2iwstat,r2iwstat:w2 r interview status
,.p:proxy,CHARLS,r2iwstat,r2iwstat:w2 r interview status
,.r:refuse,CHARLS,r2iwstat,r2iwstat:w2 r interview status
,.s:skip,CHARLS,r2iwstat,r2iwstat:w2 r interview status
,.u:unmar,CHARLS,r2iwstat,r2iwstat:w2 r interview status
,.v:sp nr,CHARLS,r2iwstat,r2iwstat:w2 r interview status
0,0.inap.,CHARLS,r3iwstat,r3iwstat:w3 r interview status
1,"1.resp, alive",CHARLS,r3iwstat,r3iwstat:w3 r interview status
4,"4.nr, alive",CHARLS,r3iwstat,r3iwstat:w3 r interview status
5,"5.nr, died this wv",CHARLS,r3iwstat,r3iwstat:w3 r interview status
6,"6.nr, died prev wv",CHARLS,r3iwstat,r3iwstat:w3 r interview status
7,"7.nr, dropped from samp",CHARLS,r3iwstat,r3iwstat:w3 r interview status
9,"9.nr, dk if alive or died",CHARLS,r3iwstat,r3iwstat:w3 r interview status
,.d:dk,CHARLS,r3iwstat,r3iwstat:w3 r interview status
,.m:missing,CHARLS,r3iwstat,r3iwstat:w3 r interview status
,.p:proxy,CHARLS,r3iwstat,r3iwstat:w3 r interview status
,.r:refuse,CHARLS,r3iwstat,r3iwstat:w3 r interview status
,.s:skip,CHARLS,r3iwstat,r3iwstat:w3 r interview status
,.u:unmar,CHARLS,r3iwstat,r3iwstat:w3 r interview status
,.v:sp nr,CHARLS,r3iwstat,r3iwstat:w3 r interview status
0,0.inap.,CHARLS,r4iwstat,r4iwstat:w4 r interview status
1,"1.resp, alive",CHARLS,r4iwstat,r4iwstat:w4 r interview status
4,"4.nr, alive",CHARLS,r4iwstat,r4iwstat:w4 r interview status
5,"5.nr, died this wv",CHARLS,r4iwstat,r4iwstat:w4 r interview status
6,"6.nr, died prev wv",CHARLS,r4iwstat,r4iwstat:w4 r interview status
7,"7.nr, dropped from samp",CHARLS,r4iwstat,r4iwstat:w4 r interview status
9,"9.nr, dk if alive or died",CHARLS,r4iwstat,r4iwstat:w4 r interview status
,.d:dk,CHARLS,r4iwstat,r4iwstat:w4 r interview status
,.m:missing,CHARLS,r4iwstat,r4iwstat:w4 r interview status
,.p:proxy,CHARLS,r4iwstat,r4iwstat:w4 r interview status
,.r:refuse,CHARLS,r4iwstat,r4iwstat:w4 r interview status
,.s:skip,CHARLS,r4iwstat,r4iwstat:w4 r interview status
,.u:unmar,CHARLS,r4iwstat,r4iwstat:w4 r interview status
,.v:sp nr,CHARLS,r4iwstat,r4iwstat:w4 r interview status
0,0.inap.,CHARLS,s1iwstat,s1iwstat:w1 s interview status
1,"1.resp, alive",CHARLS,s1iwstat,s1iwstat:w1 s interview status
4,"4.nr, alive",CHARLS,s1iwstat,s1iwstat:w1 s interview status
5,"5.nr, died this wv",CHARLS,s1iwstat,s1iwstat:w1 s interview status
6,"6.nr, died prev wv",CHARLS,s1iwstat,s1iwstat:w1 s interview status
7,"7.nr, dropped from samp",CHARLS,s1iwstat,s1iwstat:w1 s interview status
9,"9.nr, dk if alive or died",CHARLS,s1iwstat,s1iwstat:w1 s interview status
,.d:dk,CHARLS,s1iwstat,s1iwstat:w1 s interview status
,.m:missing,CHARLS,s1iwstat,s1iwstat:w1 s interview status
,.p:proxy,CHARLS,s1iwstat,s1iwstat:w1 s interview status
,.r:refuse,CHARLS,s1iwstat,s1iwstat:w1 s interview status
,.s:skip,CHARLS,s1iwstat,s1iwstat:w1 s interview status
,.u:unmar,CHARLS,s1iwstat,s1iwstat:w1 s interview status
,.v:sp nr,CHARLS,s1iwstat,s1iwstat:w1 s interview status
0,0.inap.,CHARLS,s2iwstat,s2iwstat:w2 s interview status
1,"1.resp, alive",CHARLS,s2iwstat,s2iwstat:w2 s interview status
4,"4.nr, alive",CHARLS,s2iwstat,s2iwstat:w2 s interview status
5,"5.nr, died this wv",CHARLS,s2iwstat,s2iwstat:w2 s interview status
6,"6.nr, died prev wv",CHARLS,s2iwstat,s2iwstat:w2 s interview status
7,"7.nr, dropped from samp",CHARLS,s2iwstat,s2iwstat:w2 s interview status
9,"9.nr, dk if alive or died",CHARLS,s2iwstat,s2iwstat:w2 s interview status
,.d:dk,CHARLS,s2iwstat,s2iwstat:w2 s interview status
,.m:missing,CHARLS,s2iwstat,s2iwstat:w2 s interview status
,.p:proxy,CHARLS,s2iwstat,s2iwstat:w2 s interview status
,.r:refuse,CHARLS,s2iwstat,s2iwstat:w2 s interview status
,.s:skip,CHARLS,s2iwstat,s2iwstat:w2 s interview status
,.u:unmar,CHARLS,s2iwstat,s2iwstat:w2 s interview status
,.v:sp nr,CHARLS,s2iwstat,s2iwstat:w2 s interview status
0,0.inap.,CHARLS,s3iwstat,s3iwstat:w3 s interview status
1,"1.resp, alive",CHARLS,s3iwstat,s3iwstat:w3 s interview status
4,"4.nr, alive",CHARLS,s3iwstat,s3iwstat:w3 s interview status
5,"5.nr, died this wv",CHARLS,s3iwstat,s3iwstat:w3 s interview status
6,"6.nr, died prev wv",CHARLS,s3iwstat,s3iwstat:w3 s interview status
7,"7.nr, dropped from samp",CHARLS,s3iwstat,s3iwstat:w3 s interview status
9,"9.nr, dk if alive or died",CHARLS,s3iwstat,s3iwstat:w3 s interview status
,.d:dk,CHARLS,s3iwstat,s3iwstat:w3 s interview status
,.m:missing,CHARLS,s3iwstat,s3iwstat:w3 s interview status
,.p:proxy,CHARLS,s3iwstat,s3iwstat:w3 s interview status
,.r:refuse,CHARLS,s3iwstat,s3iwstat:w3 s interview status
,.s:skip,CHARLS,s3iwstat,s3iwstat:w3 s interview status
,.u:unmar,CHARLS,s3iwstat,s3iwstat:w3 s interview status
,.v:sp nr,CHARLS,s3iwstat,s3iwstat:w3 s interview status
0,0.inap.,CHARLS,s4iwstat,s4iwstat:w4 s interview status
1,"1.resp, alive",CHARLS,s4iwstat,s4iwstat:w4 s interview status
4,"4.nr, alive",CHARLS,s4iwstat,s4iwstat:w4 s interview status
5,"5.nr, died this wv",CHARLS,s4iwstat,s4iwstat:w4 s interview status
6,"6.nr, died prev wv",CHARLS,s4iwstat,s4iwstat:w4 s interview status
7,"7.nr, dropped from samp",CHARLS,s4iwstat,s4iwstat:w4 s interview status
9,"9.nr, dk if alive or died",CHARLS,s4iwstat,s4iwstat:w4 s interview status
,.d:dk,CHARLS,s4iwstat,s4iwstat:w4 s interview status
,.m:missing,CHARLS,s4iwstat,s4iwstat:w4 s interview status
,.p:proxy,CHARLS,s4iwstat,s4iwstat:w4 s interview status
,.r:refuse,CHARLS,s4iwstat,s4iwstat:w4 s interview status
,.s:skip,CHARLS,s4iwstat,s4iwstat:w4 s interview status
,.u:unmar,CHARLS,s4iwstat,s4iwstat:w4 s interview status
,.v:sp nr,CHARLS,s4iwstat,s4iwstat:w4 s interview status
0,0.No,CHARLS,r1chdeathe,r1chdeathe:w1 r ever experienced death of own child
1,1.Yes,CHARLS,r1chdeathe,r1chdeathe:w1 r ever experienced death of own child
,.a:No life history survey,CHARLS,r1chdeathe,r1chdeathe:w1 r ever experienced death of own child
,.d:dk,CHARLS,r1chdeathe,r1chdeathe:w1 r ever experienced death of own child
,.m:missing,CHARLS,r1chdeathe,r1chdeathe:w1 r ever experienced death of own child
,.n:No education before age 16,CHARLS,r1chdeathe,r1chdeathe:w1 r ever experienced death of own child
,.p:proxy,CHARLS,r1chdeathe,r1chdeathe:w1 r ever experienced death of own child
,.r:refuse,CHARLS,r1chdeathe,r1chdeathe:w1 r ever experienced death of own child
,.s:skip,CHARLS,r1chdeathe,r1chdeathe:w1 r ever experienced death of own child
,.u:unmar,CHARLS,r1chdeathe,r1chdeathe:w1 r ever experienced death of own child
,.v:sp nr,CHARLS,r1chdeathe,r1chdeathe:w1 r ever experienced death of own child
,.x:Re-interview respondent,CHARLS,r1chdeathe,r1chdeathe:w1 r ever experienced death of own child
0,0.No,CHARLS,r2chdeathe,r2chdeathe:w2 r ever experienced death of own child
1,1.Yes,CHARLS,r2chdeathe,r2chdeathe:w2 r ever experienced death of own child
,.a:No life history survey,CHARLS,r2chdeathe,r2chdeathe:w2 r ever experienced death of own child
,.d:dk,CHARLS,r2chdeathe,r2chdeathe:w2 r ever experienced death of own child
,.m:missing,CHARLS,r2chdeathe,r2chdeathe:w2 r ever experienced death of own child
,.n:No education before age 16,CHARLS,r2chdeathe,r2chdeathe:w2 r ever experienced death of own child
,.p:proxy,CHARLS,r2chdeathe,r2chdeathe:w2 r ever experienced death of own child
,.r:refuse,CHARLS,r2chdeathe,r2chdeathe:w2 r ever experienced death of own child
,.s:skip,CHARLS,r2chdeathe,r2chdeathe:w2 r ever experienced death of own child
,.u:unmar,CHARLS,r2chdeathe,r2chdeathe:w2 r ever experienced death of own child
,.v:sp nr,CHARLS,r2chdeathe,r2chdeathe:w2 r ever experienced death of own child
,.x:Re-interview respondent,CHARLS,r2chdeathe,r2chdeathe:w2 r ever experienced death of own child
0,0.No,CHARLS,r3chdeathe,r3chdeathe:w3 r ever experienced death of own child
1,1.Yes,CHARLS,r3chdeathe,r3chdeathe:w3 r ever experienced death of own child
,.a:No life history survey,CHARLS,r3chdeathe,r3chdeathe:w3 r ever experienced death of own child
,.d:dk,CHARLS,r3chdeathe,r3chdeathe:w3 r ever experienced death of own child
,.m:missing,CHARLS,r3chdeathe,r3chdeathe:w3 r ever experienced death of own child
,.n:No education before age 16,CHARLS,r3chdeathe,r3chdeathe:w3 r ever experienced death of own child
,.p:proxy,CHARLS,r3chdeathe,r3chdeathe:w3 r ever experienced death of own child
,.r:refuse,CHARLS,r3chdeathe,r3chdeathe:w3 r ever experienced death of own child
,.s:skip,CHARLS,r3chdeathe,r3chdeathe:w3 r ever experienced death of own child
,.u:unmar,CHARLS,r3chdeathe,r3chdeathe:w3 r ever experienced death of own child
,.v:sp nr,CHARLS,r3chdeathe,r3chdeathe:w3 r ever experienced death of own child
,.x:Re-interview respondent,CHARLS,r3chdeathe,r3chdeathe:w3 r ever experienced death of own child
0,0.No,CHARLS,r4chdeathe,r4chdeathe:w4 r ever experienced death of own child
1,1.Yes,CHARLS,r4chdeathe,r4chdeathe:w4 r ever experienced death of own child
,.a:No life history survey,CHARLS,r4chdeathe,r4chdeathe:w4 r ever experienced death of own child
,.d:dk,CHARLS,r4chdeathe,r4chdeathe:w4 r ever experienced death of own child
,.m:missing,CHARLS,r4chdeathe,r4chdeathe:w4 r ever experienced death of own child
,.n:No education before age 16,CHARLS,r4chdeathe,r4chdeathe:w4 r ever experienced death of own child
,.p:proxy,CHARLS,r4chdeathe,r4chdeathe:w4 r ever experienced death of own child
,.r:refuse,CHARLS,r4chdeathe,r4chdeathe:w4 r ever experienced death of own child
,.s:skip,CHARLS,r4chdeathe,r4chdeathe:w4 r ever experienced death of own child
,.u:unmar,CHARLS,r4chdeathe,r4chdeathe:w4 r ever experienced death of own child
,.v:sp nr,CHARLS,r4chdeathe,r4chdeathe:w4 r ever experienced death of own child
,.x:Re-interview respondent,CHARLS,r4chdeathe,r4chdeathe:w4 r ever experienced death of own child
0,0.No,CHARLS,s1chdeathe,s1chdeathe:w1 s ever experienced death of own child
1,1.Yes,CHARLS,s1chdeathe,s1chdeathe:w1 s ever experienced death of own child
,.a:No life history survey,CHARLS,s1chdeathe,s1chdeathe:w1 s ever experienced death of own child
,.d:dk,CHARLS,s1chdeathe,s1chdeathe:w1 s ever experienced death of own child
,.m:missing,CHARLS,s1chdeathe,s1chdeathe:w1 s ever experienced death of own child
,.n:No education before age 16,CHARLS,s1chdeathe,s1chdeathe:w1 s ever experienced death of own child
,.p:proxy,CHARLS,s1chdeathe,s1chdeathe:w1 s ever experienced death of own child
,.r:refuse,CHARLS,s1chdeathe,s1chdeathe:w1 s ever experienced death of own child
,.s:skip,CHARLS,s1chdeathe,s1chdeathe:w1 s ever experienced death of own child
,.u:unmar,CHARLS,s1chdeathe,s1chdeathe:w1 s ever experienced death of own child
,.v:sp nr,CHARLS,s1chdeathe,s1chdeathe:w1 s ever experienced death of own child
,.x:Re-interview respondent,CHARLS,s1chdeathe,s1chdeathe:w1 s ever experienced death of own child
0,0.No,CHARLS,s2chdeathe,s2chdeathe:w2 s ever experienced death of own child
1,1.Yes,CHARLS,s2chdeathe,s2chdeathe:w2 s ever experienced death of own child
,.a:No life history survey,CHARLS,s2chdeathe,s2chdeathe:w2 s ever experienced death of own child
,.d:dk,CHARLS,s2chdeathe,s2chdeathe:w2 s ever experienced death of own child
,.m:missing,CHARLS,s2chdeathe,s2chdeathe:w2 s ever experienced death of own child
,.n:No education before age 16,CHARLS,s2chdeathe,s2chdeathe:w2 s ever experienced death of own child
,.p:proxy,CHARLS,s2chdeathe,s2chdeathe:w2 s ever experienced death of own child
,.r:refuse,CHARLS,s2chdeathe,s2chdeathe:w2 s ever experienced death of own child
,.s:skip,CHARLS,s2chdeathe,s2chdeathe:w2 s ever experienced death of own child
,.u:unmar,CHARLS,s2chdeathe,s2chdeathe:w2 s ever experienced death of own child
,.v:sp nr,CHARLS,s2chdeathe,s2chdeathe:w2 s ever experienced death of own child
,.x:Re-interview respondent,CHARLS,s2chdeathe,s2chdeathe:w2 s ever experienced death of own child
0,0.No,CHARLS,s3chdeathe,s3chdeathe:w3 s ever experienced death of own child
1,1.Yes,CHARLS,s3chdeathe,s3chdeathe:w3 s ever experienced death of own child
,.a:No life history survey,CHARLS,s3chdeathe,s3chdeathe:w3 s ever experienced death of own child
,.d:dk,CHARLS,s3chdeathe,s3chdeathe:w3 s ever experienced death of own child
,.m:missing,CHARLS,s3chdeathe,s3chdeathe:w3 s ever experienced death of own child
,.n:No education before age 16,CHARLS,s3chdeathe,s3chdeathe:w3 s ever experienced death of own child
,.p:proxy,CHARLS,s3chdeathe,s3chdeathe:w3 s ever experienced death of own child
,.r:refuse,CHARLS,s3chdeathe,s3chdeathe:w3 s ever experienced death of own child
,.s:skip,CHARLS,s3chdeathe,s3chdeathe:w3 s ever experienced death of own child
,.u:unmar,CHARLS,s3chdeathe,s3chdeathe:w3 s ever experienced death of own child
,.v:sp nr,CHARLS,s3chdeathe,s3chdeathe:w3 s ever experienced death of own child
,.x:Re-interview respondent,CHARLS,s3chdeathe,s3chdeathe:w3 s ever experienced death of own child
0,0.No,CHARLS,s4chdeathe,s4chdeathe:w4 s ever experienced death of own child
1,1.Yes,CHARLS,s4chdeathe,s4chdeathe:w4 s ever experienced death of own child
,.a:No life history survey,CHARLS,s4chdeathe,s4chdeathe:w4 s ever experienced death of own child
,.d:dk,CHARLS,s4chdeathe,s4chdeathe:w4 s ever experienced death of own child
,.m:missing,CHARLS,s4chdeathe,s4chdeathe:w4 s ever experienced death of own child
,.n:No education before age 16,CHARLS,s4chdeathe,s4chdeathe:w4 s ever experienced death of own child
,.p:proxy,CHARLS,s4chdeathe,s4chdeathe:w4 s ever experienced death of own child
,.r:refuse,CHARLS,s4chdeathe,s4chdeathe:w4 s ever experienced death of own child
,.s:skip,CHARLS,s4chdeathe,s4chdeathe:w4 s ever experienced death of own child
,.u:unmar,CHARLS,s4chdeathe,s4chdeathe:w4 s ever experienced death of own child
,.v:sp nr,CHARLS,s4chdeathe,s4chdeathe:w4 s ever experienced death of own child
,.x:Re-interview respondent,CHARLS,s4chdeathe,s4chdeathe:w4 s ever experienced death of own child
0,0.inap.,HRS,s1iwstat,s1iwstat:w1 s interview status
1,"1.resp,alive",HRS,s1iwstat,s1iwstat:w1 s interview status
2,"2.resp,died after iw",HRS,s1iwstat,s1iwstat:w1 s interview status
3,"3.resp(proxy),died",HRS,s1iwstat,s1iwstat:w1 s interview status
4,"4.nr,alive",HRS,s1iwstat,s1iwstat:w1 s interview status
5,"5.nr,died this wv",HRS,s1iwstat,s1iwstat:w1 s interview status
6,"6.nr,died prev wv",HRS,s1iwstat,s1iwstat:w1 s interview status
7,"7.nr,dropped from samp",HRS,s1iwstat,s1iwstat:w1 s interview status
9,"9.nr,dk if alive or died",HRS,s1iwstat,s1iwstat:w1 s interview status
,.u=unmarried,HRS,s1iwstat,s1iwstat:w1 s interview status
,.v=spouse nr,HRS,s1iwstat,s1iwstat:w1 s interview status
0,0.inap.,HRS,s2iwstat,s2iwstat:w2 s interview status
1,"1.resp,alive",HRS,s2iwstat,s2iwstat:w2 s interview status
2,"2.resp,died after iw",HRS,s2iwstat,s2iwstat:w2 s interview status
3,"3.resp(proxy),died",HRS,s2iwstat,s2iwstat:w2 s interview status
4,"4.nr,alive",HRS,s2iwstat,s2iwstat:w2 s interview status
5,"5.nr,died this wv",HRS,s2iwstat,s2iwstat:w2 s interview status
6,"6.nr,died prev wv",HRS,s2iwstat,s2iwstat:w2 s interview status
7,"7.nr,dropped from samp",HRS,s2iwstat,s2iwstat:w2 s interview status
9,"9.nr,dk if alive or died",HRS,s2iwstat,s2iwstat:w2 s interview status
,.u=unmarried,HRS,s2iwstat,s2iwstat:w2 s interview status
,.v=spouse nr,HRS,s2iwstat,s2iwstat:w2 s interview status
0,0.inap.,HRS,s3iwstat,s3iwstat:w3 s interview status
1,"1.resp,alive",HRS,s3iwstat,s3iwstat:w3 s interview status
2,"2.resp,died after iw",HRS,s3iwstat,s3iwstat:w3 s interview status
3,"3.resp(proxy),died",HRS,s3iwstat,s3iwstat:w3 s interview status
4,"4.nr,alive",HRS,s3iwstat,s3iwstat:w3 s interview status
5,"5.nr,died this wv",HRS,s3iwstat,s3iwstat:w3 s interview status
6,"6.nr,died prev wv",HRS,s3iwstat,s3iwstat:w3 s interview status
7,"7.nr,dropped from samp",HRS,s3iwstat,s3iwstat:w3 s interview status
9,"9.nr,dk if alive or died",HRS,s3iwstat,s3iwstat:w3 s interview status
,.u=unmarried,HRS,s3iwstat,s3iwstat:w3 s interview status
,.v=spouse nr,HRS,s3iwstat,s3iwstat:w3 s interview status
0,0.inap.,HRS,s4iwstat,s4iwstat:w4 s interview status
1,"1.resp,alive",HRS,s4iwstat,s4iwstat:w4 s interview status
2,"2.resp,died after iw",HRS,s4iwstat,s4iwstat:w4 s interview status
3,"3.resp(proxy),died",HRS,s4iwstat,s4iwstat:w4 s interview status
4,"4.nr,alive",HRS,s4iwstat,s4iwstat:w4 s interview status
5,"5.nr,died this wv",HRS,s4iwstat,s4iwstat:w4 s interview status
6,"6.nr,died prev wv",HRS,s4iwstat,s4iwstat:w4 s interview status
7,"7.nr,dropped from samp",HRS,s4iwstat,s4iwstat:w4 s interview status
9,"9.nr,dk if alive or died",HRS,s4iwstat,s4iwstat:w4 s interview status
,.u=unmarried,HRS,s4iwstat,s4iwstat:w4 s interview status
,.v=spouse nr,HRS,s4iwstat,s4iwstat:w4 s interview status
0,0.inap.,HRS,s5iwstat,s5iwstat:w5 s interview status
1,"1.resp,alive",HRS,s5iwstat,s5iwstat:w5 s interview status
2,"2.resp,died after iw",HRS,s5iwstat,s5iwstat:w5 s interview status
3,"3.resp(proxy),died",HRS,s5iwstat,s5iwstat:w5 s interview status
4,"4.nr,alive",HRS,s5iwstat,s5iwstat:w5 s interview status
5,"5.nr,died this wv",HRS,s5iwstat,s5iwstat:w5 s interview status
6,"6.nr,died prev wv",HRS,s5iwstat,s5iwstat:w5 s interview status
7,"7.nr,dropped from samp",HRS,s5iwstat,s5iwstat:w5 s interview status
9,"9.nr,dk if alive or died",HRS,s5iwstat,s5iwstat:w5 s interview status
,.u=unmarried,HRS,s5iwstat,s5iwstat:w5 s interview status
,.v=spouse nr,HRS,s5iwstat,s5iwstat:w5 s interview status
0,0.inap.,HRS,s6iwstat,s6iwstat:w6 s interview status
1,"1.resp,alive",HRS,s6iwstat,s6iwstat:w6 s interview status
2,"2.resp,died after iw",HRS,s6iwstat,s6iwstat:w6 s interview status
3,"3.resp(proxy),died",HRS,s6iwstat,s6iwstat:w6 s interview status
4,"4.nr,alive",HRS,s6iwstat,s6iwstat:w6 s interview status
5,"5.nr,died this wv",HRS,s6iwstat,s6iwstat:w6 s interview status
6,"6.nr,died prev wv",HRS,s6iwstat,s6iwstat:w6 s interview status
7,"7.nr,dropped from samp",HRS,s6iwstat,s6iwstat:w6 s interview status
9,"9.nr,dk if alive or died",HRS,s6iwstat,s6iwstat:w6 s interview status
,.u=unmarried,HRS,s6iwstat,s6iwstat:w6 s interview status
,.v=spouse nr,HRS,s6iwstat,s6iwstat:w6 s interview status
0,0.inap.,HRS,s7iwstat,s7iwstat:w7 s interview status
1,"1.resp,alive",HRS,s7iwstat,s7iwstat:w7 s interview status
2,"2.resp,died after iw",HRS,s7iwstat,s7iwstat:w7 s interview status
3,"3.resp(proxy),died",HRS,s7iwstat,s7iwstat:w7 s interview status
4,"4.nr,alive",HRS,s7iwstat,s7iwstat:w7 s interview status
5,"5.nr,died this wv",HRS,s7iwstat,s7iwstat:w7 s interview status
6,"6.nr,died prev wv",HRS,s7iwstat,s7iwstat:w7 s interview status
7,"7.nr,dropped from samp",HRS,s7iwstat,s7iwstat:w7 s interview status
9,"9.nr,dk if alive or died",HRS,s7iwstat,s7iwstat:w7 s interview status
,.u=unmarried,HRS,s7iwstat,s7iwstat:w7 s interview status
,.v=spouse nr,HRS,s7iwstat,s7iwstat:w7 s interview status
0,0.inap.,HRS,s8iwstat,s8iwstat:w8 s interview status
1,"1.resp,alive",HRS,s8iwstat,s8iwstat:w8 s interview status
2,"2.resp,died after iw",HRS,s8iwstat,s8iwstat:w8 s interview status
3,"3.resp(proxy),died",HRS,s8iwstat,s8iwstat:w8 s interview status
4,"4.nr,alive",HRS,s8iwstat,s8iwstat:w8 s interview status
5,"5.nr,died this wv",HRS,s8iwstat,s8iwstat:w8 s interview status
6,"6.nr,died prev wv",HRS,s8iwstat,s8iwstat:w8 s interview status
7,"7.nr,dropped from samp",HRS,s8iwstat,s8iwstat:w8 s interview status
9,"9.nr,dk if alive or died",HRS,s8iwstat,s8iwstat:w8 s interview status
,.u=unmarried,HRS,s8iwstat,s8iwstat:w8 s interview status
,.v=spouse nr,HRS,s8iwstat,s8iwstat:w8 s interview status
0,0.inap.,HRS,s9iwstat,s9iwstat:w9 s interview status
1,"1.resp,alive",HRS,s9iwstat,s9iwstat:w9 s interview status
2,"2.resp,died after iw",HRS,s9iwstat,s9iwstat:w9 s interview status
3,"3.resp(proxy),died",HRS,s9iwstat,s9iwstat:w9 s interview status
4,"4.nr,alive",HRS,s9iwstat,s9iwstat:w9 s interview status
5,"5.nr,died this wv",HRS,s9iwstat,s9iwstat:w9 s interview status
6,"6.nr,died prev wv",HRS,s9iwstat,s9iwstat:w9 s interview status
7,"7.nr,dropped from samp",HRS,s9iwstat,s9iwstat:w9 s interview status
9,"9.nr,dk if alive or died",HRS,s9iwstat,s9iwstat:w9 s interview status
,.u=unmarried,HRS,s9iwstat,s9iwstat:w9 s interview status
,.v=spouse nr,HRS,s9iwstat,s9iwstat:w9 s interview status
0,0.inap.,HRS,s10iwstat,s10iwstat:w10 s interview status
1,"1.resp,alive",HRS,s10iwstat,s10iwstat:w10 s interview status
2,"2.resp,died after iw",HRS,s10iwstat,s10iwstat:w10 s interview status
3,"3.resp(proxy),died",HRS,s10iwstat,s10iwstat:w10 s interview status
4,"4.nr,alive",HRS,s10iwstat,s10iwstat:w10 s interview status
5,"5.nr,died this wv",HRS,s10iwstat,s10iwstat:w10 s interview status
6,"6.nr,died prev wv",HRS,s10iwstat,s10iwstat:w10 s interview status
7,"7.nr,dropped from samp",HRS,s10iwstat,s10iwstat:w10 s interview status
9,"9.nr,dk if alive or died",HRS,s10iwstat,s10iwstat:w10 s interview status
,.u=unmarried,HRS,s10iwstat,s10iwstat:w10 s interview status
,.v=spouse nr,HRS,s10iwstat,s10iwstat:w10 s interview status
0,0.inap.,HRS,s11iwstat,s11iwstat:w11 s interview status
1,"1.resp,alive",HRS,s11iwstat,s11iwstat:w11 s interview status
2,"2.resp,died after iw",HRS,s11iwstat,s11iwstat:w11 s interview status
3,"3.resp(proxy),died",HRS,s11iwstat,s11iwstat:w11 s interview status
4,"4.nr,alive",HRS,s11iwstat,s11iwstat:w11 s interview status
5,"5.nr,died this wv",HRS,s11iwstat,s11iwstat:w11 s interview status
6,"6.nr,died prev wv",HRS,s11iwstat,s11iwstat:w11 s interview status
7,"7.nr,dropped from samp",HRS,s11iwstat,s11iwstat:w11 s interview status
9,"9.nr,dk if alive or died",HRS,s11iwstat,s11iwstat:w11 s interview status
,.u=unmarried,HRS,s11iwstat,s11iwstat:w11 s interview status
,.v=spouse nr,HRS,s11iwstat,s11iwstat:w11 s interview status
0,0.inap.,HRS,s12iwstat,s12iwstat:w12 s interview status
1,"1.resp,alive",HRS,s12iwstat,s12iwstat:w12 s interview status
2,"2.resp,died after iw",HRS,s12iwstat,s12iwstat:w12 s interview status
3,"3.resp(proxy),died",HRS,s12iwstat,s12iwstat:w12 s interview status
4,"4.nr,alive",HRS,s12iwstat,s12iwstat:w12 s interview status
5,"5.nr,died this wv",HRS,s12iwstat,s12iwstat:w12 s interview status
6,"6.nr,died prev wv",HRS,s12iwstat,s12iwstat:w12 s interview status
7,"7.nr,dropped from samp",HRS,s12iwstat,s12iwstat:w12 s interview status
9,"9.nr,dk if alive or died",HRS,s12iwstat,s12iwstat:w12 s interview status
,.u=unmarried,HRS,s12iwstat,s12iwstat:w12 s interview status
,.v=spouse nr,HRS,s12iwstat,s12iwstat:w12 s interview status
0,0.inap.,HRS,s13iwstat,s13iwstat:w13 s interview status
1,"1.resp,alive",HRS,s13iwstat,s13iwstat:w13 s interview status
2,"2.resp,died after iw",HRS,s13iwstat,s13iwstat:w13 s interview status
3,"3.resp(proxy),died",HRS,s13iwstat,s13iwstat:w13 s interview status
4,"4.nr,alive",HRS,s13iwstat,s13iwstat:w13 s interview status
5,"5.nr,died this wv",HRS,s13iwstat,s13iwstat:w13 s interview status
6,"6.nr,died prev wv",HRS,s13iwstat,s13iwstat:w13 s interview status
7,"7.nr,dropped from samp",HRS,s13iwstat,s13iwstat:w13 s interview status
9,"9.nr,dk if alive or died",HRS,s13iwstat,s13iwstat:w13 s interview status
,.u=unmarried,HRS,s13iwstat,s13iwstat:w13 s interview status
,.v=spouse nr,HRS,s13iwstat,s13iwstat:w13 s interview status
0,0.inap.,HRS,s14iwstat,s14iwstat:w14 s interview status
1,"1.resp,alive",HRS,s14iwstat,s14iwstat:w14 s interview status
2,"2.resp,died after iw",HRS,s14iwstat,s14iwstat:w14 s interview status
3,"3.resp(proxy),died",HRS,s14iwstat,s14iwstat:w14 s interview status
4,"4.nr,alive",HRS,s14iwstat,s14iwstat:w14 s interview status
5,"5.nr,died this wv",HRS,s14iwstat,s14iwstat:w14 s interview status
6,"6.nr,died prev wv",HRS,s14iwstat,s14iwstat:w14 s interview status
7,"7.nr,dropped from samp",HRS,s14iwstat,s14iwstat:w14 s interview status
9,"9.nr,dk if alive or died",HRS,s14iwstat,s14iwstat:w14 s interview status
,.u=unmarried,HRS,s14iwstat,s14iwstat:w14 s interview status
,.v=spouse nr,HRS,s14iwstat,s14iwstat:w14 s interview status
0,0.inap.,HRS,s15iwstat,s15iwstat:w15 s interview status
1,"1.resp,alive",HRS,s15iwstat,s15iwstat:w15 s interview status
2,"2.resp,died after iw",HRS,s15iwstat,s15iwstat:w15 s interview status
3,"3.resp(proxy),died",HRS,s15iwstat,s15iwstat:w15 s interview status
4,"4.nr,alive",HRS,s15iwstat,s15iwstat:w15 s interview status
5,"5.nr,died this wv",HRS,s15iwstat,s15iwstat:w15 s interview status
6,"6.nr,died prev wv",HRS,s15iwstat,s15iwstat:w15 s interview status
7,"7.nr,dropped from samp",HRS,s15iwstat,s15iwstat:w15 s interview status
9,"9.nr,dk if alive or died",HRS,s15iwstat,s15iwstat:w15 s interview status
,.u=unmarried,HRS,s15iwstat,s15iwstat:w15 s interview status
,.v=spouse nr,HRS,s15iwstat,s15iwstat:w15 s interview status
0,0.inap.,HRS,s16iwstat,s16iwstat:w16 s interview status
1,"1.resp,alive",HRS,s16iwstat,s16iwstat:w16 s interview status
2,"2.resp,died after iw",HRS,s16iwstat,s16iwstat:w16 s interview status
3,"3.resp(proxy),died",HRS,s16iwstat,s16iwstat:w16 s interview status
4,"4.nr,alive",HRS,s16iwstat,s16iwstat:w16 s interview status
5,"5.nr,died this wv",HRS,s16iwstat,s16iwstat:w16 s interview status
6,"6.nr,died prev wv",HRS,s16iwstat,s16iwstat:w16 s interview status
7,"7.nr,dropped from samp",HRS,s16iwstat,s16iwstat:w16 s interview status
9,"9.nr,dk if alive or died",HRS,s16iwstat,s16iwstat:w16 s interview status
,.u=unmarried,HRS,s16iwstat,s16iwstat:w16 s interview status
,.v=spouse nr,HRS,s16iwstat,s16iwstat:w16 s interview status
0,0.inap.,HRS,r1iwstat,r1iwstat:w1 r interview status
1,"1.resp,alive",HRS,r1iwstat,r1iwstat:w1 r interview status
2,"2.resp,died after iw",HRS,r1iwstat,r1iwstat:w1 r interview status
3,"3.resp(proxy),died",HRS,r1iwstat,r1iwstat:w1 r interview status
4,"4.nr,alive",HRS,r1iwstat,r1iwstat:w1 r interview status
5,"5.nr,died this wv",HRS,r1iwstat,r1iwstat:w1 r interview status
6,"6.nr,died prev wv",HRS,r1iwstat,r1iwstat:w1 r interview status
7,"7.nr,dropped from samp",HRS,r1iwstat,r1iwstat:w1 r interview status
9,"9.nr,dk if alive or died",HRS,r1iwstat,r1iwstat:w1 r interview status
,.u=unmarried,HRS,r1iwstat,r1iwstat:w1 r interview status
,.v=spouse nr,HRS,r1iwstat,r1iwstat:w1 r interview status
0,0.inap.,HRS,r2iwstat,r2iwstat:w2 r interview status
1,"1.resp,alive",HRS,r2iwstat,r2iwstat:w2 r interview status
2,"2.resp,died after iw",HRS,r2iwstat,r2iwstat:w2 r interview status
3,"3.resp(proxy),died",HRS,r2iwstat,r2iwstat:w2 r interview status
4,"4.nr,alive",HRS,r2iwstat,r2iwstat:w2 r interview status
5,"5.nr,died this wv",HRS,r2iwstat,r2iwstat:w2 r interview status
6,"6.nr,died prev wv",HRS,r2iwstat,r2iwstat:w2 r interview status
7,"7.nr,dropped from samp",HRS,r2iwstat,r2iwstat:w2 r interview status
9,"9.nr,dk if alive or died",HRS,r2iwstat,r2iwstat:w2 r interview status
,.u=unmarried,HRS,r2iwstat,r2iwstat:w2 r interview status
,.v=spouse nr,HRS,r2iwstat,r2iwstat:w2 r interview status
0,0.inap.,HRS,r3iwstat,r3iwstat:w3 r interview status
1,"1.resp,alive",HRS,r3iwstat,r3iwstat:w3 r interview status
2,"2.resp,died after iw",HRS,r3iwstat,r3iwstat:w3 r interview status
3,"3.resp(proxy),died",HRS,r3iwstat,r3iwstat:w3 r interview status
4,"4.nr,alive",HRS,r3iwstat,r3iwstat:w3 r interview status
5,"5.nr,died this wv",HRS,r3iwstat,r3iwstat:w3 r interview status
6,"6.nr,died prev wv",HRS,r3iwstat,r3iwstat:w3 r interview status
7,"7.nr,dropped from samp",HRS,r3iwstat,r3iwstat:w3 r interview status
9,"9.nr,dk if alive or died",HRS,r3iwstat,r3iwstat:w3 r interview status
,.u=unmarried,HRS,r3iwstat,r3iwstat:w3 r interview status
,.v=spouse nr,HRS,r3iwstat,r3iwstat:w3 r interview status
0,0.inap.,HRS,r4iwstat,r4iwstat:w4 r interview status
1,"1.resp,alive",HRS,r4iwstat,r4iwstat:w4 r interview status
2,"2.resp,died after iw",HRS,r4iwstat,r4iwstat:w4 r interview status
3,"3.resp(proxy),died",HRS,r4iwstat,r4iwstat:w4 r interview status
4,"4.nr,alive",HRS,r4iwstat,r4iwstat:w4 r interview status
5,"5.nr,died this wv",HRS,r4iwstat,r4iwstat:w4 r interview status
6,"6.nr,died prev wv",HRS,r4iwstat,r4iwstat:w4 r interview status
7,"7.nr,dropped from samp",HRS,r4iwstat,r4iwstat:w4 r interview status
9,"9.nr,dk if alive or died",HRS,r4iwstat,r4iwstat:w4 r interview status
,.u=unmarried,HRS,r4iwstat,r4iwstat:w4 r interview status
,.v=spouse nr,HRS,r4iwstat,r4iwstat:w4 r interview status
0,0.inap.,HRS,r5iwstat,r5iwstat:w5 r interview status
1,"1.resp,alive",HRS,r5iwstat,r5iwstat:w5 r interview status
2,"2.resp,died after iw",HRS,r5iwstat,r5iwstat:w5 r interview status
3,"3.resp(proxy),died",HRS,r5iwstat,r5iwstat:w5 r interview status
4,"4.nr,alive",HRS,r5iwstat,r5iwstat:w5 r interview status
5,"5.nr,died this wv",HRS,r5iwstat,r5iwstat:w5 r interview status
6,"6.nr,died prev wv",HRS,r5iwstat,r5iwstat:w5 r interview status
7,"7.nr,dropped from samp",HRS,r5iwstat,r5iwstat:w5 r interview status
9,"9.nr,dk if alive or died",HRS,r5iwstat,r5iwstat:w5 r interview status
,.u=unmarried,HRS,r5iwstat,r5iwstat:w5 r interview status
,.v=spouse nr,HRS,r5iwstat,r5iwstat:w5 r interview status
0,0.inap.,HRS,r6iwstat,r6iwstat:w6 r interview status
1,"1.resp,alive",HRS,r6iwstat,r6iwstat:w6 r interview status
2,"2.resp,died after iw",HRS,r6iwstat,r6iwstat:w6 r interview status
3,"3.resp(proxy),died",HRS,r6iwstat,r6iwstat:w6 r interview status
4,"4.nr,alive",HRS,r6iwstat,r6iwstat:w6 r interview status
5,"5.nr,died this wv",HRS,r6iwstat,r6iwstat:w6 r interview status
6,"6.nr,died prev wv",HRS,r6iwstat,r6iwstat:w6 r interview status
7,"7.nr,dropped from samp",HRS,r6iwstat,r6iwstat:w6 r interview status
9,"9.nr,dk if alive or died",HRS,r6iwstat,r6iwstat:w6 r interview status
,.u=unmarried,HRS,r6iwstat,r6iwstat:w6 r interview status
,.v=spouse nr,HRS,r6iwstat,r6iwstat:w6 r interview status
0,0.inap.,HRS,r7iwstat,r7iwstat:w7 r interview status
1,"1.resp,alive",HRS,r7iwstat,r7iwstat:w7 r interview status
2,"2.resp,died after iw",HRS,r7iwstat,r7iwstat:w7 r interview status
3,"3.resp(proxy),died",HRS,r7iwstat,r7iwstat:w7 r interview status
4,"4.nr,alive",HRS,r7iwstat,r7iwstat:w7 r interview status
5,"5.nr,died this wv",HRS,r7iwstat,r7iwstat:w7 r interview status
6,"6.nr,died prev wv",HRS,r7iwstat,r7iwstat:w7 r interview status
7,"7.nr,dropped from samp",HRS,r7iwstat,r7iwstat:w7 r interview status
9,"9.nr,dk if alive or died",HRS,r7iwstat,r7iwstat:w7 r interview status
,.u=unmarried,HRS,r7iwstat,r7iwstat:w7 r interview status
,.v=spouse nr,HRS,r7iwstat,r7iwstat:w7 r interview status
0,0.inap.,HRS,r8iwstat,r8iwstat:w8 r interview status
1,"1.resp,alive",HRS,r8iwstat,r8iwstat:w8 r interview status
2,"2.resp,died after iw",HRS,r8iwstat,r8iwstat:w8 r interview status
3,"3.resp(proxy),died",HRS,r8iwstat,r8iwstat:w8 r interview status
4,"4.nr,alive",HRS,r8iwstat,r8iwstat:w8 r interview status
5,"5.nr,died this wv",HRS,r8iwstat,r8iwstat:w8 r interview status
6,"6.nr,died prev wv",HRS,r8iwstat,r8iwstat:w8 r interview status
7,"7.nr,dropped from samp",HRS,r8iwstat,r8iwstat:w8 r interview status
9,"9.nr,dk if alive or died",HRS,r8iwstat,r8iwstat:w8 r interview status
,.u=unmarried,HRS,r8iwstat,r8iwstat:w8 r interview status
,.v=spouse nr,HRS,r8iwstat,r8iwstat:w8 r interview status
0,0.inap.,HRS,r9iwstat,r9iwstat:w9 r interview status
1,"1.resp,alive",HRS,r9iwstat,r9iwstat:w9 r interview status
2,"2.resp,died after iw",HRS,r9iwstat,r9iwstat:w9 r interview status
3,"3.resp(proxy),died",HRS,r9iwstat,r9iwstat:w9 r interview status
4,"4.nr,alive",HRS,r9iwstat,r9iwstat:w9 r interview status
5,"5.nr,died this wv",HRS,r9iwstat,r9iwstat:w9 r interview status
6,"6.nr,died prev wv",HRS,r9iwstat,r9iwstat:w9 r interview status
7,"7.nr,dropped from samp",HRS,r9iwstat,r9iwstat:w9 r interview status
9,"9.nr,dk if alive or died",HRS,r9iwstat,r9iwstat:w9 r interview status
,.u=unmarried,HRS,r9iwstat,r9iwstat:w9 r interview status
,.v=spouse nr,HRS,r9iwstat,r9iwstat:w9 r interview status
0,0.inap.,HRS,r10iwstat,r10iwstat:w10 r interview status
1,"1.resp,alive",HRS,r10iwstat,r10iwstat:w10 r interview status
2,"2.resp,died after iw",HRS,r10iwstat,r10iwstat:w10 r interview status
3,"3.resp(proxy),died",HRS,r10iwstat,r10iwstat:w10 r interview status
4,"4.nr,alive",HRS,r10iwstat,r10iwstat:w10 r interview status
5,"5.nr,died this wv",HRS,r10iwstat,r10iwstat:w10 r interview status
6,"6.nr,died prev wv",HRS,r10iwstat,r10iwstat:w10 r interview status
7,"7.nr,dropped from samp",HRS,r10iwstat,r10iwstat:w10 r interview status
9,"9.nr,dk if alive or died",HRS,r10iwstat,r10iwstat:w10 r interview status
,.u=unmarried,HRS,r10iwstat,r10iwstat:w10 r interview status
,.v=spouse nr,HRS,r10iwstat,r10iwstat:w10 r interview status
0,0.inap.,HRS,r11iwstat,r11iwstat:w11 r interview status
1,"1.resp,alive",HRS,r11iwstat,r11iwstat:w11 r interview status
2,"2.resp,died after iw",HRS,r11iwstat,r11iwstat:w11 r interview status
3,"3.resp(proxy),died",HRS,r11iwstat,r11iwstat:w11 r interview status
4,"4.nr,alive",HRS,r11iwstat,r11iwstat:w11 r interview status
5,"5.nr,died this wv",HRS,r11iwstat,r11iwstat:w11 r interview status
6,"6.nr,died prev wv",HRS,r11iwstat,r11iwstat:w11 r interview status
7,"7.nr,dropped from samp",HRS,r11iwstat,r11iwstat:w11 r interview status
9,"9.nr,dk if alive or died",HRS,r11iwstat,r11iwstat:w11 r interview status
,.u=unmarried,HRS,r11iwstat,r11iwstat:w11 r interview status
,.v=spouse nr,HRS,r11iwstat,r11iwstat:w11 r interview status
0,0.inap.,HRS,r12iwstat,r12iwstat:w12 r interview status
1,"1.resp,alive",HRS,r12iwstat,r12iwstat:w12 r interview status
2,"2.resp,died after iw",HRS,r12iwstat,r12iwstat:w12 r interview status
3,"3.resp(proxy),died",HRS,r12iwstat,r12iwstat:w12 r interview status
4,"4.nr,alive",HRS,r12iwstat,r12iwstat:w12 r interview status
5,"5.nr,died this wv",HRS,r12iwstat,r12iwstat:w12 r interview status
6,"6.nr,died prev wv",HRS,r12iwstat,r12iwstat:w12 r interview status
7,"7.nr,dropped from samp",HRS,r12iwstat,r12iwstat:w12 r interview status
9,"9.nr,dk if alive or died",HRS,r12iwstat,r12iwstat:w12 r interview status
,.u=unmarried,HRS,r12iwstat,r12iwstat:w12 r interview status
,.v=spouse nr,HRS,r12iwstat,r12iwstat:w12 r interview status
0,0.inap.,HRS,r13iwstat,r13iwstat:w13 r interview status
1,"1.resp,alive",HRS,r13iwstat,r13iwstat:w13 r interview status
2,"2.resp,died after iw",HRS,r13iwstat,r13iwstat:w13 r interview status
3,"3.resp(proxy),died",HRS,r13iwstat,r13iwstat:w13 r interview status
4,"4.nr,alive",HRS,r13iwstat,r13iwstat:w13 r interview status
5,"5.nr,died this wv",HRS,r13iwstat,r13iwstat:w13 r interview status
6,"6.nr,died prev wv",HRS,r13iwstat,r13iwstat:w13 r interview status
7,"7.nr,dropped from samp",HRS,r13iwstat,r13iwstat:w13 r interview status
9,"9.nr,dk if alive or died",HRS,r13iwstat,r13iwstat:w13 r interview status
,.u=unmarried,HRS,r13iwstat,r13iwstat:w13 r interview status
,.v=spouse nr,HRS,r13iwstat,r13iwstat:w13 r interview status
0,0.inap.,HRS,r14iwstat,r14iwstat:w14 r interview status
1,"1.resp,alive",HRS,r14iwstat,r14iwstat:w14 r interview status
2,"2.resp,died after iw",HRS,r14iwstat,r14iwstat:w14 r interview status
3,"3.resp(proxy),died",HRS,r14iwstat,r14iwstat:w14 r interview status
4,"4.nr,alive",HRS,r14iwstat,r14iwstat:w14 r interview status
5,"5.nr,died this wv",HRS,r14iwstat,r14iwstat:w14 r interview status
6,"6.nr,died prev wv",HRS,r14iwstat,r14iwstat:w14 r interview status
7,"7.nr,dropped from samp",HRS,r14iwstat,r14iwstat:w14 r interview status
9,"9.nr,dk if alive or died",HRS,r14iwstat,r14iwstat:w14 r interview status
,.u=unmarried,HRS,r14iwstat,r14iwstat:w14 r interview status
,.v=spouse nr,HRS,r14iwstat,r14iwstat:w14 r interview status
0,0.inap.,HRS,r15iwstat,r15iwstat:w15 r interview status
1,"1.resp,alive",HRS,r15iwstat,r15iwstat:w15 r interview status
2,"2.resp,died after iw",HRS,r15iwstat,r15iwstat:w15 r interview status
3,"3.resp(proxy),died",HRS,r15iwstat,r15iwstat:w15 r interview status
4,"4.nr,alive",HRS,r15iwstat,r15iwstat:w15 r interview status
5,"5.nr,died this wv",HRS,r15iwstat,r15iwstat:w15 r interview status
6,"6.nr,died prev wv",HRS,r15iwstat,r15iwstat:w15 r interview status
7,"7.nr,dropped from samp",HRS,r15iwstat,r15iwstat:w15 r interview status
9,"9.nr,dk if alive or died",HRS,r15iwstat,r15iwstat:w15 r interview status
,.u=unmarried,HRS,r15iwstat,r15iwstat:w15 r interview status
,.v=spouse nr,HRS,r15iwstat,r15iwstat:w15 r interview status
0,0.inap.,HRS,r16iwstat,r16iwstat:w16 r interview status
1,"1.resp,alive",HRS,r16iwstat,r16iwstat:w16 r interview status
2,"2.resp,died after iw",HRS,r16iwstat,r16iwstat:w16 r interview status
3,"3.resp(proxy),died",HRS,r16iwstat,r16iwstat:w16 r interview status
4,"4.nr,alive",HRS,r16iwstat,r16iwstat:w16 r interview status
5,"5.nr,died this wv",HRS,r16iwstat,r16iwstat:w16 r interview status
6,"6.nr,died prev wv",HRS,r16iwstat,r16iwstat:w16 r interview status
7,"7.nr,dropped from samp",HRS,r16iwstat,r16iwstat:w16 r interview status
9,"9.nr,dk if alive or died",HRS,r16iwstat,r16iwstat:w16 r interview status
,.u=unmarried,HRS,r16iwstat,r16iwstat:w16 r interview status
,.v=spouse nr,HRS,r16iwstat,r16iwstat:w16 r interview status
0,0.no exit or post-exit interview this wave,HRS,r2pexit,r2pexit:w2 exit or post-exit interview administered this wave
1,1.exit interview this wave,HRS,r2pexit,r2pexit:w2 exit or post-exit interview administered this wave
2,2.post-exit interview this wave,HRS,r2pexit,r2pexit:w2 exit or post-exit interview administered this wave
,.u=unmarried,HRS,r2pexit,r2pexit:w2 exit or post-exit interview administered this wave
,.v=spouse nr,HRS,r2pexit,r2pexit:w2 exit or post-exit interview administered this wave
0,0.no exit or post-exit interview this wave,HRS,r3pexit,r3pexit:w3 exit or post-exit interview administered this wave
1,1.exit interview this wave,HRS,r3pexit,r3pexit:w3 exit or post-exit interview administered this wave
2,2.post-exit interview this wave,HRS,r3pexit,r3pexit:w3 exit or post-exit interview administered this wave
,.u=unmarried,HRS,r3pexit,r3pexit:w3 exit or post-exit interview administered this wave
,.v=spouse nr,HRS,r3pexit,r3pexit:w3 exit or post-exit interview administered this wave
0,0.no exit or post-exit interview this wave,HRS,r4pexit,r4pexit:w4 exit or post-exit interview administered this wave
1,1.exit interview this wave,HRS,r4pexit,r4pexit:w4 exit or post-exit interview administered this wave
2,2.post-exit interview this wave,HRS,r4pexit,r4pexit:w4 exit or post-exit interview administered this wave
,.u=unmarried,HRS,r4pexit,r4pexit:w4 exit or post-exit interview administered this wave
,.v=spouse nr,HRS,r4pexit,r4pexit:w4 exit or post-exit interview administered this wave
0,0.no exit or post-exit interview this wave,HRS,r5pexit,r5pexit:w5 exit or post-exit interview administered this wave
1,1.exit interview this wave,HRS,r5pexit,r5pexit:w5 exit or post-exit interview administered this wave
2,2.post-exit interview this wave,HRS,r5pexit,r5pexit:w5 exit or post-exit interview administered this wave
,.u=unmarried,HRS,r5pexit,r5pexit:w5 exit or post-exit interview administered this wave
,.v=spouse nr,HRS,r5pexit,r5pexit:w5 exit or post-exit interview administered this wave
0,0.no exit or post-exit interview this wave,HRS,r6pexit,r6pexit:w6 exit or post-exit interview administered this wave
1,1.exit interview this wave,HRS,r6pexit,r6pexit:w6 exit or post-exit interview administered this wave
2,2.post-exit interview this wave,HRS,r6pexit,r6pexit:w6 exit or post-exit interview administered this wave
,.u=unmarried,HRS,r6pexit,r6pexit:w6 exit or post-exit interview administered this wave
,.v=spouse nr,HRS,r6pexit,r6pexit:w6 exit or post-exit interview administered this wave
0,0.no exit or post-exit interview this wave,HRS,r7pexit,r7pexit:w7 exit or post-exit interview administered this wave
1,1.exit interview this wave,HRS,r7pexit,r7pexit:w7 exit or post-exit interview administered this wave
2,2.post-exit interview this wave,HRS,r7pexit,r7pexit:w7 exit or post-exit interview administered this wave
,.u=unmarried,HRS,r7pexit,r7pexit:w7 exit or post-exit interview administered this wave
,.v=spouse nr,HRS,r7pexit,r7pexit:w7 exit or post-exit interview administered this wave
0,0.no exit or post-exit interview this wave,HRS,r8pexit,r8pexit:w8 exit or post-exit interview administered this wave
1,1.exit interview this wave,HRS,r8pexit,r8pexit:w8 exit or post-exit interview administered this wave
2,2.post-exit interview this wave,HRS,r8pexit,r8pexit:w8 exit or post-exit interview administered this wave
,.u=unmarried,HRS,r8pexit,r8pexit:w8 exit or post-exit interview administered this wave
,.v=spouse nr,HRS,r8pexit,r8pexit:w8 exit or post-exit interview administered this wave
0,0.no exit or post-exit interview this wave,HRS,r9pexit,r9pexit:w9 exit or post-exit interview administered this wave
1,1.exit interview this wave,HRS,r9pexit,r9pexit:w9 exit or post-exit interview administered this wave
2,2.post-exit interview this wave,HRS,r9pexit,r9pexit:w9 exit or post-exit interview administered this wave
,.u=unmarried,HRS,r9pexit,r9pexit:w9 exit or post-exit interview administered this wave
,.v=spouse nr,HRS,r9pexit,r9pexit:w9 exit or post-exit interview administered this wave
0,0.no exit or post-exit interview this wave,HRS,r10pexit,r10pexit:w10 exit or post-exit interview administered this wave
1,1.exit interview this wave,HRS,r10pexit,r10pexit:w10 exit or post-exit interview administered this wave
2,2.post-exit interview this wave,HRS,r10pexit,r10pexit:w10 exit or post-exit interview administered this wave
,.u=unmarried,HRS,r10pexit,r10pexit:w10 exit or post-exit interview administered this wave
,.v=spouse nr,HRS,r10pexit,r10pexit:w10 exit or post-exit interview administered this wave
0,0.no exit or post-exit interview this wave,HRS,r11pexit,r11pexit:w11 exit or post-exit interview administered this wave
1,1.exit interview this wave,HRS,r11pexit,r11pexit:w11 exit or post-exit interview administered this wave
2,2.post-exit interview this wave,HRS,r11pexit,r11pexit:w11 exit or post-exit interview administered this wave
,.u=unmarried,HRS,r11pexit,r11pexit:w11 exit or post-exit interview administered this wave
,.v=spouse nr,HRS,r11pexit,r11pexit:w11 exit or post-exit interview administered this wave
0,0.no exit or post-exit interview this wave,HRS,r12pexit,r12pexit:w12 exit or post-exit interview administered this wave
1,1.exit interview this wave,HRS,r12pexit,r12pexit:w12 exit or post-exit interview administered this wave
2,2.post-exit interview this wave,HRS,r12pexit,r12pexit:w12 exit or post-exit interview administered this wave
,.u=unmarried,HRS,r12pexit,r12pexit:w12 exit or post-exit interview administered this wave
,.v=spouse nr,HRS,r12pexit,r12pexit:w12 exit or post-exit interview administered this wave
0,0.no exit or post-exit interview this wave,HRS,r13pexit,r13pexit:w13 exit or post-exit interview administered this wave
1,1.exit interview this wave,HRS,r13pexit,r13pexit:w13 exit or post-exit interview administered this wave
2,2.post-exit interview this wave,HRS,r13pexit,r13pexit:w13 exit or post-exit interview administered this wave
,.u=unmarried,HRS,r13pexit,r13pexit:w13 exit or post-exit interview administered this wave
,.v=spouse nr,HRS,r13pexit,r13pexit:w13 exit or post-exit interview administered this wave
0,0.no exit or post-exit interview this wave,HRS,r14pexit,r14pexit:w14 exit or post-exit interview administered this wave
1,1.exit interview this wave,HRS,r14pexit,r14pexit:w14 exit or post-exit interview administered this wave
2,2.post-exit interview this wave,HRS,r14pexit,r14pexit:w14 exit or post-exit interview administered this wave
,.u=unmarried,HRS,r14pexit,r14pexit:w14 exit or post-exit interview administered this wave
,.v=spouse nr,HRS,r14pexit,r14pexit:w14 exit or post-exit interview administered this wave
0,0.no exit or post-exit interview this wave,HRS,r15pexit,r15pexit:w15 exit or post-exit interview administered this wave
1,1.exit interview this wave,HRS,r15pexit,r15pexit:w15 exit or post-exit interview administered this wave
2,2.post-exit interview this wave,HRS,r15pexit,r15pexit:w15 exit or post-exit interview administered this wave
,.u=unmarried,HRS,r15pexit,r15pexit:w15 exit or post-exit interview administered this wave
,.v=spouse nr,HRS,r15pexit,r15pexit:w15 exit or post-exit interview administered this wave
0,0.no exit or post-exit interview this wave,HRS,r16pexit,r16pexit:w16 exit or post-exit interview administered this wave
1,1.exit interview this wave,HRS,r16pexit,r16pexit:w16 exit or post-exit interview administered this wave
2,2.post-exit interview this wave,HRS,r16pexit,r16pexit:w16 exit or post-exit interview administered this wave
,.u=unmarried,HRS,r16pexit,r16pexit:w16 exit or post-exit interview administered this wave
,.v=spouse nr,HRS,r16pexit,r16pexit:w16 exit or post-exit interview administered this wave
,.m=oth missing,HRS,rexitwv,rexitwv:exit wave exit interview was administered
,".y=no interview, no death recorded",HRS,rexitwv,rexitwv:exit wave exit interview was administered
,".z=no interview, death recorded",HRS,rexitwv,rexitwv:exit wave exit interview was administered
,.m=oth missing,HRS,repexitwv1,repexitwv1:exit wave first post-exit interview was administered
,".y=no interview, no death recorded",HRS,repexitwv1,repexitwv1:exit wave first post-exit interview was administered
,".z=no interview, death recorded",HRS,repexitwv1,repexitwv1:exit wave first post-exit interview was administered
,.m=oth missing,HRS,repexitwv2,repexitwv2:exit wave second post-exit interview was administered
,".y=no interview, no death recorded",HRS,repexitwv2,repexitwv2:exit wave second post-exit interview was administered
,".z=no interview, death recorded",HRS,repexitwv2,repexitwv2:exit wave second post-exit interview was administered
,.m=oth missing,HRS,repexitwv3,repexitwv3:exit wave third post-exit interview was administered
,".y=no interview, no death recorded",HRS,repexitwv3,repexitwv3:exit wave third post-exit interview was administered
,".z=no interview, death recorded",HRS,repexitwv3,repexitwv3:exit wave third post-exit interview was administered
1,1. in hospital,HRS,repldeath,repldeath:exit place of death
2,2. in nursing home,HRS,repldeath,repldeath:exit place of death
3,3. at home,HRS,repldeath,repldeath:exit place of death
4,4. in hospice,HRS,repldeath,repldeath:exit place of death
5,5. assisted living facility/rest home/retirement home/senior care home,HRS,repldeath,repldeath:exit place of death
7,"7. other (specify); including at work, outside, accident, relative's home",HRS,repldeath,repldeath:exit place of death
,.d=dk,HRS,repldeath,repldeath:exit place of death
,.m=oth missing,HRS,repldeath,repldeath:exit place of death
,.q=not asked this wv,HRS,repldeath,repldeath:exit place of death
,.r=rf,HRS,repldeath,repldeath:exit place of death
,".y=no exit interview, no death recorded",HRS,repldeath,repldeath:exit place of death
,".z=no exit interview, death recorded",HRS,repldeath,repldeath:exit place of death
1,1. expected,HRS,rexpdeath,rexpdeath:exit death expected?
2,2. unexpected,HRS,rexpdeath,rexpdeath:exit death expected?
7,7. other (specify),HRS,rexpdeath,rexpdeath:exit death expected?
,.d=dk,HRS,rexpdeath,rexpdeath:exit death expected?
,.m=oth missing,HRS,rexpdeath,rexpdeath:exit death expected?
,.q=not asked this wv,HRS,rexpdeath,rexpdeath:exit death expected?
,.r=rf,HRS,rexpdeath,rexpdeath:exit death expected?
,".y=no exit interview, no death recorded",HRS,rexpdeath,rexpdeath:exit death expected?
,".z=no exit interview, death recorded",HRS,rexpdeath,rexpdeath:exit death expected?
1,1. one or two hours (or no warning),HRS,ret2death,ret2death:exit time from start of final illness to death
2,2. less than a day,HRS,ret2death,ret2death:exit time from start of final illness to death
3,3. less than a week,HRS,ret2death,ret2death:exit time from start of final illness to death
4,4. less than a month,HRS,ret2death,ret2death:exit time from start of final illness to death
5,5. less than a year,HRS,ret2death,ret2death:exit time from start of final illness to death
6,6. more than a year,HRS,ret2death,ret2death:exit time from start of final illness to death
,.d=dk,HRS,ret2death,ret2death:exit time from start of final illness to death
,.m=oth missing,HRS,ret2death,ret2death:exit time from start of final illness to death
,.q not asked this wv,HRS,ret2death,ret2death:exit time from start of final illness to death
,.r=rf,HRS,ret2death,ret2death:exit time from start of final illness to death
,.s=skip,HRS,ret2death,ret2death:exit time from start of final illness to death
,".y=no exit interview, no death recorded",HRS,ret2death,ret2death:exit time from start of final illness to death
,".z=no exit interview, death recorded",HRS,ret2death,ret2death:exit time from start of final illness to death
0,0.no asset,HRS,h1afmort,h1afmort:w1 asst flag: total mortgage--cross-wave
1,1.no imputations,HRS,h1afmort,h1afmort:w1 asst flag: total mortgage--cross-wave
2,2.some imputation,HRS,h1afmort,h1afmort:w1 asst flag: total mortgage--cross-wave
9,9.no fin resp,HRS,h1afmort,h1afmort:w1 asst flag: total mortgage--cross-wave
,.q=not asked this wv,HRS,h1afmort,h1afmort:w1 asst flag: total mortgage--cross-wave
,.u=unmarried,HRS,h1afmort,h1afmort:w1 asst flag: total mortgage--cross-wave
0,0.no asset,HRS,h2afmort,h2afmort:w2 asst flag: total mortgage--cross-wave
1,1.no imputations,HRS,h2afmort,h2afmort:w2 asst flag: total mortgage--cross-wave
2,2.some imputation,HRS,h2afmort,h2afmort:w2 asst flag: total mortgage--cross-wave
9,9.no fin resp,HRS,h2afmort,h2afmort:w2 asst flag: total mortgage--cross-wave
,.q=not asked this wv,HRS,h2afmort,h2afmort:w2 asst flag: total mortgage--cross-wave
,.u=unmarried,HRS,h2afmort,h2afmort:w2 asst flag: total mortgage--cross-wave
0,0.no asset,HRS,h3afmort,h3afmort:w3 asst flag: total mortgage--cross-wave
1,1.no imputations,HRS,h3afmort,h3afmort:w3 asst flag: total mortgage--cross-wave
2,2.some imputation,HRS,h3afmort,h3afmort:w3 asst flag: total mortgage--cross-wave
9,9.no fin resp,HRS,h3afmort,h3afmort:w3 asst flag: total mortgage--cross-wave
,.q=not asked this wv,HRS,h3afmort,h3afmort:w3 asst flag: total mortgage--cross-wave
,.u=unmarried,HRS,h3afmort,h3afmort:w3 asst flag: total mortgage--cross-wave
0,0.no asset,HRS,h4afmort,h4afmort:w4 asst flag: total mortgage--cross-wave
1,1.no imputations,HRS,h4afmort,h4afmort:w4 asst flag: total mortgage--cross-wave
2,2.some imputation,HRS,h4afmort,h4afmort:w4 asst flag: total mortgage--cross-wave
9,9.no fin resp,HRS,h4afmort,h4afmort:w4 asst flag: total mortgage--cross-wave
,.q=not asked this wv,HRS,h4afmort,h4afmort:w4 asst flag: total mortgage--cross-wave
,.u=unmarried,HRS,h4afmort,h4afmort:w4 asst flag: total mortgage--cross-wave
0,0.no asset,HRS,h5afmort,h5afmort:w5 asst flag: total mortgage--cross-wave
1,1.no imputations,HRS,h5afmort,h5afmort:w5 asst flag: total mortgage--cross-wave
2,2.some imputation,HRS,h5afmort,h5afmort:w5 asst flag: total mortgage--cross-wave
9,9.no fin resp,HRS,h5afmort,h5afmort:w5 asst flag: total mortgage--cross-wave
,.q=not asked this wv,HRS,h5afmort,h5afmort:w5 asst flag: total mortgage--cross-wave
,.u=unmarried,HRS,h5afmort,h5afmort:w5 asst flag: total mortgage--cross-wave
0,0.no asset,HRS,h6afmort,h6afmort:w6 asst flag: total mortgage--cross-wave
1,1.no imputations,HRS,h6afmort,h6afmort:w6 asst flag: total mortgage--cross-wave
2,2.some imputation,HRS,h6afmort,h6afmort:w6 asst flag: total mortgage--cross-wave
9,9.no fin resp,HRS,h6afmort,h6afmort:w6 asst flag: total mortgage--cross-wave
,.q=not asked this wv,HRS,h6afmort,h6afmort:w6 asst flag: total mortgage--cross-wave
,.u=unmarried,HRS,h6afmort,h6afmort:w6 asst flag: total mortgage--cross-wave
0,0.no asset,HRS,h7afmort,h7afmort:w7 asst flag: total mortgage--cross-wave
1,1.no imputations,HRS,h7afmort,h7afmort:w7 asst flag: total mortgage--cross-wave
2,2.some imputation,HRS,h7afmort,h7afmort:w7 asst flag: total mortgage--cross-wave
9,9.no fin resp,HRS,h7afmort,h7afmort:w7 asst flag: total mortgage--cross-wave
,.q=not asked this wv,HRS,h7afmort,h7afmort:w7 asst flag: total mortgage--cross-wave
,.u=unmarried,HRS,h7afmort,h7afmort:w7 asst flag: total mortgage--cross-wave
0,0.no asset,HRS,h8afmort,h8afmort:w8 asst flag: total mortgage--cross-wave
1,1.no imputations,HRS,h8afmort,h8afmort:w8 asst flag: total mortgage--cross-wave
2,2.some imputation,HRS,h8afmort,h8afmort:w8 asst flag: total mortgage--cross-wave
9,9.no fin resp,HRS,h8afmort,h8afmort:w8 asst flag: total mortgage--cross-wave
,.q=not asked this wv,HRS,h8afmort,h8afmort:w8 asst flag: total mortgage--cross-wave
,.u=unmarried,HRS,h8afmort,h8afmort:w8 asst flag: total mortgage--cross-wave
0,0.no asset,HRS,h9afmort,h9afmort:w9 asst flag: total mortgage--cross-wave
1,1.no imputations,HRS,h9afmort,h9afmort:w9 asst flag: total mortgage--cross-wave
2,2.some imputation,HRS,h9afmort,h9afmort:w9 asst flag: total mortgage--cross-wave
9,9.no fin resp,HRS,h9afmort,h9afmort:w9 asst flag: total mortgage--cross-wave
,.q=not asked this wv,HRS,h9afmort,h9afmort:w9 asst flag: total mortgage--cross-wave
,.u=unmarried,HRS,h9afmort,h9afmort:w9 asst flag: total mortgage--cross-wave
0,0.no asset,HRS,h10afmort,h10afmort:w10 asst flag: total mortgage--cross-wave
1,1.no imputations,HRS,h10afmort,h10afmort:w10 asst flag: total mortgage--cross-wave
2,2.some imputation,HRS,h10afmort,h10afmort:w10 asst flag: total mortgage--cross-wave
9,9.no fin resp,HRS,h10afmort,h10afmort:w10 asst flag: total mortgage--cross-wave
,.q=not asked this wv,HRS,h10afmort,h10afmort:w10 asst flag: total mortgage--cross-wave
,.u=unmarried,HRS,h10afmort,h10afmort:w10 asst flag: total mortgage--cross-wave
0,0.no asset,HRS,h11afmort,h11afmort:w11 asst flag: total mortgage--cross-wave
1,1.no imputations,HRS,h11afmort,h11afmort:w11 asst flag: total mortgage--cross-wave
2,2.some imputation,HRS,h11afmort,h11afmort:w11 asst flag: total mortgage--cross-wave
9,9.no fin resp,HRS,h11afmort,h11afmort:w11 asst flag: total mortgage--cross-wave
,.q=not asked this wv,HRS,h11afmort,h11afmort:w11 asst flag: total mortgage--cross-wave
,.u=unmarried,HRS,h11afmort,h11afmort:w11 asst flag: total mortgage--cross-wave
0,0.no asset,HRS,h12afmort,h12afmort:w12 asst flag: total mortgage--cross-wave
1,1.no imputations,HRS,h12afmort,h12afmort:w12 asst flag: total mortgage--cross-wave
2,2.some imputation,HRS,h12afmort,h12afmort:w12 asst flag: total mortgage--cross-wave
9,9.no fin resp,HRS,h12afmort,h12afmort:w12 asst flag: total mortgage--cross-wave
,.q=not asked this wv,HRS,h12afmort,h12afmort:w12 asst flag: total mortgage--cross-wave
,.u=unmarried,HRS,h12afmort,h12afmort:w12 asst flag: total mortgage--cross-wave
0,0.no asset,HRS,h13afmort,h13afmort:w13 asst flag: total mortgage--cross-wave
1,1.no imputations,HRS,h13afmort,h13afmort:w13 asst flag: total mortgage--cross-wave
2,2.some imputation,HRS,h13afmort,h13afmort:w13 asst flag: total mortgage--cross-wave
9,9.no fin resp,HRS,h13afmort,h13afmort:w13 asst flag: total mortgage--cross-wave
,.q=not asked this wv,HRS,h13afmort,h13afmort:w13 asst flag: total mortgage--cross-wave
,.u=unmarried,HRS,h13afmort,h13afmort:w13 asst flag: total mortgage--cross-wave
0,0.no asset,HRS,h14afmort,h14afmort:w14 asst flag: total mortgage--cross-wave
1,1.no imputations,HRS,h14afmort,h14afmort:w14 asst flag: total mortgage--cross-wave
2,2.some imputation,HRS,h14afmort,h14afmort:w14 asst flag: total mortgage--cross-wave
9,9.no fin resp,HRS,h14afmort,h14afmort:w14 asst flag: total mortgage--cross-wave
,.q=not asked this wv,HRS,h14afmort,h14afmort:w14 asst flag: total mortgage--cross-wave
,.u=unmarried,HRS,h14afmort,h14afmort:w14 asst flag: total mortgage--cross-wave
0,0.no asset,HRS,h15afmort,h15afmort:w15 asst flag: total mortgage--cross-wave
1,1.no imputations,HRS,h15afmort,h15afmort:w15 asst flag: total mortgage--cross-wave
2,2.some imputation,HRS,h15afmort,h15afmort:w15 asst flag: total mortgage--cross-wave
9,9.no fin resp,HRS,h15afmort,h15afmort:w15 asst flag: total mortgage--cross-wave
,.q=not asked this wv,HRS,h15afmort,h15afmort:w15 asst flag: total mortgage--cross-wave
,.u=unmarried,HRS,h15afmort,h15afmort:w15 asst flag: total mortgage--cross-wave
0,0.no asset,HRS,h16afmort,h16afmort:w16 asst flag: total mortgage--cross-wave
1,1.no imputations,HRS,h16afmort,h16afmort:w16 asst flag: total mortgage--cross-wave
2,2.some imputation,HRS,h16afmort,h16afmort:w16 asst flag: total mortgage--cross-wave
9,9.no fin resp,HRS,h16afmort,h16afmort:w16 asst flag: total mortgage--cross-wave
,.q=not asked this wv,HRS,h16afmort,h16afmort:w16 asst flag: total mortgage--cross-wave
,.u=unmarried,HRS,h16afmort,h16afmort:w16 asst flag: total mortgage--cross-wave
1,1.respondent's exit interview,HRS,s1dsrc,s1dsrc: s death date source
2,2.core interview of respondent's spouse/partner,HRS,s1dsrc,s1dsrc: s death date source
3,3.date respondent was reported deceased during field activity,HRS,s1dsrc,s1dsrc: s death date source
4,4.imputed date,HRS,s1dsrc,s1dsrc: s death date source
,.m=missing death source,HRS,s1dsrc,s1dsrc: s death date source
,.u=unmarried,HRS,s1dsrc,s1dsrc: s death date source
,.v=spouse nr,HRS,s1dsrc,s1dsrc: s death date source
,.x=no death date,HRS,s1dsrc,s1dsrc: s death date source
1,1.respondent's exit interview,HRS,s2dsrc,s2dsrc: s death date source
2,2.core interview of respondent's spouse/partner,HRS,s2dsrc,s2dsrc: s death date source
3,3.date respondent was reported deceased during field activity,HRS,s2dsrc,s2dsrc: s death date source
4,4.imputed date,HRS,s2dsrc,s2dsrc: s death date source
,.m=missing death source,HRS,s2dsrc,s2dsrc: s death date source
,.u=unmarried,HRS,s2dsrc,s2dsrc: s death date source
,.v=spouse nr,HRS,s2dsrc,s2dsrc: s death date source
,.x=no death date,HRS,s2dsrc,s2dsrc: s death date source
1,1.respondent's exit interview,HRS,s3dsrc,s3dsrc: s death date source
2,2.core interview of respondent's spouse/partner,HRS,s3dsrc,s3dsrc: s death date source
3,3.date respondent was reported deceased during field activity,HRS,s3dsrc,s3dsrc: s death date source
4,4.imputed date,HRS,s3dsrc,s3dsrc: s death date source
,.m=missing death source,HRS,s3dsrc,s3dsrc: s death date source
,.u=unmarried,HRS,s3dsrc,s3dsrc: s death date source
,.v=spouse nr,HRS,s3dsrc,s3dsrc: s death date source
,.x=no death date,HRS,s3dsrc,s3dsrc: s death date source
1,1.respondent's exit interview,HRS,s4dsrc,s4dsrc: s death date source
2,2.core interview of respondent's spouse/partner,HRS,s4dsrc,s4dsrc: s death date source
3,3.date respondent was reported deceased during field activity,HRS,s4dsrc,s4dsrc: s death date source
4,4.imputed date,HRS,s4dsrc,s4dsrc: s death date source
,.m=missing death source,HRS,s4dsrc,s4dsrc: s death date source
,.u=unmarried,HRS,s4dsrc,s4dsrc: s death date source
,.v=spouse nr,HRS,s4dsrc,s4dsrc: s death date source
,.x=no death date,HRS,s4dsrc,s4dsrc: s death date source
1,1.respondent's exit interview,HRS,s5dsrc,s5dsrc: s death date source
2,2.core interview of respondent's spouse/partner,HRS,s5dsrc,s5dsrc: s death date source
3,3.date respondent was reported deceased during field activity,HRS,s5dsrc,s5dsrc: s death date source
4,4.imputed date,HRS,s5dsrc,s5dsrc: s death date source
,.m=missing death source,HRS,s5dsrc,s5dsrc: s death date source
,.u=unmarried,HRS,s5dsrc,s5dsrc: s death date source
,.v=spouse nr,HRS,s5dsrc,s5dsrc: s death date source
,.x=no death date,HRS,s5dsrc,s5dsrc: s death date source
1,1.respondent's exit interview,HRS,s6dsrc,s6dsrc: s death date source
2,2.core interview of respondent's spouse/partner,HRS,s6dsrc,s6dsrc: s death date source
3,3.date respondent was reported deceased during field activity,HRS,s6dsrc,s6dsrc: s death date source
4,4.imputed date,HRS,s6dsrc,s6dsrc: s death date source
,.m=missing death source,HRS,s6dsrc,s6dsrc: s death date source
,.u=unmarried,HRS,s6dsrc,s6dsrc: s death date source
,.v=spouse nr,HRS,s6dsrc,s6dsrc: s death date source
,.x=no death date,HRS,s6dsrc,s6dsrc: s death date source
1,1.respondent's exit interview,HRS,s7dsrc,s7dsrc: s death date source
2,2.core interview of respondent's spouse/partner,HRS,s7dsrc,s7dsrc: s death date source
3,3.date respondent was reported deceased during field activity,HRS,s7dsrc,s7dsrc: s death date source
4,4.imputed date,HRS,s7dsrc,s7dsrc: s death date source
,.m=missing death source,HRS,s7dsrc,s7dsrc: s death date source
,.u=unmarried,HRS,s7dsrc,s7dsrc: s death date source
,.v=spouse nr,HRS,s7dsrc,s7dsrc: s death date source
,.x=no death date,HRS,s7dsrc,s7dsrc: s death date source
1,1.respondent's exit interview,HRS,s8dsrc,s8dsrc: s death date source
2,2.core interview of respondent's spouse/partner,HRS,s8dsrc,s8dsrc: s death date source
3,3.date respondent was reported deceased during field activity,HRS,s8dsrc,s8dsrc: s death date source
4,4.imputed date,HRS,s8dsrc,s8dsrc: s death date source
,.m=missing death source,HRS,s8dsrc,s8dsrc: s death date source
,.u=unmarried,HRS,s8dsrc,s8dsrc: s death date source
,.v=spouse nr,HRS,s8dsrc,s8dsrc: s death date source
,.x=no death date,HRS,s8dsrc,s8dsrc: s death date source
1,1.respondent's exit interview,HRS,s9dsrc,s9dsrc: s death date source
2,2.core interview of respondent's spouse/partner,HRS,s9dsrc,s9dsrc: s death date source
3,3.date respondent was reported deceased during field activity,HRS,s9dsrc,s9dsrc: s death date source
4,4.imputed date,HRS,s9dsrc,s9dsrc: s death date source
,.m=missing death source,HRS,s9dsrc,s9dsrc: s death date source
,.u=unmarried,HRS,s9dsrc,s9dsrc: s death date source
,.v=spouse nr,HRS,s9dsrc,s9dsrc: s death date source
,.x=no death date,HRS,s9dsrc,s9dsrc: s death date source
1,1.respondent's exit interview,HRS,s10dsrc,s10dsrc: s death date source
2,2.core interview of respondent's spouse/partner,HRS,s10dsrc,s10dsrc: s death date source
3,3.date respondent was reported deceased during field activity,HRS,s10dsrc,s10dsrc: s death date source
4,4.imputed date,HRS,s10dsrc,s10dsrc: s death date source
,.m=missing death source,HRS,s10dsrc,s10dsrc: s death date source
,.u=unmarried,HRS,s10dsrc,s10dsrc: s death date source
,.v=spouse nr,HRS,s10dsrc,s10dsrc: s death date source
,.x=no death date,HRS,s10dsrc,s10dsrc: s death date source
1,1.respondent's exit interview,HRS,s11dsrc,s11dsrc: s death date source
2,2.core interview of respondent's spouse/partner,HRS,s11dsrc,s11dsrc: s death date source
3,3.date respondent was reported deceased during field activity,HRS,s11dsrc,s11dsrc: s death date source
4,4.imputed date,HRS,s11dsrc,s11dsrc: s death date source
,.m=missing death source,HRS,s11dsrc,s11dsrc: s death date source
,.u=unmarried,HRS,s11dsrc,s11dsrc: s death date source
,.v=spouse nr,HRS,s11dsrc,s11dsrc: s death date source
,.x=no death date,HRS,s11dsrc,s11dsrc: s death date source
1,1.respondent's exit interview,HRS,s12dsrc,s12dsrc: s death date source
2,2.core interview of respondent's spouse/partner,HRS,s12dsrc,s12dsrc: s death date source
3,3.date respondent was reported deceased during field activity,HRS,s12dsrc,s12dsrc: s death date source
4,4.imputed date,HRS,s12dsrc,s12dsrc: s death date source
,.m=missing death source,HRS,s12dsrc,s12dsrc: s death date source
,.u=unmarried,HRS,s12dsrc,s12dsrc: s death date source
,.v=spouse nr,HRS,s12dsrc,s12dsrc: s death date source
,.x=no death date,HRS,s12dsrc,s12dsrc: s death date source
1,1.respondent's exit interview,HRS,s13dsrc,s13dsrc: s death date source
2,2.core interview of respondent's spouse/partner,HRS,s13dsrc,s13dsrc: s death date source
3,3.date respondent was reported deceased during field activity,HRS,s13dsrc,s13dsrc: s death date source
4,4.imputed date,HRS,s13dsrc,s13dsrc: s death date source
,.m=missing death source,HRS,s13dsrc,s13dsrc: s death date source
,.u=unmarried,HRS,s13dsrc,s13dsrc: s death date source
,.v=spouse nr,HRS,s13dsrc,s13dsrc: s death date source
,.x=no death date,HRS,s13dsrc,s13dsrc: s death date source
1,1.respondent's exit interview,HRS,s14dsrc,s14dsrc: s death date source
2,2.core interview of respondent's spouse/partner,HRS,s14dsrc,s14dsrc: s death date source
3,3.date respondent was reported deceased during field activity,HRS,s14dsrc,s14dsrc: s death date source
4,4.imputed date,HRS,s14dsrc,s14dsrc: s death date source
,.m=missing death source,HRS,s14dsrc,s14dsrc: s death date source
,.u=unmarried,HRS,s14dsrc,s14dsrc: s death date source
,.v=spouse nr,HRS,s14dsrc,s14dsrc: s death date source
,.x=no death date,HRS,s14dsrc,s14dsrc: s death date source
1,1.respondent's exit interview,HRS,s15dsrc,s15dsrc: s death date source
2,2.core interview of respondent's spouse/partner,HRS,s15dsrc,s15dsrc: s death date source
3,3.date respondent was reported deceased during field activity,HRS,s15dsrc,s15dsrc: s death date source
4,4.imputed date,HRS,s15dsrc,s15dsrc: s death date source
,.m=missing death source,HRS,s15dsrc,s15dsrc: s death date source
,.u=unmarried,HRS,s15dsrc,s15dsrc: s death date source
,.v=spouse nr,HRS,s15dsrc,s15dsrc: s death date source
,.x=no death date,HRS,s15dsrc,s15dsrc: s death date source
1,1.respondent's exit interview,HRS,s16dsrc,s16dsrc: s death date source
2,2.core interview of respondent's spouse/partner,HRS,s16dsrc,s16dsrc: s death date source
3,3.date respondent was reported deceased during field activity,HRS,s16dsrc,s16dsrc: s death date source
4,4.imputed date,HRS,s16dsrc,s16dsrc: s death date source
,.m=missing death source,HRS,s16dsrc,s16dsrc: s death date source
,.u=unmarried,HRS,s16dsrc,s16dsrc: s death date source
,.v=spouse nr,HRS,s16dsrc,s16dsrc: s death date source
,.x=no death date,HRS,s16dsrc,s16dsrc: s death date source
1,1.respondent's exit interview,HRS,radsrc,radsrc: r death date source
2,2.core interview of respondent's spouse/partner,HRS,radsrc,radsrc: r death date source
3,3.date respondent was reported deceased during field activity,HRS,radsrc,radsrc: r death date source
4,4.imputed date,HRS,radsrc,radsrc: r death date source
,.m=missing death source,HRS,radsrc,radsrc: r death date source
,.u=unmarried,HRS,radsrc,radsrc: r death date source
,.v=spouse nr,HRS,radsrc,radsrc: r death date source
,.x=no death date,HRS,radsrc,radsrc: r death date source
1,1.new england,HRS,recendiv,"recendiv:exit census division, place of death"
2,2.mid atlantic,HRS,recendiv,"recendiv:exit census division, place of death"
3,3.en central,HRS,recendiv,"recendiv:exit census division, place of death"
4,4.wn central,HRS,recendiv,"recendiv:exit census division, place of death"
5,5.s atlantic,HRS,recendiv,"recendiv:exit census division, place of death"
6,6.es central,HRS,recendiv,"recendiv:exit census division, place of death"
7,7.ws central,HRS,recendiv,"recendiv:exit census division, place of death"
8,8.mountain,HRS,recendiv,"recendiv:exit census division, place of death"
9,9.pacific,HRS,recendiv,"recendiv:exit census division, place of death"
10,10.us/na division,HRS,recendiv,"recendiv:exit census division, place of death"
11,11.not us/inc us terr,HRS,recendiv,"recendiv:exit census division, place of death"
,.d=dk/na,HRS,recendiv,"recendiv:exit census division, place of death"
,.m=oth missing,HRS,recendiv,"recendiv:exit census division, place of death"
,.q=not asked this wv,HRS,recendiv,"recendiv:exit census division, place of death"
,.r=rf,HRS,recendiv,"recendiv:exit census division, place of death"
,".y=no exit interview, no death recorded",HRS,recendiv,"recendiv:exit census division, place of death"
,".z=no exit interview, death recorded",HRS,recendiv,"recendiv:exit census division, place of death"
1,1.northeast,HRS,recenreg,"recenreg:exit census region, place of death"
2,2.midwest,HRS,recenreg,"recenreg:exit census region, place of death"
3,3.south,HRS,recenreg,"recenreg:exit census region, place of death"
4,4.west,HRS,recenreg,"recenreg:exit census region, place of death"
5,5.other,HRS,recenreg,"recenreg:exit census region, place of death"
,.d=dk/na,HRS,recenreg,"recenreg:exit census region, place of death"
,.m=oth missing,HRS,recenreg,"recenreg:exit census region, place of death"
,.q=not asked this wv,HRS,recenreg,"recenreg:exit census region, place of death"
,.r=rf,HRS,recenreg,"recenreg:exit census region, place of death"
,".y=no exit interview, no death recorded",HRS,recenreg,"recenreg:exit census region, place of death"
,".z=no exit interview, death recorded",HRS,recenreg,"recenreg:exit census region, place of death"
0,0. no,HRS,reproxysp,reproxysp:exit proxy is spouse
1,1. yes,HRS,reproxysp,reproxysp:exit proxy is spouse
,".y=no exit interview, no death recorded",HRS,reproxysp,reproxysp:exit proxy is spouse
,".z=no exit interview, death recorded",HRS,reproxysp,reproxysp:exit proxy is spouse
2,2. spouse/partner,HRS,reproxyrel,reproxyrel:exit proxy relationship to r
3,3. son,HRS,reproxyrel,reproxyrel:exit proxy relationship to r
4,4. stepson or son of partner,HRS,reproxyrel,reproxyrel:exit proxy relationship to r
5,5. spouse/partner of daughter,HRS,reproxyrel,reproxyrel:exit proxy relationship to r
6,6. daughter,HRS,reproxyrel,reproxyrel:exit proxy relationship to r
7,7. stepdaughter or daughter of partner,HRS,reproxyrel,reproxyrel:exit proxy relationship to r
8,8. spouse/partner of son,HRS,reproxyrel,reproxyrel:exit proxy relationship to r
9,9. grandchild of r or sp/p,HRS,reproxyrel,reproxyrel:exit proxy relationship to r
15,15. brother,HRS,reproxyrel,reproxyrel:exit proxy relationship to r
17,17. sister,HRS,reproxyrel,reproxyrel:exit proxy relationship to r
19,19. other relative,HRS,reproxyrel,reproxyrel:exit proxy relationship to r
20,20. other individual,HRS,reproxyrel,reproxyrel:exit proxy relationship to r
23,23. paid helper,HRS,reproxyrel,reproxyrel:exit proxy relationship to r
24,24. professional,HRS,reproxyrel,reproxyrel:exit proxy relationship to r
33,33. sp/p of grandchild,HRS,reproxyrel,reproxyrel:exit proxy relationship to r
,.d=dk,HRS,reproxyrel,reproxyrel:exit proxy relationship to r
,.m=oth missing,HRS,reproxyrel,reproxyrel:exit proxy relationship to r
,.r=rf,HRS,reproxyrel,reproxyrel:exit proxy relationship to r
,".y=no exit interview, no death recorded",HRS,reproxyrel,reproxyrel:exit proxy relationship to r
,".z=no exit interview, death recorded",HRS,reproxyrel,reproxyrel:exit proxy relationship to r
1,1.married,HRS,remstat,remstat:exit r marital status
2,"2.married,spouse absent",HRS,remstat,remstat:exit r marital status
3,3.partnered,HRS,remstat,remstat:exit r marital status
4,4.separated,HRS,remstat,remstat:exit r marital status
5,5.divorced,HRS,remstat,remstat:exit r marital status
6,6.separated/divorced,HRS,remstat,remstat:exit r marital status
7,7.widowed,HRS,remstat,remstat:exit r marital status
8,8.never married,HRS,remstat,remstat:exit r marital status
,.d=dk,HRS,remstat,remstat:exit r marital status
,.m=oth missing,HRS,remstat,remstat:exit r marital status
,.r=rf,HRS,remstat,remstat:exit r marital status
,".y=no exit interview, no death recorded",HRS,remstat,remstat:exit r marital status
,".z=no exit interview, death recorded",HRS,remstat,remstat:exit r marital status
0,0. no,HRS,rempart,rempart:exit r partnered
1,1. yes,HRS,rempart,rempart:exit r partnered
,".y=no exit interview, no death recorded",HRS,rempart,rempart:exit r partnered
,".z=no exit interview, death recorded",HRS,rempart,rempart:exit r partnered
1,1.married,HRS,remstath,"remstath:exit r marstat-w/o part,filled"
2,"2.married,spouse absent",HRS,remstath,"remstath:exit r marstat-w/o part,filled"
4,4.separated,HRS,remstath,"remstath:exit r marstat-w/o part,filled"
5,5.divorced,HRS,remstath,"remstath:exit r marstat-w/o part,filled"
6,6.separated/divorced,HRS,remstath,"remstath:exit r marstat-w/o part,filled"
7,7.widowed,HRS,remstath,"remstath:exit r marstat-w/o part,filled"
8,8.never married,HRS,remstath,"remstath:exit r marstat-w/o part,filled"
9,9.unknown unmar,HRS,remstath,"remstath:exit r marstat-w/o part,filled"
,.d=dk,HRS,remstath,"remstath:exit r marstat-w/o part,filled"
,.m=oth missing,HRS,remstath,"remstath:exit r marstat-w/o part,filled"
,.r=rf,HRS,remstath,"remstath:exit r marstat-w/o part,filled"
,".y=no exit interview, no death recorded",HRS,remstath,"remstath:exit r marstat-w/o part,filled"
,".z=no exit interview, death recorded",HRS,remstath,"remstath:exit r marstat-w/o part,filled"
0,0.ivw beg dt=end dt,HRS,reiwmidf,reiwmidf:exit interview midpt date flag
1,1.ivw beg day ne end day,HRS,reiwmidf,reiwmidf:exit interview midpt date flag
2,2.ivw beg dt ne end dt,HRS,reiwmidf,reiwmidf:exit interview midpt date flag
,.u=unmarried,HRS,reiwmidf,reiwmidf:exit interview midpt date flag
,.v=spouse nr,HRS,reiwmidf,reiwmidf:exit interview midpt date flag
,".y=no exit interview, no death recorded",HRS,reiwmidf,reiwmidf:exit interview midpt date flag
,".z=no exit interview, death recorded",HRS,reiwmidf,reiwmidf:exit interview midpt date flag
0,0.no,HRS,s3deptho,s3deptho:w3 s thoughts about death
1,1.yes,HRS,s3deptho,s3deptho:w3 s thoughts about death
,.d=dk/na,HRS,s3deptho,s3deptho:w3 s thoughts about death
,".j=web interview, missing",HRS,s3deptho,s3deptho:w3 s thoughts about death
,.m=oth missing,HRS,s3deptho,s3deptho:w3 s thoughts about death
,.p=answered prev wv,HRS,s3deptho,s3deptho:w3 s thoughts about death
,.r=rf,HRS,s3deptho,s3deptho:w3 s thoughts about death
,.s=skip,HRS,s3deptho,s3deptho:w3 s thoughts about death
,.u=unmarried,HRS,s3deptho,s3deptho:w3 s thoughts about death
,.v=spouse nr,HRS,s3deptho,s3deptho:w3 s thoughts about death
0,0.no,HRS,s4deptho,s4deptho:w4 s thoughts about death
1,1.yes,HRS,s4deptho,s4deptho:w4 s thoughts about death
,.d=dk/na,HRS,s4deptho,s4deptho:w4 s thoughts about death
,".j=web interview, missing",HRS,s4deptho,s4deptho:w4 s thoughts about death
,.m=oth missing,HRS,s4deptho,s4deptho:w4 s thoughts about death
,.p=answered prev wv,HRS,s4deptho,s4deptho:w4 s thoughts about death
,.r=rf,HRS,s4deptho,s4deptho:w4 s thoughts about death
,.s=skip,HRS,s4deptho,s4deptho:w4 s thoughts about death
,.u=unmarried,HRS,s4deptho,s4deptho:w4 s thoughts about death
,.v=spouse nr,HRS,s4deptho,s4deptho:w4 s thoughts about death
0,0.no,HRS,s5deptho,s5deptho:w5 s thoughts about death
1,1.yes,HRS,s5deptho,s5deptho:w5 s thoughts about death
,.d=dk/na,HRS,s5deptho,s5deptho:w5 s thoughts about death
,".j=web interview, missing",HRS,s5deptho,s5deptho:w5 s thoughts about death
,.m=oth missing,HRS,s5deptho,s5deptho:w5 s thoughts about death
,.p=answered prev wv,HRS,s5deptho,s5deptho:w5 s thoughts about death
,.r=rf,HRS,s5deptho,s5deptho:w5 s thoughts about death
,.s=skip,HRS,s5deptho,s5deptho:w5 s thoughts about death
,.u=unmarried,HRS,s5deptho,s5deptho:w5 s thoughts about death
,.v=spouse nr,HRS,s5deptho,s5deptho:w5 s thoughts about death
0,0.no,HRS,s6deptho,s6deptho:w6 s thoughts about death
1,1.yes,HRS,s6deptho,s6deptho:w6 s thoughts about death
,.d=dk/na,HRS,s6deptho,s6deptho:w6 s thoughts about death
,".j=web interview, missing",HRS,s6deptho,s6deptho:w6 s thoughts about death
,.m=oth missing,HRS,s6deptho,s6deptho:w6 s thoughts about death
,.p=answered prev wv,HRS,s6deptho,s6deptho:w6 s thoughts about death
,.r=rf,HRS,s6deptho,s6deptho:w6 s thoughts about death
,.s=skip,HRS,s6deptho,s6deptho:w6 s thoughts about death
,.u=unmarried,HRS,s6deptho,s6deptho:w6 s thoughts about death
,.v=spouse nr,HRS,s6deptho,s6deptho:w6 s thoughts about death
0,0.no,HRS,s7deptho,s7deptho:w7 s thoughts about death
1,1.yes,HRS,s7deptho,s7deptho:w7 s thoughts about death
,.d=dk/na,HRS,s7deptho,s7deptho:w7 s thoughts about death
,".j=web interview, missing",HRS,s7deptho,s7deptho:w7 s thoughts about death
,.m=oth missing,HRS,s7deptho,s7deptho:w7 s thoughts about death
,.p=answered prev wv,HRS,s7deptho,s7deptho:w7 s thoughts about death
,.r=rf,HRS,s7deptho,s7deptho:w7 s thoughts about death
,.s=skip,HRS,s7deptho,s7deptho:w7 s thoughts about death
,.u=unmarried,HRS,s7deptho,s7deptho:w7 s thoughts about death
,.v=spouse nr,HRS,s7deptho,s7deptho:w7 s thoughts about death
0,0.no,HRS,s8deptho,s8deptho:w8 s thoughts about death
1,1.yes,HRS,s8deptho,s8deptho:w8 s thoughts about death
,.d=dk/na,HRS,s8deptho,s8deptho:w8 s thoughts about death
,".j=web interview, missing",HRS,s8deptho,s8deptho:w8 s thoughts about death
,.m=oth missing,HRS,s8deptho,s8deptho:w8 s thoughts about death
,.p=answered prev wv,HRS,s8deptho,s8deptho:w8 s thoughts about death
,.r=rf,HRS,s8deptho,s8deptho:w8 s thoughts about death
,.s=skip,HRS,s8deptho,s8deptho:w8 s thoughts about death
,.u=unmarried,HRS,s8deptho,s8deptho:w8 s thoughts about death
,.v=spouse nr,HRS,s8deptho,s8deptho:w8 s thoughts about death
0,0.no,HRS,s9deptho,s9deptho:w9 s thoughts about death
1,1.yes,HRS,s9deptho,s9deptho:w9 s thoughts about death
,.d=dk/na,HRS,s9deptho,s9deptho:w9 s thoughts about death
,".j=web interview, missing",HRS,s9deptho,s9deptho:w9 s thoughts about death
,.m=oth missing,HRS,s9deptho,s9deptho:w9 s thoughts about death
,.p=answered prev wv,HRS,s9deptho,s9deptho:w9 s thoughts about death
,.r=rf,HRS,s9deptho,s9deptho:w9 s thoughts about death
,.s=skip,HRS,s9deptho,s9deptho:w9 s thoughts about death
,.u=unmarried,HRS,s9deptho,s9deptho:w9 s thoughts about death
,.v=spouse nr,HRS,s9deptho,s9deptho:w9 s thoughts about death
0,0.no,HRS,s10deptho,s10deptho:w10 s thoughts about death
1,1.yes,HRS,s10deptho,s10deptho:w10 s thoughts about death
,.d=dk/na,HRS,s10deptho,s10deptho:w10 s thoughts about death
,".j=web interview, missing",HRS,s10deptho,s10deptho:w10 s thoughts about death
,.m=oth missing,HRS,s10deptho,s10deptho:w10 s thoughts about death
,.p=answered prev wv,HRS,s10deptho,s10deptho:w10 s thoughts about death
,.r=rf,HRS,s10deptho,s10deptho:w10 s thoughts about death
,.s=skip,HRS,s10deptho,s10deptho:w10 s thoughts about death
,.u=unmarried,HRS,s10deptho,s10deptho:w10 s thoughts about death
,.v=spouse nr,HRS,s10deptho,s10deptho:w10 s thoughts about death
0,0.no,HRS,s11deptho,s11deptho:w11 s thoughts about death
1,1.yes,HRS,s11deptho,s11deptho:w11 s thoughts about death
,.d=dk/na,HRS,s11deptho,s11deptho:w11 s thoughts about death
,".j=web interview, missing",HRS,s11deptho,s11deptho:w11 s thoughts about death
,.m=oth missing,HRS,s11deptho,s11deptho:w11 s thoughts about death
,.p=answered prev wv,HRS,s11deptho,s11deptho:w11 s thoughts about death
,.r=rf,HRS,s11deptho,s11deptho:w11 s thoughts about death
,.s=skip,HRS,s11deptho,s11deptho:w11 s thoughts about death
,.u=unmarried,HRS,s11deptho,s11deptho:w11 s thoughts about death
,.v=spouse nr,HRS,s11deptho,s11deptho:w11 s thoughts about death
0,0.no,HRS,s12deptho,s12deptho:w12 s thoughts about death
1,1.yes,HRS,s12deptho,s12deptho:w12 s thoughts about death
,.d=dk/na,HRS,s12deptho,s12deptho:w12 s thoughts about death
,".j=web interview, missing",HRS,s12deptho,s12deptho:w12 s thoughts about death
,.m=oth missing,HRS,s12deptho,s12deptho:w12 s thoughts about death
,.p=answered prev wv,HRS,s12deptho,s12deptho:w12 s thoughts about death
,.r=rf,HRS,s12deptho,s12deptho:w12 s thoughts about death
,.s=skip,HRS,s12deptho,s12deptho:w12 s thoughts about death
,.u=unmarried,HRS,s12deptho,s12deptho:w12 s thoughts about death
,.v=spouse nr,HRS,s12deptho,s12deptho:w12 s thoughts about death
0,0.no,HRS,s13deptho,s13deptho:w13 s thoughts about death
1,1.yes,HRS,s13deptho,s13deptho:w13 s thoughts about death
,.d=dk/na,HRS,s13deptho,s13deptho:w13 s thoughts about death
,".j=web interview, missing",HRS,s13deptho,s13deptho:w13 s thoughts about death
,.m=oth missing,HRS,s13deptho,s13deptho:w13 s thoughts about death
,.p=answered prev wv,HRS,s13deptho,s13deptho:w13 s thoughts about death
,.r=rf,HRS,s13deptho,s13deptho:w13 s thoughts about death
,.s=skip,HRS,s13deptho,s13deptho:w13 s thoughts about death
,.u=unmarried,HRS,s13deptho,s13deptho:w13 s thoughts about death
,.v=spouse nr,HRS,s13deptho,s13deptho:w13 s thoughts about death
0,0.no,HRS,s14deptho,s14deptho:w14 s thoughts about death
1,1.yes,HRS,s14deptho,s14deptho:w14 s thoughts about death
,.d=dk/na,HRS,s14deptho,s14deptho:w14 s thoughts about death
,".j=web interview, missing",HRS,s14deptho,s14deptho:w14 s thoughts about death
,.m=oth missing,HRS,s14deptho,s14deptho:w14 s thoughts about death
,.p=answered prev wv,HRS,s14deptho,s14deptho:w14 s thoughts about death
,.r=rf,HRS,s14deptho,s14deptho:w14 s thoughts about death
,.s=skip,HRS,s14deptho,s14deptho:w14 s thoughts about death
,.u=unmarried,HRS,s14deptho,s14deptho:w14 s thoughts about death
,.v=spouse nr,HRS,s14deptho,s14deptho:w14 s thoughts about death
0,0.no,HRS,s15deptho,s15deptho:w15 s thoughts about death
1,1.yes,HRS,s15deptho,s15deptho:w15 s thoughts about death
,.d=dk/na,HRS,s15deptho,s15deptho:w15 s thoughts about death
,".j=web interview, missing",HRS,s15deptho,s15deptho:w15 s thoughts about death
,.m=oth missing,HRS,s15deptho,s15deptho:w15 s thoughts about death
,.p=answered prev wv,HRS,s15deptho,s15deptho:w15 s thoughts about death
,.r=rf,HRS,s15deptho,s15deptho:w15 s thoughts about death
,.s=skip,HRS,s15deptho,s15deptho:w15 s thoughts about death
,.u=unmarried,HRS,s15deptho,s15deptho:w15 s thoughts about death
,.v=spouse nr,HRS,s15deptho,s15deptho:w15 s thoughts about death
0,0.no,HRS,s16deptho,s16deptho:w16 s thoughts about death
1,1.yes,HRS,s16deptho,s16deptho:w16 s thoughts about death
,.d=dk/na,HRS,s16deptho,s16deptho:w16 s thoughts about death
,".j=web interview, missing",HRS,s16deptho,s16deptho:w16 s thoughts about death
,.m=oth missing,HRS,s16deptho,s16deptho:w16 s thoughts about death
,.p=answered prev wv,HRS,s16deptho,s16deptho:w16 s thoughts about death
,.r=rf,HRS,s16deptho,s16deptho:w16 s thoughts about death
,.s=skip,HRS,s16deptho,s16deptho:w16 s thoughts about death
,.u=unmarried,HRS,s16deptho,s16deptho:w16 s thoughts about death
,.v=spouse nr,HRS,s16deptho,s16deptho:w16 s thoughts about death
0,0.no,HRS,r3deptho,r3deptho:w3 r thoughts about death
1,1.yes,HRS,r3deptho,r3deptho:w3 r thoughts about death
,.d=dk/na,HRS,r3deptho,r3deptho:w3 r thoughts about death
,".j=web interview, missing",HRS,r3deptho,r3deptho:w3 r thoughts about death
,.m=oth missing,HRS,r3deptho,r3deptho:w3 r thoughts about death
,.p=answered prev wv,HRS,r3deptho,r3deptho:w3 r thoughts about death
,.r=rf,HRS,r3deptho,r3deptho:w3 r thoughts about death
,.s=skip,HRS,r3deptho,r3deptho:w3 r thoughts about death
,.u=unmarried,HRS,r3deptho,r3deptho:w3 r thoughts about death
,.v=spouse nr,HRS,r3deptho,r3deptho:w3 r thoughts about death
0,0.no,HRS,r4deptho,r4deptho:w4 r thoughts about death
1,1.yes,HRS,r4deptho,r4deptho:w4 r thoughts about death
,.d=dk/na,HRS,r4deptho,r4deptho:w4 r thoughts about death
,".j=web interview, missing",HRS,r4deptho,r4deptho:w4 r thoughts about death
,.m=oth missing,HRS,r4deptho,r4deptho:w4 r thoughts about death
,.p=answered prev wv,HRS,r4deptho,r4deptho:w4 r thoughts about death
,.r=rf,HRS,r4deptho,r4deptho:w4 r thoughts about death
,.s=skip,HRS,r4deptho,r4deptho:w4 r thoughts about death
,.u=unmarried,HRS,r4deptho,r4deptho:w4 r thoughts about death
,.v=spouse nr,HRS,r4deptho,r4deptho:w4 r thoughts about death
0,0.no,HRS,r5deptho,r5deptho:w5 r thoughts about death
1,1.yes,HRS,r5deptho,r5deptho:w5 r thoughts about death
,.d=dk/na,HRS,r5deptho,r5deptho:w5 r thoughts about death
,".j=web interview, missing",HRS,r5deptho,r5deptho:w5 r thoughts about death
,.m=oth missing,HRS,r5deptho,r5deptho:w5 r thoughts about death
,.p=answered prev wv,HRS,r5deptho,r5deptho:w5 r thoughts about death
,.r=rf,HRS,r5deptho,r5deptho:w5 r thoughts about death
,.s=skip,HRS,r5deptho,r5deptho:w5 r thoughts about death
,.u=unmarried,HRS,r5deptho,r5deptho:w5 r thoughts about death
,.v=spouse nr,HRS,r5deptho,r5deptho:w5 r thoughts about death
0,0.no,HRS,r6deptho,r6deptho:w6 r thoughts about death
1,1.yes,HRS,r6deptho,r6deptho:w6 r thoughts about death
,.d=dk/na,HRS,r6deptho,r6deptho:w6 r thoughts about death
,".j=web interview, missing",HRS,r6deptho,r6deptho:w6 r thoughts about death
,.m=oth missing,HRS,r6deptho,r6deptho:w6 r thoughts about death
,.p=answered prev wv,HRS,r6deptho,r6deptho:w6 r thoughts about death
,.r=rf,HRS,r6deptho,r6deptho:w6 r thoughts about death
,.s=skip,HRS,r6deptho,r6deptho:w6 r thoughts about death
,.u=unmarried,HRS,r6deptho,r6deptho:w6 r thoughts about death
,.v=spouse nr,HRS,r6deptho,r6deptho:w6 r thoughts about death
0,0.no,HRS,r7deptho,r7deptho:w7 r thoughts about death
1,1.yes,HRS,r7deptho,r7deptho:w7 r thoughts about death
,.d=dk/na,HRS,r7deptho,r7deptho:w7 r thoughts about death
,".j=web interview, missing",HRS,r7deptho,r7deptho:w7 r thoughts about death
,.m=oth missing,HRS,r7deptho,r7deptho:w7 r thoughts about death
,.p=answered prev wv,HRS,r7deptho,r7deptho:w7 r thoughts about death
,.r=rf,HRS,r7deptho,r7deptho:w7 r thoughts about death
,.s=skip,HRS,r7deptho,r7deptho:w7 r thoughts about death
,.u=unmarried,HRS,r7deptho,r7deptho:w7 r thoughts about death
,.v=spouse nr,HRS,r7deptho,r7deptho:w7 r thoughts about death
0,0.no,HRS,r8deptho,r8deptho:w8 r thoughts about death
1,1.yes,HRS,r8deptho,r8deptho:w8 r thoughts about death
,.d=dk/na,HRS,r8deptho,r8deptho:w8 r thoughts about death
,".j=web interview, missing",HRS,r8deptho,r8deptho:w8 r thoughts about death
,.m=oth missing,HRS,r8deptho,r8deptho:w8 r thoughts about death
,.p=answered prev wv,HRS,r8deptho,r8deptho:w8 r thoughts about death
,.r=rf,HRS,r8deptho,r8deptho:w8 r thoughts about death
,.s=skip,HRS,r8deptho,r8deptho:w8 r thoughts about death
,.u=unmarried,HRS,r8deptho,r8deptho:w8 r thoughts about death
,.v=spouse nr,HRS,r8deptho,r8deptho:w8 r thoughts about death
0,0.no,HRS,r9deptho,r9deptho:w9 r thoughts about death
1,1.yes,HRS,r9deptho,r9deptho:w9 r thoughts about death
,.d=dk/na,HRS,r9deptho,r9deptho:w9 r thoughts about death
,".j=web interview, missing",HRS,r9deptho,r9deptho:w9 r thoughts about death
,.m=oth missing,HRS,r9deptho,r9deptho:w9 r thoughts about death
,.p=answered prev wv,HRS,r9deptho,r9deptho:w9 r thoughts about death
,.r=rf,HRS,r9deptho,r9deptho:w9 r thoughts about death
,.s=skip,HRS,r9deptho,r9deptho:w9 r thoughts about death
,.u=unmarried,HRS,r9deptho,r9deptho:w9 r thoughts about death
,.v=spouse nr,HRS,r9deptho,r9deptho:w9 r thoughts about death
0,0.no,HRS,r10deptho,r10deptho:w10 r thoughts about death
1,1.yes,HRS,r10deptho,r10deptho:w10 r thoughts about death
,.d=dk/na,HRS,r10deptho,r10deptho:w10 r thoughts about death
,".j=web interview, missing",HRS,r10deptho,r10deptho:w10 r thoughts about death
,.m=oth missing,HRS,r10deptho,r10deptho:w10 r thoughts about death
,.p=answered prev wv,HRS,r10deptho,r10deptho:w10 r thoughts about death
,.r=rf,HRS,r10deptho,r10deptho:w10 r thoughts about death
,.s=skip,HRS,r10deptho,r10deptho:w10 r thoughts about death
,.u=unmarried,HRS,r10deptho,r10deptho:w10 r thoughts about death
,.v=spouse nr,HRS,r10deptho,r10deptho:w10 r thoughts about death
0,0.no,HRS,r11deptho,r11deptho:w11 r thoughts about death
1,1.yes,HRS,r11deptho,r11deptho:w11 r thoughts about death
,.d=dk/na,HRS,r11deptho,r11deptho:w11 r thoughts about death
,".j=web interview, missing",HRS,r11deptho,r11deptho:w11 r thoughts about death
,.m=oth missing,HRS,r11deptho,r11deptho:w11 r thoughts about death
,.p=answered prev wv,HRS,r11deptho,r11deptho:w11 r thoughts about death
,.r=rf,HRS,r11deptho,r11deptho:w11 r thoughts about death
,.s=skip,HRS,r11deptho,r11deptho:w11 r thoughts about death
,.u=unmarried,HRS,r11deptho,r11deptho:w11 r thoughts about death
,.v=spouse nr,HRS,r11deptho,r11deptho:w11 r thoughts about death
0,0.no,HRS,r12deptho,r12deptho:w12 r thoughts about death
1,1.yes,HRS,r12deptho,r12deptho:w12 r thoughts about death
,.d=dk/na,HRS,r12deptho,r12deptho:w12 r thoughts about death
,".j=web interview, missing",HRS,r12deptho,r12deptho:w12 r thoughts about death
,.m=oth missing,HRS,r12deptho,r12deptho:w12 r thoughts about death
,.p=answered prev wv,HRS,r12deptho,r12deptho:w12 r thoughts about death
,.r=rf,HRS,r12deptho,r12deptho:w12 r thoughts about death
,.s=skip,HRS,r12deptho,r12deptho:w12 r thoughts about death
,.u=unmarried,HRS,r12deptho,r12deptho:w12 r thoughts about death
,.v=spouse nr,HRS,r12deptho,r12deptho:w12 r thoughts about death
0,0.no,HRS,r13deptho,r13deptho:w13 r thoughts about death
1,1.yes,HRS,r13deptho,r13deptho:w13 r thoughts about death
,.d=dk/na,HRS,r13deptho,r13deptho:w13 r thoughts about death
,".j=web interview, missing",HRS,r13deptho,r13deptho:w13 r thoughts about death
,.m=oth missing,HRS,r13deptho,r13deptho:w13 r thoughts about death
,.p=answered prev wv,HRS,r13deptho,r13deptho:w13 r thoughts about death
,.r=rf,HRS,r13deptho,r13deptho:w13 r thoughts about death
,.s=skip,HRS,r13deptho,r13deptho:w13 r thoughts about death
,.u=unmarried,HRS,r13deptho,r13deptho:w13 r thoughts about death
,.v=spouse nr,HRS,r13deptho,r13deptho:w13 r thoughts about death
0,0.no,HRS,r14deptho,r14deptho:w14 r thoughts about death
1,1.yes,HRS,r14deptho,r14deptho:w14 r thoughts about death
,.d=dk/na,HRS,r14deptho,r14deptho:w14 r thoughts about death
,".j=web interview, missing",HRS,r14deptho,r14deptho:w14 r thoughts about death
,.m=oth missing,HRS,r14deptho,r14deptho:w14 r thoughts about death
,.p=answered prev wv,HRS,r14deptho,r14deptho:w14 r thoughts about death
,.r=rf,HRS,r14deptho,r14deptho:w14 r thoughts about death
,.s=skip,HRS,r14deptho,r14deptho:w14 r thoughts about death
,.u=unmarried,HRS,r14deptho,r14deptho:w14 r thoughts about death
,.v=spouse nr,HRS,r14deptho,r14deptho:w14 r thoughts about death
0,0.no,HRS,r15deptho,r15deptho:w15 r thoughts about death
1,1.yes,HRS,r15deptho,r15deptho:w15 r thoughts about death
,.d=dk/na,HRS,r15deptho,r15deptho:w15 r thoughts about death
,".j=web interview, missing",HRS,r15deptho,r15deptho:w15 r thoughts about death
,.m=oth missing,HRS,r15deptho,r15deptho:w15 r thoughts about death
,.p=answered prev wv,HRS,r15deptho,r15deptho:w15 r thoughts about death
,.r=rf,HRS,r15deptho,r15deptho:w15 r thoughts about death
,.s=skip,HRS,r15deptho,r15deptho:w15 r thoughts about death
,.u=unmarried,HRS,r15deptho,r15deptho:w15 r thoughts about death
,.v=spouse nr,HRS,r15deptho,r15deptho:w15 r thoughts about death
0,0.no,HRS,r16deptho,r16deptho:w16 r thoughts about death
1,1.yes,HRS,r16deptho,r16deptho:w16 r thoughts about death
,.d=dk/na,HRS,r16deptho,r16deptho:w16 r thoughts about death
,".j=web interview, missing",HRS,r16deptho,r16deptho:w16 r thoughts about death
,.m=oth missing,HRS,r16deptho,r16deptho:w16 r thoughts about death
,.p=answered prev wv,HRS,r16deptho,r16deptho:w16 r thoughts about death
,.r=rf,HRS,r16deptho,r16deptho:w16 r thoughts about death
,.s=skip,HRS,r16deptho,r16deptho:w16 r thoughts about death
,.u=unmarried,HRS,r16deptho,r16deptho:w16 r thoughts about death
,.v=spouse nr,HRS,r16deptho,r16deptho:w16 r thoughts about death
1,1.excellent,HRS,reprmem,reprmem:exit rate r memory 1 month prior to death
2,2.very good,HRS,reprmem,reprmem:exit rate r memory 1 month prior to death
3,3.good,HRS,reprmem,reprmem:exit rate r memory 1 month prior to death
4,4.fair,HRS,reprmem,reprmem:exit rate r memory 1 month prior to death
5,5.poor,HRS,reprmem,reprmem:exit rate r memory 1 month prior to death
,.d=dk,HRS,reprmem,reprmem:exit rate r memory 1 month prior to death
,.m=oth missing,HRS,reprmem,reprmem:exit rate r memory 1 month prior to death
,.q=not asked this wv,HRS,reprmem,reprmem:exit rate r memory 1 month prior to death
,.r=rf,HRS,reprmem,reprmem:exit rate r memory 1 month prior to death
,.s=skip,HRS,reprmem,reprmem:exit rate r memory 1 month prior to death
,".y=no exit interview, no death recorded",HRS,reprmem,reprmem:exit rate r memory 1 month prior to death
,".z=no exit interview, death recorded",HRS,reprmem,reprmem:exit rate r memory 1 month prior to death
0,0.no,HRS,relost,relost:exit r lost in familiar environments
1,1.yes,HRS,relost,relost:exit r lost in familiar environments
,.d=dk,HRS,relost,relost:exit r lost in familiar environments
,.m=oth missing,HRS,relost,relost:exit r lost in familiar environments
,.q=not asked this wv,HRS,relost,relost:exit r lost in familiar environments
,.r=rf,HRS,relost,relost:exit r lost in familiar environments
,.s=skip,HRS,relost,relost:exit r lost in familiar environments
,".y=no exit interview, no death recorded",HRS,relost,relost:exit r lost in familiar environments
,".z=no exit interview, death recorded",HRS,relost,relost:exit r lost in familiar environments
0,0.no,HRS,rewander,rewander:exit r ever wander off
1,1.yes,HRS,rewander,rewander:exit r ever wander off
,.d=dk,HRS,rewander,rewander:exit r ever wander off
,.m=oth missing,HRS,rewander,rewander:exit r ever wander off
,.q=not asked this wv,HRS,rewander,rewander:exit r ever wander off
,.r=rf,HRS,rewander,rewander:exit r ever wander off
,.s=skip,HRS,rewander,rewander:exit r ever wander off
,".y=no exit interview, no death recorded",HRS,rewander,rewander:exit r ever wander off
,".z=no exit interview, death recorded",HRS,rewander,rewander:exit r ever wander off
0,0.no,HRS,realone,realone:exit r could be left alone
1,1.yes,HRS,realone,realone:exit r could be left alone
,.d=dk,HRS,realone,realone:exit r could be left alone
,.m=oth missing,HRS,realone,realone:exit r could be left alone
,.q=not asked this wv,HRS,realone,realone:exit r could be left alone
,.r=rf,HRS,realone,realone:exit r could be left alone
,.s=skip,HRS,realone,realone:exit r could be left alone
,".y=no exit interview, no death recorded",HRS,realone,realone:exit r could be left alone
,".z=no exit interview, death recorded",HRS,realone,realone:exit r could be left alone
0,0.no,HRS,rehaluc,rehaluc:exit r hallucinated
1,1.yes,HRS,rehaluc,rehaluc:exit r hallucinated
,.d=dk,HRS,rehaluc,rehaluc:exit r hallucinated
,.m=oth missing,HRS,rehaluc,rehaluc:exit r hallucinated
,.q=not asked this wv,HRS,rehaluc,rehaluc:exit r hallucinated
,.r=rf,HRS,rehaluc,rehaluc:exit r hallucinated
,.s=skip,HRS,rehaluc,rehaluc:exit r hallucinated
,".y=no exit interview, no death recorded",HRS,rehaluc,rehaluc:exit r hallucinated
,".z=no exit interview, death recorded",HRS,rehaluc,rehaluc:exit r hallucinated
0,0.no,HRS,renrshom,renrshom:exit nh stay
1,1.yes,HRS,renrshom,renrshom:exit nh stay
,.d=dk,HRS,renrshom,renrshom:exit nh stay
,.m=oth missing,HRS,renrshom,renrshom:exit nh stay
,.q=not asked this wave,HRS,renrshom,renrshom:exit nh stay
,.r=rf,HRS,renrshom,renrshom:exit nh stay
,.s=skip,HRS,renrshom,renrshom:exit nh stay
,.u=unmar,HRS,renrshom,renrshom:exit nh stay
,.v=sp nr,HRS,renrshom,renrshom:exit nh stay
,".y=no exit interview, no death recorded",HRS,renrshom,renrshom:exit nh stay
,".z=no exit interview, death recorded",HRS,renrshom,renrshom:exit nh stay
0,0.no,HRS,redoctor,redoctor:exit doctor visit
1,1.yes,HRS,redoctor,redoctor:exit doctor visit
,.d=dk,HRS,redoctor,redoctor:exit doctor visit
,.m=oth missing,HRS,redoctor,redoctor:exit doctor visit
,.q=not asked this wave,HRS,redoctor,redoctor:exit doctor visit
,.r=rf,HRS,redoctor,redoctor:exit doctor visit
,.s=skip,HRS,redoctor,redoctor:exit doctor visit
,.u=unmar,HRS,redoctor,redoctor:exit doctor visit
,.v=sp nr,HRS,redoctor,redoctor:exit doctor visit
,".y=no exit interview, no death recorded",HRS,redoctor,redoctor:exit doctor visit
,".z=no exit interview, death recorded",HRS,redoctor,redoctor:exit doctor visit
0,0.no,HRS,redrugs,redrugs:exit regularly take rx
1,1.yes,HRS,redrugs,redrugs:exit regularly take rx
,.d=dk,HRS,redrugs,redrugs:exit regularly take rx
,.m=oth missing,HRS,redrugs,redrugs:exit regularly take rx
,.q=not asked this wave,HRS,redrugs,redrugs:exit regularly take rx
,.r=rf,HRS,redrugs,redrugs:exit regularly take rx
,.s=skip,HRS,redrugs,redrugs:exit regularly take rx
,.u=unmar,HRS,redrugs,redrugs:exit regularly take rx
,.v=sp nr,HRS,redrugs,redrugs:exit regularly take rx
,".y=no exit interview, no death recorded",HRS,redrugs,redrugs:exit regularly take rx
,".z=no exit interview, death recorded",HRS,redrugs,redrugs:exit regularly take rx
0,0.no,HRS,rehomcar,rehomcar:exit home hlth care
1,1.yes,HRS,rehomcar,rehomcar:exit home hlth care
,.d=dk/na,HRS,rehomcar,rehomcar:exit home hlth care
,.m=oth missing,HRS,rehomcar,rehomcar:exit home hlth care
,.n=in nhm,HRS,rehomcar,rehomcar:exit home hlth care
,.q=not asked this wv,HRS,rehomcar,rehomcar:exit home hlth care
,.r=rf,HRS,rehomcar,rehomcar:exit home hlth care
,".y=no exit interview, no death recorded",HRS,rehomcar,rehomcar:exit home hlth care
,".z=no exit interview, death recorded",HRS,rehomcar,rehomcar:exit home hlth care
0,0.no,HRS,renhmliv,renhmliv:exit lived in nh at time of death
1,1.yes,HRS,renhmliv,renhmliv:exit lived in nh at time of death
,.d=dk,HRS,renhmliv,renhmliv:exit lived in nh at time of death
,.m=oth missing,HRS,renhmliv,renhmliv:exit lived in nh at time of death
,.q=not asked this wave,HRS,renhmliv,renhmliv:exit lived in nh at time of death
,.r=rf,HRS,renhmliv,renhmliv:exit lived in nh at time of death
,.s=skip,HRS,renhmliv,renhmliv:exit lived in nh at time of death
,.u=unmar,HRS,renhmliv,renhmliv:exit lived in nh at time of death
,.v=sp nr,HRS,renhmliv,renhmliv:exit lived in nh at time of death
,".y=no exit interview, no death recorded",HRS,renhmliv,renhmliv:exit lived in nh at time of death
,".z=no exit interview, death recorded",HRS,renhmliv,renhmliv:exit lived in nh at time of death
0,0.no,HRS,rehosp,rehosp:exit overnight hospital stay since prvivw before death
1,1.yes,HRS,rehosp,rehosp:exit overnight hospital stay since prvivw before death
,.d=dk,HRS,rehosp,rehosp:exit overnight hospital stay since prvivw before death
,.m=oth missing,HRS,rehosp,rehosp:exit overnight hospital stay since prvivw before death
,.q=not asked this wave,HRS,rehosp,rehosp:exit overnight hospital stay since prvivw before death
,.r=rf,HRS,rehosp,rehosp:exit overnight hospital stay since prvivw before death
,.s=skip,HRS,rehosp,rehosp:exit overnight hospital stay since prvivw before death
,.u=unmar,HRS,rehosp,rehosp:exit overnight hospital stay since prvivw before death
,.v=sp nr,HRS,rehosp,rehosp:exit overnight hospital stay since prvivw before death
,".y=no exit interview, no death recorded",HRS,rehosp,rehosp:exit overnight hospital stay since prvivw before death
,".z=no exit interview, death recorded",HRS,rehosp,rehosp:exit overnight hospital stay since prvivw before death
0,0.no,HRS,respcfac,respcfac:exit spec health facilty
1,1.yes,HRS,respcfac,respcfac:exit spec health facilty
,.d=dk/na,HRS,respcfac,respcfac:exit spec health facilty
,.m=oth missing,HRS,respcfac,respcfac:exit spec health facilty
,.n=in nhm,HRS,respcfac,respcfac:exit spec health facilty
,.q=not asked this wv,HRS,respcfac,respcfac:exit spec health facilty
,.r=rf,HRS,respcfac,respcfac:exit spec health facilty
,".y=no exit interview, no death recorded",HRS,respcfac,respcfac:exit spec health facilty
,".z=no exit interview, death recorded",HRS,respcfac,respcfac:exit spec health facilty
0,0.no,HRS,rehpcsty,rehpcsty:exit hospice care stay
1,1.yes,HRS,rehpcsty,rehpcsty:exit hospice care stay
,.d=dk,HRS,rehpcsty,rehpcsty:exit hospice care stay
,.m=oth missing,HRS,rehpcsty,rehpcsty:exit hospice care stay
,.q=not asked this wave,HRS,rehpcsty,rehpcsty:exit hospice care stay
,.r=rf,HRS,rehpcsty,rehpcsty:exit hospice care stay
,.s=skip,HRS,rehpcsty,rehpcsty:exit hospice care stay
,.u=unmar,HRS,rehpcsty,rehpcsty:exit hospice care stay
,.v=sp nr,HRS,rehpcsty,rehpcsty:exit hospice care stay
,".y=no exit interview, no death recorded",HRS,rehpcsty,rehpcsty:exit hospice care stay
,".z=no exit interview, death recorded",HRS,rehpcsty,rehpcsty:exit hospice care stay
0,0.not imputed,HRS,reoopmdof,reoopmdof:exit mexp flag: out of pkt med exp w oth
1,1.imputed,HRS,reoopmdof,reoopmdof:exit mexp flag: out of pkt med exp w oth
,.d=dk/na,HRS,reoopmdof,reoopmdof:exit mexp flag: out of pkt med exp w oth
,.m=oth missing,HRS,reoopmdof,reoopmdof:exit mexp flag: out of pkt med exp w oth
,.n=no utilization,HRS,reoopmdof,reoopmdof:exit mexp flag: out of pkt med exp w oth
,.q=not asked this wv,HRS,reoopmdof,reoopmdof:exit mexp flag: out of pkt med exp w oth
,.r=rf,HRS,reoopmdof,reoopmdof:exit mexp flag: out of pkt med exp w oth
,".y=no exit interview, no death recorded",HRS,reoopmdof,reoopmdof:exit mexp flag: out of pkt med exp w oth
,".z=no exit interview, death recorded",HRS,reoopmdof,reoopmdof:exit mexp flag: out of pkt med exp w oth
0,0.not imputed,HRS,reoopmdf,reoopmdf:exit mexp flag: out of pkt med exp
1,1.imputed,HRS,reoopmdf,reoopmdf:exit mexp flag: out of pkt med exp
,.d=dk/na,HRS,reoopmdf,reoopmdf:exit mexp flag: out of pkt med exp
,.m=oth missing,HRS,reoopmdf,reoopmdf:exit mexp flag: out of pkt med exp
,.n=no utilization,HRS,reoopmdf,reoopmdf:exit mexp flag: out of pkt med exp
,.q=not asked this wv,HRS,reoopmdf,reoopmdf:exit mexp flag: out of pkt med exp
,.r=rf,HRS,reoopmdf,reoopmdf:exit mexp flag: out of pkt med exp
,".y=no exit interview, no death recorded",HRS,reoopmdf,reoopmdf:exit mexp flag: out of pkt med exp
,".z=no exit interview, death recorded",HRS,reoopmdf,reoopmdf:exit mexp flag: out of pkt med exp
0,0.no,HRS,regovmr,regovmr:exit r had gov plan-medicare
1,1.yes,HRS,regovmr,regovmr:exit r had gov plan-medicare
,.d=dk,HRS,regovmr,regovmr:exit r had gov plan-medicare
,.m=oth missing,HRS,regovmr,regovmr:exit r had gov plan-medicare
,.q=not asked this wave,HRS,regovmr,regovmr:exit r had gov plan-medicare
,.r=rf,HRS,regovmr,regovmr:exit r had gov plan-medicare
,.s=skip,HRS,regovmr,regovmr:exit r had gov plan-medicare
,.u=unmar,HRS,regovmr,regovmr:exit r had gov plan-medicare
,.v=sp nr,HRS,regovmr,regovmr:exit r had gov plan-medicare
,".y=no exit interview, no death recorded",HRS,regovmr,regovmr:exit r had gov plan-medicare
,".z=no exit interview, death recorded",HRS,regovmr,regovmr:exit r had gov plan-medicare
0,0.no,HRS,regovmds,regovmds:exit r had medicaid in last 2 yrs or since prvivw
1,1.yes,HRS,regovmds,regovmds:exit r had medicaid in last 2 yrs or since prvivw
,.d=dk,HRS,regovmds,regovmds:exit r had medicaid in last 2 yrs or since prvivw
,.m=oth missing,HRS,regovmds,regovmds:exit r had medicaid in last 2 yrs or since prvivw
,.q=not asked this wave,HRS,regovmds,regovmds:exit r had medicaid in last 2 yrs or since prvivw
,.r=rf,HRS,regovmds,regovmds:exit r had medicaid in last 2 yrs or since prvivw
,.s=skip,HRS,regovmds,regovmds:exit r had medicaid in last 2 yrs or since prvivw
,.u=unmar,HRS,regovmds,regovmds:exit r had medicaid in last 2 yrs or since prvivw
,.v=sp nr,HRS,regovmds,regovmds:exit r had medicaid in last 2 yrs or since prvivw
,".y=no exit interview, no death recorded",HRS,regovmds,regovmds:exit r had medicaid in last 2 yrs or since prvivw
,".z=no exit interview, death recorded",HRS,regovmds,regovmds:exit r had medicaid in last 2 yrs or since prvivw
0,0.no,HRS,regovmdd,regovmdd:exit r had medicaid at death
1,1.yes,HRS,regovmdd,regovmdd:exit r had medicaid at death
,.d=dk,HRS,regovmdd,regovmdd:exit r had medicaid at death
,.m=oth missing,HRS,regovmdd,regovmdd:exit r had medicaid at death
,.q=not asked this wave,HRS,regovmdd,regovmdd:exit r had medicaid at death
,.r=rf,HRS,regovmdd,regovmdd:exit r had medicaid at death
,.s=skip,HRS,regovmdd,regovmdd:exit r had medicaid at death
,.u=unmar,HRS,regovmdd,regovmdd:exit r had medicaid at death
,.v=sp nr,HRS,regovmdd,regovmdd:exit r had medicaid at death
,".y=no exit interview, no death recorded",HRS,regovmdd,regovmdd:exit r had medicaid at death
,".z=no exit interview, death recorded",HRS,regovmdd,regovmdd:exit r had medicaid at death
0,0.no,HRS,regovva,regovva:exit r had gov plan-champus/champva
1,1.yes,HRS,regovva,regovva:exit r had gov plan-champus/champva
,.d=dk,HRS,regovva,regovva:exit r had gov plan-champus/champva
,.m=oth missing,HRS,regovva,regovva:exit r had gov plan-champus/champva
,.q=not asked this wave,HRS,regovva,regovva:exit r had gov plan-champus/champva
,.r=rf,HRS,regovva,regovva:exit r had gov plan-champus/champva
,.s=skip,HRS,regovva,regovva:exit r had gov plan-champus/champva
,.u=unmar,HRS,regovva,regovva:exit r had gov plan-champus/champva
,.v=sp nr,HRS,regovva,regovva:exit r had gov plan-champus/champva
,".y=no exit interview, no death recorded",HRS,regovva,regovva:exit r had gov plan-champus/champva
,".z=no exit interview, death recorded",HRS,regovva,regovva:exit r had gov plan-champus/champva
0,0.no,HRS,rehigov,rehigov:exit r was covered by gov plan
1,1.yes,HRS,rehigov,rehigov:exit r was covered by gov plan
,.d=dk,HRS,rehigov,rehigov:exit r was covered by gov plan
,.m=oth missing,HRS,rehigov,rehigov:exit r was covered by gov plan
,.q=not asked this wave,HRS,rehigov,rehigov:exit r was covered by gov plan
,.r=rf,HRS,rehigov,rehigov:exit r was covered by gov plan
,.s=skip,HRS,rehigov,rehigov:exit r was covered by gov plan
,.u=unmar,HRS,rehigov,rehigov:exit r was covered by gov plan
,.v=sp nr,HRS,rehigov,rehigov:exit r was covered by gov plan
,".y=no exit interview, no death recorded",HRS,rehigov,rehigov:exit r was covered by gov plan
,".z=no exit interview, death recorded",HRS,rehigov,rehigov:exit r was covered by gov plan
0,0.no,HRS,recovr,recovr:exit r covered by r empl plan
1,1.yes,HRS,recovr,recovr:exit r covered by r empl plan
,.a=already 65+,HRS,recovr,recovr:exit r covered by r empl plan
,".c=cov,dk by whose emplyr",HRS,recovr,recovr:exit r covered by r empl plan
,.d=dk,HRS,recovr,recovr:exit r covered by r empl plan
,".e=cov,dk whether by emplyr",HRS,recovr,recovr:exit r covered by r empl plan
,.h=missing whether covrd,HRS,recovr,recovr:exit r covered by r empl plan
,.m=oth missing,HRS,recovr,recovr:exit r covered by r empl plan
,.n=no plan,HRS,recovr,recovr:exit r covered by r empl plan
,.q=not asked this wv,HRS,recovr,recovr:exit r covered by r empl plan
,.r=rf,HRS,recovr,recovr:exit r covered by r empl plan
,".s=skip, not cur/prv emp plan",HRS,recovr,recovr:exit r covered by r empl plan
,".t=cov by oth,maybe ex-spouse",HRS,recovr,recovr:exit r covered by r empl plan
,".y=no exit interview, no death recorded",HRS,recovr,recovr:exit r covered by r empl plan
,".z=no exit interview, death recorded",HRS,recovr,recovr:exit r covered by r empl plan
0,0.no,HRS,recovs,recovs:exit r covered by s empl plan
1,1.yes,HRS,recovs,recovs:exit r covered by s empl plan
,.a=already 65+,HRS,recovs,recovs:exit r covered by s empl plan
,".c=cov,dk by whose emplyr",HRS,recovs,recovs:exit r covered by s empl plan
,.d=dk,HRS,recovs,recovs:exit r covered by s empl plan
,".e=cov,dk whether by emplyr",HRS,recovs,recovs:exit r covered by s empl plan
,.h=missing whether covrd,HRS,recovs,recovs:exit r covered by s empl plan
,.m=oth missing,HRS,recovs,recovs:exit r covered by s empl plan
,.n=no plan,HRS,recovs,recovs:exit r covered by s empl plan
,.q=not asked this wv,HRS,recovs,recovs:exit r covered by s empl plan
,.r=rf,HRS,recovs,recovs:exit r covered by s empl plan
,".s=skip, not cur/prv emp plan",HRS,recovs,recovs:exit r covered by s empl plan
,".t=cov by oth,maybe ex-spouse",HRS,recovs,recovs:exit r covered by s empl plan
,".y=no exit interview, no death recorded",HRS,recovs,recovs:exit r covered by s empl plan
,".z=no exit interview, death recorded",HRS,recovs,recovs:exit r covered by s empl plan
0,0.no employer-provided insurance,HRS,rehesrc3,rehesrc3:exit source of r empl plan #3
1,1.respondent,HRS,rehesrc3,rehesrc3:exit source of r empl plan #3
2,2.current spouse,HRS,rehesrc3,rehesrc3:exit source of r empl plan #3
3,3.former spouse,HRS,rehesrc3,rehesrc3:exit source of r empl plan #3
6,6.r is a covered non finr(w1),HRS,rehesrc3,rehesrc3:exit source of r empl plan #3
,".c=cov,dk by whose emplyr",HRS,rehesrc3,rehesrc3:exit source of r empl plan #3
,.d=dk,HRS,rehesrc3,rehesrc3:exit source of r empl plan #3
,.m=oth missing,HRS,rehesrc3,rehesrc3:exit source of r empl plan #3
,.p=only one plan carried from w1,HRS,rehesrc3,rehesrc3:exit source of r empl plan #3
,.q=not asked this wv,HRS,rehesrc3,rehesrc3:exit source of r empl plan #3
,.r=rf,HRS,rehesrc3,rehesrc3:exit source of r empl plan #3
,".s=skip,question not asked",HRS,rehesrc3,rehesrc3:exit source of r empl plan #3
,".t=cov,dk whether by emplyr",HRS,rehesrc3,rehesrc3:exit source of r empl plan #3
,.u=unmarried,HRS,rehesrc3,rehesrc3:exit source of r empl plan #3
,.v=spouse nr,HRS,rehesrc3,rehesrc3:exit source of r empl plan #3
,.x=no more plans,HRS,rehesrc3,rehesrc3:exit source of r empl plan #3
,".y=no exit interview, no death recorded",HRS,rehesrc3,rehesrc3:exit source of r empl plan #3
,".z=no exit interview, death recorded",HRS,rehesrc3,rehesrc3:exit source of r empl plan #3
0,0.no employer-provided insurance,HRS,rehesrc2,rehesrc2:exit source of r empl plan #2
1,1.respondent,HRS,rehesrc2,rehesrc2:exit source of r empl plan #2
2,2.current spouse,HRS,rehesrc2,rehesrc2:exit source of r empl plan #2
3,3.former spouse,HRS,rehesrc2,rehesrc2:exit source of r empl plan #2
6,6.r is a covered non finr(w1),HRS,rehesrc2,rehesrc2:exit source of r empl plan #2
,".c=cov,dk by whose emplyr",HRS,rehesrc2,rehesrc2:exit source of r empl plan #2
,.d=dk,HRS,rehesrc2,rehesrc2:exit source of r empl plan #2
,.m=oth missing,HRS,rehesrc2,rehesrc2:exit source of r empl plan #2
,.p=only one plan carried from w1,HRS,rehesrc2,rehesrc2:exit source of r empl plan #2
,.q=not asked this wv,HRS,rehesrc2,rehesrc2:exit source of r empl plan #2
,.r=rf,HRS,rehesrc2,rehesrc2:exit source of r empl plan #2
,".s=skip,question not asked",HRS,rehesrc2,rehesrc2:exit source of r empl plan #2
,".t=cov,dk whether by emplyr",HRS,rehesrc2,rehesrc2:exit source of r empl plan #2
,.u=unmarried,HRS,rehesrc2,rehesrc2:exit source of r empl plan #2
,.v=spouse nr,HRS,rehesrc2,rehesrc2:exit source of r empl plan #2
,.x=no more plans,HRS,rehesrc2,rehesrc2:exit source of r empl plan #2
,".y=no exit interview, no death recorded",HRS,rehesrc2,rehesrc2:exit source of r empl plan #2
,".z=no exit interview, death recorded",HRS,rehesrc2,rehesrc2:exit source of r empl plan #2
0,0.no employer-provided insurance,HRS,rehesrc1,rehesrc1:exit source of r empl plan #1
1,1.respondent,HRS,rehesrc1,rehesrc1:exit source of r empl plan #1
2,2.current spouse,HRS,rehesrc1,rehesrc1:exit source of r empl plan #1
3,3.former spouse,HRS,rehesrc1,rehesrc1:exit source of r empl plan #1
6,6.r is a covered non finr(w1),HRS,rehesrc1,rehesrc1:exit source of r empl plan #1
,".c=cov,dk by whose emplyr",HRS,rehesrc1,rehesrc1:exit source of r empl plan #1
,.d=dk,HRS,rehesrc1,rehesrc1:exit source of r empl plan #1
,.m=oth missing,HRS,rehesrc1,rehesrc1:exit source of r empl plan #1
,.p=only one plan carried from w1,HRS,rehesrc1,rehesrc1:exit source of r empl plan #1
,.q=not asked this wv,HRS,rehesrc1,rehesrc1:exit source of r empl plan #1
,.r=rf,HRS,rehesrc1,rehesrc1:exit source of r empl plan #1
,".s=skip,question not asked",HRS,rehesrc1,rehesrc1:exit source of r empl plan #1
,".t=cov,dk whether by emplyr",HRS,rehesrc1,rehesrc1:exit source of r empl plan #1
,.u=unmarried,HRS,rehesrc1,rehesrc1:exit source of r empl plan #1
,.v=spouse nr,HRS,rehesrc1,rehesrc1:exit source of r empl plan #1
,.x=no more plans,HRS,rehesrc1,rehesrc1:exit source of r empl plan #1
,".y=no exit interview, no death recorded",HRS,rehesrc1,rehesrc1:exit source of r empl plan #1
,".z=no exit interview, death recorded",HRS,rehesrc1,rehesrc1:exit source of r empl plan #1
1,1.r's current/former employer,HRS,reprsrc1,reprsrc1:exit private insurance plan 1 source
2,2.current s's current/former employer,HRS,reprsrc1,reprsrc1:exit private insurance plan 1 source
3,3.r's union,HRS,reprsrc1,reprsrc1:exit private insurance plan 1 source
4,4.s's union,HRS,reprsrc1,reprsrc1:exit private insurance plan 1 source
5,5.former s's emp/union,HRS,reprsrc1,reprsrc1:exit private insurance plan 1 source
6,6.direct from insurance company,HRS,reprsrc1,reprsrc1:exit private insurance plan 1 source
7,7.group,HRS,reprsrc1,reprsrc1:exit private insurance plan 1 source
8,8.insurance company/group,HRS,reprsrc1,reprsrc1:exit private insurance plan 1 source
9,9.insurance exchange,HRS,reprsrc1,reprsrc1:exit private insurance plan 1 source
10,10.other,HRS,reprsrc1,reprsrc1:exit private insurance plan 1 source
,.d=dk,HRS,reprsrc1,reprsrc1:exit private insurance plan 1 source
,.g=includes gov't programs,HRS,reprsrc1,reprsrc1:exit private insurance plan 1 source
,.k=can't ascertain,HRS,reprsrc1,reprsrc1:exit private insurance plan 1 source
,.m=oth missing,HRS,reprsrc1,reprsrc1:exit private insurance plan 1 source
,.q=not asked this wv,HRS,reprsrc1,reprsrc1:exit private insurance plan 1 source
,.r=rf,HRS,reprsrc1,reprsrc1:exit private insurance plan 1 source
,.s=skip,HRS,reprsrc1,reprsrc1:exit private insurance plan 1 source
,.x=no more plans,HRS,reprsrc1,reprsrc1:exit private insurance plan 1 source
,".y=no exit interview, no death recorded",HRS,reprsrc1,reprsrc1:exit private insurance plan 1 source
,".z=no exit interview, death recorded",HRS,reprsrc1,reprsrc1:exit private insurance plan 1 source
1,1.r's current/former employer,HRS,reprsrc2,reprsrc2:exit private insurance plan 2 source
2,2.current s's current/former employer,HRS,reprsrc2,reprsrc2:exit private insurance plan 2 source
3,3.r's union,HRS,reprsrc2,reprsrc2:exit private insurance plan 2 source
4,4.s's union,HRS,reprsrc2,reprsrc2:exit private insurance plan 2 source
5,5.former s's emp/union,HRS,reprsrc2,reprsrc2:exit private insurance plan 2 source
6,6.direct from insurance company,HRS,reprsrc2,reprsrc2:exit private insurance plan 2 source
7,7.group,HRS,reprsrc2,reprsrc2:exit private insurance plan 2 source
8,8.insurance company/group,HRS,reprsrc2,reprsrc2:exit private insurance plan 2 source
9,9.insurance exchange,HRS,reprsrc2,reprsrc2:exit private insurance plan 2 source
10,10.other,HRS,reprsrc2,reprsrc2:exit private insurance plan 2 source
,.d=dk,HRS,reprsrc2,reprsrc2:exit private insurance plan 2 source
,.g=includes gov't programs,HRS,reprsrc2,reprsrc2:exit private insurance plan 2 source
,.k=can't ascertain,HRS,reprsrc2,reprsrc2:exit private insurance plan 2 source
,.m=oth missing,HRS,reprsrc2,reprsrc2:exit private insurance plan 2 source
,.q=not asked this wv,HRS,reprsrc2,reprsrc2:exit private insurance plan 2 source
,.r=rf,HRS,reprsrc2,reprsrc2:exit private insurance plan 2 source
,.s=skip,HRS,reprsrc2,reprsrc2:exit private insurance plan 2 source
,.x=no more plans,HRS,reprsrc2,reprsrc2:exit private insurance plan 2 source
,".y=no exit interview, no death recorded",HRS,reprsrc2,reprsrc2:exit private insurance plan 2 source
,".z=no exit interview, death recorded",HRS,reprsrc2,reprsrc2:exit private insurance plan 2 source
1,1.r's current/former employer,HRS,reprsrc3,reprsrc3:exit private insurance plan 3 source
2,2.current s's current/former employer,HRS,reprsrc3,reprsrc3:exit private insurance plan 3 source
3,3.r's union,HRS,reprsrc3,reprsrc3:exit private insurance plan 3 source
4,4.s's union,HRS,reprsrc3,reprsrc3:exit private insurance plan 3 source
5,5.former s's emp/union,HRS,reprsrc3,reprsrc3:exit private insurance plan 3 source
6,6.direct from insurance company,HRS,reprsrc3,reprsrc3:exit private insurance plan 3 source
7,7.group,HRS,reprsrc3,reprsrc3:exit private insurance plan 3 source
8,8.insurance company/group,HRS,reprsrc3,reprsrc3:exit private insurance plan 3 source
9,9.insurance exchange,HRS,reprsrc3,reprsrc3:exit private insurance plan 3 source
10,10.other,HRS,reprsrc3,reprsrc3:exit private insurance plan 3 source
,.d=dk,HRS,reprsrc3,reprsrc3:exit private insurance plan 3 source
,.g=includes gov't programs,HRS,reprsrc3,reprsrc3:exit private insurance plan 3 source
,.k=can't ascertain,HRS,reprsrc3,reprsrc3:exit private insurance plan 3 source
,.m=oth missing,HRS,reprsrc3,reprsrc3:exit private insurance plan 3 source
,.q=not asked this wv,HRS,reprsrc3,reprsrc3:exit private insurance plan 3 source
,.r=rf,HRS,reprsrc3,reprsrc3:exit private insurance plan 3 source
,.s=skip,HRS,reprsrc3,reprsrc3:exit private insurance plan 3 source
,.x=no more plans,HRS,reprsrc3,reprsrc3:exit private insurance plan 3 source
,".y=no exit interview, no death recorded",HRS,reprsrc3,reprsrc3:exit private insurance plan 3 source
,".z=no exit interview, death recorded",HRS,reprsrc3,reprsrc3:exit private insurance plan 3 source
0,0.no,HRS,rehiltc,rehiltc:exit r had long term care ins
1,1.yes,HRS,rehiltc,rehiltc:exit r had long term care ins
,.d=dk,HRS,rehiltc,rehiltc:exit r had long term care ins
,.m=oth missing,HRS,rehiltc,rehiltc:exit r had long term care ins
,.q=not asked this wv,HRS,rehiltc,rehiltc:exit r had long term care ins
,.r=rf,HRS,rehiltc,rehiltc:exit r had long term care ins
,".y=no exit interview, no death recorded",HRS,rehiltc,rehiltc:exit r had long term care ins
,".z=no exit interview, death recorded",HRS,rehiltc,rehiltc:exit r had long term care ins
1,1.nursing home care only,HRS,retyltc,retyltc:exit r type of long term care ins
2,2.in-home care only,HRS,retyltc,retyltc:exit r type of long term care ins
3,3.both,HRS,retyltc,retyltc:exit r type of long term care ins
7,7.other,HRS,retyltc,retyltc:exit r type of long term care ins
,.d=dk,HRS,retyltc,retyltc:exit r type of long term care ins
,.m=oth missing,HRS,retyltc,retyltc:exit r type of long term care ins
,.q=not asked this wv,HRS,retyltc,retyltc:exit r type of long term care ins
,.r=rf,HRS,retyltc,retyltc:exit r type of long term care ins
,.s=skip,HRS,retyltc,retyltc:exit r type of long term care ins
,".y=no exit interview, no death recorded",HRS,retyltc,retyltc:exit r type of long term care ins
,".z=no exit interview, death recorded",HRS,retyltc,retyltc:exit r type of long term care ins
1,1.stop,HRS,r2penic1,r2penic1:w2 pen #1 continue after death
2,2.continue unchanged,HRS,r2penic1,r2penic1:w2 pen #1 continue after death
3,3.continue at reduced level,HRS,r2penic1,r2penic1:w2 pen #1 continue after death
4,4.lump sum paid to beneficiary,HRS,r2penic1,r2penic1:w2 pen #1 continue after death
7,7.other,HRS,r2penic1,r2penic1:w2 pen #1 continue after death
,.d=dk,HRS,r2penic1,r2penic1:w2 pen #1 continue after death
,".j=web interview, missing",HRS,r2penic1,r2penic1:w2 pen #1 continue after death
,.m=oth missing,HRS,r2penic1,r2penic1:w2 pen #1 continue after death
,.q=not asked this wv,HRS,r2penic1,r2penic1:w2 pen #1 continue after death
,.r=rf,HRS,r2penic1,r2penic1:w2 pen #1 continue after death
,.u=unmarried,HRS,r2penic1,r2penic1:w2 pen #1 continue after death
,.v=spouse nr,HRS,r2penic1,r2penic1:w2 pen #1 continue after death
,.z=no pension income,HRS,r2penic1,r2penic1:w2 pen #1 continue after death
1,1.stop,HRS,r3penic1,r3penic1:w3 pen #1 continue after death
2,2.continue unchanged,HRS,r3penic1,r3penic1:w3 pen #1 continue after death
3,3.continue at reduced level,HRS,r3penic1,r3penic1:w3 pen #1 continue after death
4,4.lump sum paid to beneficiary,HRS,r3penic1,r3penic1:w3 pen #1 continue after death
7,7.other,HRS,r3penic1,r3penic1:w3 pen #1 continue after death
,.d=dk,HRS,r3penic1,r3penic1:w3 pen #1 continue after death
,".j=web interview, missing",HRS,r3penic1,r3penic1:w3 pen #1 continue after death
,.m=oth missing,HRS,r3penic1,r3penic1:w3 pen #1 continue after death
,.q=not asked this wv,HRS,r3penic1,r3penic1:w3 pen #1 continue after death
,.r=rf,HRS,r3penic1,r3penic1:w3 pen #1 continue after death
,.u=unmarried,HRS,r3penic1,r3penic1:w3 pen #1 continue after death
,.v=spouse nr,HRS,r3penic1,r3penic1:w3 pen #1 continue after death
,.z=no pension income,HRS,r3penic1,r3penic1:w3 pen #1 continue after death
1,1.stop,HRS,r4penic1,r4penic1:w4 pen #1 continue after death
2,2.continue unchanged,HRS,r4penic1,r4penic1:w4 pen #1 continue after death
3,3.continue at reduced level,HRS,r4penic1,r4penic1:w4 pen #1 continue after death
4,4.lump sum paid to beneficiary,HRS,r4penic1,r4penic1:w4 pen #1 continue after death
7,7.other,HRS,r4penic1,r4penic1:w4 pen #1 continue after death
,.d=dk,HRS,r4penic1,r4penic1:w4 pen #1 continue after death
,".j=web interview, missing",HRS,r4penic1,r4penic1:w4 pen #1 continue after death
,.m=oth missing,HRS,r4penic1,r4penic1:w4 pen #1 continue after death
,.q=not asked this wv,HRS,r4penic1,r4penic1:w4 pen #1 continue after death
,.r=rf,HRS,r4penic1,r4penic1:w4 pen #1 continue after death
,.u=unmarried,HRS,r4penic1,r4penic1:w4 pen #1 continue after death
,.v=spouse nr,HRS,r4penic1,r4penic1:w4 pen #1 continue after death
,.z=no pension income,HRS,r4penic1,r4penic1:w4 pen #1 continue after death
1,1.stop,HRS,r5penic1,r5penic1:w5 pen #1 continue after death
2,2.continue unchanged,HRS,r5penic1,r5penic1:w5 pen #1 continue after death
3,3.continue at reduced level,HRS,r5penic1,r5penic1:w5 pen #1 continue after death
4,4.lump sum paid to beneficiary,HRS,r5penic1,r5penic1:w5 pen #1 continue after death
7,7.other,HRS,r5penic1,r5penic1:w5 pen #1 continue after death
,.d=dk,HRS,r5penic1,r5penic1:w5 pen #1 continue after death
,".j=web interview, missing",HRS,r5penic1,r5penic1:w5 pen #1 continue after death
,.m=oth missing,HRS,r5penic1,r5penic1:w5 pen #1 continue after death
,.q=not asked this wv,HRS,r5penic1,r5penic1:w5 pen #1 continue after death
,.r=rf,HRS,r5penic1,r5penic1:w5 pen #1 continue after death
,.u=unmarried,HRS,r5penic1,r5penic1:w5 pen #1 continue after death
,.v=spouse nr,HRS,r5penic1,r5penic1:w5 pen #1 continue after death
,.z=no pension income,HRS,r5penic1,r5penic1:w5 pen #1 continue after death
1,1.stop,HRS,r6penic1,r6penic1:w6 pen #1 continue after death
2,2.continue unchanged,HRS,r6penic1,r6penic1:w6 pen #1 continue after death
3,3.continue at reduced level,HRS,r6penic1,r6penic1:w6 pen #1 continue after death
4,4.lump sum paid to beneficiary,HRS,r6penic1,r6penic1:w6 pen #1 continue after death
7,7.other,HRS,r6penic1,r6penic1:w6 pen #1 continue after death
,.d=dk,HRS,r6penic1,r6penic1:w6 pen #1 continue after death
,".j=web interview, missing",HRS,r6penic1,r6penic1:w6 pen #1 continue after death
,.m=oth missing,HRS,r6penic1,r6penic1:w6 pen #1 continue after death
,.q=not asked this wv,HRS,r6penic1,r6penic1:w6 pen #1 continue after death
,.r=rf,HRS,r6penic1,r6penic1:w6 pen #1 continue after death
,.u=unmarried,HRS,r6penic1,r6penic1:w6 pen #1 continue after death
,.v=spouse nr,HRS,r6penic1,r6penic1:w6 pen #1 continue after death
,.z=no pension income,HRS,r6penic1,r6penic1:w6 pen #1 continue after death
1,1.stop,HRS,r7penic1,r7penic1:w7 pen #1 continue after death
2,2.continue unchanged,HRS,r7penic1,r7penic1:w7 pen #1 continue after death
3,3.continue at reduced level,HRS,r7penic1,r7penic1:w7 pen #1 continue after death
4,4.lump sum paid to beneficiary,HRS,r7penic1,r7penic1:w7 pen #1 continue after death
7,7.other,HRS,r7penic1,r7penic1:w7 pen #1 continue after death
,.d=dk,HRS,r7penic1,r7penic1:w7 pen #1 continue after death
,".j=web interview, missing",HRS,r7penic1,r7penic1:w7 pen #1 continue after death
,.m=oth missing,HRS,r7penic1,r7penic1:w7 pen #1 continue after death
,.q=not asked this wv,HRS,r7penic1,r7penic1:w7 pen #1 continue after death
,.r=rf,HRS,r7penic1,r7penic1:w7 pen #1 continue after death
,.u=unmarried,HRS,r7penic1,r7penic1:w7 pen #1 continue after death
,.v=spouse nr,HRS,r7penic1,r7penic1:w7 pen #1 continue after death
,.z=no pension income,HRS,r7penic1,r7penic1:w7 pen #1 continue after death
1,1.stop,HRS,r8penic1,r8penic1:w8 pen #1 continue after death
2,2.continue unchanged,HRS,r8penic1,r8penic1:w8 pen #1 continue after death
3,3.continue at reduced level,HRS,r8penic1,r8penic1:w8 pen #1 continue after death
4,4.lump sum paid to beneficiary,HRS,r8penic1,r8penic1:w8 pen #1 continue after death
7,7.other,HRS,r8penic1,r8penic1:w8 pen #1 continue after death
,.d=dk,HRS,r8penic1,r8penic1:w8 pen #1 continue after death
,".j=web interview, missing",HRS,r8penic1,r8penic1:w8 pen #1 continue after death
,.m=oth missing,HRS,r8penic1,r8penic1:w8 pen #1 continue after death
,.q=not asked this wv,HRS,r8penic1,r8penic1:w8 pen #1 continue after death
,.r=rf,HRS,r8penic1,r8penic1:w8 pen #1 continue after death
,.u=unmarried,HRS,r8penic1,r8penic1:w8 pen #1 continue after death
,.v=spouse nr,HRS,r8penic1,r8penic1:w8 pen #1 continue after death
,.z=no pension income,HRS,r8penic1,r8penic1:w8 pen #1 continue after death
1,1.stop,HRS,r9penic1,r9penic1:w9 pen #1 continue after death
2,2.continue unchanged,HRS,r9penic1,r9penic1:w9 pen #1 continue after death
3,3.continue at reduced level,HRS,r9penic1,r9penic1:w9 pen #1 continue after death
4,4.lump sum paid to beneficiary,HRS,r9penic1,r9penic1:w9 pen #1 continue after death
7,7.other,HRS,r9penic1,r9penic1:w9 pen #1 continue after death
,.d=dk,HRS,r9penic1,r9penic1:w9 pen #1 continue after death
,".j=web interview, missing",HRS,r9penic1,r9penic1:w9 pen #1 continue after death
,.m=oth missing,HRS,r9penic1,r9penic1:w9 pen #1 continue after death
,.q=not asked this wv,HRS,r9penic1,r9penic1:w9 pen #1 continue after death
,.r=rf,HRS,r9penic1,r9penic1:w9 pen #1 continue after death
,.u=unmarried,HRS,r9penic1,r9penic1:w9 pen #1 continue after death
,.v=spouse nr,HRS,r9penic1,r9penic1:w9 pen #1 continue after death
,.z=no pension income,HRS,r9penic1,r9penic1:w9 pen #1 continue after death
1,1.stop,HRS,r10penic1,r10penic1:w10 pen #1 continue after death
2,2.continue unchanged,HRS,r10penic1,r10penic1:w10 pen #1 continue after death
3,3.continue at reduced level,HRS,r10penic1,r10penic1:w10 pen #1 continue after death
4,4.lump sum paid to beneficiary,HRS,r10penic1,r10penic1:w10 pen #1 continue after death
7,7.other,HRS,r10penic1,r10penic1:w10 pen #1 continue after death
,.d=dk,HRS,r10penic1,r10penic1:w10 pen #1 continue after death
,".j=web interview, missing",HRS,r10penic1,r10penic1:w10 pen #1 continue after death
,.m=oth missing,HRS,r10penic1,r10penic1:w10 pen #1 continue after death
,.q=not asked this wv,HRS,r10penic1,r10penic1:w10 pen #1 continue after death
,.r=rf,HRS,r10penic1,r10penic1:w10 pen #1 continue after death
,.u=unmarried,HRS,r10penic1,r10penic1:w10 pen #1 continue after death
,.v=spouse nr,HRS,r10penic1,r10penic1:w10 pen #1 continue after death
,.z=no pension income,HRS,r10penic1,r10penic1:w10 pen #1 continue after death
1,1.stop,HRS,r11penic1,r11penic1:w11 pen #1 continue after death
2,2.continue unchanged,HRS,r11penic1,r11penic1:w11 pen #1 continue after death
3,3.continue at reduced level,HRS,r11penic1,r11penic1:w11 pen #1 continue after death
4,4.lump sum paid to beneficiary,HRS,r11penic1,r11penic1:w11 pen #1 continue after death
7,7.other,HRS,r11penic1,r11penic1:w11 pen #1 continue after death
,.d=dk,HRS,r11penic1,r11penic1:w11 pen #1 continue after death
,".j=web interview, missing",HRS,r11penic1,r11penic1:w11 pen #1 continue after death
,.m=oth missing,HRS,r11penic1,r11penic1:w11 pen #1 continue after death
,.q=not asked this wv,HRS,r11penic1,r11penic1:w11 pen #1 continue after death
,.r=rf,HRS,r11penic1,r11penic1:w11 pen #1 continue after death
,.u=unmarried,HRS,r11penic1,r11penic1:w11 pen #1 continue after death
,.v=spouse nr,HRS,r11penic1,r11penic1:w11 pen #1 continue after death
,.z=no pension income,HRS,r11penic1,r11penic1:w11 pen #1 continue after death
1,1.stop,HRS,r12penic1,r12penic1:w12 pen #1 continue after death
2,2.continue unchanged,HRS,r12penic1,r12penic1:w12 pen #1 continue after death
3,3.continue at reduced level,HRS,r12penic1,r12penic1:w12 pen #1 continue after death
4,4.lump sum paid to beneficiary,HRS,r12penic1,r12penic1:w12 pen #1 continue after death
7,7.other,HRS,r12penic1,r12penic1:w12 pen #1 continue after death
,.d=dk,HRS,r12penic1,r12penic1:w12 pen #1 continue after death
,".j=web interview, missing",HRS,r12penic1,r12penic1:w12 pen #1 continue after death
,.m=oth missing,HRS,r12penic1,r12penic1:w12 pen #1 continue after death
,.q=not asked this wv,HRS,r12penic1,r12penic1:w12 pen #1 continue after death
,.r=rf,HRS,r12penic1,r12penic1:w12 pen #1 continue after death
,.u=unmarried,HRS,r12penic1,r12penic1:w12 pen #1 continue after death
,.v=spouse nr,HRS,r12penic1,r12penic1:w12 pen #1 continue after death
,.z=no pension income,HRS,r12penic1,r12penic1:w12 pen #1 continue after death
1,1.stop,HRS,r13penic1,r13penic1:w13 pen #1 continue after death
2,2.continue unchanged,HRS,r13penic1,r13penic1:w13 pen #1 continue after death
3,3.continue at reduced level,HRS,r13penic1,r13penic1:w13 pen #1 continue after death
4,4.lump sum paid to beneficiary,HRS,r13penic1,r13penic1:w13 pen #1 continue after death
7,7.other,HRS,r13penic1,r13penic1:w13 pen #1 continue after death
,.d=dk,HRS,r13penic1,r13penic1:w13 pen #1 continue after death
,".j=web interview, missing",HRS,r13penic1,r13penic1:w13 pen #1 continue after death
,.m=oth missing,HRS,r13penic1,r13penic1:w13 pen #1 continue after death
,.q=not asked this wv,HRS,r13penic1,r13penic1:w13 pen #1 continue after death
,.r=rf,HRS,r13penic1,r13penic1:w13 pen #1 continue after death
,.u=unmarried,HRS,r13penic1,r13penic1:w13 pen #1 continue after death
,.v=spouse nr,HRS,r13penic1,r13penic1:w13 pen #1 continue after death
,.z=no pension income,HRS,r13penic1,r13penic1:w13 pen #1 continue after death
1,1.stop,HRS,r14penic1,r14penic1:w14 pen #1 continue after death
2,2.continue unchanged,HRS,r14penic1,r14penic1:w14 pen #1 continue after death
3,3.continue at reduced level,HRS,r14penic1,r14penic1:w14 pen #1 continue after death
4,4.lump sum paid to beneficiary,HRS,r14penic1,r14penic1:w14 pen #1 continue after death
7,7.other,HRS,r14penic1,r14penic1:w14 pen #1 continue after death
,.d=dk,HRS,r14penic1,r14penic1:w14 pen #1 continue after death
,".j=web interview, missing",HRS,r14penic1,r14penic1:w14 pen #1 continue after death
,.m=oth missing,HRS,r14penic1,r14penic1:w14 pen #1 continue after death
,.q=not asked this wv,HRS,r14penic1,r14penic1:w14 pen #1 continue after death
,.r=rf,HRS,r14penic1,r14penic1:w14 pen #1 continue after death
,.u=unmarried,HRS,r14penic1,r14penic1:w14 pen #1 continue after death
,.v=spouse nr,HRS,r14penic1,r14penic1:w14 pen #1 continue after death
,.z=no pension income,HRS,r14penic1,r14penic1:w14 pen #1 continue after death
1,1.stop,HRS,r15penic1,r15penic1:w15 pen #1 continue after death
2,2.continue unchanged,HRS,r15penic1,r15penic1:w15 pen #1 continue after death
3,3.continue at reduced level,HRS,r15penic1,r15penic1:w15 pen #1 continue after death
4,4.lump sum paid to beneficiary,HRS,r15penic1,r15penic1:w15 pen #1 continue after death
7,7.other,HRS,r15penic1,r15penic1:w15 pen #1 continue after death
,.d=dk,HRS,r15penic1,r15penic1:w15 pen #1 continue after death
,".j=web interview, missing",HRS,r15penic1,r15penic1:w15 pen #1 continue after death
,.m=oth missing,HRS,r15penic1,r15penic1:w15 pen #1 continue after death
,.q=not asked this wv,HRS,r15penic1,r15penic1:w15 pen #1 continue after death
,.r=rf,HRS,r15penic1,r15penic1:w15 pen #1 continue after death
,.u=unmarried,HRS,r15penic1,r15penic1:w15 pen #1 continue after death
,.v=spouse nr,HRS,r15penic1,r15penic1:w15 pen #1 continue after death
,.z=no pension income,HRS,r15penic1,r15penic1:w15 pen #1 continue after death
1,1.stop,HRS,r16penic1,r16penic1:w16 pen #1 continue after death
2,2.continue unchanged,HRS,r16penic1,r16penic1:w16 pen #1 continue after death
3,3.continue at reduced level,HRS,r16penic1,r16penic1:w16 pen #1 continue after death
4,4.lump sum paid to beneficiary,HRS,r16penic1,r16penic1:w16 pen #1 continue after death
7,7.other,HRS,r16penic1,r16penic1:w16 pen #1 continue after death
,.d=dk,HRS,r16penic1,r16penic1:w16 pen #1 continue after death
,".j=web interview, missing",HRS,r16penic1,r16penic1:w16 pen #1 continue after death
,.m=oth missing,HRS,r16penic1,r16penic1:w16 pen #1 continue after death
,.q=not asked this wv,HRS,r16penic1,r16penic1:w16 pen #1 continue after death
,.r=rf,HRS,r16penic1,r16penic1:w16 pen #1 continue after death
,.u=unmarried,HRS,r16penic1,r16penic1:w16 pen #1 continue after death
,.v=spouse nr,HRS,r16penic1,r16penic1:w16 pen #1 continue after death
,.z=no pension income,HRS,r16penic1,r16penic1:w16 pen #1 continue after death
1,1.stop,HRS,r2penic2,r2penic2:w2 pen #2 continue after death
2,2.continue unchanged,HRS,r2penic2,r2penic2:w2 pen #2 continue after death
3,3.continue at reduced level,HRS,r2penic2,r2penic2:w2 pen #2 continue after death
4,4.lump sum paid to beneficiary,HRS,r2penic2,r2penic2:w2 pen #2 continue after death
7,7.other,HRS,r2penic2,r2penic2:w2 pen #2 continue after death
,.d=dk,HRS,r2penic2,r2penic2:w2 pen #2 continue after death
,".j=web interview, missing",HRS,r2penic2,r2penic2:w2 pen #2 continue after death
,.m=oth missing,HRS,r2penic2,r2penic2:w2 pen #2 continue after death
,.q=not asked this wv,HRS,r2penic2,r2penic2:w2 pen #2 continue after death
,.r=rf,HRS,r2penic2,r2penic2:w2 pen #2 continue after death
,.u=unmarried,HRS,r2penic2,r2penic2:w2 pen #2 continue after death
,.v=spouse nr,HRS,r2penic2,r2penic2:w2 pen #2 continue after death
,.z=no pension income,HRS,r2penic2,r2penic2:w2 pen #2 continue after death
1,1.stop,HRS,r3penic2,r3penic2:w3 pen #2 continue after death
2,2.continue unchanged,HRS,r3penic2,r3penic2:w3 pen #2 continue after death
3,3.continue at reduced level,HRS,r3penic2,r3penic2:w3 pen #2 continue after death
4,4.lump sum paid to beneficiary,HRS,r3penic2,r3penic2:w3 pen #2 continue after death
7,7.other,HRS,r3penic2,r3penic2:w3 pen #2 continue after death
,.d=dk,HRS,r3penic2,r3penic2:w3 pen #2 continue after death
,".j=web interview, missing",HRS,r3penic2,r3penic2:w3 pen #2 continue after death
,.m=oth missing,HRS,r3penic2,r3penic2:w3 pen #2 continue after death
,.q=not asked this wv,HRS,r3penic2,r3penic2:w3 pen #2 continue after death
,.r=rf,HRS,r3penic2,r3penic2:w3 pen #2 continue after death
,.u=unmarried,HRS,r3penic2,r3penic2:w3 pen #2 continue after death
,.v=spouse nr,HRS,r3penic2,r3penic2:w3 pen #2 continue after death
,.z=no pension income,HRS,r3penic2,r3penic2:w3 pen #2 continue after death
1,1.stop,HRS,r4penic2,r4penic2:w4 pen #2 continue after death
2,2.continue unchanged,HRS,r4penic2,r4penic2:w4 pen #2 continue after death
3,3.continue at reduced level,HRS,r4penic2,r4penic2:w4 pen #2 continue after death
4,4.lump sum paid to beneficiary,HRS,r4penic2,r4penic2:w4 pen #2 continue after death
7,7.other,HRS,r4penic2,r4penic2:w4 pen #2 continue after death
,.d=dk,HRS,r4penic2,r4penic2:w4 pen #2 continue after death
,".j=web interview, missing",HRS,r4penic2,r4penic2:w4 pen #2 continue after death
,.m=oth missing,HRS,r4penic2,r4penic2:w4 pen #2 continue after death
,.q=not asked this wv,HRS,r4penic2,r4penic2:w4 pen #2 continue after death
,.r=rf,HRS,r4penic2,r4penic2:w4 pen #2 continue after death
,.u=unmarried,HRS,r4penic2,r4penic2:w4 pen #2 continue after death
,.v=spouse nr,HRS,r4penic2,r4penic2:w4 pen #2 continue after death
,.z=no pension income,HRS,r4penic2,r4penic2:w4 pen #2 continue after death
1,1.stop,HRS,r5penic2,r5penic2:w5 pen #2 continue after death
2,2.continue unchanged,HRS,r5penic2,r5penic2:w5 pen #2 continue after death
3,3.continue at reduced level,HRS,r5penic2,r5penic2:w5 pen #2 continue after death
4,4.lump sum paid to beneficiary,HRS,r5penic2,r5penic2:w5 pen #2 continue after death
7,7.other,HRS,r5penic2,r5penic2:w5 pen #2 continue after death
,.d=dk,HRS,r5penic2,r5penic2:w5 pen #2 continue after death
,".j=web interview, missing",HRS,r5penic2,r5penic2:w5 pen #2 continue after death
,.m=oth missing,HRS,r5penic2,r5penic2:w5 pen #2 continue after death
,.q=not asked this wv,HRS,r5penic2,r5penic2:w5 pen #2 continue after death
,.r=rf,HRS,r5penic2,r5penic2:w5 pen #2 continue after death
,.u=unmarried,HRS,r5penic2,r5penic2:w5 pen #2 continue after death
,.v=spouse nr,HRS,r5penic2,r5penic2:w5 pen #2 continue after death
,.z=no pension income,HRS,r5penic2,r5penic2:w5 pen #2 continue after death
1,1.stop,HRS,r6penic2,r6penic2:w6 pen #2 continue after death
2,2.continue unchanged,HRS,r6penic2,r6penic2:w6 pen #2 continue after death
3,3.continue at reduced level,HRS,r6penic2,r6penic2:w6 pen #2 continue after death
4,4.lump sum paid to beneficiary,HRS,r6penic2,r6penic2:w6 pen #2 continue after death
7,7.other,HRS,r6penic2,r6penic2:w6 pen #2 continue after death
,.d=dk,HRS,r6penic2,r6penic2:w6 pen #2 continue after death
,".j=web interview, missing",HRS,r6penic2,r6penic2:w6 pen #2 continue after death
,.m=oth missing,HRS,r6penic2,r6penic2:w6 pen #2 continue after death
,.q=not asked this wv,HRS,r6penic2,r6penic2:w6 pen #2 continue after death
,.r=rf,HRS,r6penic2,r6penic2:w6 pen #2 continue after death
,.u=unmarried,HRS,r6penic2,r6penic2:w6 pen #2 continue after death
,.v=spouse nr,HRS,r6penic2,r6penic2:w6 pen #2 continue after death
,.z=no pension income,HRS,r6penic2,r6penic2:w6 pen #2 continue after death
1,1.stop,HRS,r7penic2,r7penic2:w7 pen #2 continue after death
2,2.continue unchanged,HRS,r7penic2,r7penic2:w7 pen #2 continue after death
3,3.continue at reduced level,HRS,r7penic2,r7penic2:w7 pen #2 continue after death
4,4.lump sum paid to beneficiary,HRS,r7penic2,r7penic2:w7 pen #2 continue after death
7,7.other,HRS,r7penic2,r7penic2:w7 pen #2 continue after death
,.d=dk,HRS,r7penic2,r7penic2:w7 pen #2 continue after death
,".j=web interview, missing",HRS,r7penic2,r7penic2:w7 pen #2 continue after death
,.m=oth missing,HRS,r7penic2,r7penic2:w7 pen #2 continue after death
,.q=not asked this wv,HRS,r7penic2,r7penic2:w7 pen #2 continue after death
,.r=rf,HRS,r7penic2,r7penic2:w7 pen #2 continue after death
,.u=unmarried,HRS,r7penic2,r7penic2:w7 pen #2 continue after death
,.v=spouse nr,HRS,r7penic2,r7penic2:w7 pen #2 continue after death
,.z=no pension income,HRS,r7penic2,r7penic2:w7 pen #2 continue after death
1,1.stop,HRS,r8penic2,r8penic2:w8 pen #2 continue after death
2,2.continue unchanged,HRS,r8penic2,r8penic2:w8 pen #2 continue after death
3,3.continue at reduced level,HRS,r8penic2,r8penic2:w8 pen #2 continue after death
4,4.lump sum paid to beneficiary,HRS,r8penic2,r8penic2:w8 pen #2 continue after death
7,7.other,HRS,r8penic2,r8penic2:w8 pen #2 continue after death
,.d=dk,HRS,r8penic2,r8penic2:w8 pen #2 continue after death
,".j=web interview, missing",HRS,r8penic2,r8penic2:w8 pen #2 continue after death
,.m=oth missing,HRS,r8penic2,r8penic2:w8 pen #2 continue after death
,.q=not asked this wv,HRS,r8penic2,r8penic2:w8 pen #2 continue after death
,.r=rf,HRS,r8penic2,r8penic2:w8 pen #2 continue after death
,.u=unmarried,HRS,r8penic2,r8penic2:w8 pen #2 continue after death
,.v=spouse nr,HRS,r8penic2,r8penic2:w8 pen #2 continue after death
,.z=no pension income,HRS,r8penic2,r8penic2:w8 pen #2 continue after death
1,1.stop,HRS,r9penic2,r9penic2:w9 pen #2 continue after death
2,2.continue unchanged,HRS,r9penic2,r9penic2:w9 pen #2 continue after death
3,3.continue at reduced level,HRS,r9penic2,r9penic2:w9 pen #2 continue after death
4,4.lump sum paid to beneficiary,HRS,r9penic2,r9penic2:w9 pen #2 continue after death
7,7.other,HRS,r9penic2,r9penic2:w9 pen #2 continue after death
,.d=dk,HRS,r9penic2,r9penic2:w9 pen #2 continue after death
,".j=web interview, missing",HRS,r9penic2,r9penic2:w9 pen #2 continue after death
,.m=oth missing,HRS,r9penic2,r9penic2:w9 pen #2 continue after death
,.q=not asked this wv,HRS,r9penic2,r9penic2:w9 pen #2 continue after death
,.r=rf,HRS,r9penic2,r9penic2:w9 pen #2 continue after death
,.u=unmarried,HRS,r9penic2,r9penic2:w9 pen #2 continue after death
,.v=spouse nr,HRS,r9penic2,r9penic2:w9 pen #2 continue after death
,.z=no pension income,HRS,r9penic2,r9penic2:w9 pen #2 continue after death
1,1.stop,HRS,r10penic2,r10penic2:w10 pen #2 continue after death
2,2.continue unchanged,HRS,r10penic2,r10penic2:w10 pen #2 continue after death
3,3.continue at reduced level,HRS,r10penic2,r10penic2:w10 pen #2 continue after death
4,4.lump sum paid to beneficiary,HRS,r10penic2,r10penic2:w10 pen #2 continue after death
7,7.other,HRS,r10penic2,r10penic2:w10 pen #2 continue after death
,.d=dk,HRS,r10penic2,r10penic2:w10 pen #2 continue after death
,".j=web interview, missing",HRS,r10penic2,r10penic2:w10 pen #2 continue after death
,.m=oth missing,HRS,r10penic2,r10penic2:w10 pen #2 continue after death
,.q=not asked this wv,HRS,r10penic2,r10penic2:w10 pen #2 continue after death
,.r=rf,HRS,r10penic2,r10penic2:w10 pen #2 continue after death
,.u=unmarried,HRS,r10penic2,r10penic2:w10 pen #2 continue after death
,.v=spouse nr,HRS,r10penic2,r10penic2:w10 pen #2 continue after death
,.z=no pension income,HRS,r10penic2,r10penic2:w10 pen #2 continue after death
1,1.stop,HRS,r11penic2,r11penic2:w11 pen #2 continue after death
2,2.continue unchanged,HRS,r11penic2,r11penic2:w11 pen #2 continue after death
3,3.continue at reduced level,HRS,r11penic2,r11penic2:w11 pen #2 continue after death
4,4.lump sum paid to beneficiary,HRS,r11penic2,r11penic2:w11 pen #2 continue after death
7,7.other,HRS,r11penic2,r11penic2:w11 pen #2 continue after death
,.d=dk,HRS,r11penic2,r11penic2:w11 pen #2 continue after death
,".j=web interview, missing",HRS,r11penic2,r11penic2:w11 pen #2 continue after death
,.m=oth missing,HRS,r11penic2,r11penic2:w11 pen #2 continue after death
,.q=not asked this wv,HRS,r11penic2,r11penic2:w11 pen #2 continue after death
,.r=rf,HRS,r11penic2,r11penic2:w11 pen #2 continue after death
,.u=unmarried,HRS,r11penic2,r11penic2:w11 pen #2 continue after death
,.v=spouse nr,HRS,r11penic2,r11penic2:w11 pen #2 continue after death
,.z=no pension income,HRS,r11penic2,r11penic2:w11 pen #2 continue after death
1,1.stop,HRS,r12penic2,r12penic2:w12 pen #2 continue after death
2,2.continue unchanged,HRS,r12penic2,r12penic2:w12 pen #2 continue after death
3,3.continue at reduced level,HRS,r12penic2,r12penic2:w12 pen #2 continue after death
4,4.lump sum paid to beneficiary,HRS,r12penic2,r12penic2:w12 pen #2 continue after death
7,7.other,HRS,r12penic2,r12penic2:w12 pen #2 continue after death
,.d=dk,HRS,r12penic2,r12penic2:w12 pen #2 continue after death
,".j=web interview, missing",HRS,r12penic2,r12penic2:w12 pen #2 continue after death
,.m=oth missing,HRS,r12penic2,r12penic2:w12 pen #2 continue after death
,.q=not asked this wv,HRS,r12penic2,r12penic2:w12 pen #2 continue after death
,.r=rf,HRS,r12penic2,r12penic2:w12 pen #2 continue after death
,.u=unmarried,HRS,r12penic2,r12penic2:w12 pen #2 continue after death
,.v=spouse nr,HRS,r12penic2,r12penic2:w12 pen #2 continue after death
,.z=no pension income,HRS,r12penic2,r12penic2:w12 pen #2 continue after death
1,1.stop,HRS,r13penic2,r13penic2:w13 pen #2 continue after death
2,2.continue unchanged,HRS,r13penic2,r13penic2:w13 pen #2 continue after death
3,3.continue at reduced level,HRS,r13penic2,r13penic2:w13 pen #2 continue after death
4,4.lump sum paid to beneficiary,HRS,r13penic2,r13penic2:w13 pen #2 continue after death
7,7.other,HRS,r13penic2,r13penic2:w13 pen #2 continue after death
,.d=dk,HRS,r13penic2,r13penic2:w13 pen #2 continue after death
,".j=web interview, missing",HRS,r13penic2,r13penic2:w13 pen #2 continue after death
,.m=oth missing,HRS,r13penic2,r13penic2:w13 pen #2 continue after death
,.q=not asked this wv,HRS,r13penic2,r13penic2:w13 pen #2 continue after death
,.r=rf,HRS,r13penic2,r13penic2:w13 pen #2 continue after death
,.u=unmarried,HRS,r13penic2,r13penic2:w13 pen #2 continue after death
,.v=spouse nr,HRS,r13penic2,r13penic2:w13 pen #2 continue after death
,.z=no pension income,HRS,r13penic2,r13penic2:w13 pen #2 continue after death
1,1.stop,HRS,r14penic2,r14penic2:w14 pen #2 continue after death
2,2.continue unchanged,HRS,r14penic2,r14penic2:w14 pen #2 continue after death
3,3.continue at reduced level,HRS,r14penic2,r14penic2:w14 pen #2 continue after death
4,4.lump sum paid to beneficiary,HRS,r14penic2,r14penic2:w14 pen #2 continue after death
7,7.other,HRS,r14penic2,r14penic2:w14 pen #2 continue after death
,.d=dk,HRS,r14penic2,r14penic2:w14 pen #2 continue after death
,".j=web interview, missing",HRS,r14penic2,r14penic2:w14 pen #2 continue after death
,.m=oth missing,HRS,r14penic2,r14penic2:w14 pen #2 continue after death
,.q=not asked this wv,HRS,r14penic2,r14penic2:w14 pen #2 continue after death
,.r=rf,HRS,r14penic2,r14penic2:w14 pen #2 continue after death
,.u=unmarried,HRS,r14penic2,r14penic2:w14 pen #2 continue after death
,.v=spouse nr,HRS,r14penic2,r14penic2:w14 pen #2 continue after death
,.z=no pension income,HRS,r14penic2,r14penic2:w14 pen #2 continue after death
1,1.stop,HRS,r15penic2,r15penic2:w15 pen #2 continue after death
2,2.continue unchanged,HRS,r15penic2,r15penic2:w15 pen #2 continue after death
3,3.continue at reduced level,HRS,r15penic2,r15penic2:w15 pen #2 continue after death
4,4.lump sum paid to beneficiary,HRS,r15penic2,r15penic2:w15 pen #2 continue after death
7,7.other,HRS,r15penic2,r15penic2:w15 pen #2 continue after death
,.d=dk,HRS,r15penic2,r15penic2:w15 pen #2 continue after death
,".j=web interview, missing",HRS,r15penic2,r15penic2:w15 pen #2 continue after death
,.m=oth missing,HRS,r15penic2,r15penic2:w15 pen #2 continue after death
,.q=not asked this wv,HRS,r15penic2,r15penic2:w15 pen #2 continue after death
,.r=rf,HRS,r15penic2,r15penic2:w15 pen #2 continue after death
,.u=unmarried,HRS,r15penic2,r15penic2:w15 pen #2 continue after death
,.v=spouse nr,HRS,r15penic2,r15penic2:w15 pen #2 continue after death
,.z=no pension income,HRS,r15penic2,r15penic2:w15 pen #2 continue after death
1,1.stop,HRS,r16penic2,r16penic2:w16 pen #2 continue after death
2,2.continue unchanged,HRS,r16penic2,r16penic2:w16 pen #2 continue after death
3,3.continue at reduced level,HRS,r16penic2,r16penic2:w16 pen #2 continue after death
4,4.lump sum paid to beneficiary,HRS,r16penic2,r16penic2:w16 pen #2 continue after death
7,7.other,HRS,r16penic2,r16penic2:w16 pen #2 continue after death
,.d=dk,HRS,r16penic2,r16penic2:w16 pen #2 continue after death
,".j=web interview, missing",HRS,r16penic2,r16penic2:w16 pen #2 continue after death
,.m=oth missing,HRS,r16penic2,r16penic2:w16 pen #2 continue after death
,.q=not asked this wv,HRS,r16penic2,r16penic2:w16 pen #2 continue after death
,.r=rf,HRS,r16penic2,r16penic2:w16 pen #2 continue after death
,.u=unmarried,HRS,r16penic2,r16penic2:w16 pen #2 continue after death
,.v=spouse nr,HRS,r16penic2,r16penic2:w16 pen #2 continue after death
,.z=no pension income,HRS,r16penic2,r16penic2:w16 pen #2 continue after death
1,1.stop,HRS,s2penic1,s2penic1:w2 pen #1 continue after death
2,2.continue unchanged,HRS,s2penic1,s2penic1:w2 pen #1 continue after death
3,3.continue at reduced level,HRS,s2penic1,s2penic1:w2 pen #1 continue after death
4,4.lump sum paid to beneficiary,HRS,s2penic1,s2penic1:w2 pen #1 continue after death
7,7.other,HRS,s2penic1,s2penic1:w2 pen #1 continue after death
,.d=dk,HRS,s2penic1,s2penic1:w2 pen #1 continue after death
,".j=web interview, missing",HRS,s2penic1,s2penic1:w2 pen #1 continue after death
,.m=oth missing,HRS,s2penic1,s2penic1:w2 pen #1 continue after death
,.q=not asked this wv,HRS,s2penic1,s2penic1:w2 pen #1 continue after death
,.r=rf,HRS,s2penic1,s2penic1:w2 pen #1 continue after death
,.u=unmarried,HRS,s2penic1,s2penic1:w2 pen #1 continue after death
,.v=spouse nr,HRS,s2penic1,s2penic1:w2 pen #1 continue after death
,.z=no pension income,HRS,s2penic1,s2penic1:w2 pen #1 continue after death
1,1.stop,HRS,s3penic1,s3penic1:w3 pen #1 continue after death
2,2.continue unchanged,HRS,s3penic1,s3penic1:w3 pen #1 continue after death
3,3.continue at reduced level,HRS,s3penic1,s3penic1:w3 pen #1 continue after death
4,4.lump sum paid to beneficiary,HRS,s3penic1,s3penic1:w3 pen #1 continue after death
7,7.other,HRS,s3penic1,s3penic1:w3 pen #1 continue after death
,.d=dk,HRS,s3penic1,s3penic1:w3 pen #1 continue after death
,".j=web interview, missing",HRS,s3penic1,s3penic1:w3 pen #1 continue after death
,.m=oth missing,HRS,s3penic1,s3penic1:w3 pen #1 continue after death
,.q=not asked this wv,HRS,s3penic1,s3penic1:w3 pen #1 continue after death
,.r=rf,HRS,s3penic1,s3penic1:w3 pen #1 continue after death
,.u=unmarried,HRS,s3penic1,s3penic1:w3 pen #1 continue after death
,.v=spouse nr,HRS,s3penic1,s3penic1:w3 pen #1 continue after death
,.z=no pension income,HRS,s3penic1,s3penic1:w3 pen #1 continue after death
1,1.stop,HRS,s4penic1,s4penic1:w4 pen #1 continue after death
2,2.continue unchanged,HRS,s4penic1,s4penic1:w4 pen #1 continue after death
3,3.continue at reduced level,HRS,s4penic1,s4penic1:w4 pen #1 continue after death
4,4.lump sum paid to beneficiary,HRS,s4penic1,s4penic1:w4 pen #1 continue after death
7,7.other,HRS,s4penic1,s4penic1:w4 pen #1 continue after death
,.d=dk,HRS,s4penic1,s4penic1:w4 pen #1 continue after death
,".j=web interview, missing",HRS,s4penic1,s4penic1:w4 pen #1 continue after death
,.m=oth missing,HRS,s4penic1,s4penic1:w4 pen #1 continue after death
,.q=not asked this wv,HRS,s4penic1,s4penic1:w4 pen #1 continue after death
,.r=rf,HRS,s4penic1,s4penic1:w4 pen #1 continue after death
,.u=unmarried,HRS,s4penic1,s4penic1:w4 pen #1 continue after death
,.v=spouse nr,HRS,s4penic1,s4penic1:w4 pen #1 continue after death
,.z=no pension income,HRS,s4penic1,s4penic1:w4 pen #1 continue after death
1,1.stop,HRS,s5penic1,s5penic1:w5 pen #1 continue after death
2,2.continue unchanged,HRS,s5penic1,s5penic1:w5 pen #1 continue after death
3,3.continue at reduced level,HRS,s5penic1,s5penic1:w5 pen #1 continue after death
4,4.lump sum paid to beneficiary,HRS,s5penic1,s5penic1:w5 pen #1 continue after death
7,7.other,HRS,s5penic1,s5penic1:w5 pen #1 continue after death
,.d=dk,HRS,s5penic1,s5penic1:w5 pen #1 continue after death
,".j=web interview, missing",HRS,s5penic1,s5penic1:w5 pen #1 continue after death
,.m=oth missing,HRS,s5penic1,s5penic1:w5 pen #1 continue after death
,.q=not asked this wv,HRS,s5penic1,s5penic1:w5 pen #1 continue after death
,.r=rf,HRS,s5penic1,s5penic1:w5 pen #1 continue after death
,.u=unmarried,HRS,s5penic1,s5penic1:w5 pen #1 continue after death
,.v=spouse nr,HRS,s5penic1,s5penic1:w5 pen #1 continue after death
,.z=no pension income,HRS,s5penic1,s5penic1:w5 pen #1 continue after death
1,1.stop,HRS,s6penic1,s6penic1:w6 pen #1 continue after death
2,2.continue unchanged,HRS,s6penic1,s6penic1:w6 pen #1 continue after death
3,3.continue at reduced level,HRS,s6penic1,s6penic1:w6 pen #1 continue after death
4,4.lump sum paid to beneficiary,HRS,s6penic1,s6penic1:w6 pen #1 continue after death
7,7.other,HRS,s6penic1,s6penic1:w6 pen #1 continue after death
,.d=dk,HRS,s6penic1,s6penic1:w6 pen #1 continue after death
,".j=web interview, missing",HRS,s6penic1,s6penic1:w6 pen #1 continue after death
,.m=oth missing,HRS,s6penic1,s6penic1:w6 pen #1 continue after death
,.q=not asked this wv,HRS,s6penic1,s6penic1:w6 pen #1 continue after death
,.r=rf,HRS,s6penic1,s6penic1:w6 pen #1 continue after death
,.u=unmarried,HRS,s6penic1,s6penic1:w6 pen #1 continue after death
,.v=spouse nr,HRS,s6penic1,s6penic1:w6 pen #1 continue after death
,.z=no pension income,HRS,s6penic1,s6penic1:w6 pen #1 continue after death
1,1.stop,HRS,s7penic1,s7penic1:w7 pen #1 continue after death
2,2.continue unchanged,HRS,s7penic1,s7penic1:w7 pen #1 continue after death
3,3.continue at reduced level,HRS,s7penic1,s7penic1:w7 pen #1 continue after death
4,4.lump sum paid to beneficiary,HRS,s7penic1,s7penic1:w7 pen #1 continue after death
7,7.other,HRS,s7penic1,s7penic1:w7 pen #1 continue after death
,.d=dk,HRS,s7penic1,s7penic1:w7 pen #1 continue after death
,".j=web interview, missing",HRS,s7penic1,s7penic1:w7 pen #1 continue after death
,.m=oth missing,HRS,s7penic1,s7penic1:w7 pen #1 continue after death
,.q=not asked this wv,HRS,s7penic1,s7penic1:w7 pen #1 continue after death
,.r=rf,HRS,s7penic1,s7penic1:w7 pen #1 continue after death
,.u=unmarried,HRS,s7penic1,s7penic1:w7 pen #1 continue after death
,.v=spouse nr,HRS,s7penic1,s7penic1:w7 pen #1 continue after death
,.z=no pension income,HRS,s7penic1,s7penic1:w7 pen #1 continue after death
1,1.stop,HRS,s8penic1,s8penic1:w8 pen #1 continue after death
2,2.continue unchanged,HRS,s8penic1,s8penic1:w8 pen #1 continue after death
3,3.continue at reduced level,HRS,s8penic1,s8penic1:w8 pen #1 continue after death
4,4.lump sum paid to beneficiary,HRS,s8penic1,s8penic1:w8 pen #1 continue after death
7,7.other,HRS,s8penic1,s8penic1:w8 pen #1 continue after death
,.d=dk,HRS,s8penic1,s8penic1:w8 pen #1 continue after death
,".j=web interview, missing",HRS,s8penic1,s8penic1:w8 pen #1 continue after death
,.m=oth missing,HRS,s8penic1,s8penic1:w8 pen #1 continue after death
,.q=not asked this wv,HRS,s8penic1,s8penic1:w8 pen #1 continue after death
,.r=rf,HRS,s8penic1,s8penic1:w8 pen #1 continue after death
,.u=unmarried,HRS,s8penic1,s8penic1:w8 pen #1 continue after death
,.v=spouse nr,HRS,s8penic1,s8penic1:w8 pen #1 continue after death
,.z=no pension income,HRS,s8penic1,s8penic1:w8 pen #1 continue after death
1,1.stop,HRS,s9penic1,s9penic1:w9 pen #1 continue after death
2,2.continue unchanged,HRS,s9penic1,s9penic1:w9 pen #1 continue after death
3,3.continue at reduced level,HRS,s9penic1,s9penic1:w9 pen #1 continue after death
4,4.lump sum paid to beneficiary,HRS,s9penic1,s9penic1:w9 pen #1 continue after death
7,7.other,HRS,s9penic1,s9penic1:w9 pen #1 continue after death
,.d=dk,HRS,s9penic1,s9penic1:w9 pen #1 continue after death
,".j=web interview, missing",HRS,s9penic1,s9penic1:w9 pen #1 continue after death
,.m=oth missing,HRS,s9penic1,s9penic1:w9 pen #1 continue after death
,.q=not asked this wv,HRS,s9penic1,s9penic1:w9 pen #1 continue after death
,.r=rf,HRS,s9penic1,s9penic1:w9 pen #1 continue after death
,.u=unmarried,HRS,s9penic1,s9penic1:w9 pen #1 continue after death
,.v=spouse nr,HRS,s9penic1,s9penic1:w9 pen #1 continue after death
,.z=no pension income,HRS,s9penic1,s9penic1:w9 pen #1 continue after death
1,1.stop,HRS,s10penic1,s10penic1:w10 pen #1 continue after death
2,2.continue unchanged,HRS,s10penic1,s10penic1:w10 pen #1 continue after death
3,3.continue at reduced level,HRS,s10penic1,s10penic1:w10 pen #1 continue after death
4,4.lump sum paid to beneficiary,HRS,s10penic1,s10penic1:w10 pen #1 continue after death
7,7.other,HRS,s10penic1,s10penic1:w10 pen #1 continue after death
,.d=dk,HRS,s10penic1,s10penic1:w10 pen #1 continue after death
,".j=web interview, missing",HRS,s10penic1,s10penic1:w10 pen #1 continue after death
,.m=oth missing,HRS,s10penic1,s10penic1:w10 pen #1 continue after death
,.q=not asked this wv,HRS,s10penic1,s10penic1:w10 pen #1 continue after death
,.r=rf,HRS,s10penic1,s10penic1:w10 pen #1 continue after death
,.u=unmarried,HRS,s10penic1,s10penic1:w10 pen #1 continue after death
,.v=spouse nr,HRS,s10penic1,s10penic1:w10 pen #1 continue after death
,.z=no pension income,HRS,s10penic1,s10penic1:w10 pen #1 continue after death
1,1.stop,HRS,s11penic1,s11penic1:w11 pen #1 continue after death
2,2.continue unchanged,HRS,s11penic1,s11penic1:w11 pen #1 continue after death
3,3.continue at reduced level,HRS,s11penic1,s11penic1:w11 pen #1 continue after death
4,4.lump sum paid to beneficiary,HRS,s11penic1,s11penic1:w11 pen #1 continue after death
7,7.other,HRS,s11penic1,s11penic1:w11 pen #1 continue after death
,.d=dk,HRS,s11penic1,s11penic1:w11 pen #1 continue after death
,".j=web interview, missing",HRS,s11penic1,s11penic1:w11 pen #1 continue after death
,.m=oth missing,HRS,s11penic1,s11penic1:w11 pen #1 continue after death
,.q=not asked this wv,HRS,s11penic1,s11penic1:w11 pen #1 continue after death
,.r=rf,HRS,s11penic1,s11penic1:w11 pen #1 continue after death
,.u=unmarried,HRS,s11penic1,s11penic1:w11 pen #1 continue after death
,.v=spouse nr,HRS,s11penic1,s11penic1:w11 pen #1 continue after death
,.z=no pension income,HRS,s11penic1,s11penic1:w11 pen #1 continue after death
1,1.stop,HRS,s12penic1,s12penic1:w12 pen #1 continue after death
2,2.continue unchanged,HRS,s12penic1,s12penic1:w12 pen #1 continue after death
3,3.continue at reduced level,HRS,s12penic1,s12penic1:w12 pen #1 continue after death
4,4.lump sum paid to beneficiary,HRS,s12penic1,s12penic1:w12 pen #1 continue after death
7,7.other,HRS,s12penic1,s12penic1:w12 pen #1 continue after death
,.d=dk,HRS,s12penic1,s12penic1:w12 pen #1 continue after death
,".j=web interview, missing",HRS,s12penic1,s12penic1:w12 pen #1 continue after death
,.m=oth missing,HRS,s12penic1,s12penic1:w12 pen #1 continue after death
,.q=not asked this wv,HRS,s12penic1,s12penic1:w12 pen #1 continue after death
,.r=rf,HRS,s12penic1,s12penic1:w12 pen #1 continue after death
,.u=unmarried,HRS,s12penic1,s12penic1:w12 pen #1 continue after death
,.v=spouse nr,HRS,s12penic1,s12penic1:w12 pen #1 continue after death
,.z=no pension income,HRS,s12penic1,s12penic1:w12 pen #1 continue after death
1,1.stop,HRS,s13penic1,s13penic1:w13 pen #1 continue after death
2,2.continue unchanged,HRS,s13penic1,s13penic1:w13 pen #1 continue after death
3,3.continue at reduced level,HRS,s13penic1,s13penic1:w13 pen #1 continue after death
4,4.lump sum paid to beneficiary,HRS,s13penic1,s13penic1:w13 pen #1 continue after death
7,7.other,HRS,s13penic1,s13penic1:w13 pen #1 continue after death
,.d=dk,HRS,s13penic1,s13penic1:w13 pen #1 continue after death
,".j=web interview, missing",HRS,s13penic1,s13penic1:w13 pen #1 continue after death
,.m=oth missing,HRS,s13penic1,s13penic1:w13 pen #1 continue after death
,.q=not asked this wv,HRS,s13penic1,s13penic1:w13 pen #1 continue after death
,.r=rf,HRS,s13penic1,s13penic1:w13 pen #1 continue after death
,.u=unmarried,HRS,s13penic1,s13penic1:w13 pen #1 continue after death
,.v=spouse nr,HRS,s13penic1,s13penic1:w13 pen #1 continue after death
,.z=no pension income,HRS,s13penic1,s13penic1:w13 pen #1 continue after death
1,1.stop,HRS,s14penic1,s14penic1:w14 pen #1 continue after death
2,2.continue unchanged,HRS,s14penic1,s14penic1:w14 pen #1 continue after death
3,3.continue at reduced level,HRS,s14penic1,s14penic1:w14 pen #1 continue after death
4,4.lump sum paid to beneficiary,HRS,s14penic1,s14penic1:w14 pen #1 continue after death
7,7.other,HRS,s14penic1,s14penic1:w14 pen #1 continue after death
,.d=dk,HRS,s14penic1,s14penic1:w14 pen #1 continue after death
,".j=web interview, missing",HRS,s14penic1,s14penic1:w14 pen #1 continue after death
,.m=oth missing,HRS,s14penic1,s14penic1:w14 pen #1 continue after death
,.q=not asked this wv,HRS,s14penic1,s14penic1:w14 pen #1 continue after death
,.r=rf,HRS,s14penic1,s14penic1:w14 pen #1 continue after death
,.u=unmarried,HRS,s14penic1,s14penic1:w14 pen #1 continue after death
,.v=spouse nr,HRS,s14penic1,s14penic1:w14 pen #1 continue after death
,.z=no pension income,HRS,s14penic1,s14penic1:w14 pen #1 continue after death
1,1.stop,HRS,s15penic1,s15penic1:w15 pen #1 continue after death
2,2.continue unchanged,HRS,s15penic1,s15penic1:w15 pen #1 continue after death
3,3.continue at reduced level,HRS,s15penic1,s15penic1:w15 pen #1 continue after death
4,4.lump sum paid to beneficiary,HRS,s15penic1,s15penic1:w15 pen #1 continue after death
7,7.other,HRS,s15penic1,s15penic1:w15 pen #1 continue after death
,.d=dk,HRS,s15penic1,s15penic1:w15 pen #1 continue after death
,".j=web interview, missing",HRS,s15penic1,s15penic1:w15 pen #1 continue after death
,.m=oth missing,HRS,s15penic1,s15penic1:w15 pen #1 continue after death
,.q=not asked this wv,HRS,s15penic1,s15penic1:w15 pen #1 continue after death
,.r=rf,HRS,s15penic1,s15penic1:w15 pen #1 continue after death
,.u=unmarried,HRS,s15penic1,s15penic1:w15 pen #1 continue after death
,.v=spouse nr,HRS,s15penic1,s15penic1:w15 pen #1 continue after death
,.z=no pension income,HRS,s15penic1,s15penic1:w15 pen #1 continue after death
1,1.stop,HRS,s16penic1,s16penic1:w16 pen #1 continue after death
2,2.continue unchanged,HRS,s16penic1,s16penic1:w16 pen #1 continue after death
3,3.continue at reduced level,HRS,s16penic1,s16penic1:w16 pen #1 continue after death
4,4.lump sum paid to beneficiary,HRS,s16penic1,s16penic1:w16 pen #1 continue after death
7,7.other,HRS,s16penic1,s16penic1:w16 pen #1 continue after death
,.d=dk,HRS,s16penic1,s16penic1:w16 pen #1 continue after death
,".j=web interview, missing",HRS,s16penic1,s16penic1:w16 pen #1 continue after death
,.m=oth missing,HRS,s16penic1,s16penic1:w16 pen #1 continue after death
,.q=not asked this wv,HRS,s16penic1,s16penic1:w16 pen #1 continue after death
,.r=rf,HRS,s16penic1,s16penic1:w16 pen #1 continue after death
,.u=unmarried,HRS,s16penic1,s16penic1:w16 pen #1 continue after death
,.v=spouse nr,HRS,s16penic1,s16penic1:w16 pen #1 continue after death
,.z=no pension income,HRS,s16penic1,s16penic1:w16 pen #1 continue after death
1,1.stop,HRS,s2penic2,s2penic2:w2 pen #2 continue after death
2,2.continue unchanged,HRS,s2penic2,s2penic2:w2 pen #2 continue after death
3,3.continue at reduced level,HRS,s2penic2,s2penic2:w2 pen #2 continue after death
4,4.lump sum paid to beneficiary,HRS,s2penic2,s2penic2:w2 pen #2 continue after death
7,7.other,HRS,s2penic2,s2penic2:w2 pen #2 continue after death
,.d=dk,HRS,s2penic2,s2penic2:w2 pen #2 continue after death
,".j=web interview, missing",HRS,s2penic2,s2penic2:w2 pen #2 continue after death
,.m=oth missing,HRS,s2penic2,s2penic2:w2 pen #2 continue after death
,.q=not asked this wv,HRS,s2penic2,s2penic2:w2 pen #2 continue after death
,.r=rf,HRS,s2penic2,s2penic2:w2 pen #2 continue after death
,.u=unmarried,HRS,s2penic2,s2penic2:w2 pen #2 continue after death
,.v=spouse nr,HRS,s2penic2,s2penic2:w2 pen #2 continue after death
,.z=no pension income,HRS,s2penic2,s2penic2:w2 pen #2 continue after death
1,1.stop,HRS,s3penic2,s3penic2:w3 pen #2 continue after death
2,2.continue unchanged,HRS,s3penic2,s3penic2:w3 pen #2 continue after death
3,3.continue at reduced level,HRS,s3penic2,s3penic2:w3 pen #2 continue after death
4,4.lump sum paid to beneficiary,HRS,s3penic2,s3penic2:w3 pen #2 continue after death
7,7.other,HRS,s3penic2,s3penic2:w3 pen #2 continue after death
,.d=dk,HRS,s3penic2,s3penic2:w3 pen #2 continue after death
,".j=web interview, missing",HRS,s3penic2,s3penic2:w3 pen #2 continue after death
,.m=oth missing,HRS,s3penic2,s3penic2:w3 pen #2 continue after death
,.q=not asked this wv,HRS,s3penic2,s3penic2:w3 pen #2 continue after death
,.r=rf,HRS,s3penic2,s3penic2:w3 pen #2 continue after death
,.u=unmarried,HRS,s3penic2,s3penic2:w3 pen #2 continue after death
,.v=spouse nr,HRS,s3penic2,s3penic2:w3 pen #2 continue after death
,.z=no pension income,HRS,s3penic2,s3penic2:w3 pen #2 continue after death
1,1.stop,HRS,s4penic2,s4penic2:w4 pen #2 continue after death
2,2.continue unchanged,HRS,s4penic2,s4penic2:w4 pen #2 continue after death
3,3.continue at reduced level,HRS,s4penic2,s4penic2:w4 pen #2 continue after death
4,4.lump sum paid to beneficiary,HRS,s4penic2,s4penic2:w4 pen #2 continue after death
7,7.other,HRS,s4penic2,s4penic2:w4 pen #2 continue after death
,.d=dk,HRS,s4penic2,s4penic2:w4 pen #2 continue after death
,".j=web interview, missing",HRS,s4penic2,s4penic2:w4 pen #2 continue after death
,.m=oth missing,HRS,s4penic2,s4penic2:w4 pen #2 continue after death
,.q=not asked this wv,HRS,s4penic2,s4penic2:w4 pen #2 continue after death
,.r=rf,HRS,s4penic2,s4penic2:w4 pen #2 continue after death
,.u=unmarried,HRS,s4penic2,s4penic2:w4 pen #2 continue after death
,.v=spouse nr,HRS,s4penic2,s4penic2:w4 pen #2 continue after death
,.z=no pension income,HRS,s4penic2,s4penic2:w4 pen #2 continue after death
1,1.stop,HRS,s5penic2,s5penic2:w5 pen #2 continue after death
2,2.continue unchanged,HRS,s5penic2,s5penic2:w5 pen #2 continue after death
3,3.continue at reduced level,HRS,s5penic2,s5penic2:w5 pen #2 continue after death
4,4.lump sum paid to beneficiary,HRS,s5penic2,s5penic2:w5 pen #2 continue after death
7,7.other,HRS,s5penic2,s5penic2:w5 pen #2 continue after death
,.d=dk,HRS,s5penic2,s5penic2:w5 pen #2 continue after death
,".j=web interview, missing",HRS,s5penic2,s5penic2:w5 pen #2 continue after death
,.m=oth missing,HRS,s5penic2,s5penic2:w5 pen #2 continue after death
,.q=not asked this wv,HRS,s5penic2,s5penic2:w5 pen #2 continue after death
,.r=rf,HRS,s5penic2,s5penic2:w5 pen #2 continue after death
,.u=unmarried,HRS,s5penic2,s5penic2:w5 pen #2 continue after death
,.v=spouse nr,HRS,s5penic2,s5penic2:w5 pen #2 continue after death
,.z=no pension income,HRS,s5penic2,s5penic2:w5 pen #2 continue after death
1,1.stop,HRS,s6penic2,s6penic2:w6 pen #2 continue after death
2,2.continue unchanged,HRS,s6penic2,s6penic2:w6 pen #2 continue after death
3,3.continue at reduced level,HRS,s6penic2,s6penic2:w6 pen #2 continue after death
4,4.lump sum paid to beneficiary,HRS,s6penic2,s6penic2:w6 pen #2 continue after death
7,7.other,HRS,s6penic2,s6penic2:w6 pen #2 continue after death
,.d=dk,HRS,s6penic2,s6penic2:w6 pen #2 continue after death
,".j=web interview, missing",HRS,s6penic2,s6penic2:w6 pen #2 continue after death
,.m=oth missing,HRS,s6penic2,s6penic2:w6 pen #2 continue after death
,.q=not asked this wv,HRS,s6penic2,s6penic2:w6 pen #2 continue after death
,.r=rf,HRS,s6penic2,s6penic2:w6 pen #2 continue after death
,.u=unmarried,HRS,s6penic2,s6penic2:w6 pen #2 continue after death
,.v=spouse nr,HRS,s6penic2,s6penic2:w6 pen #2 continue after death
,.z=no pension income,HRS,s6penic2,s6penic2:w6 pen #2 continue after death
1,1.stop,HRS,s7penic2,s7penic2:w7 pen #2 continue after death
2,2.continue unchanged,HRS,s7penic2,s7penic2:w7 pen #2 continue after death
3,3.continue at reduced level,HRS,s7penic2,s7penic2:w7 pen #2 continue after death
4,4.lump sum paid to beneficiary,HRS,s7penic2,s7penic2:w7 pen #2 continue after death
7,7.other,HRS,s7penic2,s7penic2:w7 pen #2 continue after death
,.d=dk,HRS,s7penic2,s7penic2:w7 pen #2 continue after death
,".j=web interview, missing",HRS,s7penic2,s7penic2:w7 pen #2 continue after death
,.m=oth missing,HRS,s7penic2,s7penic2:w7 pen #2 continue after death
,.q=not asked this wv,HRS,s7penic2,s7penic2:w7 pen #2 continue after death
,.r=rf,HRS,s7penic2,s7penic2:w7 pen #2 continue after death
,.u=unmarried,HRS,s7penic2,s7penic2:w7 pen #2 continue after death
,.v=spouse nr,HRS,s7penic2,s7penic2:w7 pen #2 continue after death
,.z=no pension income,HRS,s7penic2,s7penic2:w7 pen #2 continue after death
1,1.stop,HRS,s8penic2,s8penic2:w8 pen #2 continue after death
2,2.continue unchanged,HRS,s8penic2,s8penic2:w8 pen #2 continue after death
3,3.continue at reduced level,HRS,s8penic2,s8penic2:w8 pen #2 continue after death
4,4.lump sum paid to beneficiary,HRS,s8penic2,s8penic2:w8 pen #2 continue after death
7,7.other,HRS,s8penic2,s8penic2:w8 pen #2 continue after death
,.d=dk,HRS,s8penic2,s8penic2:w8 pen #2 continue after death
,".j=web interview, missing",HRS,s8penic2,s8penic2:w8 pen #2 continue after death
,.m=oth missing,HRS,s8penic2,s8penic2:w8 pen #2 continue after death
,.q=not asked this wv,HRS,s8penic2,s8penic2:w8 pen #2 continue after death
,.r=rf,HRS,s8penic2,s8penic2:w8 pen #2 continue after death
,.u=unmarried,HRS,s8penic2,s8penic2:w8 pen #2 continue after death
,.v=spouse nr,HRS,s8penic2,s8penic2:w8 pen #2 continue after death
,.z=no pension income,HRS,s8penic2,s8penic2:w8 pen #2 continue after death
1,1.stop,HRS,s9penic2,s9penic2:w9 pen #2 continue after death
2,2.continue unchanged,HRS,s9penic2,s9penic2:w9 pen #2 continue after death
3,3.continue at reduced level,HRS,s9penic2,s9penic2:w9 pen #2 continue after death
4,4.lump sum paid to beneficiary,HRS,s9penic2,s9penic2:w9 pen #2 continue after death
7,7.other,HRS,s9penic2,s9penic2:w9 pen #2 continue after death
,.d=dk,HRS,s9penic2,s9penic2:w9 pen #2 continue after death
,".j=web interview, missing",HRS,s9penic2,s9penic2:w9 pen #2 continue after death
,.m=oth missing,HRS,s9penic2,s9penic2:w9 pen #2 continue after death
,.q=not asked this wv,HRS,s9penic2,s9penic2:w9 pen #2 continue after death
,.r=rf,HRS,s9penic2,s9penic2:w9 pen #2 continue after death
,.u=unmarried,HRS,s9penic2,s9penic2:w9 pen #2 continue after death
,.v=spouse nr,HRS,s9penic2,s9penic2:w9 pen #2 continue after death
,.z=no pension income,HRS,s9penic2,s9penic2:w9 pen #2 continue after death
1,1.stop,HRS,s10penic2,s10penic2:w10 pen #2 continue after death
2,2.continue unchanged,HRS,s10penic2,s10penic2:w10 pen #2 continue after death
3,3.continue at reduced level,HRS,s10penic2,s10penic2:w10 pen #2 continue after death
4,4.lump sum paid to beneficiary,HRS,s10penic2,s10penic2:w10 pen #2 continue after death
7,7.other,HRS,s10penic2,s10penic2:w10 pen #2 continue after death
,.d=dk,HRS,s10penic2,s10penic2:w10 pen #2 continue after death
,".j=web interview, missing",HRS,s10penic2,s10penic2:w10 pen #2 continue after death
,.m=oth missing,HRS,s10penic2,s10penic2:w10 pen #2 continue after death
,.q=not asked this wv,HRS,s10penic2,s10penic2:w10 pen #2 continue after death
,.r=rf,HRS,s10penic2,s10penic2:w10 pen #2 continue after death
,.u=unmarried,HRS,s10penic2,s10penic2:w10 pen #2 continue after death
,.v=spouse nr,HRS,s10penic2,s10penic2:w10 pen #2 continue after death
,.z=no pension income,HRS,s10penic2,s10penic2:w10 pen #2 continue after death
1,1.stop,HRS,s11penic2,s11penic2:w11 pen #2 continue after death
2,2.continue unchanged,HRS,s11penic2,s11penic2:w11 pen #2 continue after death
3,3.continue at reduced level,HRS,s11penic2,s11penic2:w11 pen #2 continue after death
4,4.lump sum paid to beneficiary,HRS,s11penic2,s11penic2:w11 pen #2 continue after death
7,7.other,HRS,s11penic2,s11penic2:w11 pen #2 continue after death
,.d=dk,HRS,s11penic2,s11penic2:w11 pen #2 continue after death
,".j=web interview, missing",HRS,s11penic2,s11penic2:w11 pen #2 continue after death
,.m=oth missing,HRS,s11penic2,s11penic2:w11 pen #2 continue after death
,.q=not asked this wv,HRS,s11penic2,s11penic2:w11 pen #2 continue after death
,.r=rf,HRS,s11penic2,s11penic2:w11 pen #2 continue after death
,.u=unmarried,HRS,s11penic2,s11penic2:w11 pen #2 continue after death
,.v=spouse nr,HRS,s11penic2,s11penic2:w11 pen #2 continue after death
,.z=no pension income,HRS,s11penic2,s11penic2:w11 pen #2 continue after death
1,1.stop,HRS,s12penic2,s12penic2:w12 pen #2 continue after death
2,2.continue unchanged,HRS,s12penic2,s12penic2:w12 pen #2 continue after death
3,3.continue at reduced level,HRS,s12penic2,s12penic2:w12 pen #2 continue after death
4,4.lump sum paid to beneficiary,HRS,s12penic2,s12penic2:w12 pen #2 continue after death
7,7.other,HRS,s12penic2,s12penic2:w12 pen #2 continue after death
,.d=dk,HRS,s12penic2,s12penic2:w12 pen #2 continue after death
,".j=web interview, missing",HRS,s12penic2,s12penic2:w12 pen #2 continue after death
,.m=oth missing,HRS,s12penic2,s12penic2:w12 pen #2 continue after death
,.q=not asked this wv,HRS,s12penic2,s12penic2:w12 pen #2 continue after death
,.r=rf,HRS,s12penic2,s12penic2:w12 pen #2 continue after death
,.u=unmarried,HRS,s12penic2,s12penic2:w12 pen #2 continue after death
,.v=spouse nr,HRS,s12penic2,s12penic2:w12 pen #2 continue after death
,.z=no pension income,HRS,s12penic2,s12penic2:w12 pen #2 continue after death
1,1.stop,HRS,s13penic2,s13penic2:w13 pen #2 continue after death
2,2.continue unchanged,HRS,s13penic2,s13penic2:w13 pen #2 continue after death
3,3.continue at reduced level,HRS,s13penic2,s13penic2:w13 pen #2 continue after death
4,4.lump sum paid to beneficiary,HRS,s13penic2,s13penic2:w13 pen #2 continue after death
7,7.other,HRS,s13penic2,s13penic2:w13 pen #2 continue after death
,.d=dk,HRS,s13penic2,s13penic2:w13 pen #2 continue after death
,".j=web interview, missing",HRS,s13penic2,s13penic2:w13 pen #2 continue after death
,.m=oth missing,HRS,s13penic2,s13penic2:w13 pen #2 continue after death
,.q=not asked this wv,HRS,s13penic2,s13penic2:w13 pen #2 continue after death
,.r=rf,HRS,s13penic2,s13penic2:w13 pen #2 continue after death
,.u=unmarried,HRS,s13penic2,s13penic2:w13 pen #2 continue after death
,.v=spouse nr,HRS,s13penic2,s13penic2:w13 pen #2 continue after death
,.z=no pension income,HRS,s13penic2,s13penic2:w13 pen #2 continue after death
1,1.stop,HRS,s14penic2,s14penic2:w14 pen #2 continue after death
2,2.continue unchanged,HRS,s14penic2,s14penic2:w14 pen #2 continue after death
3,3.continue at reduced level,HRS,s14penic2,s14penic2:w14 pen #2 continue after death
4,4.lump sum paid to beneficiary,HRS,s14penic2,s14penic2:w14 pen #2 continue after death
7,7.other,HRS,s14penic2,s14penic2:w14 pen #2 continue after death
,.d=dk,HRS,s14penic2,s14penic2:w14 pen #2 continue after death
,".j=web interview, missing",HRS,s14penic2,s14penic2:w14 pen #2 continue after death
,.m=oth missing,HRS,s14penic2,s14penic2:w14 pen #2 continue after death
,.q=not asked this wv,HRS,s14penic2,s14penic2:w14 pen #2 continue after death
,.r=rf,HRS,s14penic2,s14penic2:w14 pen #2 continue after death
,.u=unmarried,HRS,s14penic2,s14penic2:w14 pen #2 continue after death
,.v=spouse nr,HRS,s14penic2,s14penic2:w14 pen #2 continue after death
,.z=no pension income,HRS,s14penic2,s14penic2:w14 pen #2 continue after death
1,1.stop,HRS,s15penic2,s15penic2:w15 pen #2 continue after death
2,2.continue unchanged,HRS,s15penic2,s15penic2:w15 pen #2 continue after death
3,3.continue at reduced level,HRS,s15penic2,s15penic2:w15 pen #2 continue after death
4,4.lump sum paid to beneficiary,HRS,s15penic2,s15penic2:w15 pen #2 continue after death
7,7.other,HRS,s15penic2,s15penic2:w15 pen #2 continue after death
,.d=dk,HRS,s15penic2,s15penic2:w15 pen #2 continue after death
,".j=web interview, missing",HRS,s15penic2,s15penic2:w15 pen #2 continue after death
,.m=oth missing,HRS,s15penic2,s15penic2:w15 pen #2 continue after death
,.q=not asked this wv,HRS,s15penic2,s15penic2:w15 pen #2 continue after death
,.r=rf,HRS,s15penic2,s15penic2:w15 pen #2 continue after death
,.u=unmarried,HRS,s15penic2,s15penic2:w15 pen #2 continue after death
,.v=spouse nr,HRS,s15penic2,s15penic2:w15 pen #2 continue after death
,.z=no pension income,HRS,s15penic2,s15penic2:w15 pen #2 continue after death
1,1.stop,HRS,s16penic2,s16penic2:w16 pen #2 continue after death
2,2.continue unchanged,HRS,s16penic2,s16penic2:w16 pen #2 continue after death
3,3.continue at reduced level,HRS,s16penic2,s16penic2:w16 pen #2 continue after death
4,4.lump sum paid to beneficiary,HRS,s16penic2,s16penic2:w16 pen #2 continue after death
7,7.other,HRS,s16penic2,s16penic2:w16 pen #2 continue after death
,.d=dk,HRS,s16penic2,s16penic2:w16 pen #2 continue after death
,".j=web interview, missing",HRS,s16penic2,s16penic2:w16 pen #2 continue after death
,.m=oth missing,HRS,s16penic2,s16penic2:w16 pen #2 continue after death
,.q=not asked this wv,HRS,s16penic2,s16penic2:w16 pen #2 continue after death
,.r=rf,HRS,s16penic2,s16penic2:w16 pen #2 continue after death
,.u=unmarried,HRS,s16penic2,s16penic2:w16 pen #2 continue after death
,.v=spouse nr,HRS,s16penic2,s16penic2:w16 pen #2 continue after death
,.z=no pension income,HRS,s16penic2,s16penic2:w16 pen #2 continue after death
0,0.no,HRS,redressh,redressh:exit r got help-dressing
1,1.yes,HRS,redressh,redressh:exit r got help-dressing
2,2.couldn't do,HRS,redressh,redressh:exit r got help-dressing
7,7.didn't do,HRS,redressh,redressh:exit r got help-dressing
,.d=dk,HRS,redressh,redressh:exit r got help-dressing
,.m=oth missing,HRS,redressh,redressh:exit r got help-dressing
,.q=not asked this wv,HRS,redressh,redressh:exit r got help-dressing
,.r=rf,HRS,redressh,redressh:exit r got help-dressing
,.s=skip,HRS,redressh,redressh:exit r got help-dressing
,".y=no exit interview, no death recorded",HRS,redressh,redressh:exit r got help-dressing
,".z=no exit interview, death recorded",HRS,redressh,redressh:exit r got help-dressing
0,0.no,HRS,rewalkrh,rewalkrh:exit r got help-walk across room
1,1.yes,HRS,rewalkrh,rewalkrh:exit r got help-walk across room
2,2.couldn't do,HRS,rewalkrh,rewalkrh:exit r got help-walk across room
7,7.didn't do,HRS,rewalkrh,rewalkrh:exit r got help-walk across room
,.d=dk,HRS,rewalkrh,rewalkrh:exit r got help-walk across room
,.m=oth missing,HRS,rewalkrh,rewalkrh:exit r got help-walk across room
,.q=not asked this wv,HRS,rewalkrh,rewalkrh:exit r got help-walk across room
,.r=rf,HRS,rewalkrh,rewalkrh:exit r got help-walk across room
,.s=skip,HRS,rewalkrh,rewalkrh:exit r got help-walk across room
,".y=no exit interview, no death recorded",HRS,rewalkrh,rewalkrh:exit r got help-walk across room
,".z=no exit interview, death recorded",HRS,rewalkrh,rewalkrh:exit r got help-walk across room
0,0.no,HRS,rebathh,"rebathh:exit r got help-bathing, showering"
1,1.yes,HRS,rebathh,"rebathh:exit r got help-bathing, showering"
2,2.couldn't do,HRS,rebathh,"rebathh:exit r got help-bathing, showering"
7,7.didn't do,HRS,rebathh,"rebathh:exit r got help-bathing, showering"
,.d=dk,HRS,rebathh,"rebathh:exit r got help-bathing, showering"
,.m=oth missing,HRS,rebathh,"rebathh:exit r got help-bathing, showering"
,.q=not asked this wv,HRS,rebathh,"rebathh:exit r got help-bathing, showering"
,.r=rf,HRS,rebathh,"rebathh:exit r got help-bathing, showering"
,.s=skip,HRS,rebathh,"rebathh:exit r got help-bathing, showering"
,".y=no exit interview, no death recorded",HRS,rebathh,"rebathh:exit r got help-bathing, showering"
,".z=no exit interview, death recorded",HRS,rebathh,"rebathh:exit r got help-bathing, showering"
0,0.no,HRS,reeath,reeath:exit r got help-eating
1,1.yes,HRS,reeath,reeath:exit r got help-eating
2,2.couldn't do,HRS,reeath,reeath:exit r got help-eating
7,7.didn't do,HRS,reeath,reeath:exit r got help-eating
,.d=dk,HRS,reeath,reeath:exit r got help-eating
,.m=oth missing,HRS,reeath,reeath:exit r got help-eating
,.q=not asked this wv,HRS,reeath,reeath:exit r got help-eating
,.r=rf,HRS,reeath,reeath:exit r got help-eating
,.s=skip,HRS,reeath,reeath:exit r got help-eating
,".y=no exit interview, no death recorded",HRS,reeath,reeath:exit r got help-eating
,".z=no exit interview, death recorded",HRS,reeath,reeath:exit r got help-eating
0,0.no,HRS,rebedh,rebedh:exit r got help-get in/out bed
1,1.yes,HRS,rebedh,rebedh:exit r got help-get in/out bed
2,2.couldn't do,HRS,rebedh,rebedh:exit r got help-get in/out bed
7,7.didn't do,HRS,rebedh,rebedh:exit r got help-get in/out bed
,.d=dk,HRS,rebedh,rebedh:exit r got help-get in/out bed
,.m=oth missing,HRS,rebedh,rebedh:exit r got help-get in/out bed
,.q=not asked this wv,HRS,rebedh,rebedh:exit r got help-get in/out bed
,.r=rf,HRS,rebedh,rebedh:exit r got help-get in/out bed
,.s=skip,HRS,rebedh,rebedh:exit r got help-get in/out bed
,".y=no exit interview, no death recorded",HRS,rebedh,rebedh:exit r got help-get in/out bed
,".z=no exit interview, death recorded",HRS,rebedh,rebedh:exit r got help-get in/out bed
0,0.no,HRS,retoilth,retoilth:exit r got help-using the toilet
1,1.yes,HRS,retoilth,retoilth:exit r got help-using the toilet
2,2.couldn't do,HRS,retoilth,retoilth:exit r got help-using the toilet
7,7.didn't do,HRS,retoilth,retoilth:exit r got help-using the toilet
,.d=dk,HRS,retoilth,retoilth:exit r got help-using the toilet
,.m=oth missing,HRS,retoilth,retoilth:exit r got help-using the toilet
,.q=not asked this wv,HRS,retoilth,retoilth:exit r got help-using the toilet
,.r=rf,HRS,retoilth,retoilth:exit r got help-using the toilet
,.s=skip,HRS,retoilth,retoilth:exit r got help-using the toilet
,".y=no exit interview, no death recorded",HRS,retoilth,retoilth:exit r got help-using the toilet
,".z=no exit interview, death recorded",HRS,retoilth,retoilth:exit r got help-using the toilet
0,0.no,HRS,remealsh,remealsh:exit r got help-preparing hot meals
1,1.yes,HRS,remealsh,remealsh:exit r got help-preparing hot meals
2,2.couldn't do,HRS,remealsh,remealsh:exit r got help-preparing hot meals
7,7.didn't do,HRS,remealsh,remealsh:exit r got help-preparing hot meals
,.d=dk,HRS,remealsh,remealsh:exit r got help-preparing hot meals
,.m=oth missing,HRS,remealsh,remealsh:exit r got help-preparing hot meals
,.q=not asked this wv,HRS,remealsh,remealsh:exit r got help-preparing hot meals
,.r=rf,HRS,remealsh,remealsh:exit r got help-preparing hot meals
,.s=skip,HRS,remealsh,remealsh:exit r got help-preparing hot meals
,".y=no exit interview, no death recorded",HRS,remealsh,remealsh:exit r got help-preparing hot meals
,".z=no exit interview, death recorded",HRS,remealsh,remealsh:exit r got help-preparing hot meals
0,0.no,HRS,reshoph,reshoph:exit r got help-shop for grocery
1,1.yes,HRS,reshoph,reshoph:exit r got help-shop for grocery
2,2.couldn't do,HRS,reshoph,reshoph:exit r got help-shop for grocery
7,7.didn't do,HRS,reshoph,reshoph:exit r got help-shop for grocery
,.d=dk,HRS,reshoph,reshoph:exit r got help-shop for grocery
,.m=oth missing,HRS,reshoph,reshoph:exit r got help-shop for grocery
,.q=not asked this wv,HRS,reshoph,reshoph:exit r got help-shop for grocery
,.r=rf,HRS,reshoph,reshoph:exit r got help-shop for grocery
,.s=skip,HRS,reshoph,reshoph:exit r got help-shop for grocery
,".y=no exit interview, no death recorded",HRS,reshoph,reshoph:exit r got help-shop for grocery
,".z=no exit interview, death recorded",HRS,reshoph,reshoph:exit r got help-shop for grocery
0,0.no,HRS,rephoneh,rephoneh:exit r got help-use telephone
1,1.yes,HRS,rephoneh,rephoneh:exit r got help-use telephone
2,2.couldn't do,HRS,rephoneh,rephoneh:exit r got help-use telephone
7,7.didn't do,HRS,rephoneh,rephoneh:exit r got help-use telephone
,.d=dk,HRS,rephoneh,rephoneh:exit r got help-use telephone
,.m=oth missing,HRS,rephoneh,rephoneh:exit r got help-use telephone
,.q=not asked this wv,HRS,rephoneh,rephoneh:exit r got help-use telephone
,.r=rf,HRS,rephoneh,rephoneh:exit r got help-use telephone
,.s=skip,HRS,rephoneh,rephoneh:exit r got help-use telephone
,".y=no exit interview, no death recorded",HRS,rephoneh,rephoneh:exit r got help-use telephone
,".z=no exit interview, death recorded",HRS,rephoneh,rephoneh:exit r got help-use telephone
0,0.no,HRS,remedsh,remedsh:exit r got help-take medications
1,1.yes,HRS,remedsh,remedsh:exit r got help-take medications
2,2.couldn't do,HRS,remedsh,remedsh:exit r got help-take medications
7,7.didn't do,HRS,remedsh,remedsh:exit r got help-take medications
,.d=dk,HRS,remedsh,remedsh:exit r got help-take medications
,.m=oth missing,HRS,remedsh,remedsh:exit r got help-take medications
,.q=not asked this wv,HRS,remedsh,remedsh:exit r got help-take medications
,.r=rf,HRS,remedsh,remedsh:exit r got help-take medications
,.s=skip,HRS,remedsh,remedsh:exit r got help-take medications
,".y=no exit interview, no death recorded",HRS,remedsh,remedsh:exit r got help-take medications
,".z=no exit interview, death recorded",HRS,remedsh,remedsh:exit r got help-take medications
0,0.no,HRS,rebedrid,rebedrid:exit bedridden around time of death
1,1.yes,HRS,rebedrid,rebedrid:exit bedridden around time of death
,.d=dk,HRS,rebedrid,rebedrid:exit bedridden around time of death
,.m=oth missing,HRS,rebedrid,rebedrid:exit bedridden around time of death
,.q=not asked this wv,HRS,rebedrid,rebedrid:exit bedridden around time of death
,.r=rf,HRS,rebedrid,rebedrid:exit bedridden around time of death
,".y=no exit interview, no death recorded",HRS,rebedrid,rebedrid:exit bedridden around time of death
,".z=no exit interview, death recorded",HRS,rebedrid,rebedrid:exit bedridden around time of death
0,0.no,HRS,remoneyh,remoneyh:exit r got help-managing money
1,1.yes,HRS,remoneyh,remoneyh:exit r got help-managing money
2,2.couldn't do,HRS,remoneyh,remoneyh:exit r got help-managing money
7,7.didn't do,HRS,remoneyh,remoneyh:exit r got help-managing money
,.d=dk,HRS,remoneyh,remoneyh:exit r got help-managing money
,.m=oth missing,HRS,remoneyh,remoneyh:exit r got help-managing money
,.q=not asked this wv,HRS,remoneyh,remoneyh:exit r got help-managing money
,.r=rf,HRS,remoneyh,remoneyh:exit r got help-managing money
,.s=skip,HRS,remoneyh,remoneyh:exit r got help-managing money
,".y=no exit interview, no death recorded",HRS,remoneyh,remoneyh:exit r got help-managing money
,".z=no exit interview, death recorded",HRS,remoneyh,remoneyh:exit r got help-managing money
0,0.no,HRS,resuper,resuper:exit r supervised for safety
1,1.yes,HRS,resuper,resuper:exit r supervised for safety
,.d=dk,HRS,resuper,resuper:exit r supervised for safety
,.m=oth missing,HRS,resuper,resuper:exit r supervised for safety
,.q=not asked this wv,HRS,resuper,resuper:exit r supervised for safety
,.r=rf,HRS,resuper,resuper:exit r supervised for safety
,.s=skip,HRS,resuper,resuper:exit r supervised for safety
,".y=no exit interview, no death recorded",HRS,resuper,resuper:exit r supervised for safety
,".z=no exit interview, death recorded",HRS,resuper,resuper:exit r supervised for safety
-22,.v:SP NR,ELSA,r1iwstat,r1iwstat:w1 r interview status
-21,.u:Unmar,ELSA,r1iwstat,r1iwstat:w1 r interview status
0,0.inap.,ELSA,r1iwstat,r1iwstat:w1 r interview status
1,"1.resp, alive",ELSA,r1iwstat,r1iwstat:w1 r interview status
3,"3.nr, died before wv1",ELSA,r1iwstat,r1iwstat:w1 r interview status
4,"4.nr, alive",ELSA,r1iwstat,r1iwstat:w1 r interview status
5,"5.nr, died this wv",ELSA,r1iwstat,r1iwstat:w1 r interview status
6,"6.nr, died prev wv",ELSA,r1iwstat,r1iwstat:w1 r interview status
7,"7.nr, dropped from samp",ELSA,r1iwstat,r1iwstat:w1 r interview status
9,"9.nr, dk if alive or died",ELSA,r1iwstat,r1iwstat:w1 r interview status
-22,.v:SP NR,ELSA,r2iwstat,r2iwstat:w2 r interview status
-21,.u:Unmar,ELSA,r2iwstat,r2iwstat:w2 r interview status
0,0.inap.,ELSA,r2iwstat,r2iwstat:w2 r interview status
1,"1.resp, alive",ELSA,r2iwstat,r2iwstat:w2 r interview status
3,"3.nr, died before wv1",ELSA,r2iwstat,r2iwstat:w2 r interview status
4,"4.nr, alive",ELSA,r2iwstat,r2iwstat:w2 r interview status
5,"5.nr, died this wv",ELSA,r2iwstat,r2iwstat:w2 r interview status
6,"6.nr, died prev wv",ELSA,r2iwstat,r2iwstat:w2 r interview status
7,"7.nr, dropped from samp",ELSA,r2iwstat,r2iwstat:w2 r interview status
9,"9.nr, dk if alive or died",ELSA,r2iwstat,r2iwstat:w2 r interview status
-22,.v:SP NR,ELSA,r3iwstat,r3iwstat:w3 r interview status
-21,.u:Unmar,ELSA,r3iwstat,r3iwstat:w3 r interview status
0,0.inap.,ELSA,r3iwstat,r3iwstat:w3 r interview status
1,"1.resp, alive",ELSA,r3iwstat,r3iwstat:w3 r interview status
3,"3.nr, died before wv1",ELSA,r3iwstat,r3iwstat:w3 r interview status
4,"4.nr, alive",ELSA,r3iwstat,r3iwstat:w3 r interview status
5,"5.nr, died this wv",ELSA,r3iwstat,r3iwstat:w3 r interview status
6,"6.nr, died prev wv",ELSA,r3iwstat,r3iwstat:w3 r interview status
7,"7.nr, dropped from samp",ELSA,r3iwstat,r3iwstat:w3 r interview status
9,"9.nr, dk if alive or died",ELSA,r3iwstat,r3iwstat:w3 r interview status
-22,.v:SP NR,ELSA,r4iwstat,r4iwstat:w4 r interview status
-21,.u:Unmar,ELSA,r4iwstat,r4iwstat:w4 r interview status
0,0.inap.,ELSA,r4iwstat,r4iwstat:w4 r interview status
1,"1.resp, alive",ELSA,r4iwstat,r4iwstat:w4 r interview status
3,"3.nr, died before wv1",ELSA,r4iwstat,r4iwstat:w4 r interview status
4,"4.nr, alive",ELSA,r4iwstat,r4iwstat:w4 r interview status
5,"5.nr, died this wv",ELSA,r4iwstat,r4iwstat:w4 r interview status
6,"6.nr, died prev wv",ELSA,r4iwstat,r4iwstat:w4 r interview status
7,"7.nr, dropped from samp",ELSA,r4iwstat,r4iwstat:w4 r interview status
9,"9.nr, dk if alive or died",ELSA,r4iwstat,r4iwstat:w4 r interview status
-22,.v:SP NR,ELSA,r5iwstat,r5iwstat:w5 r interview status
-21,.u:Unmar,ELSA,r5iwstat,r5iwstat:w5 r interview status
0,0.inap.,ELSA,r5iwstat,r5iwstat:w5 r interview status
1,"1.resp, alive",ELSA,r5iwstat,r5iwstat:w5 r interview status
3,"3.nr, died before wv1",ELSA,r5iwstat,r5iwstat:w5 r interview status
4,"4.nr, alive",ELSA,r5iwstat,r5iwstat:w5 r interview status
5,"5.nr, died this wv",ELSA,r5iwstat,r5iwstat:w5 r interview status
6,"6.nr, died prev wv",ELSA,r5iwstat,r5iwstat:w5 r interview status
7,"7.nr, dropped from samp",ELSA,r5iwstat,r5iwstat:w5 r interview status
9,"9.nr, dk if alive or died",ELSA,r5iwstat,r5iwstat:w5 r interview status
-22,.v:SP NR,ELSA,r6iwstat,r6iwstat:w6 r interview status
-21,.u:Unmar,ELSA,r6iwstat,r6iwstat:w6 r interview status
0,0.inap.,ELSA,r6iwstat,r6iwstat:w6 r interview status
1,"1.resp, alive",ELSA,r6iwstat,r6iwstat:w6 r interview status
3,"3.nr, died before wv1",ELSA,r6iwstat,r6iwstat:w6 r interview status
4,"4.nr, alive",ELSA,r6iwstat,r6iwstat:w6 r interview status
5,"5.nr, died this wv",ELSA,r6iwstat,r6iwstat:w6 r interview status
6,"6.nr, died prev wv",ELSA,r6iwstat,r6iwstat:w6 r interview status
7,"7.nr, dropped from samp",ELSA,r6iwstat,r6iwstat:w6 r interview status
9,"9.nr, dk if alive or died",ELSA,r6iwstat,r6iwstat:w6 r interview status
-22,.v:SP NR,ELSA,r7iwstat,r7iwstat:w7 r interview status
-21,.u:Unmar,ELSA,r7iwstat,r7iwstat:w7 r interview status
0,0.inap.,ELSA,r7iwstat,r7iwstat:w7 r interview status
1,"1.resp, alive",ELSA,r7iwstat,r7iwstat:w7 r interview status
3,"3.nr, died before wv1",ELSA,r7iwstat,r7iwstat:w7 r interview status
4,"4.nr, alive",ELSA,r7iwstat,r7iwstat:w7 r interview status
5,"5.nr, died this wv",ELSA,r7iwstat,r7iwstat:w7 r interview status
6,"6.nr, died prev wv",ELSA,r7iwstat,r7iwstat:w7 r interview status
7,"7.nr, dropped from samp",ELSA,r7iwstat,r7iwstat:w7 r interview status
9,"9.nr, dk if alive or died",ELSA,r7iwstat,r7iwstat:w7 r interview status
-22,.v:SP NR,ELSA,r8iwstat,r8iwstat:w8 r interview status
-21,.u:Unmar,ELSA,r8iwstat,r8iwstat:w8 r interview status
0,0.inap.,ELSA,r8iwstat,r8iwstat:w8 r interview status
1,"1.resp, alive",ELSA,r8iwstat,r8iwstat:w8 r interview status
3,"3.nr, died before wv1",ELSA,r8iwstat,r8iwstat:w8 r interview status
4,"4.nr, alive",ELSA,r8iwstat,r8iwstat:w8 r interview status
5,"5.nr, died this wv",ELSA,r8iwstat,r8iwstat:w8 r interview status
6,"6.nr, died prev wv",ELSA,r8iwstat,r8iwstat:w8 r interview status
7,"7.nr, dropped from samp",ELSA,r8iwstat,r8iwstat:w8 r interview status
9,"9.nr, dk if alive or died",ELSA,r8iwstat,r8iwstat:w8 r interview status
-22,.v:SP NR,ELSA,r9iwstat,r9iwstat:w9 r interview status
-21,.u:Unmar,ELSA,r9iwstat,r9iwstat:w9 r interview status
0,0.inap.,ELSA,r9iwstat,r9iwstat:w9 r interview status
1,"1.resp, alive",ELSA,r9iwstat,r9iwstat:w9 r interview status
3,"3.nr, died before wv1",ELSA,r9iwstat,r9iwstat:w9 r interview status
4,"4.nr, alive",ELSA,r9iwstat,r9iwstat:w9 r interview status
5,"5.nr, died this wv",ELSA,r9iwstat,r9iwstat:w9 r interview status
6,"6.nr, died prev wv",ELSA,r9iwstat,r9iwstat:w9 r interview status
7,"7.nr, dropped from samp",ELSA,r9iwstat,r9iwstat:w9 r interview status
9,"9.nr, dk if alive or died",ELSA,r9iwstat,r9iwstat:w9 r interview status
-22,.v:SP NR,ELSA,r10iwstat,r10iwstat:w10 r interview status
-21,.u:Unmar,ELSA,r10iwstat,r10iwstat:w10 r interview status
0,0.inap.,ELSA,r10iwstat,r10iwstat:w10 r interview status
1,"1.resp, alive",ELSA,r10iwstat,r10iwstat:w10 r interview status
3,"3.nr, died before wv1",ELSA,r10iwstat,r10iwstat:w10 r interview status
4,"4.nr, alive",ELSA,r10iwstat,r10iwstat:w10 r interview status
5,"5.nr, died this wv",ELSA,r10iwstat,r10iwstat:w10 r interview status
6,"6.nr, died prev wv",ELSA,r10iwstat,r10iwstat:w10 r interview status
7,"7.nr, dropped from samp",ELSA,r10iwstat,r10iwstat:w10 r interview status
9,"9.nr, dk if alive or died",ELSA,r10iwstat,r10iwstat:w10 r interview status
-22,.v:SP NR,ELSA,s1iwstat,s1iwstat:w1 s interview status
-21,.u:Unmar,ELSA,s1iwstat,s1iwstat:w1 s interview status
0,0.inap.,ELSA,s1iwstat,s1iwstat:w1 s interview status
1,"1.resp, alive",ELSA,s1iwstat,s1iwstat:w1 s interview status
3,"3.nr, died before wv1",ELSA,s1iwstat,s1iwstat:w1 s interview status
4,"4.nr, alive",ELSA,s1iwstat,s1iwstat:w1 s interview status
5,"5.nr, died this wv",ELSA,s1iwstat,s1iwstat:w1 s interview status
6,"6.nr, died prev wv",ELSA,s1iwstat,s1iwstat:w1 s interview status
7,"7.nr, dropped from samp",ELSA,s1iwstat,s1iwstat:w1 s interview status
9,"9.nr, dk if alive or died",ELSA,s1iwstat,s1iwstat:w1 s interview status
-22,.v:SP NR,ELSA,s2iwstat,s2iwstat:w2 s interview status
-21,.u:Unmar,ELSA,s2iwstat,s2iwstat:w2 s interview status
0,0.inap.,ELSA,s2iwstat,s2iwstat:w2 s interview status
1,"1.resp, alive",ELSA,s2iwstat,s2iwstat:w2 s interview status
3,"3.nr, died before wv1",ELSA,s2iwstat,s2iwstat:w2 s interview status
4,"4.nr, alive",ELSA,s2iwstat,s2iwstat:w2 s interview status
5,"5.nr, died this wv",ELSA,s2iwstat,s2iwstat:w2 s interview status
6,"6.nr, died prev wv",ELSA,s2iwstat,s2iwstat:w2 s interview status
7,"7.nr, dropped from samp",ELSA,s2iwstat,s2iwstat:w2 s interview status
9,"9.nr, dk if alive or died",ELSA,s2iwstat,s2iwstat:w2 s interview status
-22,.v:SP NR,ELSA,s3iwstat,s3iwstat:w3 s interview status
-21,.u:Unmar,ELSA,s3iwstat,s3iwstat:w3 s interview status
0,0.inap.,ELSA,s3iwstat,s3iwstat:w3 s interview status
1,"1.resp, alive",ELSA,s3iwstat,s3iwstat:w3 s interview status
3,"3.nr, died before wv1",ELSA,s3iwstat,s3iwstat:w3 s interview status
4,"4.nr, alive",ELSA,s3iwstat,s3iwstat:w3 s interview status
5,"5.nr, died this wv",ELSA,s3iwstat,s3iwstat:w3 s interview status
6,"6.nr, died prev wv",ELSA,s3iwstat,s3iwstat:w3 s interview status
7,"7.nr, dropped from samp",ELSA,s3iwstat,s3iwstat:w3 s interview status
9,"9.nr, dk if alive or died",ELSA,s3iwstat,s3iwstat:w3 s interview status
-22,.v:SP NR,ELSA,s4iwstat,s4iwstat:w4 s interview status
-21,.u:Unmar,ELSA,s4iwstat,s4iwstat:w4 s interview status
0,0.inap.,ELSA,s4iwstat,s4iwstat:w4 s interview status
1,"1.resp, alive",ELSA,s4iwstat,s4iwstat:w4 s interview status
3,"3.nr, died before wv1",ELSA,s4iwstat,s4iwstat:w4 s interview status
4,"4.nr, alive",ELSA,s4iwstat,s4iwstat:w4 s interview status
5,"5.nr, died this wv",ELSA,s4iwstat,s4iwstat:w4 s interview status
6,"6.nr, died prev wv",ELSA,s4iwstat,s4iwstat:w4 s interview status
7,"7.nr, dropped from samp",ELSA,s4iwstat,s4iwstat:w4 s interview status
9,"9.nr, dk if alive or died",ELSA,s4iwstat,s4iwstat:w4 s interview status
-22,.v:SP NR,ELSA,s5iwstat,s5iwstat:w5 s interview status
-21,.u:Unmar,ELSA,s5iwstat,s5iwstat:w5 s interview status
0,0.inap.,ELSA,s5iwstat,s5iwstat:w5 s interview status
1,"1.resp, alive",ELSA,s5iwstat,s5iwstat:w5 s interview status
3,"3.nr, died before wv1",ELSA,s5iwstat,s5iwstat:w5 s interview status
4,"4.nr, alive",ELSA,s5iwstat,s5iwstat:w5 s interview status
5,"5.nr, died this wv",ELSA,s5iwstat,s5iwstat:w5 s interview status
6,"6.nr, died prev wv",ELSA,s5iwstat,s5iwstat:w5 s interview status
7,"7.nr, dropped from samp",ELSA,s5iwstat,s5iwstat:w5 s interview status
9,"9.nr, dk if alive or died",ELSA,s5iwstat,s5iwstat:w5 s interview status
-22,.v:SP NR,ELSA,s6iwstat,s6iwstat:w6 s interview status
-21,.u:Unmar,ELSA,s6iwstat,s6iwstat:w6 s interview status
0,0.inap.,ELSA,s6iwstat,s6iwstat:w6 s interview status
1,"1.resp, alive",ELSA,s6iwstat,s6iwstat:w6 s interview status
3,"3.nr, died before wv1",ELSA,s6iwstat,s6iwstat:w6 s interview status
4,"4.nr, alive",ELSA,s6iwstat,s6iwstat:w6 s interview status
5,"5.nr, died this wv",ELSA,s6iwstat,s6iwstat:w6 s interview status
6,"6.nr, died prev wv",ELSA,s6iwstat,s6iwstat:w6 s interview status
7,"7.nr, dropped from samp",ELSA,s6iwstat,s6iwstat:w6 s interview status
9,"9.nr, dk if alive or died",ELSA,s6iwstat,s6iwstat:w6 s interview status
-22,.v:SP NR,ELSA,s7iwstat,s7iwstat:w7 s interview status
-21,.u:Unmar,ELSA,s7iwstat,s7iwstat:w7 s interview status
0,0.inap.,ELSA,s7iwstat,s7iwstat:w7 s interview status
1,"1.resp, alive",ELSA,s7iwstat,s7iwstat:w7 s interview status
3,"3.nr, died before wv1",ELSA,s7iwstat,s7iwstat:w7 s interview status
4,"4.nr, alive",ELSA,s7iwstat,s7iwstat:w7 s interview status
5,"5.nr, died this wv",ELSA,s7iwstat,s7iwstat:w7 s interview status
6,"6.nr, died prev wv",ELSA,s7iwstat,s7iwstat:w7 s interview status
7,"7.nr, dropped from samp",ELSA,s7iwstat,s7iwstat:w7 s interview status
9,"9.nr, dk if alive or died",ELSA,s7iwstat,s7iwstat:w7 s interview status
-22,.v:SP NR,ELSA,s8iwstat,s8iwstat:w8 s interview status
-21,.u:Unmar,ELSA,s8iwstat,s8iwstat:w8 s interview status
0,0.inap.,ELSA,s8iwstat,s8iwstat:w8 s interview status
1,"1.resp, alive",ELSA,s8iwstat,s8iwstat:w8 s interview status
3,"3.nr, died before wv1",ELSA,s8iwstat,s8iwstat:w8 s interview status
4,"4.nr, alive",ELSA,s8iwstat,s8iwstat:w8 s interview status
5,"5.nr, died this wv",ELSA,s8iwstat,s8iwstat:w8 s interview status
6,"6.nr, died prev wv",ELSA,s8iwstat,s8iwstat:w8 s interview status
7,"7.nr, dropped from samp",ELSA,s8iwstat,s8iwstat:w8 s interview status
9,"9.nr, dk if alive or died",ELSA,s8iwstat,s8iwstat:w8 s interview status
-22,.v:SP NR,ELSA,s9iwstat,s9iwstat:w9 s interview status
-21,.u:Unmar,ELSA,s9iwstat,s9iwstat:w9 s interview status
0,0.inap.,ELSA,s9iwstat,s9iwstat:w9 s interview status
1,"1.resp, alive",ELSA,s9iwstat,s9iwstat:w9 s interview status
3,"3.nr, died before wv1",ELSA,s9iwstat,s9iwstat:w9 s interview status
4,"4.nr, alive",ELSA,s9iwstat,s9iwstat:w9 s interview status
5,"5.nr, died this wv",ELSA,s9iwstat,s9iwstat:w9 s interview status
6,"6.nr, died prev wv",ELSA,s9iwstat,s9iwstat:w9 s interview status
7,"7.nr, dropped from samp",ELSA,s9iwstat,s9iwstat:w9 s interview status
9,"9.nr, dk if alive or died",ELSA,s9iwstat,s9iwstat:w9 s interview status
-22,.v:SP NR,ELSA,s10iwstat,s10iwstat:w10 s interview status
-21,.u:Unmar,ELSA,s10iwstat,s10iwstat:w10 s interview status
0,0.inap.,ELSA,s10iwstat,s10iwstat:w10 s interview status
1,"1.resp, alive",ELSA,s10iwstat,s10iwstat:w10 s interview status
3,"3.nr, died before wv1",ELSA,s10iwstat,s10iwstat:w10 s interview status
4,"4.nr, alive",ELSA,s10iwstat,s10iwstat:w10 s interview status
5,"5.nr, died this wv",ELSA,s10iwstat,s10iwstat:w10 s interview status
6,"6.nr, died prev wv",ELSA,s10iwstat,s10iwstat:w10 s interview status
7,"7.nr, dropped from samp",ELSA,s10iwstat,s10iwstat:w10 s interview status
9,"9.nr, dk if alive or died",ELSA,s10iwstat,s10iwstat:w10 s interview status
1,1.continuous value,ELSA,h1afmort,h1afmort:w1 flag: value of mortgage/prim res
2,2.closed range bracket,ELSA,h1afmort,h1afmort:w1 flag: value of mortgage/prim res
3,3.open range bracket,ELSA,h1afmort,h1afmort:w1 flag: value of mortgage/prim res
5,5.no value/bracket,ELSA,h1afmort,h1afmort:w1 flag: value of mortgage/prim res
6,6.no asset,ELSA,h1afmort,h1afmort:w1 flag: value of mortgage/prim res
7,7.dk ownership,ELSA,h1afmort,h1afmort:w1 flag: value of mortgage/prim res
8,8.non-sample member,ELSA,h1afmort,h1afmort:w1 flag: value of mortgage/prim res
9,9.non-responding spouse,ELSA,h1afmort,h1afmort:w1 flag: value of mortgage/prim res
10,10.institutional interview,ELSA,h1afmort,h1afmort:w1 flag: value of mortgage/prim res
1,1.continuous value,ELSA,h2afmort,h2afmort:w2 flag: value of mortgage/prim res
2,2.closed range bracket,ELSA,h2afmort,h2afmort:w2 flag: value of mortgage/prim res
3,3.open range bracket,ELSA,h2afmort,h2afmort:w2 flag: value of mortgage/prim res
5,5.no value/bracket,ELSA,h2afmort,h2afmort:w2 flag: value of mortgage/prim res
6,6.no asset,ELSA,h2afmort,h2afmort:w2 flag: value of mortgage/prim res
7,7.dk ownership,ELSA,h2afmort,h2afmort:w2 flag: value of mortgage/prim res
8,8.non-sample member,ELSA,h2afmort,h2afmort:w2 flag: value of mortgage/prim res
9,9.non-responding spouse,ELSA,h2afmort,h2afmort:w2 flag: value of mortgage/prim res
10,10.institutional interview,ELSA,h2afmort,h2afmort:w2 flag: value of mortgage/prim res
1,1.continuous value,ELSA,h3afmort,h3afmort:w3 flag: value of mortgage/prim res
2,2.closed range bracket,ELSA,h3afmort,h3afmort:w3 flag: value of mortgage/prim res
3,3.open range bracket,ELSA,h3afmort,h3afmort:w3 flag: value of mortgage/prim res
5,5.no value/bracket,ELSA,h3afmort,h3afmort:w3 flag: value of mortgage/prim res
6,6.no asset,ELSA,h3afmort,h3afmort:w3 flag: value of mortgage/prim res
7,7.dk ownership,ELSA,h3afmort,h3afmort:w3 flag: value of mortgage/prim res
8,8.non-sample member,ELSA,h3afmort,h3afmort:w3 flag: value of mortgage/prim res
9,9.non-responding spouse,ELSA,h3afmort,h3afmort:w3 flag: value of mortgage/prim res
10,10.institutional interview,ELSA,h3afmort,h3afmort:w3 flag: value of mortgage/prim res
1,1.continuous value,ELSA,h4afmort,h4afmort:w4 flag: value of mortgage/prim res
2,2.closed range bracket,ELSA,h4afmort,h4afmort:w4 flag: value of mortgage/prim res
3,3.open range bracket,ELSA,h4afmort,h4afmort:w4 flag: value of mortgage/prim res
5,5.no value/bracket,ELSA,h4afmort,h4afmort:w4 flag: value of mortgage/prim res
6,6.no asset,ELSA,h4afmort,h4afmort:w4 flag: value of mortgage/prim res
7,7.dk ownership,ELSA,h4afmort,h4afmort:w4 flag: value of mortgage/prim res
8,8.non-sample member,ELSA,h4afmort,h4afmort:w4 flag: value of mortgage/prim res
9,9.non-responding spouse,ELSA,h4afmort,h4afmort:w4 flag: value of mortgage/prim res
10,10.institutional interview,ELSA,h4afmort,h4afmort:w4 flag: value of mortgage/prim res
1,1.continuous value,ELSA,h5afmort,h5afmort:w5 flag: value of mortgage/prim res
2,2.closed range bracket,ELSA,h5afmort,h5afmort:w5 flag: value of mortgage/prim res
3,3.open range bracket,ELSA,h5afmort,h5afmort:w5 flag: value of mortgage/prim res
5,5.no value/bracket,ELSA,h5afmort,h5afmort:w5 flag: value of mortgage/prim res
6,6.no asset,ELSA,h5afmort,h5afmort:w5 flag: value of mortgage/prim res
7,7.dk ownership,ELSA,h5afmort,h5afmort:w5 flag: value of mortgage/prim res
8,8.non-sample member,ELSA,h5afmort,h5afmort:w5 flag: value of mortgage/prim res
9,9.non-responding spouse,ELSA,h5afmort,h5afmort:w5 flag: value of mortgage/prim res
10,10.institutional interview,ELSA,h5afmort,h5afmort:w5 flag: value of mortgage/prim res
1,1.continuous value,ELSA,h6afmort,h6afmort:w6 flag: value of mortgage/prim res
2,2.closed range bracket,ELSA,h6afmort,h6afmort:w6 flag: value of mortgage/prim res
3,3.open range bracket,ELSA,h6afmort,h6afmort:w6 flag: value of mortgage/prim res
5,5.no value/bracket,ELSA,h6afmort,h6afmort:w6 flag: value of mortgage/prim res
6,6.no asset,ELSA,h6afmort,h6afmort:w6 flag: value of mortgage/prim res
7,7.dk ownership,ELSA,h6afmort,h6afmort:w6 flag: value of mortgage/prim res
8,8.non-sample member,ELSA,h6afmort,h6afmort:w6 flag: value of mortgage/prim res
9,9.non-responding spouse,ELSA,h6afmort,h6afmort:w6 flag: value of mortgage/prim res
10,10.institutional interview,ELSA,h6afmort,h6afmort:w6 flag: value of mortgage/prim res
1,1.continuous value,ELSA,h7afmort,h7afmort:w7 flag: value of mortgage/prim res
2,2.closed range bracket,ELSA,h7afmort,h7afmort:w7 flag: value of mortgage/prim res
3,3.open range bracket,ELSA,h7afmort,h7afmort:w7 flag: value of mortgage/prim res
5,5.no value/bracket,ELSA,h7afmort,h7afmort:w7 flag: value of mortgage/prim res
6,6.no asset,ELSA,h7afmort,h7afmort:w7 flag: value of mortgage/prim res
7,7.dk ownership,ELSA,h7afmort,h7afmort:w7 flag: value of mortgage/prim res
8,8.non-sample member,ELSA,h7afmort,h7afmort:w7 flag: value of mortgage/prim res
9,9.non-responding spouse,ELSA,h7afmort,h7afmort:w7 flag: value of mortgage/prim res
10,10.institutional interview,ELSA,h7afmort,h7afmort:w7 flag: value of mortgage/prim res
1,1.continuous value,ELSA,h8afmort,h8afmort:w8 flag: value of mortgage/prim res
2,2.closed range bracket,ELSA,h8afmort,h8afmort:w8 flag: value of mortgage/prim res
3,3.open range bracket,ELSA,h8afmort,h8afmort:w8 flag: value of mortgage/prim res
5,5.no value/bracket,ELSA,h8afmort,h8afmort:w8 flag: value of mortgage/prim res
6,6.no asset,ELSA,h8afmort,h8afmort:w8 flag: value of mortgage/prim res
7,7.dk ownership,ELSA,h8afmort,h8afmort:w8 flag: value of mortgage/prim res
8,8.non-sample member,ELSA,h8afmort,h8afmort:w8 flag: value of mortgage/prim res
9,9.non-responding spouse,ELSA,h8afmort,h8afmort:w8 flag: value of mortgage/prim res
10,10.institutional interview,ELSA,h8afmort,h8afmort:w8 flag: value of mortgage/prim res
1,1.continuous value,ELSA,h9afmort,h9afmort:w9 flag: value of mortgage/prim res
2,2.closed range bracket,ELSA,h9afmort,h9afmort:w9 flag: value of mortgage/prim res
3,3.open range bracket,ELSA,h9afmort,h9afmort:w9 flag: value of mortgage/prim res
5,5.no value/bracket,ELSA,h9afmort,h9afmort:w9 flag: value of mortgage/prim res
6,6.no asset,ELSA,h9afmort,h9afmort:w9 flag: value of mortgage/prim res
7,7.dk ownership,ELSA,h9afmort,h9afmort:w9 flag: value of mortgage/prim res
8,8.non-sample member,ELSA,h9afmort,h9afmort:w9 flag: value of mortgage/prim res
9,9.non-responding spouse,ELSA,h9afmort,h9afmort:w9 flag: value of mortgage/prim res
10,10.institutional interview,ELSA,h9afmort,h9afmort:w9 flag: value of mortgage/prim res
1,1.continuous value,ELSA,h10afmort,h10afmort:w10 flag: value of mortgage/prim res
2,2.closed range bracket,ELSA,h10afmort,h10afmort:w10 flag: value of mortgage/prim res
3,3.open range bracket,ELSA,h10afmort,h10afmort:w10 flag: value of mortgage/prim res
5,5.no value/bracket,ELSA,h10afmort,h10afmort:w10 flag: value of mortgage/prim res
6,6.no asset,ELSA,h10afmort,h10afmort:w10 flag: value of mortgage/prim res
7,7.dk ownership,ELSA,h10afmort,h10afmort:w10 flag: value of mortgage/prim res
8,8.non-sample member,ELSA,h10afmort,h10afmort:w10 flag: value of mortgage/prim res
9,9.non-responding spouse,ELSA,h10afmort,h10afmort:w10 flag: value of mortgage/prim res
10,10.institutional interview,ELSA,h10afmort,h10afmort:w10 flag: value of mortgage/prim res
0,0.Inap,MHAS,r1iwstat,r1iwstat: w1 R Interview Status
1,"1.Resp, alive",MHAS,r1iwstat,r1iwstat: w1 R Interview Status
4,"4.NR, alive",MHAS,r1iwstat,r1iwstat: w1 R Interview Status
5,"5.NR, died this wave",MHAS,r1iwstat,r1iwstat: w1 R Interview Status
6,"6.NR, died prev wave",MHAS,r1iwstat,r1iwstat: w1 R Interview Status
7,"7.NR, dropped from sample",MHAS,r1iwstat,r1iwstat: w1 R Interview Status
9,"9.NR, dk if alive or died",MHAS,r1iwstat,r1iwstat: w1 R Interview Status
,.d:DK,MHAS,r1iwstat,r1iwstat: w1 R Interview Status
,.i:Invalid,MHAS,r1iwstat,r1iwstat: w1 R Interview Status
,.m:Missing,MHAS,r1iwstat,r1iwstat: w1 R Interview Status
,.r:Refuse,MHAS,r1iwstat,r1iwstat: w1 R Interview Status
,.s:Skip,MHAS,r1iwstat,r1iwstat: w1 R Interview Status
,.u:Unmar,MHAS,r1iwstat,r1iwstat: w1 R Interview Status
,.v:SP NR,MHAS,r1iwstat,r1iwstat: w1 R Interview Status
0,0.Inap,MHAS,r2iwstat,r2iwstat: w2 R Interview Status
1,"1.Resp, alive",MHAS,r2iwstat,r2iwstat: w2 R Interview Status
4,"4.NR, alive",MHAS,r2iwstat,r2iwstat: w2 R Interview Status
5,"5.NR, died this wave",MHAS,r2iwstat,r2iwstat: w2 R Interview Status
6,"6.NR, died prev wave",MHAS,r2iwstat,r2iwstat: w2 R Interview Status
7,"7.NR, dropped from sample",MHAS,r2iwstat,r2iwstat: w2 R Interview Status
9,"9.NR, dk if alive or died",MHAS,r2iwstat,r2iwstat: w2 R Interview Status
,.d:DK,MHAS,r2iwstat,r2iwstat: w2 R Interview Status
,.i:Invalid,MHAS,r2iwstat,r2iwstat: w2 R Interview Status
,.m:Missing,MHAS,r2iwstat,r2iwstat: w2 R Interview Status
,.r:Refuse,MHAS,r2iwstat,r2iwstat: w2 R Interview Status
,.s:Skip,MHAS,r2iwstat,r2iwstat: w2 R Interview Status
,.u:Unmar,MHAS,r2iwstat,r2iwstat: w2 R Interview Status
,.v:SP NR,MHAS,r2iwstat,r2iwstat: w2 R Interview Status
0,0.Inap,MHAS,r3iwstat,r3iwstat: w3 R Interview Status
1,"1.Resp, alive",MHAS,r3iwstat,r3iwstat: w3 R Interview Status
4,"4.NR, alive",MHAS,r3iwstat,r3iwstat: w3 R Interview Status
5,"5.NR, died this wave",MHAS,r3iwstat,r3iwstat: w3 R Interview Status
6,"6.NR, died prev wave",MHAS,r3iwstat,r3iwstat: w3 R Interview Status
7,"7.NR, dropped from sample",MHAS,r3iwstat,r3iwstat: w3 R Interview Status
9,"9.NR, dk if alive or died",MHAS,r3iwstat,r3iwstat: w3 R Interview Status
,.d:DK,MHAS,r3iwstat,r3iwstat: w3 R Interview Status
,.i:Invalid,MHAS,r3iwstat,r3iwstat: w3 R Interview Status
,.m:Missing,MHAS,r3iwstat,r3iwstat: w3 R Interview Status
,.r:Refuse,MHAS,r3iwstat,r3iwstat: w3 R Interview Status
,.s:Skip,MHAS,r3iwstat,r3iwstat: w3 R Interview Status
,.u:Unmar,MHAS,r3iwstat,r3iwstat: w3 R Interview Status
,.v:SP NR,MHAS,r3iwstat,r3iwstat: w3 R Interview Status
0,0.Inap,MHAS,r4iwstat,r4iwstat: w4 R Interview Status
1,"1.Resp, alive",MHAS,r4iwstat,r4iwstat: w4 R Interview Status
4,"4.NR, alive",MHAS,r4iwstat,r4iwstat: w4 R Interview Status
5,"5.NR, died this wave",MHAS,r4iwstat,r4iwstat: w4 R Interview Status
6,"6.NR, died prev wave",MHAS,r4iwstat,r4iwstat: w4 R Interview Status
7,"7.NR, dropped from sample",MHAS,r4iwstat,r4iwstat: w4 R Interview Status
9,"9.NR, dk if alive or died",MHAS,r4iwstat,r4iwstat: w4 R Interview Status
,.d:DK,MHAS,r4iwstat,r4iwstat: w4 R Interview Status
,.i:Invalid,MHAS,r4iwstat,r4iwstat: w4 R Interview Status
,.m:Missing,MHAS,r4iwstat,r4iwstat: w4 R Interview Status
,.r:Refuse,MHAS,r4iwstat,r4iwstat: w4 R Interview Status
,.s:Skip,MHAS,r4iwstat,r4iwstat: w4 R Interview Status
,.u:Unmar,MHAS,r4iwstat,r4iwstat: w4 R Interview Status
,.v:SP NR,MHAS,r4iwstat,r4iwstat: w4 R Interview Status
0,0.Inap,MHAS,r5iwstat,r5iwstat: w5 R Interview Status
1,"1.Resp, alive",MHAS,r5iwstat,r5iwstat: w5 R Interview Status
4,"4.NR, alive",MHAS,r5iwstat,r5iwstat: w5 R Interview Status
5,"5.NR, died this wave",MHAS,r5iwstat,r5iwstat: w5 R Interview Status
6,"6.NR, died prev wave",MHAS,r5iwstat,r5iwstat: w5 R Interview Status
7,"7.NR, dropped from sample",MHAS,r5iwstat,r5iwstat: w5 R Interview Status
9,"9.NR, dk if alive or died",MHAS,r5iwstat,r5iwstat: w5 R Interview Status
,.d:DK,MHAS,r5iwstat,r5iwstat: w5 R Interview Status
,.i:Invalid,MHAS,r5iwstat,r5iwstat: w5 R Interview Status
,.m:Missing,MHAS,r5iwstat,r5iwstat: w5 R Interview Status
,.r:Refuse,MHAS,r5iwstat,r5iwstat: w5 R Interview Status
,.s:Skip,MHAS,r5iwstat,r5iwstat: w5 R Interview Status
,.u:Unmar,MHAS,r5iwstat,r5iwstat: w5 R Interview Status
,.v:SP NR,MHAS,r5iwstat,r5iwstat: w5 R Interview Status
0,0.Inap,MHAS,r6iwstat,r6iwstat: w6 R Interview Status
1,"1.Resp, alive",MHAS,r6iwstat,r6iwstat: w6 R Interview Status
4,"4.NR, alive",MHAS,r6iwstat,r6iwstat: w6 R Interview Status
5,"5.NR, died this wave",MHAS,r6iwstat,r6iwstat: w6 R Interview Status
6,"6.NR, died prev wave",MHAS,r6iwstat,r6iwstat: w6 R Interview Status
7,"7.NR, dropped from sample",MHAS,r6iwstat,r6iwstat: w6 R Interview Status
9,"9.NR, dk if alive or died",MHAS,r6iwstat,r6iwstat: w6 R Interview Status
,.d:DK,MHAS,r6iwstat,r6iwstat: w6 R Interview Status
,.i:Invalid,MHAS,r6iwstat,r6iwstat: w6 R Interview Status
,.m:Missing,MHAS,r6iwstat,r6iwstat: w6 R Interview Status
,.r:Refuse,MHAS,r6iwstat,r6iwstat: w6 R Interview Status
,.s:Skip,MHAS,r6iwstat,r6iwstat: w6 R Interview Status
,.u:Unmar,MHAS,r6iwstat,r6iwstat: w6 R Interview Status
,.v:SP NR,MHAS,r6iwstat,r6iwstat: w6 R Interview Status
0,0.Inap,MHAS,s1iwstat,s1iwstat: w1 S Interview Status
1,"1.Resp, alive",MHAS,s1iwstat,s1iwstat: w1 S Interview Status
4,"4.NR, alive",MHAS,s1iwstat,s1iwstat: w1 S Interview Status
5,"5.NR, died this wave",MHAS,s1iwstat,s1iwstat: w1 S Interview Status
6,"6.NR, died prev wave",MHAS,s1iwstat,s1iwstat: w1 S Interview Status
7,"7.NR, dropped from sample",MHAS,s1iwstat,s1iwstat: w1 S Interview Status
9,"9.NR, dk if alive or died",MHAS,s1iwstat,s1iwstat: w1 S Interview Status
,.d:DK,MHAS,s1iwstat,s1iwstat: w1 S Interview Status
,.i:Invalid,MHAS,s1iwstat,s1iwstat: w1 S Interview Status
,.m:Missing,MHAS,s1iwstat,s1iwstat: w1 S Interview Status
,.r:Refuse,MHAS,s1iwstat,s1iwstat: w1 S Interview Status
,.s:Skip,MHAS,s1iwstat,s1iwstat: w1 S Interview Status
,.u:Unmar,MHAS,s1iwstat,s1iwstat: w1 S Interview Status
,.v:SP NR,MHAS,s1iwstat,s1iwstat: w1 S Interview Status
0,0.Inap,MHAS,s2iwstat,s2iwstat: w2 S Interview Status
1,"1.Resp, alive",MHAS,s2iwstat,s2iwstat: w2 S Interview Status
4,"4.NR, alive",MHAS,s2iwstat,s2iwstat: w2 S Interview Status
5,"5.NR, died this wave",MHAS,s2iwstat,s2iwstat: w2 S Interview Status
6,"6.NR, died prev wave",MHAS,s2iwstat,s2iwstat: w2 S Interview Status
7,"7.NR, dropped from sample",MHAS,s2iwstat,s2iwstat: w2 S Interview Status
9,"9.NR, dk if alive or died",MHAS,s2iwstat,s2iwstat: w2 S Interview Status
,.d:DK,MHAS,s2iwstat,s2iwstat: w2 S Interview Status
,.i:Invalid,MHAS,s2iwstat,s2iwstat: w2 S Interview Status
,.m:Missing,MHAS,s2iwstat,s2iwstat: w2 S Interview Status
,.r:Refuse,MHAS,s2iwstat,s2iwstat: w2 S Interview Status
,.s:Skip,MHAS,s2iwstat,s2iwstat: w2 S Interview Status
,.u:Unmar,MHAS,s2iwstat,s2iwstat: w2 S Interview Status
,.v:SP NR,MHAS,s2iwstat,s2iwstat: w2 S Interview Status
0,0.Inap,MHAS,s3iwstat,s3iwstat: w3 S Interview Status
1,"1.Resp, alive",MHAS,s3iwstat,s3iwstat: w3 S Interview Status
4,"4.NR, alive",MHAS,s3iwstat,s3iwstat: w3 S Interview Status
5,"5.NR, died this wave",MHAS,s3iwstat,s3iwstat: w3 S Interview Status
6,"6.NR, died prev wave",MHAS,s3iwstat,s3iwstat: w3 S Interview Status
7,"7.NR, dropped from sample",MHAS,s3iwstat,s3iwstat: w3 S Interview Status
9,"9.NR, dk if alive or died",MHAS,s3iwstat,s3iwstat: w3 S Interview Status
,.d:DK,MHAS,s3iwstat,s3iwstat: w3 S Interview Status
,.i:Invalid,MHAS,s3iwstat,s3iwstat: w3 S Interview Status
,.m:Missing,MHAS,s3iwstat,s3iwstat: w3 S Interview Status
,.r:Refuse,MHAS,s3iwstat,s3iwstat: w3 S Interview Status
,.s:Skip,MHAS,s3iwstat,s3iwstat: w3 S Interview Status
,.u:Unmar,MHAS,s3iwstat,s3iwstat: w3 S Interview Status
,.v:SP NR,MHAS,s3iwstat,s3iwstat: w3 S Interview Status
0,0.Inap,MHAS,s4iwstat,s4iwstat: w4 S Interview Status
1,"1.Resp, alive",MHAS,s4iwstat,s4iwstat: w4 S Interview Status
4,"4.NR, alive",MHAS,s4iwstat,s4iwstat: w4 S Interview Status
5,"5.NR, died this wave",MHAS,s4iwstat,s4iwstat: w4 S Interview Status
6,"6.NR, died prev wave",MHAS,s4iwstat,s4iwstat: w4 S Interview Status
7,"7.NR, dropped from sample",MHAS,s4iwstat,s4iwstat: w4 S Interview Status
9,"9.NR, dk if alive or died",MHAS,s4iwstat,s4iwstat: w4 S Interview Status
,.d:DK,MHAS,s4iwstat,s4iwstat: w4 S Interview Status
,.i:Invalid,MHAS,s4iwstat,s4iwstat: w4 S Interview Status
,.m:Missing,MHAS,s4iwstat,s4iwstat: w4 S Interview Status
,.r:Refuse,MHAS,s4iwstat,s4iwstat: w4 S Interview Status
,.s:Skip,MHAS,s4iwstat,s4iwstat: w4 S Interview Status
,.u:Unmar,MHAS,s4iwstat,s4iwstat: w4 S Interview Status
,.v:SP NR,MHAS,s4iwstat,s4iwstat: w4 S Interview Status
0,0.Inap,MHAS,s5iwstat,s5iwstat: w5 S Interview Status
1,"1.Resp, alive",MHAS,s5iwstat,s5iwstat: w5 S Interview Status
4,"4.NR, alive",MHAS,s5iwstat,s5iwstat: w5 S Interview Status
5,"5.NR, died this wave",MHAS,s5iwstat,s5iwstat: w5 S Interview Status
6,"6.NR, died prev wave",MHAS,s5iwstat,s5iwstat: w5 S Interview Status
7,"7.NR, dropped from sample",MHAS,s5iwstat,s5iwstat: w5 S Interview Status
9,"9.NR, dk if alive or died",MHAS,s5iwstat,s5iwstat: w5 S Interview Status
,.d:DK,MHAS,s5iwstat,s5iwstat: w5 S Interview Status
,.i:Invalid,MHAS,s5iwstat,s5iwstat: w5 S Interview Status
,.m:Missing,MHAS,s5iwstat,s5iwstat: w5 S Interview Status
,.r:Refuse,MHAS,s5iwstat,s5iwstat: w5 S Interview Status
,.s:Skip,MHAS,s5iwstat,s5iwstat: w5 S Interview Status
,.u:Unmar,MHAS,s5iwstat,s5iwstat: w5 S Interview Status
,.v:SP NR,MHAS,s5iwstat,s5iwstat: w5 S Interview Status
0,0.Inap,MHAS,s6iwstat,s6iwstat: w6 S Interview Status
1,"1.Resp, alive",MHAS,s6iwstat,s6iwstat: w6 S Interview Status
4,"4.NR, alive",MHAS,s6iwstat,s6iwstat: w6 S Interview Status
5,"5.NR, died this wave",MHAS,s6iwstat,s6iwstat: w6 S Interview Status
6,"6.NR, died prev wave",MHAS,s6iwstat,s6iwstat: w6 S Interview Status
7,"7.NR, dropped from sample",MHAS,s6iwstat,s6iwstat: w6 S Interview Status
9,"9.NR, dk if alive or died",MHAS,s6iwstat,s6iwstat: w6 S Interview Status
,.d:DK,MHAS,s6iwstat,s6iwstat: w6 S Interview Status
,.i:Invalid,MHAS,s6iwstat,s6iwstat: w6 S Interview Status
,.m:Missing,MHAS,s6iwstat,s6iwstat: w6 S Interview Status
,.r:Refuse,MHAS,s6iwstat,s6iwstat: w6 S Interview Status
,.s:Skip,MHAS,s6iwstat,s6iwstat: w6 S Interview Status
,.u:Unmar,MHAS,s6iwstat,s6iwstat: w6 S Interview Status
,.v:SP NR,MHAS,s6iwstat,s6iwstat: w6 S Interview Status
-1,-1.No Imput:section not complete,MHAS,h1afmort,h1afmort:w1 AsstFlag: value of mortgage/prim res
0,0.Not imputed,MHAS,h1afmort,h1afmort:w1 AsstFlag: value of mortgage/prim res
1,1.Imputed,MHAS,h1afmort,h1afmort:w1 AsstFlag: value of mortgage/prim res
,.d:DK,MHAS,h1afmort,h1afmort:w1 AsstFlag: value of mortgage/prim res
,.i:Invalid,MHAS,h1afmort,h1afmort:w1 AsstFlag: value of mortgage/prim res
,.m:Missing,MHAS,h1afmort,h1afmort:w1 AsstFlag: value of mortgage/prim res
,.r:Refuse,MHAS,h1afmort,h1afmort:w1 AsstFlag: value of mortgage/prim res
,.s:Skip,MHAS,h1afmort,h1afmort:w1 AsstFlag: value of mortgage/prim res
,.u:Unmar,MHAS,h1afmort,h1afmort:w1 AsstFlag: value of mortgage/prim res
,.v:SP NR,MHAS,h1afmort,h1afmort:w1 AsstFlag: value of mortgage/prim res
-1,-1.No Imput:section not complete,MHAS,h2afmort,h2afmort:w2 AsstFlag: value of mortgage/prim res
0,0.Not imputed,MHAS,h2afmort,h2afmort:w2 AsstFlag: value of mortgage/prim res
1,1.Imputed,MHAS,h2afmort,h2afmort:w2 AsstFlag: value of mortgage/prim res
,.d:DK,MHAS,h2afmort,h2afmort:w2 AsstFlag: value of mortgage/prim res
,.i:Invalid,MHAS,h2afmort,h2afmort:w2 AsstFlag: value of mortgage/prim res
,.m:Missing,MHAS,h2afmort,h2afmort:w2 AsstFlag: value of mortgage/prim res
,.r:Refuse,MHAS,h2afmort,h2afmort:w2 AsstFlag: value of mortgage/prim res
,.s:Skip,MHAS,h2afmort,h2afmort:w2 AsstFlag: value of mortgage/prim res
,.u:Unmar,MHAS,h2afmort,h2afmort:w2 AsstFlag: value of mortgage/prim res
,.v:SP NR,MHAS,h2afmort,h2afmort:w2 AsstFlag: value of mortgage/prim res
-1,-1.No Imput:section not complete,MHAS,h3afmort,h3afmort:w3 AsstFlag: value of mortgage/prim res
0,0.Not imputed,MHAS,h3afmort,h3afmort:w3 AsstFlag: value of mortgage/prim res
1,1.Imputed,MHAS,h3afmort,h3afmort:w3 AsstFlag: value of mortgage/prim res
,.d:DK,MHAS,h3afmort,h3afmort:w3 AsstFlag: value of mortgage/prim res
,.i:Invalid,MHAS,h3afmort,h3afmort:w3 AsstFlag: value of mortgage/prim res
,.m:Missing,MHAS,h3afmort,h3afmort:w3 AsstFlag: value of mortgage/prim res
,.r:Refuse,MHAS,h3afmort,h3afmort:w3 AsstFlag: value of mortgage/prim res
,.s:Skip,MHAS,h3afmort,h3afmort:w3 AsstFlag: value of mortgage/prim res
,.u:Unmar,MHAS,h3afmort,h3afmort:w3 AsstFlag: value of mortgage/prim res
,.v:SP NR,MHAS,h3afmort,h3afmort:w3 AsstFlag: value of mortgage/prim res
-1,-1.No Imput:section not complete,MHAS,h4afmort,h4afmort:w4 AsstFlag: value of mortgage/prim res
0,0.Not imputed,MHAS,h4afmort,h4afmort:w4 AsstFlag: value of mortgage/prim res
1,1.Imputed,MHAS,h4afmort,h4afmort:w4 AsstFlag: value of mortgage/prim res
,.d:DK,MHAS,h4afmort,h4afmort:w4 AsstFlag: value of mortgage/prim res
,.i:Invalid,MHAS,h4afmort,h4afmort:w4 AsstFlag: value of mortgage/prim res
,.m:Missing,MHAS,h4afmort,h4afmort:w4 AsstFlag: value of mortgage/prim res
,.r:Refuse,MHAS,h4afmort,h4afmort:w4 AsstFlag: value of mortgage/prim res
,.s:Skip,MHAS,h4afmort,h4afmort:w4 AsstFlag: value of mortgage/prim res
,.u:Unmar,MHAS,h4afmort,h4afmort:w4 AsstFlag: value of mortgage/prim res
,.v:SP NR,MHAS,h4afmort,h4afmort:w4 AsstFlag: value of mortgage/prim res
-1,-1.No Imput:section not complete,MHAS,h5afmort,h5afmort:w5 AsstFlag: value of mortgage/prim res
0,0.Not imputed,MHAS,h5afmort,h5afmort:w5 AsstFlag: value of mortgage/prim res
1,1.Imputed,MHAS,h5afmort,h5afmort:w5 AsstFlag: value of mortgage/prim res
,.d:DK,MHAS,h5afmort,h5afmort:w5 AsstFlag: value of mortgage/prim res
,.i:Invalid,MHAS,h5afmort,h5afmort:w5 AsstFlag: value of mortgage/prim res
,.m:Missing,MHAS,h5afmort,h5afmort:w5 AsstFlag: value of mortgage/prim res
,.r:Refuse,MHAS,h5afmort,h5afmort:w5 AsstFlag: value of mortgage/prim res
,.s:Skip,MHAS,h5afmort,h5afmort:w5 AsstFlag: value of mortgage/prim res
,.u:Unmar,MHAS,h5afmort,h5afmort:w5 AsstFlag: value of mortgage/prim res
,.v:SP NR,MHAS,h5afmort,h5afmort:w5 AsstFlag: value of mortgage/prim res
-1,-1.No Imput:section not complete,MHAS,h6afmort,h6afmort:w6 AsstFlag: value of mortgage/prim res
0,0.Not imputed,MHAS,h6afmort,h6afmort:w6 AsstFlag: value of mortgage/prim res
1,1.Imputed,MHAS,h6afmort,h6afmort:w6 AsstFlag: value of mortgage/prim res
,.d:DK,MHAS,h6afmort,h6afmort:w6 AsstFlag: value of mortgage/prim res
,.i:Invalid,MHAS,h6afmort,h6afmort:w6 AsstFlag: value of mortgage/prim res
,.m:Missing,MHAS,h6afmort,h6afmort:w6 AsstFlag: value of mortgage/prim res
,.r:Refuse,MHAS,h6afmort,h6afmort:w6 AsstFlag: value of mortgage/prim res
,.s:Skip,MHAS,h6afmort,h6afmort:w6 AsstFlag: value of mortgage/prim res
,.u:Unmar,MHAS,h6afmort,h6afmort:w6 AsstFlag: value of mortgage/prim res
,.v:SP NR,MHAS,h6afmort,h6afmort:w6 AsstFlag: value of mortgage/prim res
0,0.No,MHAS,h1chdeathe,h1chdeathe: w1 R+S Ever experienced death of own child
1,1.Yes,MHAS,h1chdeathe,h1chdeathe: w1 R+S Ever experienced death of own child
,.d:DK,MHAS,h1chdeathe,h1chdeathe: w1 R+S Ever experienced death of own child
,.e:Error,MHAS,h1chdeathe,h1chdeathe: w1 R+S Ever experienced death of own child
,.f:No children,MHAS,h1chdeathe,h1chdeathe: w1 R+S Ever experienced death of own child
,.i:Invalid,MHAS,h1chdeathe,h1chdeathe: w1 R+S Ever experienced death of own child
,.m:Missing,MHAS,h1chdeathe,h1chdeathe: w1 R+S Ever experienced death of own child
,.n:never had children,MHAS,h1chdeathe,h1chdeathe: w1 R+S Ever experienced death of own child
,.q:not available this wave,MHAS,h1chdeathe,h1chdeathe: w1 R+S Ever experienced death of own child
,.r:Refuse,MHAS,h1chdeathe,h1chdeathe: w1 R+S Ever experienced death of own child
,.s:Skip,MHAS,h1chdeathe,h1chdeathe: w1 R+S Ever experienced death of own child
,.u:Unmar,MHAS,h1chdeathe,h1chdeathe: w1 R+S Ever experienced death of own child
,.v:SP NR,MHAS,h1chdeathe,h1chdeathe: w1 R+S Ever experienced death of own child
0,0.No,MHAS,h2chdeathe,h2chdeathe: w2 R+S Ever experienced death of own child
1,1.Yes,MHAS,h2chdeathe,h2chdeathe: w2 R+S Ever experienced death of own child
,.d:DK,MHAS,h2chdeathe,h2chdeathe: w2 R+S Ever experienced death of own child
,.e:Error,MHAS,h2chdeathe,h2chdeathe: w2 R+S Ever experienced death of own child
,.f:No children,MHAS,h2chdeathe,h2chdeathe: w2 R+S Ever experienced death of own child
,.i:Invalid,MHAS,h2chdeathe,h2chdeathe: w2 R+S Ever experienced death of own child
,.m:Missing,MHAS,h2chdeathe,h2chdeathe: w2 R+S Ever experienced death of own child
,.n:never had children,MHAS,h2chdeathe,h2chdeathe: w2 R+S Ever experienced death of own child
,.q:not available this wave,MHAS,h2chdeathe,h2chdeathe: w2 R+S Ever experienced death of own child
,.r:Refuse,MHAS,h2chdeathe,h2chdeathe: w2 R+S Ever experienced death of own child
,.s:Skip,MHAS,h2chdeathe,h2chdeathe: w2 R+S Ever experienced death of own child
,.u:Unmar,MHAS,h2chdeathe,h2chdeathe: w2 R+S Ever experienced death of own child
,.v:SP NR,MHAS,h2chdeathe,h2chdeathe: w2 R+S Ever experienced death of own child
0,0.No,MHAS,h3chdeathe,h3chdeathe: w3 R+S Ever experienced death of own child
1,1.Yes,MHAS,h3chdeathe,h3chdeathe: w3 R+S Ever experienced death of own child
,.d:DK,MHAS,h3chdeathe,h3chdeathe: w3 R+S Ever experienced death of own child
,.e:Error,MHAS,h3chdeathe,h3chdeathe: w3 R+S Ever experienced death of own child
,.f:No children,MHAS,h3chdeathe,h3chdeathe: w3 R+S Ever experienced death of own child
,.i:Invalid,MHAS,h3chdeathe,h3chdeathe: w3 R+S Ever experienced death of own child
,.m:Missing,MHAS,h3chdeathe,h3chdeathe: w3 R+S Ever experienced death of own child
,.n:never had children,MHAS,h3chdeathe,h3chdeathe: w3 R+S Ever experienced death of own child
,.q:not available this wave,MHAS,h3chdeathe,h3chdeathe: w3 R+S Ever experienced death of own child
,.r:Refuse,MHAS,h3chdeathe,h3chdeathe: w3 R+S Ever experienced death of own child
,.s:Skip,MHAS,h3chdeathe,h3chdeathe: w3 R+S Ever experienced death of own child
,.u:Unmar,MHAS,h3chdeathe,h3chdeathe: w3 R+S Ever experienced death of own child
,.v:SP NR,MHAS,h3chdeathe,h3chdeathe: w3 R+S Ever experienced death of own child
0,0.No,MHAS,h4chdeathe,h4chdeathe: w4 R+S Ever experienced death of own child
1,1.Yes,MHAS,h4chdeathe,h4chdeathe: w4 R+S Ever experienced death of own child
,.d:DK,MHAS,h4chdeathe,h4chdeathe: w4 R+S Ever experienced death of own child
,.e:Error,MHAS,h4chdeathe,h4chdeathe: w4 R+S Ever experienced death of own child
,.f:No children,MHAS,h4chdeathe,h4chdeathe: w4 R+S Ever experienced death of own child
,.i:Invalid,MHAS,h4chdeathe,h4chdeathe: w4 R+S Ever experienced death of own child
,.m:Missing,MHAS,h4chdeathe,h4chdeathe: w4 R+S Ever experienced death of own child
,.n:never had children,MHAS,h4chdeathe,h4chdeathe: w4 R+S Ever experienced death of own child
,.q:not available this wave,MHAS,h4chdeathe,h4chdeathe: w4 R+S Ever experienced death of own child
,.r:Refuse,MHAS,h4chdeathe,h4chdeathe: w4 R+S Ever experienced death of own child
,.s:Skip,MHAS,h4chdeathe,h4chdeathe: w4 R+S Ever experienced death of own child
,.u:Unmar,MHAS,h4chdeathe,h4chdeathe: w4 R+S Ever experienced death of own child
,.v:SP NR,MHAS,h4chdeathe,h4chdeathe: w4 R+S Ever experienced death of own child
0,0.No,MHAS,h5chdeathe,h5chdeathe: w5 R+S Ever experienced death of own child
1,1.Yes,MHAS,h5chdeathe,h5chdeathe: w5 R+S Ever experienced death of own child
,.d:DK,MHAS,h5chdeathe,h5chdeathe: w5 R+S Ever experienced death of own child
,.e:Error,MHAS,h5chdeathe,h5chdeathe: w5 R+S Ever experienced death of own child
,.f:No children,MHAS,h5chdeathe,h5chdeathe: w5 R+S Ever experienced death of own child
,.i:Invalid,MHAS,h5chdeathe,h5chdeathe: w5 R+S Ever experienced death of own child
,.m:Missing,MHAS,h5chdeathe,h5chdeathe: w5 R+S Ever experienced death of own child
,.n:never had children,MHAS,h5chdeathe,h5chdeathe: w5 R+S Ever experienced death of own child
,.q:not available this wave,MHAS,h5chdeathe,h5chdeathe: w5 R+S Ever experienced death of own child
,.r:Refuse,MHAS,h5chdeathe,h5chdeathe: w5 R+S Ever experienced death of own child
,.s:Skip,MHAS,h5chdeathe,h5chdeathe: w5 R+S Ever experienced death of own child
,.u:Unmar,MHAS,h5chdeathe,h5chdeathe: w5 R+S Ever experienced death of own child
,.v:SP NR,MHAS,h5chdeathe,h5chdeathe: w5 R+S Ever experienced death of own child
0,0.No,MHAS,h6chdeathe,h6chdeathe: w6 R+S Ever experienced death of own child
1,1.Yes,MHAS,h6chdeathe,h6chdeathe: w6 R+S Ever experienced death of own child
,.d:DK,MHAS,h6chdeathe,h6chdeathe: w6 R+S Ever experienced death of own child
,.e:Error,MHAS,h6chdeathe,h6chdeathe: w6 R+S Ever experienced death of own child
,.f:No children,MHAS,h6chdeathe,h6chdeathe: w6 R+S Ever experienced death of own child
,.i:Invalid,MHAS,h6chdeathe,h6chdeathe: w6 R+S Ever experienced death of own child
,.m:Missing,MHAS,h6chdeathe,h6chdeathe: w6 R+S Ever experienced death of own child
,.n:never had children,MHAS,h6chdeathe,h6chdeathe: w6 R+S Ever experienced death of own child
,.q:not available this wave,MHAS,h6chdeathe,h6chdeathe: w6 R+S Ever experienced death of own child
,.r:Refuse,MHAS,h6chdeathe,h6chdeathe: w6 R+S Ever experienced death of own child
,.s:Skip,MHAS,h6chdeathe,h6chdeathe: w6 R+S Ever experienced death of own child
,.u:Unmar,MHAS,h6chdeathe,h6chdeathe: w6 R+S Ever experienced death of own child
,.v:SP NR,MHAS,h6chdeathe,h6chdeathe: w6 R+S Ever experienced death of own child
0,0.No,MHAS,r6ccdied,r6ccdied: w6 R Child died from COVID-19
1,1.Yes,MHAS,r6ccdied,r6ccdied: w6 R Child died from COVID-19
,.c:did not have covid,MHAS,r6ccdied,r6ccdied: w6 R Child died from COVID-19
,.d:DK,MHAS,r6ccdied,r6ccdied: w6 R Child died from COVID-19
,.i:Invalid,MHAS,r6ccdied,r6ccdied: w6 R Child died from COVID-19
,.m:Missing,MHAS,r6ccdied,r6ccdied: w6 R Child died from COVID-19
,.n:no living children,MHAS,r6ccdied,r6ccdied: w6 R Child died from COVID-19
,.p:proxy ivw,MHAS,r6ccdied,r6ccdied: w6 R Child died from COVID-19
,.r:Refuse,MHAS,r6ccdied,r6ccdied: w6 R Child died from COVID-19
,.s:Skip,MHAS,r6ccdied,r6ccdied: w6 R Child died from COVID-19
,.u:Unmar,MHAS,r6ccdied,r6ccdied: w6 R Child died from COVID-19
,.v:SP NR,MHAS,r6ccdied,r6ccdied: w6 R Child died from COVID-19
0,0.No,MHAS,s6ccdied,s6ccdied: w6 S Child died from COVID-19
1,1.Yes,MHAS,s6ccdied,s6ccdied: w6 S Child died from COVID-19
,.c:did not have covid,MHAS,s6ccdied,s6ccdied: w6 S Child died from COVID-19
,.d:DK,MHAS,s6ccdied,s6ccdied: w6 S Child died from COVID-19
,.i:Invalid,MHAS,s6ccdied,s6ccdied: w6 S Child died from COVID-19
,.m:Missing,MHAS,s6ccdied,s6ccdied: w6 S Child died from COVID-19
,.n:no living children,MHAS,s6ccdied,s6ccdied: w6 S Child died from COVID-19
,.p:proxy ivw,MHAS,s6ccdied,s6ccdied: w6 S Child died from COVID-19
,.r:Refuse,MHAS,s6ccdied,s6ccdied: w6 S Child died from COVID-19
,.s:Skip,MHAS,s6ccdied,s6ccdied: w6 S Child died from COVID-19
,.u:Unmar,MHAS,s6ccdied,s6ccdied: w6 S Child died from COVID-19
,.v:SP NR,MHAS,s6ccdied,s6ccdied: w6 S Child died from COVID-19
