cohort,outer_split,method,calibration_fraction_total_persons,inner_attempts,inner_successes,fit_success_rate,total_persons,evaluation_persons,evaluation_records,evaluation_events,median_calibration_persons,median_calibration_records,median_calibration_events,median_calibration_event_persons,median_auc,median_brier,median_delta_brier_vs_raw,median_citl,median_abs_citl,median_slope,median_abs_slope_error,proportion_abs_citl_le_0_20,proportion_brier_within_plus_0_001,proportion_brier_improved,descriptive_tolerance_met
CHARLS,1,intercept_and_slope,0.05,100,100,1.0,3915,1566,1566,321,195.0,195.0,39.0,39.0,0.6669606776013712,0.1535527702378095,-0.007975449613948693,0.01036400408575073,0.1285377286089851,0.9775571811524908,0.208904606564633,0.76,1.0,1.0,False
CHARLS,1,intercept_and_slope,0.1,100,100,1.0,3915,1566,1566,321,391.0,391.0,78.0,78.0,0.6669606776013712,0.1526848422474405,-0.008843377604317679,0.034472066612374036,0.07591034923749426,0.997036524544566,0.1494627234778872,0.89,1.0,1.0,False
CHARLS,1,intercept_and_slope,0.2,100,100,1.0,3915,1566,1566,321,783.0,783.0,157.0,157.0,0.6669606776013712,0.15244302235637303,-0.00908519749538518,0.03574758604754717,0.04954563697172845,1.0142060081736017,0.10736086604559941,0.99,1.0,1.0,False
CHARLS,1,intercept_and_slope,0.3,100,100,1.0,3915,1566,1566,321,1174.0,1174.0,233.0,233.0,0.6669606776013712,0.15236318316052466,-0.009165036691233516,0.03598765233117643,0.04173868520101972,1.0011098573222001,0.051776801963299035,1.0,1.0,1.0,True
CHARLS,1,intercept_and_slope,0.4,100,100,1.0,3915,1566,1566,321,1566.0,1566.0,311.5,311.5,0.6669606776013712,0.15229742642309982,-0.009230793428658374,0.031628586486657645,0.03540429357204673,0.9778485117701642,0.045221548261534794,1.0,1.0,1.0,True
CHARLS,1,intercept_and_slope,0.5,100,100,1.0,3915,1566,1566,321,1957.0,1957.0,388.5,388.5,0.6669606776013712,0.15228265955552017,-0.00924556029623802,0.03883509962445758,0.03883509962445758,0.9900597660803981,0.02565753016848321,1.0,1.0,1.0,True
CHARLS,1,intercept_and_slope,0.6,100,100,1.0,3915,1566,1566,321,2349.0,2349.0,466.0,466.0,0.6669606776013712,0.15226323271608053,-0.009264987135677666,0.03926067160414135,0.03926067160414135,0.9840486638571885,0.015951336142811523,1.0,1.0,1.0,True
CHARLS,1,intercept_only,0.05,100,100,1.0,3915,1566,1566,321,195.0,195.0,39.0,39.0,0.6669606776013712,0.1527519764244535,-0.00877624342730468,0.014497850064622113,0.12804158943230715,0.8465022734251885,0.15349772657481153,0.76,1.0,1.0,False
CHARLS,1,intercept_only,0.1,100,100,1.0,3915,1566,1566,321,391.0,391.0,78.0,78.0,0.6669606776013712,0.15247902558698534,-0.009049194264772839,0.03553641099418922,0.07762306030172895,0.8465022734251885,0.15349772657481153,0.89,1.0,1.0,True
CHARLS,1,intercept_only,0.2,100,100,1.0,3915,1566,1566,321,783.0,783.0,157.0,157.0,0.6669606776013712,0.1523876145115683,-0.009140605340189886,0.035653788185233355,0.04968833270618419,0.8465022734251885,0.15349772657481153,0.99,1.0,1.0,True
CHARLS,1,intercept_only,0.3,100,100,1.0,3915,1566,1566,321,1174.0,1174.0,233.0,233.0,0.6669606776013712,0.152367569510993,-0.0091606503407652,0.03614752467005779,0.042044758676462894,0.8465022734251885,0.15349772657481153,1.0,1.0,1.0,True
CHARLS,1,intercept_only,0.4,100,100,1.0,3915,1566,1566,321,1566.0,1566.0,311.5,311.5,0.6669606776013712,0.1523586749259875,-0.009169544925770684,0.03286162851795646,0.034446101223707094,0.8465022734251885,0.15349772657481153,1.0,1.0,1.0,True
CHARLS,1,intercept_only,0.5,100,100,1.0,3915,1566,1566,321,1957.0,1957.0,388.5,388.5,0.6669606776013712,0.15234947369743956,-0.009178746154318643,0.0388862303008429,0.0388862303008429,0.8465022734251885,0.15349772657481153,1.0,1.0,1.0,True
CHARLS,1,intercept_only,0.6,100,100,1.0,3915,1566,1566,321,2349.0,2349.0,466.0,466.0,0.6669606776013712,0.15234445496367532,-0.009183764888082868,0.03938827653673089,0.03938827653673089,0.8465022734251885,0.15349772657481153,1.0,1.0,1.0,True
CHARLS,1,none,0.0,1,1,1.0,3915,1566,1566,321,0.0,0.0,0.0,0.0,0.6669606776013712,0.1615282198517582,0.0,0.7699757061839316,0.7699757061839316,0.8465022734251885,0.15349772657481153,0.0,1.0,1.0,False
CHARLS,2,intercept_and_slope,0.05,100,100,1.0,3915,1566,1566,307,195.0,195.0,40.0,40.0,0.6663902637168737,0.14735277062633179,-0.007338926080699734,-0.01223853740228539,0.12146575735067933,1.118318779497462,0.21591593996978742,0.76,1.0,1.0,False
CHARLS,2,intercept_and_slope,0.1,100,100,1.0,3915,1566,1566,307,391.0,391.0,80.0,80.0,0.6663902637168737,0.14663540906333472,-0.008056287643696827,-0.002201979213861861,0.07299951995631637,1.0489660807753018,0.10969760982944798,0.94,1.0,1.0,False
CHARLS,2,intercept_and_slope,0.2,100,100,1.0,3915,1566,1566,307,783.0,783.0,160.0,160.0,0.6663902637168737,0.14665616494272465,-0.008035531764306894,-0.009047802859891695,0.06836892137711162,1.073381268074788,0.08811483682381349,1.0,1.0,1.0,True
CHARLS,2,intercept_and_slope,0.3,100,100,1.0,3915,1566,1566,307,1174.0,1174.0,238.5,238.5,0.6663902637168737,0.14653887787408126,-0.008152818832950284,-0.0027613572860458943,0.038742029092446874,1.066759466848898,0.07964483542877365,1.0,1.0,1.0,True
CHARLS,2,intercept_and_slope,0.4,100,100,1.0,3915,1566,1566,307,1566.0,1566.0,320.0,320.0,0.6663902637168737,0.14648973672635698,-0.00820195998067455,-0.012480630259839844,0.026055643983959327,1.0771917250308791,0.07719172503087912,1.0,1.0,1.0,True
CHARLS,2,intercept_and_slope,0.5,100,100,1.0,3915,1566,1566,307,1957.0,1957.0,400.5,400.5,0.6663902637168737,0.14647864754817064,-0.008213049158860883,-0.010417385947004528,0.01611049267946741,1.0865594165243528,0.08655941652435284,1.0,1.0,1.0,True
CHARLS,2,intercept_and_slope,0.6,100,100,1.0,3915,1566,1566,307,2349.0,2349.0,480.0,480.0,0.6663902637168737,0.1464665989434281,-0.008225097763603445,-0.009512168149139294,0.009512168149139294,1.0837869771150725,0.08378697711507255,1.0,1.0,1.0,True
CHARLS,2,intercept_only,0.05,100,100,1.0,3915,1566,1566,307,195.0,195.0,40.0,40.0,0.6663902637168737,0.14651906812205445,-0.008172628584977068,-0.0006806917932457692,0.1282875331224357,0.8966304956743499,0.10336950432565006,0.76,1.0,1.0,False
CHARLS,2,intercept_only,0.1,100,100,1.0,3915,1566,1566,307,391.0,391.0,80.0,80.0,0.6663902637168737,0.14630569555674378,-0.008386001150287772,-0.003097745910641941,0.07155575497986899,0.8966304956743499,0.10336950432565006,0.92,1.0,1.0,True
CHARLS,2,intercept_only,0.2,100,100,1.0,3915,1566,1566,307,783.0,783.0,160.0,160.0,0.6663902637168737,0.14630399509516262,-0.0083877016118689,-0.0022517537745807416,0.07038828633360382,0.8966304956743499,0.10336950432565006,0.99,1.0,1.0,True
CHARLS,2,intercept_only,0.3,100,100,1.0,3915,1566,1566,307,1174.0,1174.0,238.5,238.5,0.6663902637168737,0.14620156913180019,-0.008490127575231349,0.008003664794406031,0.03863641264916472,0.8966304956743499,0.10336950432565006,1.0,1.0,1.0,True
CHARLS,2,intercept_only,0.4,100,100,1.0,3915,1566,1566,307,1566.0,1566.0,320.0,320.0,0.6663902637168737,0.14619713553581098,-0.00849456117122055,-0.004716276384537591,0.025653173132199458,0.8966304956743499,0.10336950432565006,1.0,1.0,1.0,True
CHARLS,2,intercept_only,0.5,100,100,1.0,3915,1566,1566,307,1957.0,1957.0,400.5,400.5,0.6663902637168737,0.14618382341460023,-0.0085078732924313,-0.002634533596989693,0.01529587289034836,0.8966304956743499,0.10336950432565006,1.0,1.0,1.0,True
CHARLS,2,intercept_only,0.6,100,100,1.0,3915,1566,1566,307,2349.0,2349.0,480.0,480.0,0.6663902637168737,0.146183183586065,-0.008508513120966538,-0.002185233220069635,0.002185233220069635,0.8966304956743499,0.10336950432565006,1.0,1.0,1.0,True
CHARLS,2,none,0.0,1,1,1.0,3915,1566,1566,307,0.0,0.0,0.0,0.0,0.6663902637168737,0.15469169670703153,0.0,0.7450778322123802,0.7450778322123802,0.8966304956743499,0.10336950432565006,0.0,1.0,1.0,False
CHARLS,3,intercept_and_slope,0.05,100,100,1.0,3915,1566,1566,314,195.0,195.0,39.5,39.5,0.6551174172279767,0.151292178029524,-0.0070907004593809275,-0.016078272820932472,0.10997187093277536,0.954551532927755,0.19130891020251767,0.72,0.98,0.97,False
CHARLS,3,intercept_and_slope,0.1,100,100,1.0,3915,1566,1566,314,391.0,391.0,79.0,79.0,0.6551174172279767,0.15080448500383684,-0.007578393485068086,-0.0142613468070652,0.08552981926634595,0.9939180640037577,0.16215905067202718,0.88,1.0,1.0,False
CHARLS,3,intercept_and_slope,0.2,100,100,1.0,3915,1566,1566,314,783.0,783.0,157.0,157.0,0.6551174172279767,0.1503334299920332,-0.008049448496871725,-0.005496523784424201,0.04825321640551109,0.9781922230009972,0.08535311414617536,0.99,1.0,1.0,True
CHARLS,3,intercept_and_slope,0.3,100,100,1.0,3915,1566,1566,314,1174.0,1174.0,238.0,238.0,0.6551174172279767,0.15027856991379923,-0.008104308575105676,-0.017958102626608505,0.034740709686517685,0.9507884716787501,0.06969399845804458,1.0,1.0,1.0,True
CHARLS,3,intercept_and_slope,0.4,100,100,1.0,3915,1566,1566,314,1566.0,1566.0,316.0,316.0,0.6551174172279767,0.15021907146101832,-0.008163807027886591,-0.010471242733710414,0.02895775758847862,0.9586051389819552,0.05328819704437726,1.0,1.0,1.0,True
CHARLS,3,intercept_and_slope,0.5,100,100,1.0,3915,1566,1566,314,1957.0,1957.0,394.0,394.0,0.6551174172279767,0.15018988368437414,-0.008192994804530784,-0.010362358380774019,0.015194097191302151,0.9529786191670309,0.04928017195009127,1.0,1.0,1.0,True
CHARLS,3,intercept_and_slope,0.6,100,100,1.0,3915,1566,1566,314,2349.0,2349.0,473.0,473.0,0.6551174172279767,0.15017384012125953,-0.008209038367645388,-0.012101390820375594,0.012101390820375594,0.951633147929727,0.048366852070273025,1.0,1.0,1.0,True
CHARLS,3,intercept_only,0.05,100,100,1.0,3915,1566,1566,314,195.0,195.0,39.5,39.5,0.6551174172279767,0.1505263792420981,-0.0078564992468068,-0.021525079070389246,0.12276183582433187,0.8295735755387394,0.17042642446126055,0.73,0.99,0.99,False
CHARLS,3,intercept_only,0.1,100,100,1.0,3915,1566,1566,314,391.0,391.0,79.0,79.0,0.6551174172279767,0.15045518990872753,-0.00792768858017738,-0.013922881183125829,0.08293485975219483,0.8295735755387394,0.17042642446126055,0.87,1.0,1.0,True
CHARLS,3,intercept_only,0.2,100,100,1.0,3915,1566,1566,314,783.0,783.0,157.0,157.0,0.6551174172279767,0.1503055865503895,-0.008077291938515405,-0.0037523928192667376,0.04804813049826803,0.8295735755387394,0.17042642446126055,0.99,1.0,1.0,True
CHARLS,3,intercept_only,0.3,100,100,1.0,3915,1566,1566,314,1174.0,1174.0,238.0,238.0,0.6551174172279767,0.15031399439017223,-0.008068884098732687,-0.017514936511218403,0.0348303787390454,0.8295735755387394,0.17042642446126055,1.0,1.0,1.0,True
CHARLS,3,intercept_only,0.4,100,100,1.0,3915,1566,1566,314,1566.0,1566.0,316.0,316.0,0.6551174172279767,0.15028991356032162,-0.008092964928583302,-0.011918170870702023,0.029023631478114938,0.8295735755387394,0.17042642446126055,1.0,1.0,1.0,True
CHARLS,3,intercept_only,0.5,100,100,1.0,3915,1566,1566,314,1957.0,1957.0,394.0,394.0,0.6551174172279767,0.1502868190422373,-0.008096059446667608,-0.010865382215235279,0.01609134480347909,0.8295735755387394,0.17042642446126055,1.0,1.0,1.0,True
CHARLS,3,intercept_only,0.6,100,100,1.0,3915,1566,1566,314,2349.0,2349.0,473.0,473.0,0.6551174172279767,0.15029188296820759,-0.008090995520697336,-0.012951295016815632,0.012951295016815632,0.8295735755387394,0.17042642446126055,1.0,1.0,1.0,True
CHARLS,3,none,0.0,1,1,1.0,3915,1566,1566,314,0.0,0.0,0.0,0.0,0.6551174172279767,0.15838287848890492,0.0,0.7386244908164672,0.7386244908164672,0.8295735755387394,0.17042642446126055,0.0,1.0,1.0,False
CHARLS,4,intercept_and_slope,0.05,100,100,1.0,3915,1566,1566,307,195.0,195.0,41.0,41.0,0.6528732539397123,0.1505175444563282,-0.0063483416820667715,-0.06560826298851805,0.12972538652057636,0.9290574663954398,0.25069033314990274,0.69,1.0,1.0,False
CHARLS,4,intercept_and_slope,0.1,100,100,1.0,3915,1566,1566,307,391.0,391.0,81.5,81.5,0.6528732539397123,0.14976324201586247,-0.007102644122532503,-0.06999509007377433,0.08167469268139711,0.9015235968687523,0.17067688856344299,0.93,1.0,1.0,False
CHARLS,4,intercept_and_slope,0.2,100,100,1.0,3915,1566,1566,307,783.0,783.0,163.5,163.5,0.6528732539397123,0.14954220170802968,-0.007323684430365296,-0.07113643650397367,0.07413820472789907,0.9300564020700453,0.1036475087044132,0.97,1.0,1.0,False
CHARLS,4,intercept_and_slope,0.3,100,100,1.0,3915,1566,1566,307,1174.0,1174.0,239.0,239.0,0.6528732539397123,0.14944156847253012,-0.007424317665864849,-0.040133501651433916,0.05351122952440933,0.9183882441694738,0.0889996021777908,1.0,1.0,1.0,True
CHARLS,4,intercept_and_slope,0.4,100,100,1.0,3915,1566,1566,307,1566.0,1566.0,320.5,320.5,0.6528732539397123,0.14941062867242122,-0.0074552574659737525,-0.0489369449280547,0.04969774929396989,0.9247705897859739,0.07522941021402613,1.0,1.0,1.0,True
CHARLS,4,intercept_and_slope,0.5,100,100,1.0,3915,1566,1566,307,1957.0,1957.0,401.0,401.0,0.6528732539397123,0.14938594347588108,-0.007479942662513908,-0.052331359711150535,0.052331359711150535,0.9188701952943286,0.0811298047056715,1.0,1.0,1.0,True
CHARLS,4,intercept_and_slope,0.6,100,100,1.0,3915,1566,1566,307,2349.0,2349.0,480.0,480.0,0.6528732539397123,0.14937212534350208,-0.00749376079489289,-0.04988742138913195,0.04988742138913195,0.9195440315713774,0.08045596842862257,1.0,1.0,1.0,True
CHARLS,4,intercept_only,0.05,100,100,1.0,3915,1566,1566,307,195.0,195.0,41.0,41.0,0.6528732539397123,0.15001836866218649,-0.006847517476208487,-0.06584614500624045,0.1278103559838449,0.8109447394473877,0.18905526055261235,0.68,1.0,0.99,False
CHARLS,4,intercept_only,0.1,100,100,1.0,3915,1566,1566,307,391.0,391.0,81.5,81.5,0.6528732539397123,0.14980874697617708,-0.00705713916221791,-0.06657449546393393,0.0778510789563529,0.8109447394473877,0.18905526055261235,0.92,1.0,1.0,True
CHARLS,4,intercept_only,0.2,100,100,1.0,3915,1566,1566,307,783.0,783.0,163.5,163.5,0.6528732539397123,0.14983236496707247,-0.007033521171322485,-0.06920282078595616,0.07321333634461619,0.8109447394473877,0.18905526055261235,0.97,1.0,1.0,True
CHARLS,4,intercept_only,0.3,100,100,1.0,3915,1566,1566,307,1174.0,1174.0,239.0,239.0,0.6528732539397123,0.1496835454233969,-0.007182340714998056,-0.03894562399907674,0.053737055342914036,0.8109447394473877,0.18905526055261235,1.0,1.0,1.0,True
CHARLS,4,intercept_only,0.4,100,100,1.0,3915,1566,1566,307,1566.0,1566.0,320.5,320.5,0.6528732539397123,0.14972179792923368,-0.007144088209161278,-0.048357332962971955,0.048926998834481254,0.8109447394473877,0.18905526055261235,1.0,1.0,1.0,True
CHARLS,4,intercept_only,0.5,100,100,1.0,3915,1566,1566,307,1957.0,1957.0,401.0,401.0,0.6528732539397123,0.14973802357353766,-0.0071278625648572985,-0.052048052004595974,0.052048052004595974,0.8109447394473877,0.18905526055261235,1.0,1.0,1.0,True
CHARLS,4,intercept_only,0.6,100,100,1.0,3915,1566,1566,307,2349.0,2349.0,480.0,480.0,0.6528732539397123,0.14972953545908693,-0.00713635067930804,-0.05013793050085897,0.05013793050085897,0.8109447394473877,0.18905526055261235,1.0,1.0,1.0,True
CHARLS,4,none,0.0,1,1,1.0,3915,1566,1566,307,0.0,0.0,0.0,0.0,0.6528732539397123,0.15686588613839497,0.0,0.716185714082124,0.716185714082124,0.8109447394473877,0.18905526055261235,0.0,1.0,1.0,False
CHARLS,5,intercept_and_slope,0.05,100,100,1.0,3915,1566,1566,302,195.0,195.0,41.0,41.0,0.6641653219046022,0.14618881756593433,-0.005921880458821707,-0.10444537512369634,0.15010822973848853,1.0720382840988698,0.18991500374650205,0.62,0.99,0.98,False
CHARLS,5,intercept_and_slope,0.1,100,100,1.0,3915,1566,1566,302,391.0,391.0,80.0,80.0,0.6641653219046022,0.1454746540724903,-0.006636043952265747,-0.06522863068097146,0.07872069034685472,1.04485008456955,0.13516785005506915,0.84,1.0,1.0,False
CHARLS,5,intercept_and_slope,0.2,100,100,1.0,3915,1566,1566,302,783.0,783.0,162.0,162.0,0.6641653219046022,0.14516329384481602,-0.0069474041799400255,-0.07991732882501329,0.07991732882501329,1.0641909953482012,0.09943149731642664,0.97,1.0,1.0,True
CHARLS,5,intercept_and_slope,0.3,100,100,1.0,3915,1566,1566,302,1174.0,1174.0,242.0,242.0,0.6641653219046022,0.14510469140094207,-0.007006006623813968,-0.07472911632801632,0.07472911632801632,1.0618241004103717,0.07764160076289295,0.98,1.0,1.0,True
CHARLS,5,intercept_and_slope,0.4,100,100,1.0,3915,1566,1566,302,1566.0,1566.0,325.0,325.0,0.6641653219046022,0.14512778630124046,-0.006982911723515603,-0.08447798626324533,0.08447798626324533,1.0829841902075188,0.08525661037466714,1.0,1.0,1.0,True
CHARLS,5,intercept_and_slope,0.5,100,100,1.0,3915,1566,1566,302,1957.0,1957.0,404.0,404.0,0.6641653219046022,0.14507361944392838,-0.007037078580827652,-0.08070757605672053,0.08070757605672053,1.0765027669447362,0.07650276694473623,1.0,1.0,1.0,True
CHARLS,5,intercept_and_slope,0.6,100,100,1.0,3915,1566,1566,302,2349.0,2349.0,485.0,485.0,0.6641653219046022,0.14504053203920736,-0.007070165985548688,-0.08064832177178799,0.08064832177178799,1.0720072459209258,0.07200724592092578,1.0,1.0,1.0,True
CHARLS,5,intercept_only,0.05,100,100,1.0,3915,1566,1566,302,195.0,195.0,41.0,41.0,0.6641653219046022,0.14544650678004362,-0.006664191244712445,-0.10161153735664073,0.1533745544952241,0.8906148371768504,0.10938516282314958,0.59,0.99,0.99,False
CHARLS,5,intercept_only,0.1,100,100,1.0,3915,1566,1566,302,391.0,391.0,80.0,80.0,0.6641653219046022,0.1449791778914838,-0.0071315201332722705,-0.06944029920080197,0.08138766003906445,0.8906148371768504,0.10938516282314958,0.84,1.0,1.0,True
CHARLS,5,intercept_only,0.2,100,100,1.0,3915,1566,1566,302,783.0,783.0,162.0,162.0,0.6641653219046022,0.14500806758650367,-0.0071026304382523775,-0.07776652723684949,0.07776652723684949,0.8906148371768504,0.10938516282314958,0.97,1.0,1.0,True
CHARLS,5,intercept_only,0.3,100,100,1.0,3915,1566,1566,302,1174.0,1174.0,242.0,242.0,0.6641653219046022,0.14500227518973924,-0.007108422835016795,-0.07660434419869798,0.07660434419869798,0.8906148371768504,0.10938516282314958,0.98,1.0,1.0,True
CHARLS,5,intercept_only,0.4,100,100,1.0,3915,1566,1566,302,1566.0,1566.0,325.0,325.0,0.6641653219046022,0.14504394487062988,-0.007066753154126179,-0.08465295358382827,0.08465295358382827,0.8906148371768504,0.10938516282314958,1.0,1.0,1.0,True
CHARLS,5,intercept_only,0.5,100,100,1.0,3915,1566,1566,302,1957.0,1957.0,404.0,404.0,0.6641653219046022,0.14501886006638845,-0.007091837958367597,-0.07988922851049643,0.07988922851049643,0.8906148371768504,0.10938516282314958,1.0,1.0,1.0,True
CHARLS,5,intercept_only,0.6,100,100,1.0,3915,1566,1566,302,2349.0,2349.0,485.0,485.0,0.6641653219046022,0.14502197435197187,-0.007088723672784181,-0.08049329264981764,0.08049329264981764,0.8906148371768504,0.10938516282314958,1.0,1.0,1.0,True
CHARLS,5,none,0.0,1,1,1.0,3915,1566,1566,302,0.0,0.0,0.0,0.0,0.6641653219046022,0.15211069802475605,0.0,0.6975320641386096,0.6975320641386096,0.8906148371768504,0.10938516282314958,0.0,1.0,1.0,False
CHARLS,6,intercept_and_slope,0.05,100,100,1.0,3915,1566,1566,305,195.0,195.0,41.0,41.0,0.6757179443844984,0.14653066688662797,-0.006763806749517959,-0.08080744230014429,0.14325567420143165,1.140509146943176,0.238830598587279,0.68,1.0,0.97,False
CHARLS,6,intercept_and_slope,0.1,100,100,1.0,3915,1566,1566,305,391.0,391.0,80.0,80.0,0.6757179443844984,0.14605958033043978,-0.007234893305706147,-0.044364678115764514,0.08765047130928073,1.1723983674208034,0.1996177652831908,0.88,1.0,1.0,False
CHARLS,6,intercept_and_slope,0.2,100,100,1.0,3915,1566,1566,305,783.0,783.0,162.0,162.0,0.6757179443844984,0.14578613696370374,-0.007508336672442176,-0.06899860226973245,0.07160077511984461,1.1653417389805703,0.16569801841241172,0.97,1.0,1.0,False
CHARLS,6,intercept_and_slope,0.3,100,100,1.0,3915,1566,1566,305,1174.0,1174.0,242.0,242.0,0.6757179443844984,0.14565805508675472,-0.007636418549391219,-0.06393608994563918,0.06393608994563918,1.1319752759172497,0.13197527591724956,1.0,1.0,1.0,False
CHARLS,6,intercept_and_slope,0.4,100,100,1.0,3915,1566,1566,305,1566.0,1566.0,322.0,322.0,0.6757179443844984,0.14565794450072267,-0.007636529135423259,-0.062176598594325394,0.062176598594325394,1.1488707636723081,0.148870763672308,1.0,1.0,1.0,False
CHARLS,6,intercept_and_slope,0.5,100,100,1.0,3915,1566,1566,305,1957.0,1957.0,402.0,402.0,0.6757179443844984,0.14563136646171865,-0.007663107174427267,-0.05714709278485025,0.05714709278485025,1.156619982357319,0.1566199823573191,1.0,1.0,1.0,False
CHARLS,6,intercept_and_slope,0.6,100,100,1.0,3915,1566,1566,305,2349.0,2349.0,482.0,482.0,0.6757179443844984,0.14561612703341903,-0.007678346602726899,-0.05691736952336272,0.05691736952336272,1.161301120888058,0.16130112088805793,1.0,1.0,1.0,False
CHARLS,6,intercept_only,0.05,100,100,1.0,3915,1566,1566,305,195.0,195.0,41.0,41.0,0.6757179443844984,0.14580448020456693,-0.007489993431579009,-0.08146944345425494,0.14153043192487097,0.9341417980952134,0.06585820190478664,0.66,1.0,1.0,False
CHARLS,6,intercept_only,0.1,100,100,1.0,3915,1566,1566,305,391.0,391.0,80.0,80.0,0.6757179443844984,0.14548145678608443,-0.007813016850061485,-0.04265500119118694,0.08763745911507569,0.9341417980952134,0.06585820190478664,0.88,1.0,1.0,True
CHARLS,6,intercept_only,0.2,100,100,1.0,3915,1566,1566,305,783.0,783.0,162.0,162.0,0.6757179443844984,0.1454304261340007,-0.007864047502145241,-0.06709184697502357,0.06757703056682454,0.9341417980952134,0.06585820190478664,0.96,1.0,1.0,True
CHARLS,6,intercept_only,0.3,100,100,1.0,3915,1566,1566,305,1174.0,1174.0,242.0,242.0,0.6757179443844984,0.14542182502735904,-0.007872648608786892,-0.06529115064353522,0.06529115064353522,0.9341417980952134,0.06585820190478664,1.0,1.0,1.0,True
CHARLS,6,intercept_only,0.4,100,100,1.0,3915,1566,1566,305,1566.0,1566.0,322.0,322.0,0.6757179443844984,0.14540801610923237,-0.00788645752691354,-0.0618145804154451,0.0618145804154451,0.9341417980952134,0.06585820190478664,1.0,1.0,1.0,True
CHARLS,6,intercept_only,0.5,100,100,1.0,3915,1566,1566,305,1957.0,1957.0,402.0,402.0,0.6757179443844984,0.14538520771799565,-0.007909265918150277,-0.05568400529383265,0.05568400529383265,0.9341417980952134,0.06585820190478664,1.0,1.0,1.0,True
CHARLS,6,intercept_only,0.6,100,100,1.0,3915,1566,1566,305,2349.0,2349.0,482.0,482.0,0.6757179443844984,0.145388127904059,-0.007906345732086928,-0.05650094185946113,0.05650094185946113,0.9341417980952134,0.06585820190478664,1.0,1.0,1.0,True
CHARLS,6,none,0.0,1,1,1.0,3915,1566,1566,305,0.0,0.0,0.0,0.0,0.6757179443844984,0.15329447363614593,0.0,0.7122182388267629,0.7122182388267629,0.9341417980952134,0.06585820190478664,0.0,1.0,1.0,False
CHARLS,7,intercept_and_slope,0.05,100,100,1.0,3915,1566,1566,301,195.0,195.0,40.0,40.0,0.6604362270691897,0.1474600460095033,-0.005851387001946665,-0.07483448904692486,0.12942186576712966,0.9681832531089223,0.1882063777833919,0.66,1.0,1.0,False
CHARLS,7,intercept_and_slope,0.1,100,100,1.0,3915,1566,1566,301,391.0,391.0,79.0,79.0,0.6604362270691897,0.146743465265629,-0.006567967745820968,-0.06027607612121508,0.09086780322572388,0.9343633987578739,0.15092416844258316,0.84,1.0,1.0,False
CHARLS,7,intercept_and_slope,0.2,100,100,1.0,3915,1566,1566,301,783.0,783.0,162.0,162.0,0.6604362270691897,0.14650993863970538,-0.006801494371744599,-0.07962671746374804,0.08385790087836587,0.987470228022141,0.10232474204458653,0.96,1.0,1.0,False
CHARLS,7,intercept_and_slope,0.3,100,100,1.0,3915,1566,1566,301,1174.0,1174.0,241.5,241.5,0.6604362270691897,0.14633346600352679,-0.0069779670079231915,-0.07198544488834006,0.07198544488834006,0.9619050517189782,0.05021919398583313,0.98,1.0,1.0,True
CHARLS,7,intercept_and_slope,0.4,100,100,1.0,3915,1566,1566,301,1566.0,1566.0,323.0,323.0,0.6604362270691897,0.14634043581582834,-0.006970997195621623,-0.07661792579245624,0.07661792579245624,0.9736966657004047,0.04375166892084614,1.0,1.0,1.0,True
CHARLS,7,intercept_and_slope,0.5,100,100,1.0,3915,1566,1566,301,1957.0,1957.0,405.5,405.5,0.6604362270691897,0.14634288919730185,-0.0069685438141481315,-0.08300399405441664,0.08300399405441664,0.9642829218527844,0.03744645695724147,1.0,1.0,1.0,True
CHARLS,7,intercept_and_slope,0.6,100,100,1.0,3915,1566,1566,301,2349.0,2349.0,486.0,486.0,0.6604362270691897,0.14632775255476677,-0.006983680456683211,-0.07986029486047974,0.07986029486047974,0.966489164734623,0.033510835265377015,1.0,1.0,1.0,True
CHARLS,7,intercept_only,0.05,100,100,1.0,3915,1566,1566,301,195.0,195.0,40.0,40.0,0.6604362270691897,0.14668501813741763,-0.00662641487403233,-0.06239854857373992,0.12313465702201312,0.8364172287479185,0.16358277125208154,0.65,1.0,1.0,False
CHARLS,7,intercept_only,0.1,100,100,1.0,3915,1566,1566,301,391.0,391.0,79.0,79.0,0.6604362270691897,0.1465542522286572,-0.006757180782792763,-0.05763457594269822,0.09039116292855282,0.8364172287479185,0.16358277125208154,0.85,1.0,1.0,True
CHARLS,7,intercept_only,0.2,100,100,1.0,3915,1566,1566,301,783.0,783.0,162.0,162.0,0.6604362270691897,0.14657978459093363,-0.006731648420516337,-0.07847892358507433,0.08317359085763296,0.8364172287479185,0.16358277125208154,0.96,1.0,1.0,True
CHARLS,7,intercept_only,0.3,100,100,1.0,3915,1566,1566,301,1174.0,1174.0,241.5,241.5,0.6604362270691897,0.14653698245243962,-0.006774450559010367,-0.07041810166059714,0.07041810166059714,0.8364172287479185,0.16358277125208154,0.98,1.0,1.0,True
CHARLS,7,intercept_only,0.4,100,100,1.0,3915,1566,1566,301,1566.0,1566.0,323.0,323.0,0.6604362270691897,0.14656847341018286,-0.006742959601267112,-0.07640689797116709,0.07640689797116709,0.8364172287479185,0.16358277125208154,1.0,1.0,1.0,True
CHARLS,7,intercept_only,0.5,100,100,1.0,3915,1566,1566,301,1957.0,1957.0,405.5,405.5,0.6604362270691897,0.14659851698996249,-0.006712916021487492,-0.08181934012856809,0.08181934012856809,0.8364172287479185,0.16358277125208154,1.0,1.0,1.0,True
CHARLS,7,intercept_only,0.6,100,100,1.0,3915,1566,1566,301,2349.0,2349.0,486.0,486.0,0.6604362270691897,0.14658669397122182,-0.0067247390402281615,-0.0797233650126354,0.0797233650126354,0.8364172287479185,0.16358277125208154,1.0,1.0,1.0,True
CHARLS,7,none,0.0,1,1,1.0,3915,1566,1566,301,0.0,0.0,0.0,0.0,0.6604362270691897,0.15331143301144998,0.0,0.6980138361899064,0.6980138361899064,0.8364172287479185,0.16358277125208154,0.0,1.0,1.0,False
CHARLS,8,intercept_and_slope,0.05,100,100,1.0,3915,1566,1566,336,195.0,195.0,37.0,37.0,0.6423465931087883,0.16144093024931466,-0.00883697259712421,0.18154605066120805,0.18154605066120805,0.7839314063993006,0.25137868327011803,0.55,1.0,1.0,False
CHARLS,8,intercept_and_slope,0.1,100,100,1.0,3915,1566,1566,336,391.0,391.0,76.0,76.0,0.6423465931087883,0.16049965794014087,-0.009778244906298014,0.11971960112917288,0.11978315086874673,0.8177830636733563,0.20591008647241538,0.75,1.0,1.0,False
CHARLS,8,intercept_and_slope,0.2,100,100,1.0,3915,1566,1566,336,783.0,783.0,149.5,149.5,0.6423465931087883,0.16033957705631263,-0.009938325790126254,0.14960594665939364,0.14960594665939364,0.7875673257066382,0.21243267429336182,0.78,1.0,1.0,False
CHARLS,8,intercept_and_slope,0.3,100,100,1.0,3915,1566,1566,336,1174.0,1174.0,227.0,227.0,0.6423465931087883,0.16016863104846643,-0.010109271797972441,0.1209782239463583,0.1209782239463583,0.8191427129002001,0.18085728709979987,0.88,1.0,1.0,False
CHARLS,8,intercept_and_slope,0.4,100,100,1.0,3915,1566,1566,336,1566.0,1566.0,301.0,301.0,0.6423465931087883,0.16016683469431808,-0.010111068152120775,0.13227856900716617,0.13227856900716617,0.8093612976636446,0.19063870233635538,0.97,1.0,1.0,False
CHARLS,8,intercept_and_slope,0.5,100,100,1.0,3915,1566,1566,336,1957.0,1957.0,373.5,373.5,0.6423465931087883,0.16014784060638937,-0.01013006224004949,0.1391135474835797,0.1391135474835797,0.8165050205251231,0.18349497947487692,1.0,1.0,1.0,False
CHARLS,8,intercept_and_slope,0.6,100,100,1.0,3915,1566,1566,336,2349.0,2349.0,451.0,451.0,0.6423465931087883,0.16010585870903551,-0.010172044137403358,0.13541649991843785,0.13541649991843785,0.8137556047947799,0.18624439520522007,1.0,1.0,1.0,False
CHARLS,8,intercept_only,0.05,100,100,1.0,3915,1566,1566,336,195.0,195.0,37.0,37.0,0.6423465931087883,0.1606937801494271,-0.009584122697011768,0.17691875720540925,0.17691875720540925,0.7541645873021405,0.24583541269785947,0.54,1.0,1.0,False
CHARLS,8,intercept_only,0.1,100,100,1.0,3915,1566,1566,336,391.0,391.0,76.0,76.0,0.6423465931087883,0.1602793939902254,-0.009998508856213464,0.11820106324132565,0.12322885772098907,0.7541645873021405,0.24583541269785947,0.74,1.0,1.0,False
CHARLS,8,intercept_only,0.2,100,100,1.0,3915,1566,1566,336,783.0,783.0,149.5,149.5,0.6423465931087883,0.16033322816614026,-0.009944674680298596,0.1508103932705478,0.1508103932705478,0.7541645873021405,0.24583541269785947,0.77,1.0,1.0,False
CHARLS,8,intercept_only,0.3,100,100,1.0,3915,1566,1566,336,1174.0,1174.0,227.0,227.0,0.6423465931087883,0.16022013030490959,-0.010057772541529286,0.12090579498559464,0.12090579498559464,0.7541645873021405,0.24583541269785947,0.88,1.0,1.0,False
CHARLS,8,intercept_only,0.4,100,100,1.0,3915,1566,1566,336,1566.0,1566.0,301.0,301.0,0.6423465931087883,0.16025535048176914,-0.010022552364669729,0.13147206015178836,0.13147206015178836,0.7541645873021405,0.24583541269785947,0.96,1.0,1.0,False
CHARLS,8,intercept_only,0.5,100,100,1.0,3915,1566,1566,336,1957.0,1957.0,373.5,373.5,0.6423465931087883,0.16028640668366112,-0.009991496162777752,0.13974260718336878,0.13974260718336878,0.7541645873021405,0.24583541269785947,1.0,1.0,1.0,False
CHARLS,8,intercept_only,0.6,100,100,1.0,3915,1566,1566,336,2349.0,2349.0,451.0,451.0,0.6423465931087883,0.16027230064748837,-0.010005602198950497,0.13608699031269195,0.13608699031269195,0.7541645873021405,0.24583541269785947,1.0,1.0,1.0,False
CHARLS,8,none,0.0,1,1,1.0,3915,1566,1566,336,0.0,0.0,0.0,0.0,0.6423465931087883,0.17027790284643887,0.0,0.826586349960066,0.826586349960066,0.7541645873021405,0.24583541269785947,0.0,1.0,1.0,False
CHARLS,9,intercept_and_slope,0.05,100,100,1.0,3915,1566,1566,307,195.0,195.0,40.0,40.0,0.6515783427724294,0.14872960848718392,-0.006836275416859314,-0.01839476549524733,0.12374043348322256,0.8913376215768483,0.20933821850852563,0.71,1.0,1.0,False
CHARLS,9,intercept_and_slope,0.1,100,100,1.0,3915,1566,1566,307,391.0,391.0,78.0,78.0,0.6515783427724294,0.14832612913836718,-0.007239754765676065,0.006604491270296643,0.08522387899544637,0.9379013637001108,0.15368980900048507,0.92,1.0,1.0,False
CHARLS,9,intercept_and_slope,0.2,100,100,1.0,3915,1566,1566,307,783.0,783.0,158.5,158.5,0.6515783427724294,0.14794918958572206,-0.007616694318321182,-0.004705070719484382,0.044314787555159475,0.9429709946036131,0.106832695737756,1.0,1.0,1.0,False
CHARLS,9,intercept_and_slope,0.3,100,100,1.0,3915,1566,1566,307,1174.0,1174.0,240.0,240.0,0.6515783427724294,0.14788316006207886,-0.0076827238419643895,-0.016664991505689765,0.0356271951386675,0.9515914247436206,0.06896465372018235,1.0,1.0,1.0,True
CHARLS,9,intercept_and_slope,0.4,100,100,1.0,3915,1566,1566,307,1566.0,1566.0,320.0,320.0,0.6515783427724294,0.1478389646928649,-0.007726919211178351,-0.017249671279320415,0.03013933552897294,0.9412071442395921,0.06443932281580611,1.0,1.0,1.0,True
CHARLS,9,intercept_and_slope,0.5,100,100,1.0,3915,1566,1566,307,1957.0,1957.0,398.0,398.0,0.6515783427724294,0.14782005925155797,-0.0077458246524852725,-0.01731704097208136,0.019761261165930827,0.94774811306458,0.052251886935420044,1.0,1.0,1.0,True
CHARLS,9,intercept_and_slope,0.6,100,100,1.0,3915,1566,1566,307,2349.0,2349.0,480.0,480.0,0.6515783427724294,0.14779993278091738,-0.007765951123125864,-0.017021777691001258,0.017021777691001258,0.9463399800697324,0.05366001993026759,1.0,1.0,1.0,True
CHARLS,9,intercept_only,0.05,100,100,1.0,3915,1566,1566,307,195.0,195.0,40.0,40.0,0.6515783427724294,0.14828983137530477,-0.007276052528738475,-0.0008296613910460746,0.12429446655451706,0.8260764913164189,0.17392350868358109,0.7,1.0,0.99,False
CHARLS,9,intercept_only,0.1,100,100,1.0,3915,1566,1566,307,391.0,391.0,78.0,78.0,0.6515783427724294,0.14801885588116712,-0.007547028022876129,0.006572395509088655,0.09133222434005575,0.8260764913164189,0.17392350868358109,0.91,1.0,1.0,True
CHARLS,9,intercept_only,0.2,100,100,1.0,3915,1566,1566,307,783.0,783.0,158.5,158.5,0.6515783427724294,0.14793035454854453,-0.00763552935549873,-0.001142812021655909,0.041144015200790696,0.8260764913164189,0.17392350868358109,1.0,1.0,1.0,True
CHARLS,9,intercept_only,0.3,100,100,1.0,3915,1566,1566,307,1174.0,1174.0,240.0,240.0,0.6515783427724294,0.14792235021503283,-0.007643533689010412,-0.011312004163636046,0.037255637573698014,0.8260764913164189,0.17392350868358109,1.0,1.0,1.0,True
CHARLS,9,intercept_only,0.4,100,100,1.0,3915,1566,1566,307,1566.0,1566.0,320.0,320.0,0.6515783427724294,0.1479252073964159,-0.007640676507627342,-0.012719807043126708,0.028985991721240834,0.8260764913164189,0.17392350868358109,1.0,1.0,1.0,True
CHARLS,9,intercept_only,0.5,100,100,1.0,3915,1566,1566,307,1957.0,1957.0,398.0,398.0,0.6515783427724294,0.14792783924896813,-0.00763804465507513,-0.013651693698611678,0.017023860172398042,0.8260764913164189,0.17392350868358109,1.0,1.0,1.0,True
CHARLS,9,intercept_only,0.6,100,100,1.0,3915,1566,1566,307,2349.0,2349.0,480.0,480.0,0.6515783427724294,0.14792433281776907,-0.007641551086274179,-0.012405979220670315,0.012405979220670315,0.8260764913164189,0.17392350868358109,1.0,1.0,1.0,True
CHARLS,9,none,0.0,1,1,1.0,3915,1566,1566,307,0.0,0.0,0.0,0.0,0.6515783427724294,0.15556588390404325,0.0,0.7388776297629549,0.7388776297629549,0.8260764913164189,0.17392350868358109,0.0,1.0,1.0,False
CHARLS,10,intercept_and_slope,0.05,100,100,1.0,3915,1566,1566,330,195.0,195.0,38.5,38.5,0.6511253309796999,0.1590203579762619,-0.008501580743333209,0.05372308309319304,0.11273408550159253,0.763707444780267,0.26217383556431934,0.76,1.0,1.0,False
CHARLS,10,intercept_and_slope,0.1,100,100,1.0,3915,1566,1566,330,391.0,391.0,76.0,76.0,0.6511253309796999,0.15857365343157925,-0.008948285288015848,0.07097635587370466,0.08945588500220605,0.814118612706392,0.20089746929973118,0.84,1.0,1.0,False
CHARLS,10,intercept_and_slope,0.2,100,100,1.0,3915,1566,1566,330,783.0,783.0,151.0,151.0,0.6511253309796999,0.1583937520727723,-0.009128186646822814,0.08800742590053703,0.0981723495306103,0.824406870818468,0.18087756434343594,0.89,1.0,1.0,False
CHARLS,10,intercept_and_slope,0.3,100,100,1.0,3915,1566,1566,330,1174.0,1174.0,226.0,226.0,0.6511253309796999,0.15817531122480477,-0.00934662749479033,0.08969746291674643,0.08969746291674643,0.8101029484845448,0.18989705151545522,0.98,1.0,1.0,False
CHARLS,10,intercept_and_slope,0.4,100,100,1.0,3915,1566,1566,330,1566.0,1566.0,305.0,305.0,0.6511253309796999,0.1580615307471484,-0.009460407972446724,0.07918844679427038,0.07918844679427038,0.81594265257248,0.18405734742751995,0.99,1.0,1.0,False
CHARLS,10,intercept_and_slope,0.5,100,100,1.0,3915,1566,1566,330,1957.0,1957.0,380.0,380.0,0.6511253309796999,0.15807665253530062,-0.009445286184294507,0.07999350498912877,0.07999350498912877,0.8091016731913613,0.19089832680863872,1.0,1.0,1.0,False
CHARLS,10,intercept_and_slope,0.6,100,100,1.0,3915,1566,1566,330,2349.0,2349.0,457.0,457.0,0.6511253309796999,0.15806252817802274,-0.009459410541572372,0.07610796050710425,0.07610796050710425,0.8101378455857103,0.18986215441428966,1.0,1.0,1.0,False
CHARLS,10,intercept_only,0.05,100,100,1.0,3915,1566,1566,330,195.0,195.0,38.5,38.5,0.6511253309796999,0.15862166621821328,-0.008900272501381826,0.053676928286336814,0.10477668112427346,0.7532517237130407,0.24674827628695928,0.76,1.0,1.0,False
CHARLS,10,intercept_only,0.1,100,100,1.0,3915,1566,1566,330,391.0,391.0,76.0,76.0,0.6511253309796999,0.15840086785525517,-0.009121070864339942,0.0642170977199989,0.08613892255345051,0.7532517237130407,0.24674827628695928,0.85,1.0,1.0,True
CHARLS,10,intercept_only,0.2,100,100,1.0,3915,1566,1566,330,783.0,783.0,151.0,151.0,0.6511253309796999,0.15841011460044674,-0.00911182411914839,0.08844023606217612,0.09859262816765271,0.7532517237130407,0.24674827628695928,0.89,1.0,1.0,True
CHARLS,10,intercept_only,0.3,100,100,1.0,3915,1566,1566,330,1174.0,1174.0,226.0,226.0,0.6511253309796999,0.1583690493799606,-0.009152889339634512,0.08888055934247469,0.08888055934247469,0.7532517237130407,0.24674827628695928,0.97,1.0,1.0,True
CHARLS,10,intercept_only,0.4,100,100,1.0,3915,1566,1566,330,1566.0,1566.0,305.0,305.0,0.6511253309796999,0.15833842795967878,-0.00918351075991633,0.07595538357670124,0.07595538357670124,0.7532517237130407,0.24674827628695928,0.99,1.0,1.0,True
CHARLS,10,intercept_only,0.5,100,100,1.0,3915,1566,1566,330,1957.0,1957.0,380.0,380.0,0.6511253309796999,0.15833416576901357,-0.00918777295058154,0.07831906936987781,0.07831906936987781,0.7532517237130407,0.24674827628695928,1.0,1.0,1.0,True
CHARLS,10,intercept_only,0.6,100,100,1.0,3915,1566,1566,330,2349.0,2349.0,457.0,457.0,0.6511253309796999,0.1583291662784649,-0.009192772441130204,0.07455501700984161,0.07455501700984161,0.7532517237130407,0.24674827628695928,1.0,1.0,1.0,True
CHARLS,10,none,0.0,1,1,1.0,3915,1566,1566,330,0.0,0.0,0.0,0.0,0.6511253309796999,0.16752193871959511,0.0,0.7905646037949666,0.7905646037949666,0.7532517237130407,0.24674827628695928,0.0,1.0,1.0,False
CHARLS,11,intercept_and_slope,0.05,100,100,1.0,3915,1566,1566,316,195.0,195.0,38.5,38.5,0.6677455696202531,0.15081167770842147,-0.008364051704030817,0.054529560054074125,0.10404801122589029,1.1125033062850485,0.22141613348254535,0.75,1.0,1.0,False
CHARLS,11,intercept_and_slope,0.1,100,100,1.0,3915,1566,1566,316,391.0,391.0,78.0,78.0,0.6677455696202531,0.15040213702215677,-0.008773592390295529,0.02823853669719239,0.08033761982028424,1.109226916222684,0.1460703417512204,0.88,1.0,1.0,False
CHARLS,11,intercept_and_slope,0.2,100,100,1.0,3915,1566,1566,316,783.0,783.0,157.5,157.5,0.6677455696202531,0.1501330543373398,-0.009042675075112458,0.018863113129921127,0.04460810553023249,1.118489295429808,0.13488161200473692,0.98,1.0,1.0,False
CHARLS,11,intercept_and_slope,0.3,100,100,1.0,3915,1566,1566,316,1174.0,1174.0,235.0,235.0,0.6677455696202531,0.15010748447192046,-0.009068244940531822,0.03117059679042465,0.03617189750224277,1.1218202695708452,0.12182026957084524,1.0,1.0,1.0,False
CHARLS,11,intercept_and_slope,0.4,100,100,1.0,3915,1566,1566,316,1566.0,1566.0,313.5,313.5,0.6677455696202531,0.15009145623419795,-0.009084273178254346,0.031907468830585775,0.03569632806973474,1.1237041812114734,0.12370418121147342,1.0,1.0,1.0,False
CHARLS,11,intercept_and_slope,0.5,100,100,1.0,3915,1566,1566,316,1957.0,1957.0,392.5,392.5,0.6677455696202531,0.1500359618095083,-0.00913976760294398,0.026463834981662528,0.026463834981662528,1.1101705415938072,0.11017054159380724,1.0,1.0,1.0,False
CHARLS,11,intercept_and_slope,0.6,100,100,1.0,3915,1566,1566,316,2349.0,2349.0,471.0,471.0,0.6677455696202531,0.15006344053836976,-0.009112288874082525,0.02716182650535993,0.02716182650535993,1.1273723045287336,0.1273723045287336,1.0,1.0,1.0,False
CHARLS,11,intercept_only,0.05,100,100,1.0,3915,1566,1566,316,195.0,195.0,38.5,38.5,0.6677455696202531,0.1500502310194194,-0.009125498393032908,0.055379175621565954,0.11657749713495166,0.9196350675154483,0.08036493248455168,0.77,1.0,1.0,False
CHARLS,11,intercept_only,0.1,100,100,1.0,3915,1566,1566,316,391.0,391.0,78.0,78.0,0.6677455696202531,0.14993922790756475,-0.009236501504887515,0.026969805376272905,0.08398561321418022,0.9196350675154483,0.08036493248455168,0.84,1.0,1.0,True
CHARLS,11,intercept_only,0.2,100,100,1.0,3915,1566,1566,316,783.0,783.0,157.5,157.5,0.6677455696202531,0.1498449665198898,-0.009330762892562489,0.022995742560522395,0.0493213034003174,0.9196350675154483,0.08036493248455168,0.98,1.0,1.0,True
CHARLS,11,intercept_only,0.3,100,100,1.0,3915,1566,1566,316,1174.0,1174.0,235.0,235.0,0.6677455696202531,0.1498093811750294,-0.009366348237422883,0.037327926079758246,0.03869005951862127,0.9196350675154483,0.08036493248455168,1.0,1.0,1.0,True
CHARLS,11,intercept_only,0.4,100,100,1.0,3915,1566,1566,316,1566.0,1566.0,313.5,313.5,0.6677455696202531,0.14980589622775226,-0.009369833184700013,0.040023931534382585,0.0425901130545845,0.9196350675154483,0.08036493248455168,1.0,1.0,1.0,True
CHARLS,11,intercept_only,0.5,100,100,1.0,3915,1566,1566,316,1957.0,1957.0,392.5,392.5,0.6677455696202531,0.1497917628538581,-0.009383966558594206,0.033489888209726607,0.033489888209726607,0.9196350675154483,0.08036493248455168,1.0,1.0,1.0,True
CHARLS,11,intercept_only,0.6,100,100,1.0,3915,1566,1566,316,2349.0,2349.0,471.0,471.0,0.6677455696202531,0.1497882574011413,-0.009387472011310988,0.03379551298646225,0.03379551298646225,0.9196350675154483,0.08036493248455168,1.0,1.0,1.0,True
CHARLS,11,none,0.0,1,1,1.0,3915,1566,1566,316,0.0,0.0,0.0,0.0,0.6677455696202531,0.15917572941245228,0.0,0.7666596098838873,0.7666596098838873,0.9196350675154483,0.08036493248455168,0.0,1.0,1.0,False
CHARLS,12,intercept_and_slope,0.05,100,100,1.0,3915,1566,1566,303,195.0,195.0,40.0,40.0,0.6640744834578469,0.14704307294524166,-0.00609112193310847,-0.08812812214363937,0.1518374353684042,0.9991103403468435,0.20876467174440422,0.64,0.98,0.97,False
CHARLS,12,intercept_and_slope,0.1,100,100,1.0,3915,1566,1566,303,391.0,391.0,80.0,80.0,0.6640744834578469,0.1465040380129955,-0.006630156865354606,-0.08066463913223493,0.10008245558620679,1.027911483548589,0.16176018105982704,0.86,1.0,1.0,False
CHARLS,12,intercept_and_slope,0.2,100,100,1.0,3915,1566,1566,303,783.0,783.0,163.0,163.0,0.6640744834578469,0.14637725365599336,-0.00675694122235676,-0.09331026391671643,0.09479582857521782,1.0582030535893874,0.10823078833645661,0.89,1.0,1.0,False
CHARLS,12,intercept_and_slope,0.3,100,100,1.0,3915,1566,1566,303,1174.0,1174.0,241.0,241.0,0.6640744834578469,0.14614304810495196,-0.006991146773398155,-0.07589719558570258,0.07589719558570258,1.036610663314817,0.07898653933477656,0.99,1.0,1.0,True
CHARLS,12,intercept_and_slope,0.4,100,100,1.0,3915,1566,1566,303,1566.0,1566.0,323.0,323.0,0.6640744834578469,0.14615865226825708,-0.006975542610093047,-0.08149472924461024,0.08149472924461024,1.053723768063061,0.06196943415941558,1.0,1.0,1.0,True
CHARLS,12,intercept_and_slope,0.5,100,100,1.0,3915,1566,1566,303,1957.0,1957.0,403.0,403.0,0.6640744834578469,0.14610676000995415,-0.007027434868395965,-0.0819552554035213,0.0819552554035213,1.0361072038992991,0.038760348648144594,1.0,1.0,1.0,True
CHARLS,12,intercept_and_slope,0.6,100,100,1.0,3915,1566,1566,303,2349.0,2349.0,484.0,484.0,0.6640744834578469,0.1460956319519158,-0.007038562926434316,-0.08297266284725922,0.08297266284725922,1.0343059540006543,0.03430595400065428,1.0,1.0,1.0,True
CHARLS,12,intercept_only,0.05,100,100,1.0,3915,1566,1566,303,195.0,195.0,40.0,40.0,0.6640744834578469,0.14642795933884212,-0.0067062355395080125,-0.08760768728700763,0.1505494894734777,0.8723086366292067,0.12769136337079334,0.64,1.0,1.0,False
CHARLS,12,intercept_only,0.1,100,100,1.0,3915,1566,1566,303,391.0,391.0,80.0,80.0,0.6640744834578469,0.1462022634019492,-0.006931931476400935,-0.07540804501872311,0.10037572076411537,0.8723086366292067,0.12769136337079334,0.85,1.0,1.0,False
CHARLS,12,intercept_only,0.2,100,100,1.0,3915,1566,1566,303,783.0,783.0,163.0,163.0,0.6640744834578469,0.14627951591986227,-0.0068546789584878615,-0.09332636312997575,0.09403004997459063,0.8723086366292067,0.12769136337079334,0.9,1.0,1.0,True
CHARLS,12,intercept_only,0.3,100,100,1.0,3915,1566,1566,303,1174.0,1174.0,241.0,241.0,0.6640744834578469,0.1461695050984788,-0.006964689779871316,-0.07335761966526191,0.0751542593069757,0.8723086366292067,0.12769136337079334,0.99,1.0,1.0,True
CHARLS,12,intercept_only,0.4,100,100,1.0,3915,1566,1566,303,1566.0,1566.0,323.0,323.0,0.6640744834578469,0.1462111092953538,-0.0069230855829962995,-0.08136867951571064,0.08136867951571064,0.8723086366292067,0.12769136337079334,1.0,1.0,1.0,True
CHARLS,12,intercept_only,0.5,100,100,1.0,3915,1566,1566,303,1957.0,1957.0,403.0,403.0,0.6640744834578469,0.14622082203171205,-0.006913372846638052,-0.08315019070497033,0.08315019070497033,0.8723086366292067,0.12769136337079334,1.0,1.0,1.0,True
CHARLS,12,intercept_only,0.6,100,100,1.0,3915,1566,1566,303,2349.0,2349.0,484.0,484.0,0.6640744834578469,0.1462247876531823,-0.006909407225167807,-0.08386972285451748,0.08386972285451748,0.8723086366292067,0.12769136337079334,1.0,1.0,1.0,True
CHARLS,12,none,0.0,1,1,1.0,3915,1566,1566,303,0.0,0.0,0.0,0.0,0.6640744834578469,0.15313419487835012,0.0,0.6956531633148852,0.6956531633148852,0.8723086366292067,0.12769136337079334,0.0,1.0,1.0,False
CHARLS,13,intercept_and_slope,0.05,100,100,1.0,3915,1566,1566,313,195.0,195.0,40.0,40.0,0.6553995650056478,0.15204228253305918,-0.007234686678226007,-0.014609836883955401,0.14211660543645244,0.9639155097624381,0.18570091229930918,0.66,1.0,0.99,False
CHARLS,13,intercept_and_slope,0.1,100,100,1.0,3915,1566,1566,313,391.0,391.0,78.5,78.5,0.6553995650056478,0.15144588000157724,-0.007831089209707931,0.0024667183954321503,0.07629283249406595,0.9327390298940885,0.15435257046417872,0.87,1.0,1.0,False
CHARLS,13,intercept_and_slope,0.2,100,100,1.0,3915,1566,1566,313,783.0,783.0,160.0,160.0,0.6553995650056478,0.15113136203952954,-0.00814560717175565,-0.02095863497348799,0.05178766600806439,0.9313461789881956,0.10210042844885475,1.0,1.0,1.0,False
CHARLS,13,intercept_and_slope,0.3,100,100,1.0,3915,1566,1566,313,1174.0,1174.0,237.0,237.0,0.6553995650056478,0.15103164359714727,-0.008245325614137891,-0.0118579696066612,0.03531415814359301,0.9471465931370976,0.06761093378151656,1.0,1.0,1.0,True
CHARLS,13,intercept_and_slope,0.4,100,100,1.0,3915,1566,1566,313,1566.0,1566.0,316.0,316.0,0.6553995650056478,0.15101114867048127,-0.008265820540803909,-0.00652548185746589,0.030185889471904967,0.9107798960300048,0.09157460330940526,1.0,1.0,1.0,True
CHARLS,13,intercept_and_slope,0.5,100,100,1.0,3915,1566,1566,313,1957.0,1957.0,394.0,394.0,0.6553995650056478,0.15096411977180163,-0.00831284943948353,-0.006349588511545593,0.013563870569770733,0.929971154053627,0.07002884594637304,1.0,1.0,1.0,True
CHARLS,13,intercept_and_slope,0.6,100,100,1.0,3915,1566,1566,313,2349.0,2349.0,474.0,474.0,0.6553995650056478,0.15095592335129146,-0.008321045859993714,-0.0061216825840148545,0.0061216825840148545,0.9245168567743678,0.07548314322563221,1.0,1.0,1.0,True
CHARLS,13,intercept_only,0.05,100,100,1.0,3915,1566,1566,313,195.0,195.0,40.0,40.0,0.6553995650056478,0.1517022045322562,-0.0075747646790289835,-0.012993777509625864,0.13589775156185052,0.8139247000417494,0.18607529995825056,0.66,1.0,1.0,False
CHARLS,13,intercept_only,0.1,100,100,1.0,3915,1566,1566,313,391.0,391.0,78.5,78.5,0.6553995650056478,0.151336328305709,-0.007940640905576168,0.006696644764651011,0.07532860325093138,0.8139247000417494,0.18607529995825056,0.87,1.0,1.0,True
CHARLS,13,intercept_only,0.2,100,100,1.0,3915,1566,1566,313,783.0,783.0,160.0,160.0,0.6553995650056478,0.15125952757493027,-0.0080174416363549,-0.02123699029585131,0.052307962158511585,0.8139247000417494,0.18607529995825056,1.0,1.0,1.0,True
CHARLS,13,intercept_only,0.3,100,100,1.0,3915,1566,1566,313,1174.0,1174.0,237.0,237.0,0.6553995650056478,0.15120198778035232,-0.008074981430932854,-0.011307899271066232,0.03604019901621949,0.8139247000417494,0.18607529995825056,1.0,1.0,1.0,True
CHARLS,13,intercept_only,0.4,100,100,1.0,3915,1566,1566,313,1566.0,1566.0,316.0,316.0,0.6553995650056478,0.1511865404375835,-0.008090428773701669,-0.005780451346833737,0.029973325567770968,0.8139247000417494,0.18607529995825056,1.0,1.0,1.0,True
CHARLS,13,intercept_only,0.5,100,100,1.0,3915,1566,1566,313,1957.0,1957.0,394.0,394.0,0.6553995650056478,0.15118069846812165,-0.008096270743163506,-0.00468584141045951,0.015426985279825589,0.8139247000417494,0.18607529995825056,1.0,1.0,1.0,True
CHARLS,13,intercept_only,0.6,100,100,1.0,3915,1566,1566,313,2349.0,2349.0,474.0,474.0,0.6553995650056478,0.15118073287418052,-0.008096236337104656,-0.004702848188135365,0.004702848188135365,0.8139247000417494,0.18607529995825056,1.0,1.0,1.0,True
CHARLS,13,none,0.0,1,1,1.0,3915,1566,1566,313,0.0,0.0,0.0,0.0,0.6553995650056478,0.15927696921128517,0.0,0.7435804730083097,0.7435804730083097,0.8139247000417494,0.18607529995825056,0.0,1.0,1.0,False
CHARLS,14,intercept_and_slope,0.05,100,100,1.0,3915,1566,1566,313,195.0,195.0,40.0,40.0,0.6839113284666322,0.14851418160731764,-0.0074423963935639215,-0.053678010067381,0.11885306522232145,1.2289332425399657,0.2593701641800551,0.74,0.97,0.97,False
CHARLS,14,intercept_and_slope,0.1,100,100,1.0,3915,1566,1566,313,391.0,391.0,80.0,80.0,0.6839113284666322,0.1482075558164084,-0.007749022184473153,-0.0337324771152532,0.0993521412856968,1.2512027804885595,0.26658394983419575,0.86,1.0,1.0,False
CHARLS,14,intercept_and_slope,0.2,100,100,1.0,3915,1566,1566,313,783.0,783.0,158.5,158.5,0.6839113284666322,0.14776184425282296,-0.00819473374805861,-0.024345555790390785,0.051965655798625915,1.2163320323937672,0.21633203239376708,0.99,1.0,1.0,False
CHARLS,14,intercept_and_slope,0.3,100,100,1.0,3915,1566,1566,313,1174.0,1174.0,235.0,235.0,0.6839113284666322,0.1477233848185413,-0.008233193182340254,-0.01979168633520738,0.03526600662927889,1.2190974500276706,0.21909745002767056,1.0,1.0,1.0,False
CHARLS,14,intercept_and_slope,0.4,100,100,1.0,3915,1566,1566,313,1566.0,1566.0,315.0,315.0,0.6839113284666322,0.14763753175384367,-0.008319046247037887,-0.02378373047145179,0.030072064596206514,1.2106385213636868,0.21063852136368666,1.0,1.0,1.0,False
CHARLS,14,intercept_and_slope,0.5,100,100,1.0,3915,1566,1566,313,1957.0,1957.0,395.5,395.5,0.6839113284666322,0.14763896126783765,-0.008317616733043917,-0.028355753080339316,0.028909974135866982,1.2175820072365608,0.21758200723656096,1.0,1.0,1.0,False
CHARLS,14,intercept_and_slope,0.6,100,100,1.0,3915,1566,1566,313,2349.0,2349.0,474.0,474.0,0.6839113284666322,0.14762959675517007,-0.00832698124571149,-0.027271203409799768,0.027271203409799768,1.2224431909097844,0.22244319090978437,1.0,1.0,1.0,False
CHARLS,14,intercept_only,0.05,100,100,1.0,3915,1566,1566,313,195.0,195.0,40.0,40.0,0.6839113284666322,0.14755055352457663,-0.00840602447630491,-0.052219265714765,0.11656221743188053,0.9598481892047837,0.04015181079521635,0.72,1.0,1.0,False
CHARLS,14,intercept_only,0.1,100,100,1.0,3915,1566,1566,313,391.0,391.0,80.0,80.0,0.6839113284666322,0.14748122879036035,-0.008475349210521205,-0.04012826997353804,0.10543971573137444,0.9598481892047837,0.04015181079521635,0.83,1.0,1.0,False
CHARLS,14,intercept_only,0.2,100,100,1.0,3915,1566,1566,313,783.0,783.0,158.5,158.5,0.6839113284666322,0.1472589944140924,-0.008697583586789168,-0.026399714274707026,0.05533272446722827,0.9598481892047837,0.04015181079521635,0.98,1.0,1.0,True
CHARLS,14,intercept_only,0.3,100,100,1.0,3915,1566,1566,313,1174.0,1174.0,235.0,235.0,0.6839113284666322,0.1472266120197095,-0.00872996598117208,-0.02190225108107912,0.0396026245104657,0.9598481892047837,0.04015181079521635,1.0,1.0,1.0,True
CHARLS,14,intercept_only,0.4,100,100,1.0,3915,1566,1566,313,1566.0,1566.0,315.0,315.0,0.6839113284666322,0.1472247879956917,-0.008731790005189866,-0.0285959395883126,0.03350864966972054,0.9598481892047837,0.04015181079521635,1.0,1.0,1.0,True
CHARLS,14,intercept_only,0.5,100,100,1.0,3915,1566,1566,313,1957.0,1957.0,395.5,395.5,0.6839113284666322,0.14722689584348803,-0.008729682157393517,-0.0316651150219828,0.031933219935391596,0.9598481892047837,0.04015181079521635,1.0,1.0,1.0,True
CHARLS,14,intercept_only,0.6,100,100,1.0,3915,1566,1566,313,2349.0,2349.0,474.0,474.0,0.6839113284666322,0.14722577059713268,-0.008730807403748875,-0.031097269153869078,0.031097269153869078,0.9598481892047837,0.04015181079521635,1.0,1.0,1.0,True
CHARLS,14,none,0.0,1,1,1.0,3915,1566,1566,313,0.0,0.0,0.0,0.0,0.6839113284666322,0.15595657800088156,0.0,0.7277199082975553,0.7277199082975553,0.9598481892047837,0.04015181079521635,0.0,1.0,1.0,False
CHARLS,15,intercept_and_slope,0.05,100,100,1.0,3915,1566,1566,320,195.0,195.0,39.0,39.0,0.662581510834671,0.15365369839503545,-0.007770754894479759,-0.0017908057519559599,0.1063777133401324,0.9671062590029832,0.1938340503200805,0.79,0.99,0.99,False
CHARLS,15,intercept_and_slope,0.1,100,100,1.0,3915,1566,1566,320,391.0,391.0,76.0,76.0,0.662581510834671,0.15307588570830047,-0.008348567581214744,0.037701055877157746,0.08559943527233685,0.8792931744883159,0.1461477705625775,0.89,1.0,1.0,False
CHARLS,15,intercept_and_slope,0.2,100,100,1.0,3915,1566,1566,320,783.0,783.0,153.0,153.0,0.662581510834671,0.1528569477256221,-0.008567505563893102,0.025124819113003734,0.05013637169536028,0.9136863469058479,0.11786675519621059,0.96,1.0,1.0,False
CHARLS,15,intercept_and_slope,0.3,100,100,1.0,3915,1566,1566,320,1174.0,1174.0,233.0,233.0,0.662581510834671,0.1527353390346191,-0.008689114254896088,0.018866979480864736,0.036514468138566555,0.919602932918036,0.0849526493278348,1.0,1.0,1.0,True
CHARLS,15,intercept_and_slope,0.4,100,100,1.0,3915,1566,1566,320,1566.0,1566.0,311.0,311.0,0.662581510834671,0.1526944545072003,-0.008729998782314924,0.010212283896505712,0.022429414493921766,0.914154030706704,0.08584596929329597,1.0,1.0,1.0,True
CHARLS,15,intercept_and_slope,0.5,100,100,1.0,3915,1566,1566,320,1957.0,1957.0,390.0,390.0,0.662581510834671,0.15265743985176622,-0.008767013437749008,0.010579063801055597,0.018168265547488745,0.926139134295283,0.07386086570471695,1.0,1.0,1.0,True
CHARLS,15,intercept_and_slope,0.6,100,100,1.0,3915,1566,1566,320,2349.0,2349.0,467.0,467.0,0.662581510834671,0.15264095408100706,-0.008783499208508155,0.012790856615967069,0.012790856615967069,0.9250583425257202,0.07494165747427983,1.0,1.0,1.0,True
CHARLS,15,intercept_only,0.05,100,100,1.0,3915,1566,1566,320,195.0,195.0,39.0,39.0,0.662581510834671,0.1531806101305156,-0.008243843158999634,-0.007682427326681959,0.10741136357803804,0.8161850351142076,0.1838149648857924,0.79,0.99,0.99,False
CHARLS,15,intercept_only,0.1,100,100,1.0,3915,1566,1566,320,391.0,391.0,76.0,76.0,0.662581510834671,0.15299624966678554,-0.008428203622729669,0.032847156447049414,0.08798055430891001,0.8161850351142076,0.1838149648857924,0.88,1.0,1.0,True
CHARLS,15,intercept_only,0.2,100,100,1.0,3915,1566,1566,320,783.0,783.0,153.0,153.0,0.662581510834671,0.15289843247210688,-0.008526020817408317,0.020090690529485263,0.05153652455688883,0.8161850351142076,0.1838149648857924,0.96,1.0,1.0,True
CHARLS,15,intercept_only,0.3,100,100,1.0,3915,1566,1566,320,1174.0,1174.0,233.0,233.0,0.662581510834671,0.1528851625143961,-0.008539290775119113,0.013862931177434507,0.03589824322893602,0.8161850351142076,0.1838149648857924,1.0,1.0,1.0,True
CHARLS,15,intercept_only,0.4,100,100,1.0,3915,1566,1566,320,1566.0,1566.0,311.0,311.0,0.662581510834671,0.1528761561572762,-0.008548297132239008,0.007133619340428307,0.0233082684920729,0.8161850351142076,0.1838149648857924,1.0,1.0,1.0,True
CHARLS,15,intercept_only,0.5,100,100,1.0,3915,1566,1566,320,1957.0,1957.0,390.0,390.0,0.662581510834671,0.15286930651275482,-0.008555146776760406,0.0076699357327358825,0.01748093470654246,0.8161850351142076,0.1838149648857924,1.0,1.0,1.0,True
CHARLS,15,intercept_only,0.6,100,100,1.0,3915,1566,1566,320,2349.0,2349.0,467.0,467.0,0.662581510834671,0.15286680490017135,-0.008557648389343864,0.009463556783269413,0.009463556783269413,0.8161850351142076,0.1838149648857924,1.0,1.0,1.0,True
CHARLS,15,none,0.0,1,1,1.0,3915,1566,1566,320,0.0,0.0,0.0,0.0,0.662581510834671,0.1614244532895152,0.0,0.7520575841565429,0.7520575841565429,0.8161850351142076,0.1838149648857924,0.0,1.0,1.0,False
CHARLS,16,intercept_and_slope,0.05,100,100,1.0,3915,1566,1566,286,195.0,195.0,42.0,42.0,0.6702961101398601,0.141949739565233,-0.0041641343027817995,-0.19132985903795338,0.196022993690735,1.036588951443886,0.23206998055354167,0.53,0.98,0.94,False
CHARLS,16,intercept_and_slope,0.1,100,100,1.0,3915,1566,1566,286,391.0,391.0,81.0,81.0,0.6702961101398601,0.14113081902083185,-0.004983054847182922,-0.15095634373314976,0.15095634373314976,1.0873435907601072,0.14171549237492737,0.6,1.0,0.98,False
CHARLS,16,intercept_and_slope,0.2,100,100,1.0,3915,1566,1566,286,783.0,783.0,169.0,169.0,0.6702961101398601,0.1411756175854656,-0.004938256282549194,-0.1895972562118715,0.1895972562118715,1.0774776333839928,0.09917332712568239,0.57,1.0,1.0,False
CHARLS,16,intercept_and_slope,0.3,100,100,1.0,3915,1566,1566,286,1174.0,1174.0,249.5,249.5,0.6702961101398601,0.1409884470824615,-0.0051254267855532915,-0.17976959361064654,0.17976959361064654,1.053787110267967,0.07562657079309343,0.65,1.0,1.0,False
CHARLS,16,intercept_and_slope,0.4,100,100,1.0,3915,1566,1566,286,1566.0,1566.0,335.0,335.0,0.6702961101398601,0.14099764943451623,-0.005116224433498545,-0.18526333029182482,0.18526333029182482,1.074095816414451,0.07409581641445095,0.7,1.0,1.0,False
CHARLS,16,intercept_and_slope,0.5,100,100,1.0,3915,1566,1566,286,1957.0,1957.0,417.0,417.0,0.6702961101398601,0.14095496379877076,-0.00515891006924403,-0.18028439547517666,0.18028439547517666,1.071633121354509,0.07163312135450894,0.77,1.0,1.0,False
CHARLS,16,intercept_and_slope,0.6,100,100,1.0,3915,1566,1566,286,2349.0,2349.0,501.0,501.0,0.6702961101398601,0.14094938420839032,-0.0051644896596244605,-0.18069181236760684,0.18069181236760684,1.0656214828669446,0.06562148286694458,1.0,1.0,1.0,False
CHARLS,16,intercept_only,0.05,100,100,1.0,3915,1566,1566,286,195.0,195.0,42.0,42.0,0.6702961101398601,0.1414099413739361,-0.0047039324940787025,-0.19616325141189916,0.19745450663952516,0.887740365504551,0.11225963449544896,0.51,1.0,0.98,False
CHARLS,16,intercept_only,0.1,100,100,1.0,3915,1566,1566,286,391.0,391.0,81.0,81.0,0.6702961101398601,0.14101674531679642,-0.005097128551218355,-0.1561330677651142,0.1561330677651142,0.887740365504551,0.11225963449544896,0.6,0.98,0.98,False
CHARLS,16,intercept_only,0.2,100,100,1.0,3915,1566,1566,286,783.0,783.0,169.0,169.0,0.6702961101398601,0.14130937303282398,-0.004804500835190795,-0.18726632085826062,0.18726632085826062,0.887740365504551,0.11225963449544896,0.57,1.0,1.0,False
CHARLS,16,intercept_only,0.3,100,100,1.0,3915,1566,1566,286,1174.0,1174.0,249.5,249.5,0.6702961101398601,0.14123198750202254,-0.004881886365992252,-0.17956645028389928,0.17956645028389928,0.887740365504551,0.11225963449544896,0.65,1.0,1.0,False
CHARLS,16,intercept_only,0.4,100,100,1.0,3915,1566,1566,286,1566.0,1566.0,335.0,335.0,0.6702961101398601,0.14128704896748703,-0.004826824900527743,-0.1850799123401311,0.1850799123401311,0.887740365504551,0.11225963449544896,0.7,1.0,1.0,False
CHARLS,16,intercept_only,0.5,100,100,1.0,3915,1566,1566,286,1957.0,1957.0,417.0,417.0,0.6702961101398601,0.14122793030144332,-0.004885943566571446,-0.17915406546033188,0.17915406546033188,0.887740365504551,0.11225963449544896,0.78,1.0,1.0,False
CHARLS,16,intercept_only,0.6,100,100,1.0,3915,1566,1566,286,2349.0,2349.0,501.0,501.0,0.6702961101398601,0.14123825875979132,-0.004875615108223458,-0.1802040837742911,0.1802040837742911,0.887740365504551,0.11225963449544896,1.0,1.0,1.0,False
CHARLS,16,none,0.0,1,1,1.0,3915,1566,1566,286,0.0,0.0,0.0,0.0,0.6702961101398601,0.14611387386801478,0.0,0.6357847697893669,0.6357847697893669,0.887740365504551,0.11225963449544896,0.0,1.0,1.0,False
CHARLS,17,intercept_and_slope,0.05,100,100,1.0,3915,1566,1566,313,195.0,195.0,40.0,40.0,0.6769032277804834,0.14984798833398086,-0.0075181345439014335,-0.029685947726340728,0.13239506617244645,1.103029930640822,0.21166766964892814,0.67,0.98,0.97,False
CHARLS,17,intercept_and_slope,0.1,100,100,1.0,3915,1566,1566,313,391.0,391.0,77.0,77.0,0.6769032277804834,0.14919078364874433,-0.008175339229137962,0.02336404627504185,0.08670164547636716,1.1820224990701855,0.19914986380950073,0.91,1.0,1.0,False
CHARLS,17,intercept_and_slope,0.2,100,100,1.0,3915,1566,1566,313,783.0,783.0,155.0,155.0,0.6769032277804834,0.1488291810076105,-0.008536941870271778,0.013934683982566146,0.0476212106840658,1.1458729098222828,0.14587290982228285,0.99,1.0,1.0,False
CHARLS,17,intercept_and_slope,0.3,100,100,1.0,3915,1566,1566,313,1174.0,1174.0,236.5,236.5,0.6769032277804834,0.1487573608770678,-0.00860876200081448,-0.005376825550009826,0.04134084677798523,1.151206489046686,0.1512064890466861,1.0,1.0,1.0,False
CHARLS,17,intercept_and_slope,0.4,100,100,1.0,3915,1566,1566,313,1566.0,1566.0,314.0,314.0,0.6769032277804834,0.14871480558211111,-0.008651317295771177,-0.003174700203477938,0.025395553403162897,1.1546730552468012,0.15467305524680108,1.0,1.0,1.0,False
CHARLS,17,intercept_and_slope,0.5,100,100,1.0,3915,1566,1566,313,1957.0,1957.0,393.0,393.0,0.6769032277804834,0.1487073373262559,-0.008658785551626386,-0.00341699005086982,0.01671303861360095,1.1605848497770483,0.16058484977704846,1.0,1.0,1.0,False
CHARLS,17,intercept_and_slope,0.6,100,100,1.0,3915,1566,1566,313,2349.0,2349.0,474.0,474.0,0.6769032277804834,0.14867468694745606,-0.008691435930426233,-0.008469207214255817,0.008469207214255817,1.1509592263235608,0.15095922632356085,1.0,1.0,1.0,False
CHARLS,17,intercept_only,0.05,100,100,1.0,3915,1566,1566,313,195.0,195.0,40.0,40.0,0.6769032277804834,0.14904263591305839,-0.008323486964823892,-0.02508849645261013,0.13519235747243763,0.9282051270101369,0.07179487298986309,0.66,0.99,0.98,False
CHARLS,17,intercept_only,0.1,100,100,1.0,3915,1566,1566,313,391.0,391.0,77.0,77.0,0.6769032277804834,0.1487519389373344,-0.008614183940547873,0.024586710894760302,0.09019652467542334,0.9282051270101369,0.07179487298986309,0.89,1.0,1.0,True
CHARLS,17,intercept_only,0.2,100,100,1.0,3915,1566,1566,313,783.0,783.0,155.0,155.0,0.6769032277804834,0.1486028496960229,-0.008763273181859405,0.016184767726319937,0.048891489462023714,0.9282051270101369,0.07179487298986309,0.99,1.0,1.0,True
CHARLS,17,intercept_only,0.3,100,100,1.0,3915,1566,1566,313,1174.0,1174.0,236.5,236.5,0.6769032277804834,0.1485855935848566,-0.008780529293025696,-0.005205971194727902,0.03997835868168556,0.9282051270101369,0.07179487298986309,1.0,1.0,1.0,True
CHARLS,17,intercept_only,0.4,100,100,1.0,3915,1566,1566,313,1566.0,1566.0,314.0,314.0,0.6769032277804834,0.1485578665345737,-0.00880825634330859,-0.001581967719696408,0.02517125535478831,0.9282051270101369,0.07179487298986309,1.0,1.0,1.0,True
CHARLS,17,intercept_only,0.5,100,100,1.0,3915,1566,1566,313,1957.0,1957.0,393.0,393.0,0.6769032277804834,0.1485450230639898,-0.00882109981389248,-0.0016283482968616736,0.017386562602734204,0.9282051270101369,0.07179487298986309,1.0,1.0,1.0,True
CHARLS,17,intercept_only,0.6,100,100,1.0,3915,1566,1566,313,2349.0,2349.0,474.0,474.0,0.6769032277804834,0.14854909793073673,-0.008817024947145563,-0.0075303415949984995,0.0075303415949984995,0.9282051270101369,0.07179487298986309,1.0,1.0,1.0,True
CHARLS,17,none,0.0,1,1,1.0,3915,1566,1566,313,0.0,0.0,0.0,0.0,0.6769032277804834,0.1573661228778823,0.0,0.7418748361501619,0.7418748361501619,0.9282051270101369,0.07179487298986309,0.0,1.0,1.0,False
CHARLS,18,intercept_and_slope,0.05,100,100,1.0,3915,1566,1566,319,195.0,195.0,39.0,39.0,0.6564532307003894,0.15421026362736445,-0.008003084713072192,0.022099208446111678,0.10250946942934576,0.9148564428689796,0.23499785369473986,0.79,0.99,0.99,False
CHARLS,18,intercept_and_slope,0.1,100,100,1.0,3915,1566,1566,319,391.0,391.0,77.5,77.5,0.6564532307003894,0.15373391683127935,-0.008479431509157268,0.035849590188535875,0.10211723045987431,0.9077937782540895,0.15514722093302152,0.81,1.0,1.0,False
CHARLS,18,intercept_and_slope,0.2,100,100,1.0,3915,1566,1566,319,783.0,783.0,157.0,157.0,0.6564532307003894,0.15339572060377887,-0.008817627736657743,0.02710791497801192,0.06202487567351039,0.911724697864554,0.10582235700631054,0.99,1.0,1.0,False
CHARLS,18,intercept_and_slope,0.3,100,100,1.0,3915,1566,1566,319,1174.0,1174.0,235.0,235.0,0.6564532307003894,0.1533120203165823,-0.008901328023854335,0.023461546604576944,0.03586258710856369,0.8987650707514199,0.10232749496342924,1.0,1.0,1.0,False
CHARLS,18,intercept_and_slope,0.4,100,100,1.0,3915,1566,1566,319,1566.0,1566.0,314.0,314.0,0.6564532307003894,0.153267624914725,-0.008945723425711608,0.024381807389695722,0.030945439857894635,0.9098605425862852,0.09198902776495343,1.0,1.0,1.0,True
CHARLS,18,intercept_and_slope,0.5,100,100,1.0,3915,1566,1566,319,1957.0,1957.0,389.0,389.0,0.6564532307003894,0.15325057167498488,-0.008962776665451755,0.031549335763740416,0.032144785497276104,0.9028965662251407,0.09710343377485936,1.0,1.0,1.0,True
CHARLS,18,intercept_and_slope,0.6,100,100,1.0,3915,1566,1566,319,2349.0,2349.0,468.0,468.0,0.6564532307003894,0.1532373873242194,-0.008975961016217227,0.02921782795111014,0.02921782795111014,0.8993452245385481,0.10065477546145185,1.0,1.0,1.0,False
CHARLS,18,intercept_only,0.05,100,100,1.0,3915,1566,1566,319,195.0,195.0,39.0,39.0,0.6564532307003894,0.1537623638642852,-0.008450984476151405,0.019643703522685976,0.10769217673532436,0.8008497903176431,0.19915020968235686,0.8,0.99,0.98,False
CHARLS,18,intercept_only,0.1,100,100,1.0,3915,1566,1566,319,391.0,391.0,77.5,77.5,0.6564532307003894,0.1536869044622779,-0.008526443878158735,0.040146735546693915,0.10151420598207175,0.8008497903176431,0.19915020968235686,0.79,1.0,1.0,False
CHARLS,18,intercept_only,0.2,100,100,1.0,3915,1566,1566,319,783.0,783.0,157.0,157.0,0.6564532307003894,0.1535172103237124,-0.008696138016724211,0.027213693461700002,0.06170070908562092,0.8008497903176431,0.19915020968235686,0.99,1.0,1.0,True
CHARLS,18,intercept_only,0.3,100,100,1.0,3915,1566,1566,319,1174.0,1174.0,235.0,235.0,0.6564532307003894,0.1534745545631666,-0.00873879377727002,0.023820616222048514,0.035963615645592084,0.8008497903176431,0.19915020968235686,1.0,1.0,1.0,True
CHARLS,18,intercept_only,0.4,100,100,1.0,3915,1566,1566,319,1566.0,1566.0,314.0,314.0,0.6564532307003894,0.15346309283524945,-0.008750255505187196,0.025022462420172885,0.03183657442303071,0.8008497903176431,0.19915020968235686,1.0,1.0,1.0,True
CHARLS,18,intercept_only,0.5,100,100,1.0,3915,1566,1566,319,1957.0,1957.0,389.0,389.0,0.6564532307003894,0.15344928466182933,-0.008764063678607298,0.031927517521095836,0.03300489863066392,0.8008497903176431,0.19915020968235686,1.0,1.0,1.0,True
CHARLS,18,intercept_only,0.6,100,100,1.0,3915,1566,1566,319,2349.0,2349.0,468.0,468.0,0.6564532307003894,0.15344479404755046,-0.008768554292886171,0.029869897236782284,0.029869897236782284,0.8008497903176431,0.19915020968235686,1.0,1.0,1.0,True
CHARLS,18,none,0.0,1,1,1.0,3915,1566,1566,319,0.0,0.0,0.0,0.0,0.6564532307003894,0.16221334834043663,0.0,0.7642474006341511,0.7642474006341511,0.8008497903176431,0.19915020968235686,0.0,1.0,1.0,False
CHARLS,19,intercept_and_slope,0.05,100,100,1.0,3915,1566,1566,315,195.0,195.0,39.0,39.0,0.6506832629134788,0.1529701733826324,-0.007906593392316988,0.05995352485308923,0.1490808182016272,0.8244931590297098,0.23514639170700674,0.69,1.0,1.0,False
CHARLS,19,intercept_and_slope,0.1,100,100,1.0,3915,1566,1566,315,391.0,391.0,79.0,79.0,0.6506832629134788,0.15236909971263177,-0.008507667062317648,0.0677248091407179,0.09866884198215109,0.8912470795018087,0.1597874626994778,0.85,1.0,1.0,False
CHARLS,19,intercept_and_slope,0.2,100,100,1.0,3915,1566,1566,315,783.0,783.0,157.0,157.0,0.6506832629134788,0.15205674712193745,-0.008820019653011962,0.05514249163864489,0.06095775898714116,0.8984701998573512,0.11142964773058733,0.96,1.0,1.0,False
CHARLS,19,intercept_and_slope,0.3,100,100,1.0,3915,1566,1566,315,1174.0,1174.0,237.5,237.5,0.6506832629134788,0.15194284794554233,-0.008933918829407084,0.04878244002623104,0.04878244002623104,0.9076784940398892,0.09232150596011074,1.0,1.0,1.0,True
CHARLS,19,intercept_and_slope,0.4,100,100,1.0,3915,1566,1566,315,1566.0,1566.0,316.0,316.0,0.6506832629134788,0.15193387464472688,-0.008942892130222535,0.04416051150563825,0.04416051150563825,0.8842098109659515,0.11579018903404842,1.0,1.0,1.0,False
CHARLS,19,intercept_and_slope,0.5,100,100,1.0,3915,1566,1566,315,1957.0,1957.0,393.0,393.0,0.6506832629134788,0.1519121249531732,-0.00896464182177624,0.04903717146554622,0.04903717146554622,0.895995117810559,0.10400488218944098,1.0,1.0,1.0,False
CHARLS,19,intercept_and_slope,0.6,100,100,1.0,3915,1566,1566,315,2349.0,2349.0,472.0,472.0,0.6506832629134788,0.1518997426873827,-0.008977024087566704,0.050180635294348644,0.050180635294348644,0.8910984330168763,0.1089015669831237,1.0,1.0,1.0,False
CHARLS,19,intercept_only,0.05,100,100,1.0,3915,1566,1566,315,195.0,195.0,39.0,39.0,0.6506832629134788,0.15242798092629076,-0.008448785848658658,0.06720512996110366,0.14788135064524255,0.7966746965289069,0.20332530347109312,0.69,1.0,1.0,False
CHARLS,19,intercept_only,0.1,100,100,1.0,3915,1566,1566,315,391.0,391.0,79.0,79.0,0.6506832629134788,0.15223151309160787,-0.008645253683341528,0.07057360541086485,0.10180600008778981,0.7966746965289069,0.20332530347109312,0.84,1.0,1.0,False
CHARLS,19,intercept_only,0.2,100,100,1.0,3915,1566,1566,315,783.0,783.0,157.0,157.0,0.6506832629134788,0.15210350711688675,-0.00877325965806268,0.06120000074111944,0.0690180449916015,0.7966746965289069,0.20332530347109312,0.95,1.0,1.0,True
CHARLS,19,intercept_only,0.3,100,100,1.0,3915,1566,1566,315,1174.0,1174.0,237.5,237.5,0.6506832629134788,0.15207832006997868,-0.008798446704970736,0.05339562380781105,0.05339562380781105,0.7966746965289069,0.20332530347109312,1.0,1.0,1.0,True
CHARLS,19,intercept_only,0.4,100,100,1.0,3915,1566,1566,315,1566.0,1566.0,316.0,316.0,0.6506832629134788,0.15207480477215474,-0.008801962002794678,0.05157077799572404,0.05157077799572404,0.7966746965289069,0.20332530347109312,1.0,1.0,1.0,True
CHARLS,19,intercept_only,0.5,100,100,1.0,3915,1566,1566,315,1957.0,1957.0,393.0,393.0,0.6506832629134788,0.15206445747396757,-0.008812309300981841,0.05556199011121247,0.05556199011121247,0.7966746965289069,0.20332530347109312,1.0,1.0,1.0,True
CHARLS,19,intercept_only,0.6,100,100,1.0,3915,1566,1566,315,2349.0,2349.0,472.0,472.0,0.6506832629134788,0.15206223486803222,-0.008814531906917195,0.05693744469611478,0.05693744469611478,0.7966746965289069,0.20332530347109312,1.0,1.0,1.0,True
CHARLS,19,none,0.0,1,1,1.0,3915,1566,1566,315,0.0,0.0,0.0,0.0,0.6506832629134788,0.16087676677494941,0.0,0.7806928503306314,0.7806928503306314,0.7966746965289069,0.20332530347109312,0.0,1.0,1.0,False
CHARLS,20,intercept_and_slope,0.05,100,100,1.0,3915,1566,1566,326,195.0,195.0,38.0,38.0,0.6555511577280824,0.15809818307283027,-0.008352825343272197,0.08532167346839914,0.1232220996954217,0.8457248925761878,0.24424740024761865,0.69,1.0,1.0,False
CHARLS,20,intercept_and_slope,0.1,100,100,1.0,3915,1566,1566,326,391.0,391.0,76.0,76.0,0.6555511577280824,0.157493710293806,-0.008957298122296481,0.09727490538034299,0.10694966684423739,0.83261747462745,0.19497061263657556,0.73,1.0,1.0,False
CHARLS,20,intercept_and_slope,0.2,100,100,1.0,3915,1566,1566,326,783.0,783.0,154.0,154.0,0.6555511577280824,0.15705479159563115,-0.009396216820471315,0.0809726146633982,0.0809726146633982,0.8511821118807019,0.14881788811929814,0.98,1.0,1.0,False
CHARLS,20,intercept_and_slope,0.3,100,100,1.0,3915,1566,1566,326,1174.0,1174.0,230.0,230.0,0.6555511577280824,0.15699634752688668,-0.009454660889215788,0.08074694769009008,0.08074694769009008,0.8488695628399848,0.15113043716001517,0.98,1.0,1.0,False
CHARLS,20,intercept_and_slope,0.4,100,100,1.0,3915,1566,1566,326,1566.0,1566.0,305.0,305.0,0.6555511577280824,0.15698092696725313,-0.009470081448849324,0.09231303583480882,0.09231303583480882,0.838683564193562,0.16131643580643795,1.0,1.0,1.0,False
CHARLS,20,intercept_and_slope,0.5,100,100,1.0,3915,1566,1566,326,1957.0,1957.0,384.0,384.0,0.6555511577280824,0.1569157076313903,-0.009535300784712195,0.08432044159196107,0.08432044159196107,0.8516058023773303,0.14839419762266975,1.0,1.0,1.0,False
CHARLS,20,intercept_and_slope,0.6,100,100,1.0,3915,1566,1566,326,2349.0,2349.0,461.0,461.0,0.6555511577280824,0.15690720638703737,-0.009543802029065102,0.08214236871296345,0.08214236871296345,0.8436783207325417,0.15632167926745832,1.0,1.0,1.0,False
CHARLS,20,intercept_only,0.05,100,100,1.0,3915,1566,1566,326,195.0,195.0,38.0,38.0,0.6555511577280824,0.15759523413401158,-0.008855774282090889,0.09033077856279123,0.12296063941616636,0.7717782024572679,0.22822179754273209,0.71,1.0,1.0,False
CHARLS,20,intercept_only,0.1,100,100,1.0,3915,1566,1566,326,391.0,391.0,76.0,76.0,0.6555511577280824,0.1574887779544083,-0.00896223046169417,0.10244438032636516,0.10714653868097149,0.7717782024572679,0.22822179754273209,0.74,1.0,1.0,False
CHARLS,20,intercept_only,0.2,100,100,1.0,3915,1566,1566,326,783.0,783.0,154.0,154.0,0.6555511577280824,0.15729252684221662,-0.009158481573885838,0.07763574067038151,0.07763574067038151,0.7717782024572679,0.22822179754273209,0.98,1.0,1.0,True
CHARLS,20,intercept_only,0.3,100,100,1.0,3915,1566,1566,326,1174.0,1174.0,230.0,230.0,0.6555511577280824,0.15727581335580543,-0.009175195060297042,0.08280239917662591,0.08280239917662591,0.7717782024572679,0.22822179754273209,0.98,1.0,1.0,True
CHARLS,20,intercept_only,0.4,100,100,1.0,3915,1566,1566,326,1566.0,1566.0,305.0,305.0,0.6555511577280824,0.15727917699944657,-0.009171831416655896,0.09320558793930847,0.09320558793930847,0.7717782024572679,0.22822179754273209,1.0,1.0,1.0,True
CHARLS,20,intercept_only,0.5,100,100,1.0,3915,1566,1566,326,1957.0,1957.0,384.0,384.0,0.6555511577280824,0.15726167654222223,-0.009189331873880241,0.08549504495200233,0.08549504495200233,0.7717782024572679,0.22822179754273209,1.0,1.0,1.0,True
CHARLS,20,intercept_only,0.6,100,100,1.0,3915,1566,1566,326,2349.0,2349.0,461.0,461.0,0.6555511577280824,0.15725765571227082,-0.009193352703831648,0.08331643611598114,0.08331643611598114,0.7717782024572679,0.22822179754273209,1.0,1.0,1.0,True
CHARLS,20,none,0.0,1,1,1.0,3915,1566,1566,326,0.0,0.0,0.0,0.0,0.6555511577280824,0.16645100841610247,0.0,0.7960296528137423,0.7960296528137423,0.7717782024572679,0.22822179754273209,0.0,1.0,1.0,False
CHARLS,21,intercept_and_slope,0.05,100,100,1.0,3915,1566,1566,345,195.0,195.0,35.0,35.0,0.6549929376016332,0.16255182991725603,-0.010529862231046669,0.21089562643046983,0.21366852441072282,0.9314321591621171,0.17532029985874886,0.46,0.99,0.99,False
CHARLS,21,intercept_and_slope,0.1,100,100,1.0,3915,1566,1566,345,391.0,391.0,75.0,75.0,0.6549929376016332,0.16176054989634064,-0.011321142251962055,0.15200485749486695,0.15200485749486695,0.9655993324713612,0.17895698679275374,0.69,1.0,1.0,False
CHARLS,21,intercept_and_slope,0.2,100,100,1.0,3915,1566,1566,345,783.0,783.0,147.0,147.0,0.6549929376016332,0.16194553439742443,-0.01113615775087827,0.19184469896720407,0.19184469896720407,0.9677749994129259,0.08500511234564878,0.54,1.0,1.0,False
CHARLS,21,intercept_and_slope,0.3,100,100,1.0,3915,1566,1566,345,1174.0,1174.0,222.0,222.0,0.6549929376016332,0.16169834375119738,-0.011383348397105336,0.17761429787142116,0.17761429787142116,0.9585377337560219,0.06143432398281912,0.7,1.0,1.0,False
CHARLS,21,intercept_and_slope,0.4,100,100,1.0,3915,1566,1566,345,1566.0,1566.0,293.5,293.5,0.6549929376016332,0.16177204974614068,-0.01130964240216202,0.18279839690325983,0.18279839690325983,0.9565385757215629,0.049165256170429716,0.65,1.0,1.0,False
CHARLS,21,intercept_and_slope,0.5,100,100,1.0,3915,1566,1566,345,1957.0,1957.0,371.0,371.0,0.6549929376016332,0.16167706800422854,-0.011404624144074185,0.17110922826311228,0.17110922826311228,0.9653920150947926,0.036802754809839466,0.81,1.0,1.0,False
CHARLS,21,intercept_and_slope,0.6,100,100,1.0,3915,1566,1566,345,2349.0,2349.0,442.0,442.0,0.6549929376016332,0.16170424834378724,-0.011377443804515469,0.17994271288464012,0.17994271288464012,0.9561993751279448,0.04380062487205516,1.0,1.0,1.0,False
CHARLS,21,intercept_only,0.05,100,100,1.0,3915,1566,1566,345,195.0,195.0,35.0,35.0,0.6549929376016332,0.16184429787665466,-0.011237394271648049,0.20504695919160365,0.21046323361259645,0.8306611317674332,0.16933886823256683,0.47,1.0,1.0,False
CHARLS,21,intercept_only,0.1,100,100,1.0,3915,1566,1566,345,391.0,391.0,75.0,75.0,0.6549929376016332,0.1613567635843514,-0.011724928563951326,0.14902838645094046,0.14902838645094046,0.8306611317674332,0.16933886823256683,0.69,1.0,1.0,False
CHARLS,21,intercept_only,0.2,100,100,1.0,3915,1566,1566,345,783.0,783.0,147.0,147.0,0.6549929376016332,0.16159992003157925,-0.011481772116723452,0.18880173473726913,0.18880173473726913,0.8306611317674332,0.16933886823256683,0.53,1.0,1.0,False
CHARLS,21,intercept_only,0.3,100,100,1.0,3915,1566,1566,345,1174.0,1174.0,222.0,222.0,0.6549929376016332,0.16151990232433994,-0.011561789823962776,0.17773024983604363,0.17773024983604363,0.8306611317674332,0.16933886823256683,0.69,1.0,1.0,False
CHARLS,21,intercept_only,0.4,100,100,1.0,3915,1566,1566,345,1566.0,1566.0,293.5,293.5,0.6549929376016332,0.1615496967591044,-0.011531995389198302,0.18194007174441662,0.18194007174441662,0.8306611317674332,0.16933886823256683,0.65,1.0,1.0,False
CHARLS,21,intercept_only,0.5,100,100,1.0,3915,1566,1566,345,1957.0,1957.0,371.0,371.0,0.6549929376016332,0.16147246347317773,-0.011609228675124969,0.17079183887283494,0.17079183887283494,0.8306611317674332,0.16933886823256683,0.81,1.0,1.0,False
CHARLS,21,intercept_only,0.6,100,100,1.0,3915,1566,1566,345,2349.0,2349.0,442.0,442.0,0.6549929376016332,0.1615326974037449,-0.011548994744557811,0.1795534762643445,0.1795534762643445,0.8306611317674332,0.16933886823256683,1.0,1.0,1.0,False
CHARLS,21,none,0.0,1,1,1.0,3915,1566,1566,345,0.0,0.0,0.0,0.0,0.6549929376016332,0.1730816921483027,0.0,0.8511648504418652,0.8511648504418652,0.8306611317674332,0.16933886823256683,0.0,1.0,1.0,False
CHARLS,22,intercept_and_slope,0.05,100,100,1.0,3915,1566,1566,320,195.0,195.0,39.0,39.0,0.656058136035313,0.1534991594977761,-0.007637015416184181,-0.004904330686487197,0.12111064450884333,0.8903554614912721,0.22372998612416228,0.77,0.98,0.98,False
CHARLS,22,intercept_and_slope,0.1,100,100,1.0,3915,1566,1566,320,391.0,391.0,78.0,78.0,0.656058136035313,0.15292090463988167,-0.008215270274078604,0.009358402851562295,0.08044672444768258,1.0011367489788094,0.13458904092268825,0.88,1.0,1.0,False
CHARLS,22,intercept_and_slope,0.2,100,100,1.0,3915,1566,1566,320,783.0,783.0,157.0,157.0,0.656058136035313,0.15253701045281762,-0.008599164461142672,0.002734884265281164,0.04734929003640212,1.017361523843947,0.09323924350704826,0.99,1.0,1.0,True
CHARLS,22,intercept_and_slope,0.3,100,100,1.0,3915,1566,1566,320,1174.0,1174.0,234.0,234.0,0.656058136035313,0.1524495644927117,-0.008686610421248589,0.00660631993991846,0.03842814553111634,0.9924512698227537,0.06375360881191527,1.0,1.0,1.0,True
CHARLS,22,intercept_and_slope,0.4,100,100,1.0,3915,1566,1566,320,1566.0,1566.0,310.0,310.0,0.656058136035313,0.15240553639140716,-0.008730638522553125,0.01437958452123701,0.02308970152982403,0.998632097899402,0.03213430576168774,1.0,1.0,1.0,True
CHARLS,22,intercept_and_slope,0.5,100,100,1.0,3915,1566,1566,320,1957.0,1957.0,389.0,389.0,0.656058136035313,0.1523809821278812,-0.0087551927860791,0.009296589323547226,0.017551478834011307,0.997394716816767,0.023677807265376605,1.0,1.0,1.0,True
CHARLS,22,intercept_and_slope,0.6,100,100,1.0,3915,1566,1566,320,2349.0,2349.0,467.0,467.0,0.656058136035313,0.15236153706725064,-0.008774637846709649,0.009861671977931663,0.009861671977931663,0.9919463834982566,0.00805361650174341,1.0,1.0,1.0,True
CHARLS,22,intercept_only,0.05,100,100,1.0,3915,1566,1566,320,195.0,195.0,39.0,39.0,0.656058136035313,0.15286316315949489,-0.00827301175446539,-0.009801912595284715,0.11524638683272156,0.8502727300213031,0.1497272699786969,0.75,0.99,0.99,False
CHARLS,22,intercept_only,0.1,100,100,1.0,3915,1566,1566,320,391.0,391.0,78.0,78.0,0.656058136035313,0.15262486288789862,-0.008511312026061688,0.003048871701782989,0.07375297353702223,0.8502727300213031,0.1497272699786969,0.88,1.0,1.0,True
CHARLS,22,intercept_only,0.2,100,100,1.0,3915,1566,1566,320,783.0,783.0,157.0,157.0,0.656058136035313,0.1525370058115914,-0.008599169102368867,0.0003802628908742686,0.05173197432319901,0.8502727300213031,0.1497272699786969,0.98,1.0,1.0,True
CHARLS,22,intercept_only,0.3,100,100,1.0,3915,1566,1566,320,1174.0,1174.0,234.0,234.0,0.656058136035313,0.15250497907094124,-0.008631195843019066,0.0023544479164923447,0.03999311713335334,0.8502727300213031,0.1497272699786969,1.0,1.0,1.0,True
CHARLS,22,intercept_only,0.4,100,100,1.0,3915,1566,1566,320,1566.0,1566.0,310.0,310.0,0.656058136035313,0.15247373752089188,-0.00866243739306842,0.011123086052212596,0.0232916547549409,0.8502727300213031,0.1497272699786969,1.0,1.0,1.0,True
CHARLS,22,intercept_only,0.5,100,100,1.0,3915,1566,1566,320,1957.0,1957.0,389.0,389.0,0.656058136035313,0.15247481692248493,-0.008661357991475369,0.006580691195106331,0.01737405392718807,0.8502727300213031,0.1497272699786969,1.0,1.0,1.0,True
CHARLS,22,intercept_only,0.6,100,100,1.0,3915,1566,1566,320,2349.0,2349.0,467.0,467.0,0.656058136035313,0.15247365339369592,-0.008662521520264366,0.006196924698274075,0.006196924698274075,0.8502727300213031,0.1497272699786969,1.0,1.0,1.0,True
CHARLS,22,none,0.0,1,1,1.0,3915,1566,1566,320,0.0,0.0,0.0,0.0,0.656058136035313,0.1611361749139603,0.0,0.7500933653265051,0.7500933653265051,0.8502727300213031,0.1497272699786969,0.0,1.0,1.0,False
CHARLS,23,intercept_and_slope,0.05,100,100,1.0,3915,1566,1566,300,195.0,195.0,40.0,40.0,0.6319246972090574,0.1501382920789468,-0.004313952628009307,-0.05817180489215529,0.125635305323483,0.6627515532816349,0.3462109410784921,0.7,0.91,0.9,False
CHARLS,23,intercept_and_slope,0.1,100,100,1.0,3915,1566,1566,300,391.0,391.0,81.5,81.5,0.6319246972090574,0.14951570490849503,-0.0049365397984611065,-0.10084301105090532,0.11617060520713374,0.7506581932450437,0.25576996359466175,0.76,0.98,0.97,False
CHARLS,23,intercept_and_slope,0.2,100,100,1.0,3915,1566,1566,300,783.0,783.0,163.0,163.0,0.6319246972090574,0.14916388507991,-0.00528835962704613,-0.09861059977908734,0.09861059977908734,0.7266855493032467,0.2733144506967533,0.94,1.0,1.0,False
CHARLS,23,intercept_and_slope,0.3,100,100,1.0,3915,1566,1566,300,1174.0,1174.0,242.0,242.0,0.6319246972090574,0.14914245783717492,-0.005309786869781202,-0.08854239307565075,0.089366347124521,0.7242971310423203,0.2757028689576797,0.95,1.0,1.0,False
CHARLS,23,intercept_and_slope,0.4,100,100,1.0,3915,1566,1566,300,1566.0,1566.0,324.5,324.5,0.6319246972090574,0.14917688723606073,-0.0052753574708953865,-0.09864568411992387,0.09864568411992387,0.7233601213243142,0.2766398786756858,1.0,1.0,1.0,False
CHARLS,23,intercept_and_slope,0.5,100,100,1.0,3915,1566,1566,300,1957.0,1957.0,405.0,405.0,0.6319246972090574,0.14902439400407824,-0.005427850702877865,-0.0961469372145006,0.0961469372145006,0.7339093379805558,0.2660906620194442,1.0,1.0,1.0,False
CHARLS,23,intercept_and_slope,0.6,100,100,1.0,3915,1566,1566,300,2349.0,2349.0,487.0,487.0,0.6319246972090574,0.14905279966947618,-0.0053994450374799385,-0.09655687157458404,0.09655687157458404,0.729714665407114,0.27028533459288595,1.0,1.0,1.0,False
CHARLS,23,intercept_only,0.05,100,100,1.0,3915,1566,1566,300,195.0,195.0,40.0,40.0,0.6319246972090574,0.14908384325211538,-0.005368401454840729,-0.05429256961318482,0.11401712433507785,0.6983276816264478,0.30167231837355224,0.73,1.0,0.98,False
CHARLS,23,intercept_only,0.1,100,100,1.0,3915,1566,1566,300,391.0,391.0,81.5,81.5,0.6319246972090574,0.14930050308878648,-0.005151741618169642,-0.09660447797558017,0.1193087001266607,0.6983276816264478,0.30167231837355224,0.76,0.99,0.96,False
CHARLS,23,intercept_only,0.2,100,100,1.0,3915,1566,1566,300,783.0,783.0,163.0,163.0,0.6319246972090574,0.14931387273916635,-0.0051383719677897816,-0.0982506478410598,0.0982506478410598,0.6983276816264478,0.30167231837355224,0.94,1.0,1.0,True
CHARLS,23,intercept_only,0.3,100,100,1.0,3915,1566,1566,300,1174.0,1174.0,242.0,242.0,0.6319246972090574,0.14923985687791586,-0.005212387829040252,-0.0889180437879257,0.0889180437879257,0.6983276816264478,0.30167231837355224,0.95,1.0,1.0,True
CHARLS,23,intercept_only,0.4,100,100,1.0,3915,1566,1566,300,1566.0,1566.0,324.5,324.5,0.6319246972090574,0.14932869044418473,-0.005123554262771404,-0.10005278553514675,0.10005278553514675,0.6983276816264478,0.30167231837355224,1.0,1.0,1.0,False
CHARLS,23,intercept_only,0.5,100,100,1.0,3915,1566,1566,300,1957.0,1957.0,405.0,405.0,0.6319246972090574,0.14929758209727415,-0.005154662609681976,-0.096245020036395,0.096245020036395,0.6983276816264478,0.30167231837355224,1.0,1.0,1.0,True
CHARLS,23,intercept_only,0.6,100,100,1.0,3915,1566,1566,300,2349.0,2349.0,487.0,487.0,0.6319246972090574,0.1493016230023146,-0.005150621704641534,-0.09674615766632591,0.09674615766632591,0.6983276816264478,0.30167231837355224,1.0,1.0,1.0,True
CHARLS,23,none,0.0,1,1,1.0,3915,1566,1566,300,0.0,0.0,0.0,0.0,0.6319246972090574,0.15445224470695612,0.0,0.6876766839479646,0.6876766839479646,0.6983276816264478,0.30167231837355224,0.0,1.0,1.0,False
CHARLS,24,intercept_and_slope,0.05,100,100,1.0,3915,1566,1566,314,195.0,195.0,39.0,39.0,0.6594200870963147,0.15083920148451363,-0.007486912618640554,0.018054163884643037,0.10740448786292772,0.9987194226567742,0.17080520807465255,0.79,1.0,1.0,False
CHARLS,24,intercept_and_slope,0.1,100,100,1.0,3915,1566,1566,314,391.0,391.0,78.0,78.0,0.6594200870963147,0.1503814359603669,-0.007944678142787265,0.014515068415680905,0.07620469911964817,0.9548031678926328,0.13630182621324305,0.87,1.0,1.0,False
CHARLS,24,intercept_and_slope,0.2,100,100,1.0,3915,1566,1566,314,783.0,783.0,157.5,157.5,0.6594200870963147,0.1501138456856047,-0.008212268417549476,0.0015339744996047185,0.05280973545794462,0.9650924274274658,0.0761400801901867,0.99,1.0,1.0,True
CHARLS,24,intercept_and_slope,0.3,100,100,1.0,3915,1566,1566,314,1174.0,1174.0,237.0,237.0,0.6594200870963147,0.14996568275124605,-0.008360431351908101,0.0031742950591265675,0.028109826463712316,0.9311573449484942,0.07356062975103644,1.0,1.0,1.0,True
CHARLS,24,intercept_and_slope,0.4,100,100,1.0,3915,1566,1566,314,1566.0,1566.0,316.0,316.0,0.6594200870963147,0.14996075393311803,-0.008365360170036126,0.006796077688796271,0.02132404979719995,0.9565351791179251,0.052959769876677165,1.0,1.0,1.0,True
CHARLS,24,intercept_and_slope,0.5,100,100,1.0,3915,1566,1566,314,1957.0,1957.0,392.0,392.0,0.6594200870963147,0.14993658149388683,-0.008389532609267322,0.013248642180172198,0.020010019070866587,0.9597677978730313,0.04147692485190668,1.0,1.0,1.0,True
CHARLS,24,intercept_and_slope,0.6,100,100,1.0,3915,1566,1566,314,2349.0,2349.0,473.0,473.0,0.6594200870963147,0.14991238174651267,-0.008413732356641501,0.006848944644106289,0.006848944644106289,0.9538357153253546,0.046164284674645395,1.0,1.0,1.0,True
CHARLS,24,intercept_only,0.05,100,100,1.0,3915,1566,1566,314,195.0,195.0,39.0,39.0,0.6594200870963147,0.15036174808640745,-0.007964366016746702,0.02053179953178382,0.1105975707407938,0.83085260680099,0.16914739319900995,0.77,1.0,1.0,False
CHARLS,24,intercept_only,0.1,100,100,1.0,3915,1566,1566,314,391.0,391.0,78.0,78.0,0.6594200870963147,0.1501493561627657,-0.008176757940388454,0.015132754750808204,0.08316266135528338,0.83085260680099,0.16914739319900995,0.87,1.0,1.0,True
CHARLS,24,intercept_only,0.2,100,100,1.0,3915,1566,1566,314,783.0,783.0,157.5,157.5,0.6594200870963147,0.15008993963456954,-0.008236174468584628,0.005010063519159473,0.049483040238041884,0.83085260680099,0.16914739319900995,0.99,1.0,1.0,True
CHARLS,24,intercept_only,0.3,100,100,1.0,3915,1566,1566,314,1174.0,1174.0,237.0,237.0,0.6594200870963147,0.15001496975208978,-0.008311144351064392,0.005226937022282833,0.029545526801345277,0.83085260680099,0.16914739319900995,1.0,1.0,1.0,True
CHARLS,24,intercept_only,0.4,100,100,1.0,3915,1566,1566,314,1566.0,1566.0,316.0,316.0,0.6594200870963147,0.15000738068561048,-0.008318733417543703,0.007993892122567302,0.022057604529940593,0.83085260680099,0.16914739319900995,1.0,1.0,1.0,True
CHARLS,24,intercept_only,0.5,100,100,1.0,3915,1566,1566,314,1957.0,1957.0,392.0,392.0,0.6594200870963147,0.1499973068073027,-0.008328807295851476,0.01432976008568614,0.02171361649004906,0.83085260680099,0.16914739319900995,1.0,1.0,1.0,True
CHARLS,24,intercept_only,0.6,100,100,1.0,3915,1566,1566,314,2349.0,2349.0,473.0,473.0,0.6594200870963147,0.1500046137926701,-0.008321500310484065,0.00853257936755132,0.00853257936755132,0.83085260680099,0.16914739319900995,1.0,1.0,1.0,True
CHARLS,24,none,0.0,1,1,1.0,3915,1566,1566,314,0.0,0.0,0.0,0.0,0.6594200870963147,0.15832611410315417,0.0,0.7515425118575279,0.7515425118575279,0.83085260680099,0.16914739319900995,0.0,1.0,1.0,False
CHARLS,25,intercept_and_slope,0.05,100,100,1.0,3915,1566,1566,305,195.0,195.0,39.0,39.0,0.6532039365062857,0.15008487126687925,-0.006142832218807695,-0.05010351541616684,0.14570424713325106,0.8827121634211303,0.23455912528989736,0.67,0.97,0.96,False
CHARLS,25,intercept_and_slope,0.1,100,100,1.0,3915,1566,1566,305,391.0,391.0,80.0,80.0,0.6532039365062857,0.1494843748440975,-0.006743328641589455,-0.059125084994705125,0.08824450251154176,0.857226003681957,0.19064447791153255,0.87,1.0,1.0,False
CHARLS,25,intercept_and_slope,0.2,100,100,1.0,3915,1566,1566,305,783.0,783.0,160.5,160.5,0.6532039365062857,0.14910133672400822,-0.007126366761678729,-0.05211213803238675,0.061372542956374745,0.8921587465692434,0.1134668932190871,0.97,1.0,1.0,False
CHARLS,25,intercept_and_slope,0.3,100,100,1.0,3915,1566,1566,305,1174.0,1174.0,240.0,240.0,0.6532039365062857,0.14908385287787163,-0.007143850607815291,-0.04873749607394957,0.051611964085359244,0.8733808031146868,0.1266191968853132,1.0,1.0,1.0,False
CHARLS,25,intercept_and_slope,0.4,100,100,1.0,3915,1566,1566,305,1566.0,1566.0,322.0,322.0,0.6532039365062857,0.14908499771279735,-0.007142705772889585,-0.05242062224345991,0.05242062224345991,0.8686218813066499,0.13137811869335014,1.0,1.0,1.0,False
CHARLS,25,intercept_and_slope,0.5,100,100,1.0,3915,1566,1566,305,1957.0,1957.0,402.0,402.0,0.6532039365062857,0.14905300199520638,-0.007174701490480551,-0.051755301616784294,0.051755301616784294,0.8724841350740427,0.1275158649259573,1.0,1.0,1.0,False
CHARLS,25,intercept_and_slope,0.6,100,100,1.0,3915,1566,1566,305,2349.0,2349.0,482.0,482.0,0.6532039365062857,0.1490426536244117,-0.0071850498612752445,-0.05271581540674871,0.05271581540674871,0.8715789455484245,0.12842105445157548,1.0,1.0,1.0,False
CHARLS,25,intercept_only,0.05,100,100,1.0,3915,1566,1566,305,195.0,195.0,39.0,39.0,0.6532039365062857,0.14971741147943146,-0.006510292006255469,-0.04496450633093858,0.14274099229713633,0.784496171759302,0.21550382824069803,0.68,0.99,0.99,False
CHARLS,25,intercept_only,0.1,100,100,1.0,3915,1566,1566,305,391.0,391.0,80.0,80.0,0.6532039365062857,0.1495523653199458,-0.006675338165741118,-0.05964645683351796,0.0895675330296113,0.784496171759302,0.21550382824069803,0.87,1.0,1.0,True
CHARLS,25,intercept_only,0.2,100,100,1.0,3915,1566,1566,305,783.0,783.0,160.5,160.5,0.6532039365062857,0.1494314105766344,-0.006796292909052537,-0.05126583905181733,0.06356768700826548,0.784496171759302,0.21550382824069803,0.97,1.0,1.0,True
CHARLS,25,intercept_only,0.3,100,100,1.0,3915,1566,1566,305,1174.0,1174.0,240.0,240.0,0.6532039365062857,0.14941530692794291,-0.006812396557744016,-0.0477375192956631,0.051186356624876146,0.784496171759302,0.21550382824069803,1.0,1.0,1.0,True
CHARLS,25,intercept_only,0.4,100,100,1.0,3915,1566,1566,305,1566.0,1566.0,322.0,322.0,0.6532039365062857,0.14943323123494354,-0.006794472250743394,-0.051659290570512204,0.051659290570512204,0.784496171759302,0.21550382824069803,1.0,1.0,1.0,True
CHARLS,25,intercept_only,0.5,100,100,1.0,3915,1566,1566,305,1957.0,1957.0,402.0,402.0,0.6532039365062857,0.14943172157577675,-0.0067959819099101815,-0.05133542312255729,0.05133542312255729,0.784496171759302,0.21550382824069803,1.0,1.0,1.0,True
CHARLS,25,intercept_only,0.6,100,100,1.0,3915,1566,1566,305,2349.0,2349.0,482.0,482.0,0.6532039365062857,0.14943527937482126,-0.006792424110865669,-0.052096816857457755,0.052096816857457755,0.784496171759302,0.21550382824069803,1.0,1.0,1.0,True
CHARLS,25,none,0.0,1,1,1.0,3915,1566,1566,305,0.0,0.0,0.0,0.0,0.6532039365062857,0.15622770348568693,0.0,0.7148627049610482,0.7148627049610482,0.784496171759302,0.21550382824069803,0.0,1.0,1.0,False
CHARLS,26,intercept_and_slope,0.05,100,100,1.0,3915,1566,1566,316,195.0,195.0,39.0,39.0,0.6884075949367089,0.14780313950501567,-0.00826929925723556,0.05561405216234333,0.13012352189337517,1.271093473832896,0.27233158459188667,0.7,0.99,0.99,False
CHARLS,26,intercept_and_slope,0.1,100,100,1.0,3915,1566,1566,316,391.0,391.0,77.0,77.0,0.6884075949367089,0.14751345587071885,-0.008558982891532368,0.059861433243238046,0.08948930755661237,1.320193172775571,0.320193172775571,0.91,1.0,1.0,False
CHARLS,26,intercept_and_slope,0.2,100,100,1.0,3915,1566,1566,316,783.0,783.0,157.0,157.0,0.6884075949367089,0.147359112757203,-0.008713326005048205,0.037988597936582616,0.05990982921644529,1.3451552981244053,0.3451552981244054,0.99,1.0,1.0,False
CHARLS,26,intercept_and_slope,0.3,100,100,1.0,3915,1566,1566,316,1174.0,1174.0,236.0,236.0,0.6884075949367089,0.14703582580882513,-0.009036612953426101,0.030412450033533774,0.03995268273942028,1.326334895214672,0.32633489521467207,1.0,1.0,1.0,False
CHARLS,26,intercept_and_slope,0.4,100,100,1.0,3915,1566,1566,316,1566.0,1566.0,313.5,313.5,0.6884075949367089,0.14730466241420936,-0.00876777634804185,0.03241657669303111,0.03445781221218808,1.363673763198678,0.36367376319867795,1.0,1.0,1.0,False
CHARLS,26,intercept_and_slope,0.5,100,100,1.0,3915,1566,1566,316,1957.0,1957.0,392.0,392.0,0.6884075949367089,0.14713260439056194,-0.00893983437168927,0.03976680668605148,0.03976680668605148,1.336806403830338,0.336806403830338,1.0,1.0,1.0,False
CHARLS,26,intercept_and_slope,0.6,100,100,1.0,3915,1566,1566,316,2349.0,2349.0,471.0,471.0,0.6884075949367089,0.14716145903894984,-0.008910979723301377,0.03651696646601446,0.03651696646601446,1.3383326202976904,0.3383326202976904,1.0,1.0,1.0,False
CHARLS,26,intercept_only,0.05,100,100,1.0,3915,1566,1566,316,195.0,195.0,39.0,39.0,0.6884075949367089,0.1459941793082808,-0.010078259453970409,0.06441534586974469,0.14057460279831469,1.008386760887475,0.008386760887475031,0.69,1.0,1.0,False
CHARLS,26,intercept_only,0.1,100,100,1.0,3915,1566,1566,316,391.0,391.0,77.0,77.0,0.6884075949367089,0.14571875236035525,-0.010353686401895962,0.07497568028730484,0.09360026706620528,1.008386760887475,0.008386760887475031,0.88,1.0,1.0,True
CHARLS,26,intercept_only,0.2,100,100,1.0,3915,1566,1566,316,783.0,783.0,157.0,157.0,0.6884075949367089,0.14559274236461986,-0.010479696397631355,0.04206536080197203,0.06330098130216091,1.008386760887475,0.008386760887475031,0.99,1.0,1.0,True
CHARLS,26,intercept_only,0.3,100,100,1.0,3915,1566,1566,316,1174.0,1174.0,236.0,236.0,0.6884075949367089,0.14554600619740432,-0.010526432564846908,0.036722414635486034,0.044451718129348936,1.008386760887475,0.008386760887475031,1.0,1.0,1.0,True
CHARLS,26,intercept_only,0.4,100,100,1.0,3915,1566,1566,316,1566.0,1566.0,313.5,313.5,0.6884075949367089,0.14554886843936826,-0.010523570322882966,0.04350738617617553,0.04450358591295654,1.008386760887475,0.008386760887475031,1.0,1.0,1.0,True
CHARLS,26,intercept_only,0.5,100,100,1.0,3915,1566,1566,316,1957.0,1957.0,392.0,392.0,0.6884075949367089,0.14555705027208524,-0.010515388490165978,0.04773825577144937,0.04773825577144937,1.008386760887475,0.008386760887475031,1.0,1.0,1.0,True
CHARLS,26,intercept_only,0.6,100,100,1.0,3915,1566,1566,316,2349.0,2349.0,471.0,471.0,0.6884075949367089,0.1455523530208107,-0.010520085741440505,0.045807412840419996,0.045807412840419996,1.008386760887475,0.008386760887475031,1.0,1.0,1.0,True
CHARLS,26,none,0.0,1,1,1.0,3915,1566,1566,316,0.0,0.0,0.0,0.0,0.6884075949367089,0.15607243876225121,0.0,0.7740208501209568,0.7740208501209568,1.008386760887475,0.008386760887475031,0.0,1.0,1.0,False
CHARLS,27,intercept_and_slope,0.05,100,100,1.0,3915,1566,1566,321,195.0,195.0,38.0,38.0,0.6632286153961641,0.15355246574194692,-0.008460610388444784,0.04382483216042047,0.12218369147529295,1.0733242889965686,0.24008872074969034,0.67,1.0,1.0,False
CHARLS,27,intercept_and_slope,0.1,100,100,1.0,3915,1566,1566,321,391.0,391.0,78.0,78.0,0.6632286153961641,0.1530049606623919,-0.009008115467999817,0.04203310216490539,0.08346107891192345,1.0954149055150935,0.15440202051640345,0.8,1.0,1.0,False
CHARLS,27,intercept_and_slope,0.2,100,100,1.0,3915,1566,1566,321,783.0,783.0,155.5,155.5,0.6632286153961641,0.1525638110346969,-0.009449265095694798,0.05254304621612824,0.06132077899106226,1.0875866060224109,0.10727370080519605,0.96,1.0,1.0,False
CHARLS,27,intercept_and_slope,0.3,100,100,1.0,3915,1566,1566,321,1174.0,1174.0,233.5,233.5,0.6632286153961641,0.1524528964012108,-0.009560179729180912,0.05012950727968098,0.05213877388221001,1.0664052505894794,0.078336863227085,0.99,1.0,1.0,True
CHARLS,27,intercept_and_slope,0.4,100,100,1.0,3915,1566,1566,321,1566.0,1566.0,311.0,311.0,0.6632286153961641,0.15240808786191562,-0.009604988268476083,0.054594012403494915,0.056578576219877295,1.0542662392103566,0.056178491239877726,1.0,1.0,1.0,True
CHARLS,27,intercept_and_slope,0.5,100,100,1.0,3915,1566,1566,321,1957.0,1957.0,389.0,389.0,0.6632286153961641,0.15242392899578067,-0.00958914713461105,0.05149939055512723,0.05149939055512723,1.0605791444774608,0.06057914447746082,1.0,1.0,1.0,True
CHARLS,27,intercept_and_slope,0.6,100,100,1.0,3915,1566,1566,321,2349.0,2349.0,466.0,466.0,0.6632286153961641,0.15242345594833548,-0.009589620182056224,0.052695731232032327,0.052695731232032327,1.0616913284688048,0.06169132846880476,1.0,1.0,1.0,True
CHARLS,27,intercept_only,0.05,100,100,1.0,3915,1566,1566,321,195.0,195.0,38.0,38.0,0.6632286153961641,0.15255965846679992,-0.009453417663591798,0.04501791667507346,0.11799348919167993,0.8868761887268813,0.11312381127311866,0.66,1.0,1.0,False
CHARLS,27,intercept_only,0.1,100,100,1.0,3915,1566,1566,321,391.0,391.0,78.0,78.0,0.6632286153961641,0.15243989589369722,-0.009573180236694484,0.04730841427187351,0.09022647517386526,0.8868761887268813,0.11312381127311866,0.79,1.0,1.0,True
CHARLS,27,intercept_only,0.2,100,100,1.0,3915,1566,1566,321,783.0,783.0,155.5,155.5,0.6632286153961641,0.1522831364222607,-0.009729939708130991,0.05704264150521715,0.06230308082129496,0.8868761887268813,0.11312381127311866,0.94,1.0,1.0,True
CHARLS,27,intercept_only,0.3,100,100,1.0,3915,1566,1566,321,1174.0,1174.0,233.5,233.5,0.6632286153961641,0.15224859508470956,-0.009764481045682158,0.05709179114981483,0.05767884870850666,0.8868761887268813,0.11312381127311866,0.99,1.0,1.0,True
CHARLS,27,intercept_only,0.4,100,100,1.0,3915,1566,1566,321,1566.0,1566.0,311.0,311.0,0.6632286153961641,0.15223916598634,-0.009773910144051712,0.06042081094356928,0.061856643141404814,0.8868761887268813,0.11312381127311866,1.0,1.0,1.0,True
CHARLS,27,intercept_only,0.5,100,100,1.0,3915,1566,1566,321,1957.0,1957.0,389.0,389.0,0.6632286153961641,0.15222767361712197,-0.009785402513269717,0.055505594763552164,0.055505594763552164,0.8868761887268813,0.11312381127311866,1.0,1.0,1.0,True
CHARLS,27,intercept_only,0.6,100,100,1.0,3915,1566,1566,321,2349.0,2349.0,466.0,466.0,0.6632286153961641,0.15222978267285175,-0.009783293457539949,0.05678348128359498,0.05678348128359498,0.8868761887268813,0.11312381127311866,1.0,1.0,1.0,True
CHARLS,27,none,0.0,1,1,1.0,3915,1566,1566,321,0.0,0.0,0.0,0.0,0.6632286153961641,0.1620130761303917,0.0,0.7802465595234147,0.7802465595234147,0.8868761887268813,0.11312381127311866,0.0,1.0,1.0,False
CHARLS,28,intercept_and_slope,0.05,100,100,1.0,3915,1566,1566,351,195.0,195.0,36.0,36.0,0.664807194025301,0.16363779847740278,-0.011236636543616743,0.20365830570327012,0.20365830570327012,1.1566159077974683,0.23769413768917425,0.48,1.0,1.0,False
CHARLS,28,intercept_and_slope,0.1,100,100,1.0,3915,1566,1566,351,391.0,391.0,73.0,73.0,0.664807194025301,0.1631723083181222,-0.01170212670289733,0.21352750880329635,0.21352750880329635,1.0952292585787502,0.15846081653709498,0.44,1.0,1.0,False
CHARLS,28,intercept_and_slope,0.2,100,100,1.0,3915,1566,1566,351,783.0,783.0,145.0,145.0,0.664807194025301,0.16317912298000561,-0.011695312041013928,0.22946224263995274,0.22946224263995274,1.0464683219100128,0.10233818552130719,0.37,1.0,1.0,False
CHARLS,28,intercept_and_slope,0.3,100,100,1.0,3915,1566,1566,351,1174.0,1174.0,218.0,218.0,0.664807194025301,0.1630668790090613,-0.01180755601195825,0.22114667039760771,0.22114667039760771,1.0700369627902289,0.07670775492923637,0.28,1.0,1.0,False
CHARLS,28,intercept_and_slope,0.4,100,100,1.0,3915,1566,1566,351,1566.0,1566.0,291.0,291.0,0.664807194025301,0.16312290322821615,-0.011751531792803388,0.22250040079387323,0.22250040079387323,1.0807250637979877,0.08072506379798772,0.26,1.0,1.0,False
CHARLS,28,intercept_and_slope,0.5,100,100,1.0,3915,1566,1566,351,1957.0,1957.0,363.0,363.0,0.664807194025301,0.16311563737134122,-0.01175879764967834,0.22331030147394704,0.22331030147394704,1.088410008006901,0.08841000800690102,0.19,1.0,1.0,False
CHARLS,28,intercept_and_slope,0.6,100,100,1.0,3915,1566,1566,351,2349.0,2349.0,436.0,436.0,0.664807194025301,0.1630676678035747,-0.011806767217444836,0.22229314094032165,0.22229314094032165,1.0791626199352509,0.07916261993525087,0.0,1.0,1.0,False
CHARLS,28,intercept_only,0.05,100,100,1.0,3915,1566,1566,351,195.0,195.0,36.0,36.0,0.664807194025301,0.16248991022392958,-0.012384524797089957,0.19696954208019793,0.1991033527356143,0.8902347564032135,0.10976524359678652,0.5,1.0,1.0,False
CHARLS,28,intercept_only,0.1,100,100,1.0,3915,1566,1566,351,391.0,391.0,73.0,73.0,0.664807194025301,0.1624481400012621,-0.01242629501975745,0.20956309180760288,0.20956309180760288,0.8902347564032135,0.10976524359678652,0.45,1.0,1.0,False
CHARLS,28,intercept_only,0.2,100,100,1.0,3915,1566,1566,351,783.0,783.0,145.0,145.0,0.664807194025301,0.1626440509260906,-0.012230384094928937,0.23059416766819946,0.23059416766819946,0.8902347564032135,0.10976524359678652,0.38,1.0,1.0,False
CHARLS,28,intercept_only,0.3,100,100,1.0,3915,1566,1566,351,1174.0,1174.0,218.0,218.0,0.664807194025301,0.1625559557110248,-0.012318479309994745,0.22140122113941635,0.22140122113941635,0.8902347564032135,0.10976524359678652,0.31,1.0,1.0,False
CHARLS,28,intercept_only,0.4,100,100,1.0,3915,1566,1566,351,1566.0,1566.0,291.0,291.0,0.664807194025301,0.16255920588798134,-0.012315229133038202,0.22174685788764836,0.22174685788764836,0.8902347564032135,0.10976524359678652,0.27,1.0,1.0,False
CHARLS,28,intercept_only,0.5,100,100,1.0,3915,1566,1566,351,1957.0,1957.0,363.0,363.0,0.664807194025301,0.16257136353289614,-0.012303071488123388,0.2230402100971309,0.2230402100971309,0.8902347564032135,0.10976524359678652,0.2,1.0,1.0,False
CHARLS,28,intercept_only,0.6,100,100,1.0,3915,1566,1566,351,2349.0,2349.0,436.0,436.0,0.664807194025301,0.1625624516227707,-0.012311983398248849,0.22209427525304495,0.22209427525304495,0.8902347564032135,0.10976524359678652,0.0,1.0,1.0,False
CHARLS,28,none,0.0,1,1,1.0,3915,1566,1566,351,0.0,0.0,0.0,0.0,0.664807194025301,0.17487443502101954,0.0,0.8754984935466682,0.8754984935466682,0.8902347564032135,0.10976524359678652,0.0,1.0,1.0,False
CHARLS,29,intercept_and_slope,0.05,100,100,1.0,3915,1566,1566,311,195.0,195.0,39.0,39.0,0.6776418441987676,0.1490175864096726,-0.007635256962456219,-0.006820445007797847,0.11473380934646543,1.1367529084423984,0.22707661419737063,0.76,1.0,1.0,False
CHARLS,29,intercept_and_slope,0.1,100,100,1.0,3915,1566,1566,311,391.0,391.0,78.0,78.0,0.6776418441987676,0.14863038971831027,-0.00802245365381854,-0.0059489024989606756,0.09003276130887995,1.0824533153921914,0.16400322593644773,0.92,1.0,1.0,False
CHARLS,29,intercept_and_slope,0.2,100,100,1.0,3915,1566,1566,311,783.0,783.0,158.0,158.0,0.6776418441987676,0.1482574089369045,-0.008395434435224308,-0.009543441224236598,0.04922954436993415,1.1143523426811477,0.1274304957121304,1.0,1.0,1.0,False
CHARLS,29,intercept_and_slope,0.3,100,100,1.0,3915,1566,1566,311,1174.0,1174.0,237.0,237.0,0.6776418441987676,0.14824889490690035,-0.008403948465228447,-0.017591304779542093,0.04182894843293029,1.1449711859972633,0.14497118599726344,1.0,1.0,1.0,False
CHARLS,29,intercept_and_slope,0.4,100,100,1.0,3915,1566,1566,311,1566.0,1566.0,316.5,316.5,0.6776418441987676,0.14818617050984267,-0.008466672862286126,-0.019022414122652917,0.02926147118762172,1.1298217065732898,0.12982170657328995,1.0,1.0,1.0,False
CHARLS,29,intercept_and_slope,0.5,100,100,1.0,3915,1566,1566,311,1957.0,1957.0,397.0,397.0,0.6776418441987676,0.14815961671647715,-0.008493226655651664,-0.024307700801526007,0.025250825002094676,1.1298267313006036,0.12982673130060363,1.0,1.0,1.0,False
CHARLS,29,intercept_and_slope,0.6,100,100,1.0,3915,1566,1566,311,2349.0,2349.0,476.0,476.0,0.6776418441987676,0.14813544057053193,-0.00851740280159688,-0.022662863009040433,0.022662863009040433,1.1246169902064618,0.12461699020646178,1.0,1.0,1.0,False
CHARLS,29,intercept_only,0.05,100,100,1.0,3915,1566,1566,311,195.0,195.0,39.0,39.0,0.6776418441987676,0.14828223146178382,-0.008370611910345008,-0.005163237554441919,0.10636193421065228,0.9161249577724941,0.08387504222750586,0.74,1.0,1.0,False
CHARLS,29,intercept_only,0.1,100,100,1.0,3915,1566,1566,311,391.0,391.0,78.0,78.0,0.6776418441987676,0.14820850722142917,-0.008444336150699644,-0.011273828985207929,0.0867707179628214,0.9161249577724941,0.08387504222750586,0.91,1.0,1.0,True
CHARLS,29,intercept_only,0.2,100,100,1.0,3915,1566,1566,311,783.0,783.0,158.0,158.0,0.6776418441987676,0.14806153311643014,-0.008591310255698675,-0.008388502776501753,0.04947634440461511,0.9161249577724941,0.08387504222750586,1.0,1.0,1.0,True
CHARLS,29,intercept_only,0.3,100,100,1.0,3915,1566,1566,311,1174.0,1174.0,237.0,237.0,0.6776418441987676,0.14806410243733845,-0.008588740934790368,-0.017744083103535074,0.042842288711282484,0.9161249577724941,0.08387504222750586,1.0,1.0,1.0,True
CHARLS,29,intercept_only,0.4,100,100,1.0,3915,1566,1566,311,1566.0,1566.0,316.5,316.5,0.6776418441987676,0.14803627884986037,-0.00861656452226843,-0.018294958772582408,0.02959056907949316,0.9161249577724941,0.08387504222750586,1.0,1.0,1.0,True
CHARLS,29,intercept_only,0.5,100,100,1.0,3915,1566,1566,311,1957.0,1957.0,397.0,397.0,0.6776418441987676,0.148036767978296,-0.008616075393832814,-0.023575780519832182,0.024411072369796928,0.9161249577724941,0.08387504222750586,1.0,1.0,1.0,True
CHARLS,29,intercept_only,0.6,100,100,1.0,3915,1566,1566,311,2349.0,2349.0,476.0,476.0,0.6776418441987676,0.1480346817439785,-0.008618161628150323,-0.022360822652798772,0.022360822652798772,0.9161249577724941,0.08387504222750586,1.0,1.0,1.0,True
CHARLS,29,none,0.0,1,1,1.0,3915,1566,1566,311,0.0,0.0,0.0,0.0,0.6776418441987676,0.1566528433721288,0.0,0.7329396079136481,0.7329396079136481,0.9161249577724941,0.08387504222750586,0.0,1.0,1.0,False
CHARLS,30,intercept_and_slope,0.05,100,100,1.0,3915,1566,1566,305,195.0,195.0,40.0,40.0,0.646182446926067,0.1492499085005834,-0.00633029894840674,-0.01937448284542026,0.11734311288818554,0.8881364684219317,0.19215098111090223,0.69,1.0,0.99,False
CHARLS,30,intercept_and_slope,0.1,100,100,1.0,3915,1566,1566,305,391.0,391.0,80.0,80.0,0.646182446926067,0.14865087145020645,-0.0069293359987836894,-0.027404298631881555,0.0813406945223825,0.8886199621472521,0.18753428165554348,0.86,1.0,1.0,False
CHARLS,30,intercept_and_slope,0.2,100,100,1.0,3915,1566,1566,305,783.0,783.0,162.0,162.0,0.646182446926067,0.14829751812719277,-0.007282689321797348,-0.03596273116274805,0.05198876273472665,0.8848955762250492,0.12809481756919888,0.99,1.0,1.0,False
CHARLS,30,intercept_and_slope,0.3,100,100,1.0,3915,1566,1566,305,1174.0,1174.0,240.5,240.5,0.646182446926067,0.14825114005973336,-0.00732906738925676,-0.027286218481018296,0.044796629284597905,0.8838184954958648,0.11763092778085776,1.0,1.0,1.0,False
CHARLS,30,intercept_and_slope,0.4,100,100,1.0,3915,1566,1566,305,1566.0,1566.0,321.0,321.0,0.646182446926067,0.14818908660924668,-0.007391120839743456,-0.027317270322443278,0.030074944513064476,0.8865177384354219,0.11348226156457814,1.0,1.0,1.0,False
CHARLS,30,intercept_and_slope,0.5,100,100,1.0,3915,1566,1566,305,1957.0,1957.0,403.0,403.0,0.646182446926067,0.14816055235317904,-0.0074196550958110785,-0.02871777240338384,0.029103640405309418,0.8937247066828407,0.10627529331715929,1.0,1.0,1.0,False
CHARLS,30,intercept_and_slope,0.6,100,100,1.0,3915,1566,1566,305,2349.0,2349.0,482.0,482.0,0.646182446926067,0.14815492498825433,-0.007425282460735788,-0.024184319654576205,0.024184319654576205,0.8879105150518136,0.11208948494818638,1.0,1.0,1.0,False
CHARLS,30,intercept_only,0.05,100,100,1.0,3915,1566,1566,305,195.0,195.0,40.0,40.0,0.646182446926067,0.1485881007822678,-0.006992106666722314,-0.010459024338923524,0.11490240940699867,0.7941596743458098,0.2058403256541902,0.68,1.0,1.0,False
CHARLS,30,intercept_only,0.1,100,100,1.0,3915,1566,1566,305,391.0,391.0,80.0,80.0,0.646182446926067,0.14853216172914466,-0.007048045719845464,-0.02642017897042106,0.0797834880825668,0.7941596743458098,0.2058403256541902,0.86,1.0,1.0,True
CHARLS,30,intercept_only,0.2,100,100,1.0,3915,1566,1566,305,783.0,783.0,162.0,162.0,0.646182446926067,0.1484803082015682,-0.007099899247421923,-0.03138629923164219,0.05068307007279042,0.7941596743458098,0.2058403256541902,0.99,1.0,1.0,True
CHARLS,30,intercept_only,0.3,100,100,1.0,3915,1566,1566,305,1174.0,1174.0,240.5,240.5,0.646182446926067,0.14844977753839977,-0.007130429910590347,-0.02340555259234224,0.043632914390298955,0.7941596743458098,0.2058403256541902,1.0,1.0,1.0,True
CHARLS,30,intercept_only,0.4,100,100,1.0,3915,1566,1566,305,1566.0,1566.0,321.0,321.0,0.646182446926067,0.14845007298600044,-0.0071301344629896984,-0.023351056082449105,0.02782300672904426,0.7941596743458098,0.2058403256541902,1.0,1.0,1.0,True
CHARLS,30,intercept_only,0.5,100,100,1.0,3915,1566,1566,305,1957.0,1957.0,403.0,403.0,0.646182446926067,0.14845636066898038,-0.0071238467800097405,-0.0252113751081732,0.027639749955774444,0.7941596743458098,0.2058403256541902,1.0,1.0,1.0,True
CHARLS,30,intercept_only,0.6,100,100,1.0,3915,1566,1566,305,2349.0,2349.0,482.0,482.0,0.646182446926067,0.14843759152928523,-0.007142615919704887,-0.019986105194563175,0.019986105194563175,0.7941596743458098,0.2058403256541902,1.0,1.0,1.0,True
CHARLS,30,none,0.0,1,1,1.0,3915,1566,1566,305,0.0,0.0,0.0,0.0,0.646182446926067,0.15558020744899012,0.0,0.7342486692775039,0.7342486692775039,0.7941596743458098,0.2058403256541902,0.0,1.0,1.0,False
ELSA,1,intercept_and_slope,0.05,100,100,1.0,8609,3443,12216,1203,430.0,1533.5,146.5,137.0,0.7549545655217869,0.08029820916603417,-0.0006956116089293085,0.02273322175114769,0.059955378205698226,1.0791163971637667,0.08453257654101076,0.97,1.0,0.96,True
ELSA,1,intercept_and_slope,0.1,100,100,1.0,8609,3443,12216,1203,860.0,3067.0,295.0,272.0,0.7549545655217869,0.08026029796350607,-0.0007335228114574016,0.028450887972526935,0.04642336074910576,1.0756779450948306,0.07815972841177732,0.99,1.0,1.0,True
ELSA,1,intercept_and_slope,0.2,100,100,1.0,8609,3443,12216,1203,1721.0,6108.0,587.0,542.5,0.7549545655217869,0.08025458534753609,-0.0007392354274273899,0.0332987793484045,0.03825365677151672,1.0857877659389747,0.08578776593897475,1.0,1.0,1.0,True
ELSA,1,intercept_and_slope,0.3,100,100,1.0,8609,3443,12216,1203,2582.0,9204.5,884.0,820.0,0.7549545655217869,0.08023475537732498,-0.0007590653976384948,0.0308932720584532,0.0308932720584532,1.0794454678589886,0.07944546785898865,1.0,1.0,1.0,True
ELSA,1,intercept_and_slope,0.4,100,100,1.0,8609,3443,12216,1203,3443.0,12259.0,1179.5,1091.0,0.7549545655217869,0.08023786237826083,-0.0007559583967026509,0.027626515590410385,0.027626515590410385,1.0821795016514946,0.08217950165149468,1.0,1.0,1.0,True
ELSA,1,intercept_and_slope,0.5,100,100,1.0,8609,3443,12216,1203,4304.0,15318.0,1476.5,1366.0,0.7549545655217869,0.08023317087807685,-0.0007606498968866157,0.028985524077894467,0.028985524077894467,1.0822554629892889,0.08225546298928887,1.0,1.0,1.0,True
ELSA,1,intercept_and_slope,0.6,100,100,1.0,8609,3443,12216,1203,5165.0,18391.0,1772.0,1640.0,0.7549545655217869,0.0802345541694087,-0.0007592666055547814,0.02766372786691644,0.02766372786691644,1.0837413998769667,0.08374139987696672,1.0,1.0,1.0,True
ELSA,1,intercept_only,0.05,100,100,1.0,8609,3443,12216,1203,430.0,1533.5,146.5,137.0,0.7549545655217869,0.0803534918216903,-0.0006403289532731712,0.0217410178984885,0.060885678962490954,1.1566440336652413,0.15664403366524127,0.97,1.0,0.99,True
ELSA,1,intercept_only,0.1,100,100,1.0,8609,3443,12216,1203,860.0,3067.0,295.0,272.0,0.7549545655217869,0.08035873731135888,-0.0006350834636045938,0.03196375790563222,0.04466256191906269,1.1566440336652413,0.15664403366524127,1.0,1.0,1.0,True
ELSA,1,intercept_only,0.2,100,100,1.0,8609,3443,12216,1203,1721.0,6108.0,587.0,542.5,0.7549545655217869,0.0803594410802205,-0.0006343796947429828,0.03234600085715143,0.03647341866691904,1.1566440336652413,0.15664403366524127,1.0,1.0,1.0,True
ELSA,1,intercept_only,0.3,100,100,1.0,8609,3443,12216,1203,2582.0,9204.5,884.0,820.0,0.7549545655217869,0.08035611391816143,-0.0006377068568020478,0.03053187412969801,0.03053187412969801,1.1566440336652413,0.15664403366524127,1.0,1.0,1.0,True
ELSA,1,intercept_only,0.4,100,100,1.0,8609,3443,12216,1203,3443.0,12259.0,1179.5,1091.0,0.7549545655217869,0.08035009131843016,-0.0006437294565333138,0.027169610582482843,0.027169610582482843,1.1566440336652413,0.15664403366524127,1.0,1.0,1.0,True
ELSA,1,intercept_only,0.5,100,100,1.0,8609,3443,12216,1203,4304.0,15318.0,1476.5,1366.0,0.7549545655217869,0.0803516417338816,-0.0006421790410818737,0.0280464455061173,0.0280464455061173,1.1566440336652413,0.15664403366524127,1.0,1.0,1.0,True
ELSA,1,intercept_only,0.6,100,100,1.0,8609,3443,12216,1203,5165.0,18391.0,1772.0,1640.0,0.7549545655217869,0.08034937999623917,-0.0006444407787243034,0.026764740526575674,0.026764740526575674,1.1566440336652413,0.15664403366524127,1.0,1.0,1.0,True
ELSA,1,none,0.0,1,1,1.0,8609,3443,12216,1203,0.0,0.0,0.0,0.0,0.7549545655217869,0.08099382077496348,0.0,0.22278727731464368,0.22278727731464368,1.1566440336652413,0.15664403366524127,0.0,1.0,1.0,False
ELSA,2,intercept_and_slope,0.05,100,100,1.0,8609,3443,12297,1203,430.0,1519.5,146.5,136.0,0.7483471179032168,0.0804568071061614,-0.0006356756805808439,0.07029350746996103,0.08001500230085157,0.99982582179998,0.06807526950847148,0.88,1.0,0.94,True
ELSA,2,intercept_and_slope,0.1,100,100,1.0,8609,3443,12297,1203,860.0,3042.5,296.0,274.0,0.7483471179032168,0.08038409507970953,-0.0007083877070327149,0.0670329442836607,0.06740086819202545,1.007320337292017,0.03863684135868978,0.98,1.0,1.0,True
ELSA,2,intercept_and_slope,0.2,100,100,1.0,8609,3443,12297,1203,1721.0,6100.0,586.0,545.0,0.7483471179032168,0.08038910671496771,-0.0007033760717745294,0.06845458328548776,0.06972994006929628,1.0205344318687137,0.033160134354133286,1.0,1.0,1.0,True
ELSA,2,intercept_and_slope,0.3,100,100,1.0,8609,3443,12297,1203,2582.0,9141.5,887.0,824.0,0.7483471179032168,0.08036624690467414,-0.0007262358820681117,0.06258514094063408,0.06258514094063408,1.0134235885230527,0.01861035432592595,1.0,1.0,1.0,True
ELSA,2,intercept_and_slope,0.4,100,100,1.0,8609,3443,12297,1203,3443.0,12204.0,1181.0,1097.0,0.7483471179032168,0.08037534282912803,-0.0007171399576142087,0.06825591142032586,0.06825591142032586,1.0195921254290852,0.02055637294299767,1.0,1.0,1.0,True
ELSA,2,intercept_and_slope,0.5,100,100,1.0,8609,3443,12297,1203,4304.0,15253.5,1477.0,1370.0,0.7483471179032168,0.08036885974750033,-0.0007236230392419218,0.06590903028269626,0.06590903028269626,1.0146193000035386,0.015306763272491808,1.0,1.0,1.0,True
ELSA,2,intercept_and_slope,0.6,100,100,1.0,8609,3443,12297,1203,5165.0,18311.0,1772.0,1644.0,0.7483471179032168,0.08036792008207677,-0.0007245627046654768,0.06603899688308329,0.06603899688308329,1.0166122990717867,0.01661229907178674,1.0,1.0,1.0,True
ELSA,2,intercept_only,0.05,100,100,1.0,8609,3443,12297,1203,430.0,1519.5,146.5,136.0,0.7483471179032168,0.08049024111460731,-0.0006022416721349275,0.06783747917893075,0.07643867435212849,1.1142041675078154,0.11420416750781537,0.88,1.0,0.97,True
ELSA,2,intercept_only,0.1,100,100,1.0,8609,3443,12297,1203,860.0,3042.5,296.0,274.0,0.7483471179032168,0.08047095164252303,-0.0006215311442192145,0.058666919035767304,0.060445423776937256,1.1142041675078154,0.11420416750781537,0.98,1.0,0.99,True
ELSA,2,intercept_only,0.2,100,100,1.0,8609,3443,12297,1203,1721.0,6100.0,586.0,545.0,0.7483471179032168,0.08048122618247985,-0.0006112566042623876,0.06363350192625912,0.0648479010688786,1.1142041675078154,0.11420416750781537,1.0,1.0,1.0,True
ELSA,2,intercept_only,0.3,100,100,1.0,8609,3443,12297,1203,2582.0,9141.5,887.0,824.0,0.7483471179032168,0.08046742782785772,-0.0006250549588845272,0.056919540654932335,0.056919540654932335,1.1142041675078154,0.11420416750781537,1.0,1.0,1.0,True
ELSA,2,intercept_only,0.4,100,100,1.0,8609,3443,12297,1203,3443.0,12204.0,1181.0,1097.0,0.7483471179032168,0.08047761940475018,-0.0006148633819920632,0.06191293114863271,0.06191293114863271,1.1142041675078154,0.11420416750781537,1.0,1.0,1.0,True
ELSA,2,intercept_only,0.5,100,100,1.0,8609,3443,12297,1203,4304.0,15253.5,1477.0,1370.0,0.7483471179032168,0.08047381802032746,-0.0006186647664147837,0.06007386713005258,0.06007386713005258,1.1142041675078154,0.11420416750781537,1.0,1.0,1.0,True
ELSA,2,intercept_only,0.6,100,100,1.0,8609,3443,12297,1203,5165.0,18311.0,1772.0,1644.0,0.7483471179032168,0.08047403794941807,-0.0006184448373241849,0.060181016015518216,0.060181016015518216,1.1142041675078154,0.11420416750781537,1.0,1.0,1.0,True
ELSA,2,none,0.0,1,1,1.0,8609,3443,12297,1203,0.0,0.0,0.0,0.0,0.7483471179032168,0.08109248278674225,0.0,0.24288925109171156,0.24288925109171156,1.1142041675078154,0.11420416750781537,0.0,1.0,1.0,False
ELSA,3,intercept_and_slope,0.05,100,100,1.0,8609,3443,12220,1188,430.0,1531.5,148.0,136.0,0.7459676533280594,0.07982249024327762,-0.00047206769932802567,-0.0190663067917969,0.06282232775895571,1.0013459688552326,0.0710521186704462,0.96,1.0,0.9,True
ELSA,3,intercept_and_slope,0.1,100,100,1.0,8609,3443,12220,1188,860.0,3058.5,297.0,278.0,0.7459676533280594,0.07974078999244258,-0.0005537679501630699,-0.00871043038322416,0.03789251688647777,1.0090269390415854,0.04239556942099443,1.0,1.0,1.0,True
ELSA,3,intercept_and_slope,0.2,100,100,1.0,8609,3443,12220,1188,1721.0,6126.5,589.0,548.5,0.7459676533280594,0.07971115927668465,-0.0005833986659209908,0.0023651569900319555,0.021701274145950147,1.0126221488195069,0.029914470138171667,1.0,1.0,1.0,True
ELSA,3,intercept_and_slope,0.3,100,100,1.0,8609,3443,12220,1188,2582.0,9177.5,892.5,829.0,0.7459676533280594,0.07970545715305126,-0.0005891007895543893,-0.011789149013143133,0.018894395038730798,1.0118644537212185,0.02197937036354236,1.0,1.0,1.0,True
ELSA,3,intercept_and_slope,0.4,100,100,1.0,8609,3443,12220,1188,3443.0,12256.0,1189.0,1104.5,0.7459676533280594,0.07969933436497506,-0.0005952235776305881,-0.00888633043427438,0.014310752853988785,1.00650264720751,0.014874312973473358,1.0,1.0,1.0,True
ELSA,3,intercept_and_slope,0.5,100,100,1.0,8609,3443,12220,1188,4304.0,15308.0,1489.0,1384.0,0.7459676533280594,0.07969634709824006,-0.0005982108443655931,-0.010188069460094746,0.012046272547632492,1.0076718758846792,0.010001649388793776,1.0,1.0,1.0,True
ELSA,3,intercept_and_slope,0.6,100,100,1.0,8609,3443,12220,1188,5165.0,18387.0,1787.0,1661.0,0.7459676533280594,0.07969439500250118,-0.0006001629401044678,-0.009945059376429827,0.009945059376429827,1.0095626750850384,0.009562675085038275,1.0,1.0,1.0,True
ELSA,3,intercept_only,0.05,100,100,1.0,8609,3443,12220,1188,430.0,1531.5,148.0,136.0,0.7459676533280594,0.0798012690332546,-0.0004932889093510542,-0.013233906995603359,0.06079795898895756,1.108275276213409,0.10827527621340893,0.97,1.0,0.98,True
ELSA,3,intercept_only,0.1,100,100,1.0,8609,3443,12220,1188,860.0,3058.5,297.0,278.0,0.7459676533280594,0.07978014439828361,-0.0005144135443220371,-0.008768509945944074,0.03513774298595425,1.108275276213409,0.10827527621340893,1.0,1.0,1.0,True
ELSA,3,intercept_only,0.2,100,100,1.0,8609,3443,12220,1188,1721.0,6126.5,589.0,548.5,0.7459676533280594,0.07978400047350656,-0.0005105574690990877,0.0022083418154127976,0.01983749187714525,1.108275276213409,0.10827527621340893,1.0,1.0,1.0,True
ELSA,3,intercept_only,0.3,100,100,1.0,8609,3443,12220,1188,2582.0,9177.5,892.5,829.0,0.7459676533280594,0.07977304075388958,-0.0005215171887160697,-0.010703625208339812,0.018099474022136033,1.108275276213409,0.10827527621340893,1.0,1.0,1.0,True
ELSA,3,intercept_only,0.4,100,100,1.0,8609,3443,12220,1188,3443.0,12256.0,1189.0,1104.5,0.7459676533280594,0.07977450499050659,-0.0005200529520990524,-0.008167867688350868,0.013706986709266629,1.108275276213409,0.10827527621340893,1.0,1.0,1.0,True
ELSA,3,intercept_only,0.5,100,100,1.0,8609,3443,12220,1188,4304.0,15308.0,1489.0,1384.0,0.7459676533280594,0.07977361556989564,-0.0005209423727100121,-0.009365988047026364,0.011430372646191986,1.108275276213409,0.10827527621340893,1.0,1.0,1.0,True
ELSA,3,intercept_only,0.6,100,100,1.0,8609,3443,12220,1188,5165.0,18387.0,1787.0,1661.0,0.7459676533280594,0.07977368329068998,-0.0005208746519156579,-0.009273131120565997,0.009273131120565997,1.108275276213409,0.10827527621340893,1.0,1.0,1.0,True
ELSA,3,none,0.0,1,1,1.0,8609,3443,12220,1188,0.0,0.0,0.0,0.0,0.7459676533280594,0.08029455794260565,0.0,0.20122659561675343,0.20122659561675343,1.108275276213409,0.10827527621340893,0.0,1.0,1.0,False
ELSA,4,intercept_and_slope,0.05,100,100,1.0,8609,3443,12172,1195,430.0,1531.0,146.5,136.0,0.7430825121983852,0.0812860521155211,-0.0003511321465718281,0.018846603368171958,0.06939238997413388,0.9353232975649209,0.08248093185498628,0.98,1.0,0.89,True
ELSA,4,intercept_and_slope,0.1,100,100,1.0,8609,3443,12172,1195,860.0,3072.5,296.5,275.5,0.7430825121983852,0.08118988965911683,-0.00044729460297610046,0.026790429189690632,0.0428776147061319,0.9522954842611401,0.05746365128676395,1.0,1.0,0.98,True
ELSA,4,intercept_and_slope,0.2,100,100,1.0,8609,3443,12172,1195,1721.0,6126.5,590.5,546.5,0.7430825121983852,0.08116004857283843,-0.0004771356892544973,0.021613571078943416,0.028044351817798262,0.946139690861959,0.05470764320424104,1.0,1.0,1.0,True
ELSA,4,intercept_and_slope,0.3,100,100,1.0,8609,3443,12172,1195,2582.0,9212.5,888.5,821.0,0.7430825121983852,0.08115037390735429,-0.0004868103547386454,0.02619089744636492,0.02767918870267351,0.9458960592912959,0.05410394070870406,1.0,1.0,1.0,True
ELSA,4,intercept_and_slope,0.4,100,100,1.0,8609,3443,12172,1195,3443.0,12297.5,1186.0,1100.0,0.7430825121983852,0.08115028669886683,-0.00048689756322610467,0.021314770333150445,0.02181749540455548,0.9429193800335416,0.05708061996645841,1.0,1.0,1.0,True
ELSA,4,intercept_and_slope,0.5,100,100,1.0,8609,3443,12172,1195,4304.0,15363.5,1480.0,1371.5,0.7430825121983852,0.08114779683045212,-0.0004893874316408142,0.023821055238205054,0.023821055238205054,0.9438136544024218,0.056186345597578236,1.0,1.0,1.0,True
ELSA,4,intercept_and_slope,0.6,100,100,1.0,8609,3443,12172,1195,5165.0,18435.0,1780.0,1650.0,0.7430825121983852,0.08114475834339357,-0.0004924259186993643,0.021346726872714814,0.021346726872714814,0.9451805530585471,0.054819446941452854,1.0,1.0,1.0,True
ELSA,4,intercept_only,0.05,100,100,1.0,8609,3443,12172,1195,430.0,1531.0,146.5,136.0,0.7430825121983852,0.08115025365714204,-0.00048693060495089147,0.02189646959047936,0.0662553639339876,1.0651453417009165,0.06514534170091646,0.98,1.0,0.98,True
ELSA,4,intercept_only,0.1,100,100,1.0,8609,3443,12172,1195,860.0,3072.5,296.5,275.5,0.7430825121983852,0.08114270050991632,-0.0004944837521766096,0.024572925763220115,0.04193975716955163,1.0651453417009165,0.06514534170091646,1.0,1.0,1.0,True
ELSA,4,intercept_only,0.2,100,100,1.0,8609,3443,12172,1195,1721.0,6126.5,590.5,546.5,0.7430825121983852,0.08112905590872442,-0.0005081283533685116,0.02143756570089455,0.029675078585780328,1.0651453417009165,0.06514534170091646,1.0,1.0,1.0,True
ELSA,4,intercept_only,0.3,100,100,1.0,8609,3443,12172,1195,2582.0,9212.5,888.5,821.0,0.7430825121983852,0.08113289313336258,-0.0005042911287303498,0.025146369863291995,0.027005225398651113,1.0651453417009165,0.06514534170091646,1.0,1.0,1.0,True
ELSA,4,intercept_only,0.4,100,100,1.0,8609,3443,12172,1195,3443.0,12297.5,1186.0,1100.0,0.7430825121983852,0.08112823964818655,-0.0005089446139063883,0.0206179489709427,0.021988205393658304,1.0651453417009165,0.06514534170091646,1.0,1.0,1.0,True
ELSA,4,intercept_only,0.5,100,100,1.0,8609,3443,12172,1195,4304.0,15363.5,1480.0,1371.5,0.7430825121983852,0.08113100630109162,-0.0005061779610013167,0.023359158805413158,0.023359158805413158,1.0651453417009165,0.06514534170091646,1.0,1.0,1.0,True
ELSA,4,intercept_only,0.6,100,100,1.0,8609,3443,12172,1195,5165.0,18435.0,1780.0,1650.0,0.7430825121983852,0.081128473629907,-0.000508710632185945,0.020855189212668386,0.020855189212668386,1.0651453417009165,0.06514534170091646,1.0,1.0,1.0,True
ELSA,4,none,0.0,1,1,1.0,8609,3443,12172,1195,0.0,0.0,0.0,0.0,0.7430825121983852,0.08163718426209293,0.0,0.21933406716105067,0.21933406716105067,1.0651453417009165,0.06514534170091646,0.0,1.0,1.0,False
ELSA,5,intercept_and_slope,0.05,100,100,1.0,8609,3443,12334,1202,430.0,1522.5,149.0,140.0,0.7605384157318351,0.07938588109037231,-0.0006631531513211705,0.0011434414980796958,0.059558333120840454,1.1316393756114744,0.13163937561147443,0.98,1.0,0.95,False
ELSA,5,intercept_and_slope,0.1,100,100,1.0,8609,3443,12334,1202,860.0,3044.5,293.5,272.0,0.7605384157318351,0.07932440009271965,-0.000724634148973842,0.021558374325214222,0.04235529260797414,1.1023943720692047,0.10239437206920476,1.0,1.0,1.0,False
ELSA,5,intercept_and_slope,0.2,100,100,1.0,8609,3443,12334,1202,1721.0,6114.5,591.0,550.0,0.7605384157318351,0.07932010124008732,-0.0007289330016061676,0.021165370427783985,0.032894586363430255,1.0960772084775785,0.09607720847757861,1.0,1.0,1.0,True
ELSA,5,intercept_and_slope,0.3,100,100,1.0,8609,3443,12334,1202,2582.0,9120.0,887.0,824.0,0.7605384157318351,0.07931073579080088,-0.0007382984508926133,0.013330293512919096,0.01686742350231373,1.1084672416691015,0.10846724166910149,1.0,1.0,1.0,False
ELSA,5,intercept_and_slope,0.4,100,100,1.0,8609,3443,12334,1202,3443.0,12169.0,1179.5,1098.0,0.7605384157318351,0.07929612311113891,-0.000752911130554576,0.017704314344250828,0.01982360537826048,1.0986489263506525,0.09864892635065248,1.0,1.0,1.0,True
ELSA,5,intercept_and_slope,0.5,100,100,1.0,8609,3443,12334,1202,4304.0,15225.0,1477.0,1375.0,0.7605384157318351,0.07930684495570078,-0.0007421892859927129,0.01862111318085226,0.01862111318085226,1.1060197873201956,0.10601978732019557,1.0,1.0,1.0,False
ELSA,5,intercept_and_slope,0.6,100,100,1.0,8609,3443,12334,1202,5165.0,18274.0,1773.0,1649.0,0.7605384157318351,0.07930272850435036,-0.0007463057373431406,0.01836549881979295,0.01836549881979295,1.1018643981041625,0.10186439810416259,1.0,1.0,1.0,False
ELSA,5,intercept_only,0.05,100,100,1.0,8609,3443,12334,1202,430.0,1522.5,149.0,140.0,0.7605384157318351,0.07939279299536309,-0.0006562412463304024,0.0021391785508294106,0.05959329347210086,1.1673337571636015,0.16733375716360155,0.97,1.0,0.99,True
ELSA,5,intercept_only,0.1,100,100,1.0,8609,3443,12334,1202,860.0,3044.5,293.5,272.0,0.7605384157318351,0.07941345600478891,-0.0006355782369045701,0.020862347042726388,0.04034126356668394,1.1673337571636015,0.16733375716360155,1.0,1.0,1.0,True
ELSA,5,intercept_only,0.2,100,100,1.0,8609,3443,12334,1202,1721.0,6114.5,591.0,550.0,0.7605384157318351,0.07941237610895974,-0.0006366581327337598,0.020223017570943795,0.03118476314758907,1.1673337571636015,0.16733375716360155,1.0,1.0,1.0,True
ELSA,5,intercept_only,0.3,100,100,1.0,8609,3443,12334,1202,2582.0,9120.0,887.0,824.0,0.7605384157318351,0.07939973402651775,-0.0006493002151757438,0.012405316655910575,0.016283656813268675,1.1673337571636015,0.16733375716360155,1.0,1.0,1.0,True
ELSA,5,intercept_only,0.4,100,100,1.0,8609,3443,12334,1202,3443.0,12169.0,1179.5,1098.0,0.7605384157318351,0.07940720589184881,-0.0006418283498446781,0.017107581813499452,0.018767848583541833,1.1673337571636015,0.16733375716360155,1.0,1.0,1.0,True
ELSA,5,intercept_only,0.5,100,100,1.0,8609,3443,12334,1202,4304.0,15225.0,1477.0,1375.0,0.7605384157318351,0.07940893108393465,-0.0006401031577588298,0.0181598560721057,0.0181598560721057,1.1673337571636015,0.16733375716360155,1.0,1.0,1.0,True
ELSA,5,intercept_only,0.6,100,100,1.0,8609,3443,12334,1202,5165.0,18274.0,1773.0,1649.0,0.7605384157318351,0.07940814184997172,-0.0006408923917217701,0.017680338286940135,0.017680338286940135,1.1673337571636015,0.16733375716360155,1.0,1.0,1.0,True
ELSA,5,none,0.0,1,1,1.0,8609,3443,12334,1202,0.0,0.0,0.0,0.0,0.7605384157318351,0.08004903424169349,0.0,0.21732529770068731,0.21732529770068731,1.1673337571636015,0.16733375716360155,0.0,1.0,1.0,False
ELSA,6,intercept_and_slope,0.05,100,100,1.0,8609,3443,12102,1157,430.0,1545.5,151.0,140.0,0.7487290305538852,0.07814897813838906,-0.0005543887012239221,-0.02483981862268214,0.05601445607525592,1.0231736954753197,0.0695955597135332,0.99,1.0,0.99,True
ELSA,6,intercept_and_slope,0.1,100,100,1.0,8609,3443,12102,1157,860.0,3077.5,301.5,280.5,0.7487290305538852,0.07809554000170797,-0.000607826837905015,-0.030063756475372794,0.044858937532100615,1.0220928939292067,0.05194248370926524,1.0,1.0,1.0,True
ELSA,6,intercept_and_slope,0.2,100,100,1.0,8609,3443,12102,1157,1721.0,6162.5,605.0,561.5,0.7487290305538852,0.07807378006054154,-0.0006295867790714477,-0.014144807478799268,0.031424779566405235,1.0317038224259567,0.03864281595287522,1.0,1.0,1.0,True
ELSA,6,intercept_and_slope,0.3,100,100,1.0,8609,3443,12102,1157,2582.0,9234.5,907.0,843.0,0.7487290305538852,0.07806373206643108,-0.0006396347731819005,-0.018339044329151066,0.020696726416728928,1.033043901317117,0.03452119489262495,1.0,1.0,1.0,True
ELSA,6,intercept_and_slope,0.4,100,100,1.0,8609,3443,12102,1157,3443.0,12335.5,1211.0,1125.0,0.7487290305538852,0.07805667171994421,-0.0006466951196687845,-0.018999151538384308,0.022487830616798047,1.030038721180956,0.030038721180955963,1.0,1.0,1.0,True
ELSA,6,intercept_and_slope,0.5,100,100,1.0,8609,3443,12102,1157,4304.0,15416.5,1517.5,1409.0,0.7487290305538852,0.07805433168683099,-0.0006490351527819946,-0.022724212864312823,0.022724212864312823,1.0304403267486753,0.03044032674867514,1.0,1.0,1.0,True
ELSA,6,intercept_and_slope,0.6,100,100,1.0,8609,3443,12102,1157,5165.0,18506.0,1818.0,1689.0,0.7487290305538852,0.07805325852376724,-0.0006501083158457419,-0.021000246358908584,0.021000246358908584,1.0303644002398422,0.030364400239842215,1.0,1.0,1.0,True
ELSA,6,intercept_only,0.05,100,100,1.0,8609,3443,12102,1157,430.0,1545.5,151.0,140.0,0.7487290305538852,0.07818927133800288,-0.0005140955016100998,-0.02378069870735344,0.05500806744532773,1.1219527603014363,0.12195276030143631,0.98,1.0,1.0,True
ELSA,6,intercept_only,0.1,100,100,1.0,8609,3443,12102,1157,860.0,3077.5,301.5,280.5,0.7487290305538852,0.07817974342372852,-0.0005236234158844666,-0.02798237299172556,0.04461519813862255,1.1219527603014363,0.12195276030143631,1.0,1.0,1.0,True
ELSA,6,intercept_only,0.2,100,100,1.0,8609,3443,12102,1157,1721.0,6162.5,605.0,561.5,0.7487290305538852,0.07817312841514801,-0.0005302384244649794,-0.01462331141014498,0.03079797551226421,1.1219527603014363,0.12195276030143631,1.0,1.0,1.0,True
ELSA,6,intercept_only,0.3,100,100,1.0,8609,3443,12102,1157,2582.0,9234.5,907.0,843.0,0.7487290305538852,0.07816908762905447,-0.0005342792105585206,-0.0190514930966591,0.021414451385826042,1.1219527603014363,0.12195276030143631,1.0,1.0,1.0,True
ELSA,6,intercept_only,0.4,100,100,1.0,8609,3443,12102,1157,3443.0,12335.5,1211.0,1125.0,0.7487290305538852,0.07816840740751842,-0.00053495943209457,-0.019961558307414033,0.02251050897422168,1.1219527603014363,0.12195276030143631,1.0,1.0,1.0,True
ELSA,6,intercept_only,0.5,100,100,1.0,8609,3443,12102,1157,4304.0,15416.5,1517.5,1409.0,0.7487290305538852,0.07816628351979235,-0.000537083319820636,-0.022936948375996642,0.022936948375996642,1.1219527603014363,0.12195276030143631,1.0,1.0,1.0,True
ELSA,6,intercept_only,0.6,100,100,1.0,8609,3443,12102,1157,5165.0,18506.0,1818.0,1689.0,0.7487290305538852,0.0781674879056666,-0.0005358789339463821,-0.021218379896199464,0.021218379896199464,1.1219527603014363,0.12195276030143631,1.0,1.0,1.0,True
ELSA,6,none,0.0,1,1,1.0,8609,3443,12102,1157,0.0,0.0,0.0,0.0,0.7487290305538852,0.07870336683961299,0.0,0.1938530431701108,0.1938530431701108,1.1219527603014363,0.12195276030143631,1.0,1.0,1.0,False
ELSA,7,intercept_and_slope,0.05,100,100,1.0,8609,3443,12150,1230,430.0,1538.5,144.5,135.0,0.7533645656511511,0.08287133550110151,-0.0006273599632810808,0.08862605000019665,0.0934203837304722,1.0112378920155922,0.06154795160379145,0.91,1.0,0.96,True
ELSA,7,intercept_and_slope,0.1,100,100,1.0,8609,3443,12150,1230,860.0,3083.5,293.5,274.0,0.7533645656511511,0.08281236740052048,-0.0006863280638621308,0.07643002888944797,0.07643002888944797,1.025984853273768,0.048476336217565974,0.98,1.0,1.0,True
ELSA,7,intercept_and_slope,0.2,100,100,1.0,8609,3443,12150,1230,1721.0,6155.5,582.5,543.0,0.7533645656511511,0.0827884743236579,-0.0007102211407246858,0.07490792286478626,0.07490792286478626,1.0178303590863869,0.033720598171102734,1.0,1.0,1.0,True
ELSA,7,intercept_and_slope,0.3,100,100,1.0,8609,3443,12150,1230,2582.0,9224.5,873.0,814.5,0.7533645656511511,0.08278413430671222,-0.0007145611576703723,0.07889367697417768,0.07889367697417768,1.019696921729063,0.021872430992865954,1.0,1.0,1.0,True
ELSA,7,intercept_and_slope,0.4,100,100,1.0,8609,3443,12150,1230,3443.0,12301.5,1160.0,1086.0,0.7533645656511511,0.08278360726310524,-0.0007150882012773516,0.07859483158321381,0.07859483158321381,1.0213767537450777,0.022154415645440517,1.0,1.0,1.0,True
ELSA,7,intercept_and_slope,0.5,100,100,1.0,8609,3443,12150,1230,4304.0,15376.0,1456.0,1360.0,0.7533645656511511,0.08277880450318166,-0.0007198909612009391,0.07597741122549208,0.07597741122549208,1.020755051745538,0.020755051745537823,1.0,1.0,1.0,True
ELSA,7,intercept_and_slope,0.6,100,100,1.0,8609,3443,12150,1230,5165.0,18458.0,1745.0,1630.0,0.7533645656511511,0.08277815589280901,-0.0007205395715735932,0.07662294546296441,0.07662294546296441,1.021245000542766,0.021245000542766013,1.0,1.0,1.0,True
ELSA,7,intercept_only,0.05,100,100,1.0,8609,3443,12150,1230,430.0,1538.5,144.5,135.0,0.7533645656511511,0.08289134276384322,-0.000607352700539382,0.08806667296645268,0.09132356749350365,1.1157724168531906,0.11577241685319062,0.92,1.0,0.96,True
ELSA,7,intercept_only,0.1,100,100,1.0,8609,3443,12150,1230,860.0,3083.5,293.5,274.0,0.7533645656511511,0.08286497522382602,-0.0006337202405565789,0.07714206662639514,0.07714206662639514,1.1157724168531906,0.11577241685319062,0.98,1.0,1.0,True
ELSA,7,intercept_only,0.2,100,100,1.0,8609,3443,12150,1230,1721.0,6155.5,582.5,543.0,0.7533645656511511,0.08285461069367331,-0.0006440847707092842,0.07260482728655984,0.07260482728655984,1.1157724168531906,0.11577241685319062,1.0,1.0,1.0,True
ELSA,7,intercept_only,0.3,100,100,1.0,8609,3443,12150,1230,2582.0,9224.5,873.0,814.5,0.7533645656511511,0.08286441057766053,-0.0006342848867220627,0.07689915999110025,0.07689915999110025,1.1157724168531906,0.11577241685319062,1.0,1.0,1.0,True
ELSA,7,intercept_only,0.4,100,100,1.0,8609,3443,12150,1230,3443.0,12301.5,1160.0,1086.0,0.7533645656511511,0.08286731240131483,-0.0006313830630677725,0.07814524554840754,0.07814524554840754,1.1157724168531906,0.11577241685319062,1.0,1.0,1.0,True
ELSA,7,intercept_only,0.5,100,100,1.0,8609,3443,12150,1230,4304.0,15376.0,1456.0,1360.0,0.7533645656511511,0.08286071357352137,-0.0006379818908612209,0.07529504064176329,0.07529504064176329,1.1157724168531906,0.11577241685319062,1.0,1.0,1.0,True
ELSA,7,intercept_only,0.6,100,100,1.0,8609,3443,12150,1230,5165.0,18458.0,1745.0,1630.0,0.7533645656511511,0.08286162336863859,-0.0006370720957440124,0.0756915446095594,0.0756915446095594,1.1157724168531906,0.11577241685319062,1.0,1.0,1.0,True
ELSA,7,none,0.0,1,1,1.0,8609,3443,12150,1230,0.0,0.0,0.0,0.0,0.7533645656511511,0.0834986954643826,0.0,0.25186773774874394,0.25186773774874394,1.1157724168531906,0.11577241685319062,0.0,1.0,1.0,False
ELSA,8,intercept_and_slope,0.05,100,100,1.0,8609,3443,12249,1197,430.0,1523.0,147.0,136.0,0.7405728929030261,0.08103155087375793,-0.00027955456230790293,-0.01122954053923322,0.04634288627336278,0.93042936983512,0.09395355197142152,0.98,1.0,0.85,True
ELSA,8,intercept_and_slope,0.1,100,100,1.0,8609,3443,12249,1197,860.0,3052.0,295.5,275.0,0.7405728929030261,0.08097511347428273,-0.0003359919617831192,-0.0005577482006674396,0.039703573070015735,0.9323147082380656,0.06768529176193433,1.0,1.0,0.96,True
ELSA,8,intercept_and_slope,0.2,100,100,1.0,8609,3443,12249,1197,1721.0,6120.0,594.0,549.0,0.7405728929030261,0.08096044663227703,-0.0003506588037888239,-0.0022833802367575543,0.019045887552337416,0.9268134999963047,0.07318650000369531,1.0,1.0,0.99,True
ELSA,8,intercept_and_slope,0.3,100,100,1.0,8609,3443,12249,1197,2582.0,9169.5,890.0,826.5,0.7405728929030261,0.0809643825283731,-0.0003467229076927411,-0.001737280827136688,0.019125453356086855,0.9215012909205026,0.07849870907949741,1.0,1.0,1.0,True
ELSA,8,intercept_and_slope,0.4,100,100,1.0,8609,3443,12249,1197,3443.0,12218.5,1184.5,1099.0,0.7405728929030261,0.08094825774846244,-0.00036284768760340425,-0.0033503472793172204,0.014499423571598313,0.9262948555236933,0.07370514447630672,1.0,1.0,1.0,True
ELSA,8,intercept_and_slope,0.5,100,100,1.0,8609,3443,12249,1197,4304.0,15293.5,1479.5,1372.0,0.7405728929030261,0.08095055278363483,-0.00036055265243100515,-0.0018096630747201597,0.009864675861478437,0.9260228663873866,0.07397713361261343,1.0,1.0,1.0,True
ELSA,8,intercept_and_slope,0.6,100,100,1.0,8609,3443,12249,1197,5165.0,18359.0,1778.0,1650.0,0.7405728929030261,0.08095062510827214,-0.00036048032779369826,-0.0032392118192757294,0.0032392118192757294,0.9259813741572831,0.0740186258427169,1.0,1.0,1.0,True
ELSA,8,intercept_only,0.05,100,100,1.0,8609,3443,12249,1197,430.0,1523.0,147.0,136.0,0.7405728929030261,0.08089125699902987,-0.0004198484370359773,-0.004245215407665347,0.04763731198607124,1.0524177255841864,0.05241772558418645,0.98,1.0,0.98,True
ELSA,8,intercept_only,0.1,100,100,1.0,8609,3443,12249,1197,860.0,3052.0,295.5,275.0,0.7405728929030261,0.08088202697485794,-0.00042907846120789767,-0.00011673516057036234,0.03974329293934986,1.0524177255841864,0.05241772558418645,1.0,1.0,1.0,True
ELSA,8,intercept_only,0.2,100,100,1.0,8609,3443,12249,1197,1721.0,6120.0,594.0,549.0,0.7405728929030261,0.08087169631715821,-0.0004394091189076424,-0.0004226001409726905,0.019081995617455647,1.0524177255841864,0.05241772558418645,1.0,1.0,1.0,True
ELSA,8,intercept_only,0.3,100,100,1.0,8609,3443,12249,1197,2582.0,9169.5,890.0,826.5,0.7405728929030261,0.08087155063245363,-0.0004395548036122132,0.0009096025700632043,0.019505425197910105,1.0524177255841864,0.05241772558418645,1.0,1.0,1.0,True
ELSA,8,intercept_only,0.4,100,100,1.0,8609,3443,12249,1197,3443.0,12218.5,1184.5,1099.0,0.7405728929030261,0.08086851986252307,-0.00044258557354277805,-0.0023029027689108576,0.013192236795109807,1.0524177255841864,0.05241772558418645,1.0,1.0,1.0,True
ELSA,8,intercept_only,0.5,100,100,1.0,8609,3443,12249,1197,4304.0,15293.5,1479.5,1372.0,0.7405728929030261,0.08086970882761874,-0.0004413966084471088,0.0007584224992261302,0.00883818645639866,1.0524177255841864,0.05241772558418645,1.0,1.0,1.0,True
ELSA,8,intercept_only,0.6,100,100,1.0,8609,3443,12249,1197,5165.0,18359.0,1778.0,1650.0,0.7405728929030261,0.08086879575307154,-0.0004423096829942949,-0.0012766581064865218,0.0012766581064865218,1.0524177255841864,0.05241772558418645,1.0,1.0,1.0,True
ELSA,8,none,0.0,1,1,1.0,8609,3443,12249,1197,0.0,0.0,0.0,0.0,0.7405728929030261,0.08131110543606584,0.0,0.20599178322831108,0.20599178322831108,1.0524177255841864,0.05241772558418645,0.0,1.0,1.0,False
ELSA,9,intercept_and_slope,0.05,100,100,1.0,8609,3443,12180,1177,430.0,1539.0,149.0,138.0,0.748355916834607,0.07966792459481137,-0.0003727433422043916,-0.02010978662378453,0.055939179363123794,0.9736508177475733,0.058592576952235964,0.97,1.0,0.96,True
ELSA,9,intercept_and_slope,0.1,100,100,1.0,8609,3443,12180,1177,860.0,3079.0,300.0,278.0,0.748355916834607,0.07966577069765107,-0.0003748972393646799,-0.036950314151641725,0.04563831714145687,0.9638252523212867,0.04792752737357153,1.0,1.0,1.0,True
ELSA,9,intercept_and_slope,0.2,100,100,1.0,8609,3443,12180,1177,1721.0,6143.0,596.0,554.5,0.748355916834607,0.07960598393423071,-0.00043468400278504765,-0.02346065610827464,0.030511688951063806,0.9772386085504841,0.034772569068302506,1.0,1.0,1.0,True
ELSA,9,intercept_and_slope,0.3,100,100,1.0,8609,3443,12180,1177,2582.0,9209.0,902.0,841.5,0.748355916834607,0.07960734378257829,-0.00043332415443746164,-0.035092809141372625,0.035092809141372625,0.9746123251350947,0.029206511767655874,1.0,1.0,1.0,True
ELSA,9,intercept_and_slope,0.4,100,100,1.0,8609,3443,12180,1177,3443.0,12282.0,1201.0,1119.5,0.748355916834607,0.07959679823345978,-0.0004438697035559838,-0.038531131111402175,0.039217628746038166,0.9830953218092895,0.01813782977882772,1.0,1.0,1.0,True
ELSA,9,intercept_and_slope,0.5,100,100,1.0,8609,3443,12180,1177,4304.0,15350.5,1499.0,1395.0,0.748355916834607,0.07959596097740841,-0.0004447069596073411,-0.03309842601600655,0.03309842601600655,0.9819753590685496,0.018024640931450397,1.0,1.0,1.0,True
ELSA,9,intercept_and_slope,0.6,100,100,1.0,8609,3443,12180,1177,5165.0,18428.0,1798.0,1673.0,0.748355916834607,0.07959553685802936,-0.0004451310789863952,-0.03194462277741284,0.03194462277741284,0.9816806672667768,0.018319332733223115,1.0,1.0,1.0,True
ELSA,9,intercept_only,0.05,100,100,1.0,8609,3443,12180,1177,430.0,1539.0,149.0,138.0,0.748355916834607,0.07962225240163938,-0.00041841553537637355,-0.01822499965640729,0.05269989470085616,1.089988458629225,0.089988458629225,0.98,1.0,0.99,True
ELSA,9,intercept_only,0.1,100,100,1.0,8609,3443,12180,1177,860.0,3079.0,300.0,278.0,0.748355916834607,0.0796097944912515,-0.0004308734457642502,-0.03167978028659048,0.04679225729971996,1.089988458629225,0.089988458629225,1.0,1.0,1.0,True
ELSA,9,intercept_only,0.2,100,100,1.0,8609,3443,12180,1177,1721.0,6143.0,596.0,554.5,0.748355916834607,0.07959794930461757,-0.0004427186323981841,-0.021108899285032456,0.030135133793831138,1.089988458629225,0.089988458629225,1.0,1.0,1.0,True
ELSA,9,intercept_only,0.3,100,100,1.0,8609,3443,12180,1177,2582.0,9209.0,902.0,841.5,0.748355916834607,0.07959331080333838,-0.0004473571336773702,-0.03185036355686456,0.03185036355686456,1.089988458629225,0.089988458629225,1.0,1.0,1.0,True
ELSA,9,intercept_only,0.4,100,100,1.0,8609,3443,12180,1177,3443.0,12282.0,1201.0,1119.5,0.748355916834607,0.07959262999955609,-0.0004480379374596638,-0.035726074719603554,0.03641615098170911,1.089988458629225,0.089988458629225,1.0,1.0,1.0,True
ELSA,9,intercept_only,0.5,100,100,1.0,8609,3443,12180,1177,4304.0,15350.5,1499.0,1395.0,0.748355916834607,0.07959140929179989,-0.00044925864521585396,-0.029916478825526675,0.029916478825526675,1.089988458629225,0.089988458629225,1.0,1.0,1.0,True
ELSA,9,intercept_only,0.6,100,100,1.0,8609,3443,12180,1177,5165.0,18428.0,1798.0,1673.0,0.748355916834607,0.07959146013336402,-0.0004492078036517286,-0.02912325523915911,0.02912325523915911,1.089988458629225,0.089988458629225,1.0,1.0,1.0,True
ELSA,9,none,0.0,1,1,1.0,8609,3443,12180,1177,0.0,0.0,0.0,0.0,0.748355916834607,0.08004066793701575,0.0,0.1892491176520152,0.1892491176520152,1.089988458629225,0.089988458629225,1.0,1.0,1.0,False
ELSA,10,intercept_and_slope,0.05,100,100,1.0,8609,3443,12390,1215,430.0,1512.0,151.0,140.0,0.7430201894661254,0.08107070626003757,-0.0002641535196689221,-0.04568163991835997,0.08405164059445754,0.9320405830559797,0.08779081313148668,0.96,0.99,0.82,True
ELSA,10,intercept_and_slope,0.1,100,100,1.0,8609,3443,12390,1215,860.0,3034.0,292.5,273.0,0.7430201894661254,0.08097534714732657,-0.0003595126323799186,-0.03896325008564377,0.05572866936181081,0.9501241656993105,0.05670569305230677,1.0,1.0,0.96,True
ELSA,10,intercept_and_slope,0.2,100,100,1.0,8609,3443,12390,1215,1721.0,6071.0,584.5,546.5,0.7430201894661254,0.08093525918584404,-0.00039960059386243835,-0.034455942574336644,0.03564520301639938,0.946774319858114,0.0540311296397456,1.0,1.0,1.0,True
ELSA,10,intercept_and_slope,0.3,100,100,1.0,8609,3443,12390,1215,2582.0,9082.0,880.0,818.0,0.7430201894661254,0.08093926621581776,-0.00039559356388873396,-0.03778696607592185,0.03778696607592185,0.9493081429243544,0.05069185707564561,1.0,1.0,1.0,True
ELSA,10,intercept_and_slope,0.4,100,100,1.0,8609,3443,12390,1215,3443.0,12144.0,1171.0,1090.5,0.7430201894661254,0.08092765394857775,-0.000407205831128743,-0.03133117660974358,0.03133117660974358,0.9490913953917242,0.05090860460827584,1.0,1.0,1.0,True
ELSA,10,intercept_and_slope,0.5,100,100,1.0,8609,3443,12390,1215,4304.0,15181.0,1466.0,1364.0,0.7430201894661254,0.08093278569850204,-0.00040207408120444127,-0.029346589081507626,0.029346589081507626,0.9488728945684095,0.05112710543159049,1.0,1.0,1.0,True
ELSA,10,intercept_and_slope,0.6,100,100,1.0,8609,3443,12390,1215,5165.0,18218.0,1760.0,1637.0,0.7430201894661254,0.08093188696665796,-0.0004029728130485258,-0.031214635633425497,0.031214635633425497,0.9498370539383367,0.05016294606166333,1.0,1.0,1.0,True
ELSA,10,intercept_only,0.05,100,100,1.0,8609,3443,12390,1215,430.0,1512.0,151.0,140.0,0.7430201894661254,0.0809301855384508,-0.0004046742412556967,-0.039666599117644946,0.07762017241254515,1.069071603268272,0.06907160326827211,0.98,1.0,1.0,True
ELSA,10,intercept_only,0.1,100,100,1.0,8609,3443,12390,1215,860.0,3034.0,292.5,273.0,0.7430201894661254,0.08090718269731684,-0.00042767708238965196,-0.03438933659560929,0.048694960817256265,1.069071603268272,0.06907160326827211,1.0,1.0,1.0,True
ELSA,10,intercept_only,0.2,100,100,1.0,8609,3443,12390,1215,1721.0,6071.0,584.5,546.5,0.7430201894661254,0.08089675000260031,-0.00043810977710617705,-0.028801354814362766,0.030753259755073738,1.069071603268272,0.06907160326827211,1.0,1.0,1.0,True
ELSA,10,intercept_only,0.3,100,100,1.0,8609,3443,12390,1215,2582.0,9082.0,880.0,818.0,0.7430201894661254,0.08089219433539306,-0.00044266544431342814,-0.03013577709699558,0.030722750598687967,1.069071603268272,0.06907160326827211,1.0,1.0,1.0,True
ELSA,10,intercept_only,0.4,100,100,1.0,8609,3443,12390,1215,3443.0,12144.0,1171.0,1090.5,0.7430201894661254,0.08089220424861969,-0.00044265553108679967,-0.025698091403859417,0.025698091403859417,1.069071603268272,0.06907160326827211,1.0,1.0,1.0,True
ELSA,10,intercept_only,0.5,100,100,1.0,8609,3443,12390,1215,4304.0,15181.0,1466.0,1364.0,0.7430201894661254,0.08089117176411764,-0.0004436880155888473,-0.02389364285327227,0.02389364285327227,1.069071603268272,0.06907160326827211,1.0,1.0,1.0,True
ELSA,10,intercept_only,0.6,100,100,1.0,8609,3443,12390,1215,5165.0,18218.0,1760.0,1637.0,0.7430201894661254,0.08089053968423768,-0.00044432009546881146,-0.025713255043004164,0.025713255043004164,1.069071603268272,0.06907160326827211,1.0,1.0,1.0,True
ELSA,10,none,0.0,1,1,1.0,8609,3443,12390,1215,0.0,0.0,0.0,0.0,0.7430201894661254,0.08133485977970649,0.0,0.19160834410295965,0.19160834410295965,1.069071603268272,0.06907160326827211,1.0,1.0,1.0,False
ELSA,11,intercept_and_slope,0.05,100,100,1.0,8609,3443,12182,1181,430.0,1541.0,149.0,138.5,0.7523443138607752,0.07973439269014768,-0.0003837982447443891,-0.03691720835378868,0.065681400357077,0.9977737207061843,0.06679464017957876,0.93,0.98,0.92,True
ELSA,11,intercept_and_slope,0.1,100,100,1.0,8609,3443,12182,1181,860.0,3076.5,297.0,277.5,0.7523443138607752,0.07966451102823893,-0.0004536799066531469,-0.03608319312284905,0.05104389437082922,1.0105331049366093,0.04861731820519777,1.0,1.0,0.98,True
ELSA,11,intercept_and_slope,0.2,100,100,1.0,8609,3443,12182,1181,1721.0,6147.0,596.5,556.0,0.7523443138607752,0.0796335527855547,-0.00048463814933737137,-0.03690910356464745,0.03816321470563025,1.0108294898848993,0.02434425301055021,1.0,1.0,1.0,True
ELSA,11,intercept_and_slope,0.3,100,100,1.0,8609,3443,12182,1181,2582.0,9223.0,898.0,836.0,0.7523443138607752,0.07962248082673451,-0.0004957101081575557,-0.04000112816525862,0.04000112816525862,1.0087487614850672,0.016541306067844985,1.0,1.0,1.0,True
ELSA,11,intercept_and_slope,0.4,100,100,1.0,8609,3443,12182,1181,3443.0,12281.0,1196.0,1114.5,0.7523443138607752,0.07962195421951268,-0.0004962367153793917,-0.03784546706052577,0.03784546706052577,1.0089002914194265,0.01664677123412661,1.0,1.0,1.0,True
ELSA,11,intercept_and_slope,0.5,100,100,1.0,8609,3443,12182,1181,4304.0,15355.5,1494.0,1393.0,0.7523443138607752,0.07962088025171245,-0.0004973106831796248,-0.038293346447788326,0.038293346447788326,1.0084261046693948,0.011774142361480056,1.0,1.0,1.0,True
ELSA,11,intercept_and_slope,0.6,100,100,1.0,8609,3443,12182,1181,5165.0,18426.0,1794.0,1673.0,0.7523443138607752,0.07961980744961444,-0.0004983834852776287,-0.038577391707032935,0.038577391707032935,1.0063110380552607,0.006311038055260676,1.0,1.0,1.0,True
ELSA,11,intercept_only,0.05,100,100,1.0,8609,3443,12182,1181,430.0,1541.0,149.0,138.5,0.7523443138607752,0.07967570681906734,-0.0004424841158247317,-0.028385554051848973,0.06352386170741534,1.1065635931153992,0.1065635931153992,0.97,1.0,1.0,True
ELSA,11,intercept_only,0.1,100,100,1.0,8609,3443,12182,1181,860.0,3076.5,297.0,277.5,0.7523443138607752,0.07966257885064182,-0.00045561208425024674,-0.027084227575117005,0.05088076592276851,1.1065635931153992,0.1065635931153992,1.0,1.0,1.0,True
ELSA,11,intercept_only,0.2,100,100,1.0,8609,3443,12182,1181,1721.0,6147.0,596.5,556.0,0.7523443138607752,0.07964763308157055,-0.00047055785332152794,-0.03181651802204257,0.03465160368640613,1.1065635931153992,0.1065635931153992,1.0,1.0,1.0,True
ELSA,11,intercept_only,0.3,100,100,1.0,8609,3443,12182,1181,2582.0,9223.0,898.0,836.0,0.7523443138607752,0.07964319580231022,-0.0004749951325818541,-0.03645287105790963,0.03645287105790963,1.1065635931153992,0.1065635931153992,1.0,1.0,1.0,True
ELSA,11,intercept_only,0.4,100,100,1.0,8609,3443,12182,1181,3443.0,12281.0,1196.0,1114.5,0.7523443138607752,0.07964345812220938,-0.00047473281268269746,-0.03408962942523358,0.03408962942523358,1.1065635931153992,0.1065635931153992,1.0,1.0,1.0,True
ELSA,11,intercept_only,0.5,100,100,1.0,8609,3443,12182,1181,4304.0,15355.5,1494.0,1393.0,0.7523443138607752,0.07964272362812437,-0.00047546730676770177,-0.03412608203087071,0.03412608203087071,1.1065635931153992,0.1065635931153992,1.0,1.0,1.0,True
ELSA,11,intercept_only,0.6,100,100,1.0,8609,3443,12182,1181,5165.0,18426.0,1794.0,1673.0,0.7523443138607752,0.07964262112794246,-0.00047556980694961337,-0.03429073778868173,0.03429073778868173,1.1065635931153992,0.1065635931153992,1.0,1.0,1.0,True
ELSA,11,none,0.0,1,1,1.0,8609,3443,12182,1181,0.0,0.0,0.0,0.0,0.7523443138607752,0.08011819093489207,0.0,0.18617328084561524,0.18617328084561524,1.1065635931153992,0.1065635931153992,1.0,1.0,1.0,False
ELSA,12,intercept_and_slope,0.05,100,100,1.0,8609,3443,12216,1218,430.0,1530.0,147.5,138.0,0.7409296465606077,0.08255577828112368,-0.00034495664249598046,0.034462424277193544,0.06471561156135365,0.9143589300633623,0.09444899314544392,0.93,1.0,0.82,True
ELSA,12,intercept_and_slope,0.1,100,100,1.0,8609,3443,12216,1218,860.0,3057.5,294.0,273.0,0.7409296465606077,0.08250612270777348,-0.0003946122158461768,0.03602705462038127,0.053247793076755534,0.9022213375226074,0.10379185238029265,1.0,1.0,0.99,False
ELSA,12,intercept_and_slope,0.2,100,100,1.0,8609,3443,12216,1218,1721.0,6108.0,581.0,542.0,0.7409296465606077,0.08246502708045991,-0.00043570784315973693,0.04707368581956306,0.05038709921658971,0.9158194323301998,0.08418056766980025,1.0,1.0,1.0,True
ELSA,12,intercept_and_slope,0.3,100,100,1.0,8609,3443,12216,1218,2582.0,9189.0,877.0,815.0,0.7409296465606077,0.08244194617523853,-0.00045878874838111566,0.043811453699612285,0.04460441285397222,0.9200257041041637,0.07997429589583621,1.0,1.0,1.0,True
ELSA,12,intercept_and_slope,0.4,100,100,1.0,8609,3443,12216,1218,3443.0,12256.0,1172.0,1089.5,0.7409296465606077,0.08244741029287615,-0.00045332463074350404,0.045455824103805345,0.045455824103805345,0.9146687451318283,0.08533125486817172,1.0,1.0,1.0,True
ELSA,12,intercept_and_slope,0.5,100,100,1.0,8609,3443,12216,1218,4304.0,15330.0,1465.0,1363.0,0.7409296465606077,0.08244668689865102,-0.00045404802496863683,0.04558755486771883,0.04558755486771883,0.9134570170721171,0.08654298292788287,1.0,1.0,1.0,True
ELSA,12,intercept_and_slope,0.6,100,100,1.0,8609,3443,12216,1218,5165.0,18392.0,1757.0,1636.0,0.7409296465606077,0.08244575153007655,-0.00045498339354309997,0.0467166752549569,0.0467166752549569,0.9136277749642334,0.08637222503576653,1.0,1.0,1.0,True
ELSA,12,intercept_only,0.05,100,100,1.0,8609,3443,12216,1218,430.0,1530.0,147.5,138.0,0.7409296465606077,0.08238761256156447,-0.0005131223620551822,0.0386506698493108,0.06587284434091562,1.0444166605553642,0.044416660555364196,0.93,1.0,0.95,True
ELSA,12,intercept_only,0.1,100,100,1.0,8609,3443,12216,1218,860.0,3057.5,294.0,273.0,0.7409296465606077,0.082376082193682,-0.0005246527299376594,0.03953328105016801,0.05012606693424689,1.0444166605553642,0.044416660555364196,1.0,1.0,1.0,True
ELSA,12,intercept_only,0.2,100,100,1.0,8609,3443,12216,1218,1721.0,6108.0,581.0,542.0,0.7409296465606077,0.08238508117692744,-0.0005156537466922059,0.0481109167623692,0.050688193097338526,1.0444166605553642,0.044416660555364196,1.0,1.0,1.0,True
ELSA,12,intercept_only,0.3,100,100,1.0,8609,3443,12216,1218,2582.0,9189.0,877.0,815.0,0.7409296465606077,0.0823806864482532,-0.0005200484753664567,0.044704324377820445,0.044704324377820445,1.0444166605553642,0.044416660555364196,1.0,1.0,1.0,True
ELSA,12,intercept_only,0.4,100,100,1.0,8609,3443,12216,1218,3443.0,12256.0,1172.0,1089.5,0.7409296465606077,0.08238169612249727,-0.000519038801122397,0.045511042677183144,0.045511042677183144,1.0444166605553642,0.044416660555364196,1.0,1.0,1.0,True
ELSA,12,intercept_only,0.5,100,100,1.0,8609,3443,12216,1218,4304.0,15330.0,1465.0,1363.0,0.7409296465606077,0.0823821056616866,-0.0005186292619330582,0.04583709749850699,0.04583709749850699,1.0444166605553642,0.044416660555364196,1.0,1.0,1.0,True
ELSA,12,intercept_only,0.6,100,100,1.0,8609,3443,12216,1218,5165.0,18392.0,1757.0,1636.0,0.7409296465606077,0.08238376349609916,-0.0005169714275204892,0.04713706521891897,0.04713706521891897,1.0444166605553642,0.044416660555364196,1.0,1.0,1.0,True
ELSA,12,none,0.0,1,1,1.0,8609,3443,12216,1218,0.0,0.0,0.0,0.0,0.7409296465606077,0.08290073492361966,0.0,0.23491538941360066,0.23491538941360066,1.0444166605553642,0.044416660555364196,0.0,1.0,1.0,False
ELSA,13,intercept_and_slope,0.05,100,100,1.0,8609,3443,12243,1170,430.0,1531.0,150.5,139.0,0.7423418479229913,0.0795171820345178,-0.0002492859258455202,-0.002912410354679658,0.05831974456657396,0.937295597643516,0.08392140908798268,0.96,0.97,0.78,True
ELSA,13,intercept_and_slope,0.1,100,100,1.0,8609,3443,12243,1170,860.0,3056.0,300.0,280.0,0.7423418479229913,0.07942691003081163,-0.00033955792955167596,-0.01580316430800397,0.04880534438775733,0.9596348726953178,0.0517765200346868,1.0,1.0,0.92,True
ELSA,13,intercept_and_slope,0.2,100,100,1.0,8609,3443,12243,1170,1721.0,6103.5,599.0,558.5,0.7423418479229913,0.07942498545973245,-0.00034148250063085334,-0.02450201205341587,0.03072506377350427,0.952196920337288,0.05104789442316843,1.0,1.0,0.99,True
ELSA,13,intercept_and_slope,0.3,100,100,1.0,8609,3443,12243,1170,2582.0,9178.5,902.0,839.0,0.7423418479229913,0.07940271662269249,-0.0003637513376708104,-0.017284190243157676,0.02224731399379563,0.9570209331955742,0.04297906680442576,1.0,1.0,1.0,True
ELSA,13,intercept_and_slope,0.4,100,100,1.0,8609,3443,12243,1170,3443.0,12234.0,1202.0,1120.5,0.7423418479229913,0.07940950343090718,-0.000356964529456133,-0.018194796201231447,0.02070690132951417,0.9547607849155253,0.04523921508447465,1.0,1.0,1.0,True
ELSA,13,intercept_and_slope,0.5,100,100,1.0,8609,3443,12243,1170,4304.0,15306.5,1501.5,1397.0,0.7423418479229913,0.07940629897888185,-0.0003601689814814596,-0.018568774571215876,0.018568774571215876,0.9541916261430275,0.04580837385697245,1.0,1.0,1.0,True
ELSA,13,intercept_and_slope,0.6,100,100,1.0,8609,3443,12243,1170,5165.0,18364.0,1805.0,1679.0,0.7423418479229913,0.07941156110696333,-0.00035490685339997774,-0.0199302075834799,0.0199302075834799,0.9531780069042445,0.04682199309575552,1.0,1.0,1.0,True
ELSA,13,intercept_only,0.05,100,100,1.0,8609,3443,12243,1170,430.0,1531.0,150.5,139.0,0.7423418479229913,0.07938947606029645,-0.0003769919000668545,-0.012658339552623132,0.05912925499976367,1.069929233681017,0.06992923368101689,0.98,1.0,0.98,True
ELSA,13,intercept_only,0.1,100,100,1.0,8609,3443,12243,1170,860.0,3056.0,300.0,280.0,0.7423418479229913,0.07937902654998041,-0.00038744141038290353,-0.017637723499641326,0.04466080035816314,1.069929233681017,0.06992923368101689,1.0,1.0,1.0,True
ELSA,13,intercept_only,0.2,100,100,1.0,8609,3443,12243,1170,1721.0,6103.5,599.0,558.5,0.7423418479229913,0.0793622277344446,-0.0004042402259187214,-0.022880630627170877,0.03019010789806146,1.069929233681017,0.06992923368101689,1.0,1.0,1.0,True
ELSA,13,intercept_only,0.3,100,100,1.0,8609,3443,12243,1170,2582.0,9178.5,902.0,839.0,0.7423418479229913,0.0793616071365778,-0.00040486082378551197,-0.018559250273604104,0.02236142280002241,1.069929233681017,0.06992923368101689,1.0,1.0,1.0,True
ELSA,13,intercept_only,0.4,100,100,1.0,8609,3443,12243,1170,3443.0,12234.0,1202.0,1120.5,0.7423418479229913,0.07935906891247504,-0.00040739904788826553,-0.019645702336659347,0.021215354274845943,1.069929233681017,0.06992923368101689,1.0,1.0,1.0,True
ELSA,13,intercept_only,0.5,100,100,1.0,8609,3443,12243,1170,4304.0,15306.5,1501.5,1397.0,0.7423418479229913,0.0793582345836899,-0.0004082333766734156,-0.019395699558733562,0.019395699558733562,1.069929233681017,0.06992923368101689,1.0,1.0,1.0,True
ELSA,13,intercept_only,0.6,100,100,1.0,8609,3443,12243,1170,5165.0,18364.0,1805.0,1679.0,0.7423418479229913,0.07935759881587975,-0.0004088691444835632,-0.020972456703992268,0.020972456703992268,1.069929233681017,0.06992923368101689,1.0,1.0,1.0,True
ELSA,13,none,0.0,1,1,1.0,8609,3443,12243,1170,0.0,0.0,0.0,0.0,0.7423418479229913,0.07976646796036331,0.0,0.19415728420318293,0.19415728420318293,1.069929233681017,0.06992923368101689,1.0,1.0,1.0,False
ELSA,14,intercept_and_slope,0.05,100,100,1.0,8609,3443,12259,1192,430.0,1526.5,146.5,135.0,0.7517730246461001,0.08013203362256066,-0.0002969571043787145,-0.008965411300068223,0.06098933357367292,0.9843622250989131,0.07247881088984953,0.99,1.0,0.85,True
ELSA,14,intercept_and_slope,0.1,100,100,1.0,8609,3443,12259,1192,860.0,3053.0,295.5,273.5,0.7517730246461001,0.08007202164957697,-0.00035696907736239986,-0.027131695788122086,0.04232406052931735,0.9668485413688099,0.04516278373368948,1.0,1.0,0.94,True
ELSA,14,intercept_and_slope,0.2,100,100,1.0,8609,3443,12259,1192,1721.0,6114.0,598.5,552.0,0.7517730246461001,0.0800526140009728,-0.00037637672596658317,-0.039748230699333614,0.039748230699333614,0.9747616802428897,0.036085464121496325,1.0,1.0,0.98,True
ELSA,14,intercept_and_slope,0.3,100,100,1.0,8609,3443,12259,1192,2582.0,9177.5,892.0,825.0,0.7517730246461001,0.08004783436716079,-0.0003811563597785825,-0.02776930080601192,0.029500512652114962,0.9743231209955681,0.02948966454568741,1.0,1.0,1.0,True
ELSA,14,intercept_and_slope,0.4,100,100,1.0,8609,3443,12259,1192,3443.0,12219.0,1190.0,1098.0,0.7517730246461001,0.08004541263286903,-0.00038357809407034427,-0.032886679806356546,0.032886679806356546,0.9739948952951218,0.026005104704878212,1.0,1.0,1.0,True
ELSA,14,intercept_and_slope,0.5,100,100,1.0,8609,3443,12259,1192,4304.0,15287.5,1484.5,1374.0,0.7517730246461001,0.08004740974274954,-0.00038158098418984016,-0.03006967246524702,0.03006967246524702,0.9715281872177216,0.028471812782278394,1.0,1.0,1.0,True
ELSA,14,intercept_and_slope,0.6,100,100,1.0,8609,3443,12259,1192,5165.0,18349.0,1783.0,1649.0,0.7517730246461001,0.08004589729264866,-0.0003830934342907155,-0.03003275792386984,0.03003275792386984,0.9717226897665303,0.028277310233469688,1.0,1.0,1.0,True
ELSA,14,intercept_only,0.05,100,100,1.0,8609,3443,12259,1192,430.0,1526.5,146.5,135.0,0.7517730246461001,0.08003373632552406,-0.0003952544014153153,0.0023711314792652957,0.05854823686250493,1.0839855217720828,0.08398552177208285,0.99,1.0,0.99,True
ELSA,14,intercept_only,0.1,100,100,1.0,8609,3443,12259,1192,860.0,3053.0,295.5,273.5,0.7517730246461001,0.08000509448852071,-0.00042389623841866675,-0.018933165310364264,0.042365561270613375,1.0839855217720828,0.08398552177208285,1.0,1.0,1.0,True
ELSA,14,intercept_only,0.2,100,100,1.0,8609,3443,12259,1192,1721.0,6114.0,598.5,552.0,0.7517730246461001,0.07999209673442645,-0.0004368939925129267,-0.032273879194176396,0.03334317778715211,1.0839855217720828,0.08398552177208285,1.0,1.0,1.0,True
ELSA,14,intercept_only,0.3,100,100,1.0,8609,3443,12259,1192,2582.0,9177.5,892.0,825.0,0.7517730246461001,0.0799904657757168,-0.0004385249512225825,-0.02341107277773181,0.02561518604671595,1.0839855217720828,0.08398552177208285,1.0,1.0,1.0,True
ELSA,14,intercept_only,0.4,100,100,1.0,8609,3443,12259,1192,3443.0,12219.0,1190.0,1098.0,0.7517730246461001,0.07998906092824073,-0.00043992979869863363,-0.02703142424516193,0.02703142424516193,1.0839855217720828,0.08398552177208285,1.0,1.0,1.0,True
ELSA,14,intercept_only,0.5,100,100,1.0,8609,3443,12259,1192,4304.0,15287.5,1484.5,1374.0,0.7517730246461001,0.07998848655913426,-0.00044050416780510443,-0.024709817549119995,0.024709817549119995,1.0839855217720828,0.08398552177208285,1.0,1.0,1.0,True
ELSA,14,intercept_only,0.6,100,100,1.0,8609,3443,12259,1192,5165.0,18349.0,1783.0,1649.0,0.7517730246461001,0.07998832555112394,-0.0004406651758154384,-0.024980521802512565,0.024980521802512565,1.0839855217720828,0.08398552177208285,1.0,1.0,1.0,True
ELSA,14,none,0.0,1,1,1.0,8609,3443,12259,1192,0.0,0.0,0.0,0.0,0.7517730246461001,0.08042899072693938,0.0,0.19182293497858882,0.19182293497858882,1.0839855217720828,0.08398552177208285,1.0,1.0,1.0,False
ELSA,15,intercept_and_slope,0.05,100,100,1.0,8609,3443,12117,1160,430.0,1533.0,149.0,138.0,0.7417038548809924,0.07995403311827504,-0.00017721525989430192,-0.0027429431363416214,0.07666575934141918,0.8827887246448546,0.12021666410794912,0.97,1.0,0.69,False
ELSA,15,intercept_and_slope,0.1,100,100,1.0,8609,3443,12117,1160,860.0,3080.5,303.0,279.0,0.7417038548809924,0.0798646603109337,-0.0002665880672356527,-0.00350718451504135,0.047358614107992796,0.916682247963051,0.08331775203694897,1.0,1.0,0.85,True
ELSA,15,intercept_and_slope,0.2,100,100,1.0,8609,3443,12117,1160,1721.0,6160.5,605.5,558.0,0.7417038548809924,0.07986057509360878,-0.0002706732845605686,-0.005738296470370698,0.029728997787668066,0.9216374044791241,0.07836259552087588,1.0,1.0,1.0,True
ELSA,15,intercept_and_slope,0.3,100,100,1.0,8609,3443,12117,1160,2582.0,9256.0,909.5,839.0,0.7417038548809924,0.07985961943187031,-0.0002716289462990282,-0.006747837411376989,0.019411252373372146,0.9165449608264304,0.08345503917356956,1.0,1.0,1.0,True
ELSA,15,intercept_and_slope,0.4,100,100,1.0,8609,3443,12117,1160,3443.0,12342.5,1212.0,1118.0,0.7417038548809924,0.07983600923335976,-0.0002952391448095906,-0.0016984682383875257,0.01251446166697932,0.9214765352160419,0.07852346478395816,1.0,1.0,1.0,True
ELSA,15,intercept_and_slope,0.5,100,100,1.0,8609,3443,12117,1160,4304.0,15420.0,1513.0,1396.5,0.7417038548809924,0.07983163720264347,-0.00029961117552588373,-0.0009466069770748178,0.009806558538916207,0.9228138694052959,0.07718613059470414,1.0,1.0,1.0,True
ELSA,15,intercept_and_slope,0.6,100,100,1.0,8609,3443,12117,1160,5165.0,18490.0,1815.0,1675.0,0.7417038548809924,0.07983131298201726,-0.0002999353961520776,-0.00233800751153868,0.00233800751153868,0.9225626683412962,0.07743733165870376,1.0,1.0,1.0,True
ELSA,15,intercept_only,0.05,100,100,1.0,8609,3443,12117,1160,430.0,1533.0,149.0,138.0,0.7417038548809924,0.07975935007190696,-0.000371898306262379,-0.0022289544583562154,0.06847354924724258,1.0489187659736763,0.04891876597367628,0.98,1.0,0.99,True
ELSA,15,intercept_only,0.1,100,100,1.0,8609,3443,12117,1160,860.0,3080.5,303.0,279.0,0.7417038548809924,0.07973475649218639,-0.0003964918859829594,-0.0057418836744936655,0.04621979344541163,1.0489187659736763,0.04891876597367628,1.0,1.0,1.0,True
ELSA,15,intercept_only,0.2,100,100,1.0,8609,3443,12117,1160,1721.0,6160.5,605.5,558.0,0.7417038548809924,0.07972079057594492,-0.00041045780222442874,-0.007934922266759816,0.02810387410559989,1.0489187659736763,0.04891876597367628,1.0,1.0,1.0,True
ELSA,15,intercept_only,0.3,100,100,1.0,8609,3443,12117,1160,2582.0,9256.0,909.5,839.0,0.7417038548809924,0.0797151156233146,-0.00041613275485474083,-0.00836043055422461,0.018726101738614713,1.0489187659736763,0.04891876597367628,1.0,1.0,1.0,True
ELSA,15,intercept_only,0.4,100,100,1.0,8609,3443,12117,1160,3443.0,12342.5,1212.0,1118.0,0.7417038548809924,0.07971559951015572,-0.0004156488680136308,-0.003380876304178119,0.012379525756446737,1.0489187659736763,0.04891876597367628,1.0,1.0,1.0,True
ELSA,15,intercept_only,0.5,100,100,1.0,8609,3443,12117,1160,4304.0,15420.0,1513.0,1396.5,0.7417038548809924,0.07971503890488559,-0.0004162094732837601,-0.0038261810365824893,0.00982853107512721,1.0489187659736763,0.04891876597367628,1.0,1.0,1.0,True
ELSA,15,intercept_only,0.6,100,100,1.0,8609,3443,12117,1160,5165.0,18490.0,1815.0,1675.0,0.7417038548809924,0.07971464108938021,-0.0004166072887891309,-0.004978166672532877,0.004978166672532877,1.0489187659736763,0.04891876597367628,1.0,1.0,1.0,True
ELSA,15,none,0.0,1,1,1.0,8609,3443,12117,1160,0.0,0.0,0.0,0.0,0.7417038548809924,0.08013124837816935,0.0,0.2037291524188672,0.2037291524188672,1.0489187659736763,0.04891876597367628,0.0,1.0,1.0,False
ELSA,16,intercept_and_slope,0.05,100,100,1.0,8609,3443,12143,1176,430.0,1538.5,150.0,139.0,0.7526746907388833,0.07967023677659767,-0.000559269278027047,0.020080004202853913,0.053719854929422835,1.038767497199197,0.07958480154679248,0.99,1.0,0.98,True
ELSA,16,intercept_and_slope,0.1,100,100,1.0,8609,3443,12143,1176,860.0,3064.5,296.0,275.0,0.7526746907388833,0.0796047171591204,-0.0006247888955043107,0.008840245310504726,0.03281988404738609,1.0254718840360684,0.04534558059417948,1.0,1.0,1.0,True
ELSA,16,intercept_and_slope,0.2,100,100,1.0,8609,3443,12143,1176,1721.0,6154.0,603.0,557.0,0.7526746907388833,0.07958661147744445,-0.0006428945771802599,0.013807860621354992,0.025120474135719467,1.0329057827463815,0.03435063729723642,1.0,1.0,1.0,True
ELSA,16,intercept_and_slope,0.3,100,100,1.0,8609,3443,12143,1176,2582.0,9238.0,896.5,832.5,0.7526746907388833,0.07958003710052078,-0.000649468954103935,0.015191358308101002,0.022153344241173743,1.02968302622133,0.032671996185088314,1.0,1.0,1.0,True
ELSA,16,intercept_and_slope,0.4,100,100,1.0,8609,3443,12143,1176,3443.0,12315.5,1196.0,1111.5,0.7526746907388833,0.07957497412089534,-0.0006545319337293715,0.0192430195031109,0.022128644390245908,1.0331994222238865,0.0331994222238865,1.0,1.0,1.0,True
ELSA,16,intercept_and_slope,0.5,100,100,1.0,8609,3443,12143,1176,4304.0,15393.0,1499.5,1390.5,0.7526746907388833,0.07957369516250638,-0.0006558108921183303,0.016997072452770233,0.016997072452770233,1.0353218136848095,0.03532181368480958,1.0,1.0,1.0,True
ELSA,16,intercept_and_slope,0.6,100,100,1.0,8609,3443,12143,1176,5165.0,18464.0,1799.0,1669.0,0.7526746907388833,0.07957209936413925,-0.0006574066904854667,0.0172543262541787,0.0172543262541787,1.034668400132823,0.03466840013282302,1.0,1.0,1.0,True
ELSA,16,intercept_only,0.05,100,100,1.0,8609,3443,12143,1176,430.0,1538.5,150.0,139.0,0.7526746907388833,0.07966293897899687,-0.0005665670756278343,0.019131205943261433,0.05166079139131781,1.1251703815697196,0.1251703815697196,0.99,1.0,1.0,True
ELSA,16,intercept_only,0.1,100,100,1.0,8609,3443,12143,1176,860.0,3064.5,296.0,275.0,0.7526746907388833,0.07964507041202934,-0.000584435642595367,0.008845872205849436,0.033973294889154335,1.1251703815697196,0.1251703815697196,1.0,1.0,1.0,True
ELSA,16,intercept_only,0.2,100,100,1.0,8609,3443,12143,1176,1721.0,6154.0,603.0,557.0,0.7526746907388833,0.07964562501140801,-0.0005838810432167024,0.011201025045803822,0.024093033496718305,1.1251703815697196,0.1251703815697196,1.0,1.0,1.0,True
ELSA,16,intercept_only,0.3,100,100,1.0,8609,3443,12143,1176,2582.0,9238.0,896.5,832.5,0.7526746907388833,0.0796479059242412,-0.0005816001303835111,0.012997581385976575,0.02060938253284706,1.1251703815697196,0.1251703815697196,1.0,1.0,1.0,True
ELSA,16,intercept_only,0.4,100,100,1.0,8609,3443,12143,1176,3443.0,12315.5,1196.0,1111.5,0.7526746907388833,0.07965316358559803,-0.0005763424690266861,0.016976603554407797,0.020013607215753647,1.1251703815697196,0.1251703815697196,1.0,1.0,1.0,True
ELSA,16,intercept_only,0.5,100,100,1.0,8609,3443,12143,1176,4304.0,15393.0,1499.5,1390.5,0.7526746907388833,0.07964980103755046,-0.0005797050170742515,0.014456369055342838,0.014456369055342838,1.1251703815697196,0.1251703815697196,1.0,1.0,1.0,True
ELSA,16,intercept_only,0.6,100,100,1.0,8609,3443,12143,1176,5165.0,18464.0,1799.0,1669.0,0.7526746907388833,0.07965048922901985,-0.0005790168256048639,0.014979659505409675,0.014979659505409675,1.1251703815697196,0.1251703815697196,1.0,1.0,1.0,True
ELSA,16,none,0.0,1,1,1.0,8609,3443,12143,1176,0.0,0.0,0.0,0.0,0.7526746907388833,0.08022950605462471,0.0,0.215849068477241,0.215849068477241,1.1251703815697196,0.1251703815697196,0.0,1.0,1.0,False
ELSA,17,intercept_and_slope,0.05,100,100,1.0,8609,3443,12398,1185,430.0,1514.0,150.0,140.0,0.7583102569689115,0.07786585505048396,-0.0006370672145945624,-0.04503778887302625,0.07232367986764951,1.1044517743079494,0.11024610669403301,0.96,1.0,0.97,False
ELSA,17,intercept_and_slope,0.1,100,100,1.0,8609,3443,12398,1185,860.0,3032.0,299.0,279.5,0.7583102569689115,0.07785716199528694,-0.0006457602697915801,-0.037330916602872535,0.05340773762005871,1.123012012270573,0.1230120122705729,1.0,1.0,0.99,False
ELSA,17,intercept_and_slope,0.2,100,100,1.0,8609,3443,12398,1185,1721.0,6078.0,599.0,559.0,0.7583102569689115,0.07781550062316642,-0.0006874216419121143,-0.033926939493347644,0.03892887568657102,1.1267122424438218,0.12671224244382195,1.0,1.0,1.0,False
ELSA,17,intercept_and_slope,0.3,100,100,1.0,8609,3443,12398,1185,2582.0,9096.0,897.0,839.0,0.7583102569689115,0.07781876932637459,-0.0006841529387039413,-0.03379250480747903,0.03379250480747903,1.1295261198145452,0.1295261198145451,1.0,1.0,1.0,False
ELSA,17,intercept_and_slope,0.4,100,100,1.0,8609,3443,12398,1185,3443.0,12147.5,1191.5,1113.0,0.7583102569689115,0.07782154712375365,-0.0006813751413248803,-0.022470053687103603,0.023903744004385042,1.1299784347012334,0.12997843470123338,1.0,1.0,1.0,False
ELSA,17,intercept_and_slope,0.5,100,100,1.0,8609,3443,12398,1185,4304.0,15177.0,1492.0,1395.0,0.7583102569689115,0.07781732891254058,-0.0006855933525379554,-0.030286604531688285,0.030286604531688285,1.1291271374423673,0.12912713744236726,1.0,1.0,1.0,False
ELSA,17,intercept_and_slope,0.6,100,100,1.0,8609,3443,12398,1185,5165.0,18210.0,1790.0,1674.0,0.7583102569689115,0.07781237189776352,-0.0006905503673150098,-0.028103929499074382,0.028103929499074382,1.1271681759069585,0.1271681759069584,1.0,1.0,1.0,False
ELSA,17,intercept_only,0.05,100,100,1.0,8609,3443,12398,1185,430.0,1514.0,150.0,140.0,0.7583102569689115,0.07792404260221125,-0.0005788796628672724,-0.04592612828887775,0.06881894331477437,1.1843661283794018,0.1843661283794018,0.98,1.0,1.0,True
ELSA,17,intercept_only,0.1,100,100,1.0,8609,3443,12398,1185,860.0,3032.0,299.0,279.5,0.7583102569689115,0.07791363991723961,-0.0005892823478389209,-0.03449867045811416,0.05447283852669262,1.1843661283794018,0.1843661283794018,1.0,1.0,1.0,True
ELSA,17,intercept_only,0.2,100,100,1.0,8609,3443,12398,1185,1721.0,6078.0,599.0,559.0,0.7583102569689115,0.07790755022004803,-0.0005953720450305039,-0.03315605879991883,0.03923992104229437,1.1843661283794018,0.1843661283794018,1.0,1.0,1.0,True
ELSA,17,intercept_only,0.3,100,100,1.0,8609,3443,12398,1185,2582.0,9096.0,897.0,839.0,0.7583102569689115,0.0779063586132275,-0.0005965636518510328,-0.03399443625264019,0.03399443625264019,1.1843661283794018,0.1843661283794018,1.0,1.0,1.0,True
ELSA,17,intercept_only,0.4,100,100,1.0,8609,3443,12398,1185,3443.0,12147.5,1191.5,1113.0,0.7583102569689115,0.07791678609032406,-0.0005861361747544758,-0.022660175791788084,0.024100757012907245,1.1843661283794018,0.1843661283794018,1.0,1.0,1.0,True
ELSA,17,intercept_only,0.5,100,100,1.0,8609,3443,12398,1185,4304.0,15177.0,1492.0,1395.0,0.7583102569689115,0.07790899114935645,-0.0005939311157220836,-0.030869720743424485,0.030869720743424485,1.1843661283794018,0.1843661283794018,1.0,1.0,1.0,True
ELSA,17,intercept_only,0.6,100,100,1.0,8609,3443,12398,1185,5165.0,18210.0,1790.0,1674.0,0.7583102569689115,0.07791103299859393,-0.0005918892664845965,-0.02858451791572773,0.02858451791572773,1.1843661283794018,0.1843661283794018,1.0,1.0,1.0,True
ELSA,17,none,0.0,1,1,1.0,8609,3443,12398,1185,0.0,0.0,0.0,0.0,0.7583102569689115,0.07850292226507853,0.0,0.18969865489876922,0.18969865489876922,1.1843661283794018,0.1843661283794018,1.0,1.0,1.0,False
ELSA,18,intercept_and_slope,0.05,100,100,1.0,8609,3443,12295,1185,430.0,1524.5,152.0,143.0,0.7447756421211742,0.07982276668260521,-0.0003863126466231298,-0.007368735775345873,0.055134946563183934,0.997661172005292,0.08389867675832385,0.98,1.0,0.91,True
ELSA,18,intercept_and_slope,0.1,100,100,1.0,8609,3443,12295,1185,860.0,3050.0,296.5,278.0,0.7447756421211742,0.07975490802023193,-0.000454171308996415,-0.007464909071211312,0.04297714295110264,0.9769744457308436,0.049512975384640334,1.0,1.0,0.99,True
ELSA,18,intercept_and_slope,0.2,100,100,1.0,8609,3443,12295,1185,1721.0,6102.5,597.0,557.5,0.7447756421211742,0.07973388357908928,-0.00047519575013905274,-0.010066631574888588,0.022198932415423263,0.9797465302888226,0.03097426437908618,1.0,1.0,1.0,True
ELSA,18,intercept_and_slope,0.3,100,100,1.0,8609,3443,12295,1185,2582.0,9159.5,899.0,840.0,0.7447756421211742,0.07973225855178592,-0.00047682077744241186,-0.015807689222293836,0.021816509350882453,0.975261280232099,0.027999323427991996,1.0,1.0,1.0,True
ELSA,18,intercept_and_slope,0.4,100,100,1.0,8609,3443,12295,1185,3443.0,12206.0,1194.5,1115.0,0.7447756421211742,0.0797283669427946,-0.00048071238643374037,-0.012611322220919298,0.014495105682548765,0.9753947432160135,0.024605256783986562,1.0,1.0,1.0,True
ELSA,18,intercept_and_slope,0.5,100,100,1.0,8609,3443,12295,1185,4304.0,15265.0,1494.5,1397.0,0.7447756421211742,0.0797251422138004,-0.00048393711542793483,-0.012338342503327656,0.013468734235280777,0.9786623964541421,0.021337603545857897,1.0,1.0,1.0,True
ELSA,18,intercept_and_slope,0.6,100,100,1.0,8609,3443,12295,1185,5165.0,18313.0,1790.0,1673.0,0.7447756421211742,0.07972448877420321,-0.000484590555025137,-0.010794973978789122,0.010794973978789122,0.978072180816279,0.021927819183720998,1.0,1.0,1.0,True
ELSA,18,intercept_only,0.05,100,100,1.0,8609,3443,12295,1185,430.0,1524.5,152.0,143.0,0.7447756421211742,0.07975249988527856,-0.00045657944394977834,-0.007545018016209095,0.05391018562103425,1.0871119459344603,0.08711194593446026,0.98,1.0,1.0,True
ELSA,18,intercept_only,0.1,100,100,1.0,8609,3443,12295,1185,860.0,3050.0,296.5,278.0,0.7447756421211742,0.07975086385850395,-0.00045821547072438795,-0.009311471109955997,0.04342310638892864,1.0871119459344603,0.08711194593446026,1.0,1.0,1.0,True
ELSA,18,intercept_only,0.2,100,100,1.0,8609,3443,12295,1185,1721.0,6102.5,597.0,557.5,0.7447756421211742,0.07973337277950232,-0.00047570654972601406,-0.012138112602951393,0.021766793901201013,1.0871119459344603,0.08711194593446026,1.0,1.0,1.0,True
ELSA,18,intercept_only,0.3,100,100,1.0,8609,3443,12295,1185,2582.0,9159.5,899.0,840.0,0.7447756421211742,0.07972708315790195,-0.00048199617132639594,-0.017493029657617853,0.022274880377982247,1.0871119459344603,0.08711194593446026,1.0,1.0,1.0,True
ELSA,18,intercept_only,0.4,100,100,1.0,8609,3443,12295,1185,3443.0,12206.0,1194.5,1115.0,0.7447756421211742,0.0797286618979246,-0.00048041743130373266,-0.01315758279441542,0.014642692646444477,1.0871119459344603,0.08711194593446026,1.0,1.0,1.0,True
ELSA,18,intercept_only,0.5,100,100,1.0,8609,3443,12295,1185,4304.0,15265.0,1494.5,1397.0,0.7447756421211742,0.07972888119757143,-0.0004801981316569018,-0.012755894676247125,0.01395446086275048,1.0871119459344603,0.08711194593446026,1.0,1.0,1.0,True
ELSA,18,intercept_only,0.6,100,100,1.0,8609,3443,12295,1185,5165.0,18313.0,1790.0,1673.0,0.7447756421211742,0.07972940595854347,-0.00047967337068486465,-0.011781840928202374,0.011781840928202374,1.0871119459344603,0.08711194593446026,1.0,1.0,1.0,True
ELSA,18,none,0.0,1,1,1.0,8609,3443,12295,1185,0.0,0.0,0.0,0.0,0.7447756421211742,0.08020907932922834,0.0,0.19971196003862993,0.19971196003862993,1.0871119459344603,0.08711194593446026,1.0,1.0,1.0,False
ELSA,19,intercept_and_slope,0.05,100,100,1.0,8609,3443,12312,1196,430.0,1520.0,146.5,137.0,0.7600942959679681,0.07951920728965821,-0.0005649722264813029,0.0010888250527409252,0.05409676643516016,1.0972589750386468,0.10514735994437718,0.99,1.0,0.96,False
ELSA,19,intercept_and_slope,0.1,100,100,1.0,8609,3443,12312,1196,860.0,3051.0,295.0,275.0,0.7600942959679681,0.07946765227954461,-0.0006165272365948951,-0.003057751989417407,0.042963923492708556,1.0776757757055007,0.07884145680611443,1.0,1.0,0.99,True
ELSA,19,intercept_and_slope,0.2,100,100,1.0,8609,3443,12312,1196,1721.0,6085.0,593.5,554.0,0.7600942959679681,0.07943106833389191,-0.0006531111822476107,0.007830554052988539,0.02682861064241022,1.0742320797650846,0.07423207976508472,1.0,1.0,1.0,True
ELSA,19,intercept_and_slope,0.3,100,100,1.0,8609,3443,12312,1196,2582.0,9141.0,890.0,831.0,0.7600942959679681,0.07942859366030908,-0.0006555858558304345,0.00046002563250508116,0.014987143288020657,1.0850233297238874,0.08502332972388749,1.0,1.0,1.0,True
ELSA,19,intercept_and_slope,0.4,100,100,1.0,8609,3443,12312,1196,3443.0,12190.5,1185.0,1106.5,0.7600942959679681,0.07942059772899325,-0.0006635817871462613,-0.00158211323314207,0.01511347463887456,1.0759486022281917,0.07594860222819177,1.0,1.0,1.0,True
ELSA,19,intercept_and_slope,0.5,100,100,1.0,8609,3443,12312,1196,4304.0,15243.5,1479.5,1383.0,0.7600942959679681,0.07942158835751706,-0.0006625911586224525,0.002271452272140577,0.00792281206196203,1.0776746638036934,0.07767466380369326,1.0,1.0,1.0,True
ELSA,19,intercept_and_slope,0.6,100,100,1.0,8609,3443,12312,1196,5165.0,18296.0,1779.0,1662.0,0.7600942959679681,0.07942189569339489,-0.000662283822744622,0.001158747501381491,0.001158747501381491,1.0809573633269498,0.0809573633269498,1.0,1.0,1.0,True
ELSA,19,intercept_only,0.05,100,100,1.0,8609,3443,12312,1196,430.0,1520.0,146.5,137.0,0.7600942959679681,0.07951129351169958,-0.0005728860044399223,0.003608991031221695,0.05172286530436899,1.154182729386815,0.154182729386815,0.99,1.0,1.0,True
ELSA,19,intercept_only,0.1,100,100,1.0,8609,3443,12312,1196,860.0,3051.0,295.0,275.0,0.7600942959679681,0.07949101430264949,-0.000593165213490017,-0.0026413124704940294,0.041827790157735155,1.154182729386815,0.154182729386815,1.0,1.0,1.0,True
ELSA,19,intercept_only,0.2,100,100,1.0,8609,3443,12312,1196,1721.0,6085.0,593.5,554.0,0.7600942959679681,0.07950319328889666,-0.0005809862272428482,0.007597457586847691,0.026187386911055564,1.154182729386815,0.154182729386815,1.0,1.0,1.0,True
ELSA,19,intercept_only,0.3,100,100,1.0,8609,3443,12312,1196,2582.0,9141.0,890.0,831.0,0.7600942959679681,0.07949375858592167,-0.0005904209302178415,0.0001490267305057366,0.014972110136202622,1.154182729386815,0.154182729386815,1.0,1.0,1.0,True
ELSA,19,intercept_only,0.4,100,100,1.0,8609,3443,12312,1196,3443.0,12190.5,1185.0,1106.5,0.7600942959679681,0.07949106485024521,-0.0005931146658942968,-0.0021383534301933453,0.014725816647297801,1.154182729386815,0.154182729386815,1.0,1.0,1.0,True
ELSA,19,intercept_only,0.5,100,100,1.0,8609,3443,12312,1196,4304.0,15243.5,1479.5,1383.0,0.7600942959679681,0.07949604378228295,-0.0005881357338565693,0.0020284106654396973,0.0077004350101805355,1.154182729386815,0.154182729386815,1.0,1.0,1.0,True
ELSA,19,intercept_only,0.6,100,100,1.0,8609,3443,12312,1196,5165.0,18296.0,1779.0,1662.0,0.7600942959679681,0.07949448969484986,-0.0005896898212896517,0.0007560864393859777,0.0007560864393859777,1.154182729386815,0.154182729386815,1.0,1.0,1.0,True
ELSA,19,none,0.0,1,1,1.0,8609,3443,12312,1196,0.0,0.0,0.0,0.0,0.7600942959679681,0.08008417951613951,0.0,0.20722869419307097,0.20722869419307097,1.154182729386815,0.154182729386815,0.0,1.0,1.0,False
ELSA,20,intercept_and_slope,0.05,100,100,1.0,8609,3443,12239,1177,430.0,1537.5,150.5,139.0,0.7500810677502121,0.07960869121786507,-0.00043870069488834845,-0.014333617238409261,0.06403188195118761,0.9892401653607333,0.07370916750702816,0.97,1.0,0.92,True
ELSA,20,intercept_and_slope,0.1,100,100,1.0,8609,3443,12239,1177,860.0,3065.0,300.5,277.5,0.7500810677502121,0.07956392789983424,-0.00048346401291917557,0.0059453322498183745,0.0397134527664262,0.9965145355687041,0.040521626868812555,1.0,1.0,0.99,True
ELSA,20,intercept_and_slope,0.2,100,100,1.0,8609,3443,12239,1177,1721.0,6125.0,600.0,556.0,0.7500810677502121,0.07953908450198241,-0.0005083074107710209,-0.0037393943809369092,0.028009885439900944,0.9968759694635092,0.03297713650986456,1.0,1.0,1.0,True
ELSA,20,intercept_and_slope,0.3,100,100,1.0,8609,3443,12239,1177,2582.0,9202.5,895.0,828.0,0.7500810677502121,0.07953718126416845,-0.0005102106485849814,0.012940372821021888,0.017855627110221782,0.9948676473478171,0.018262690607007137,1.0,1.0,1.0,True
ELSA,20,intercept_and_slope,0.4,100,100,1.0,8609,3443,12239,1177,3443.0,12247.0,1198.5,1109.0,0.7500810677502121,0.07952945149521345,-0.0005179404175399693,-0.0010283042177394802,0.01274830247510212,0.9954842216599473,0.014372704621170962,1.0,1.0,1.0,True
ELSA,20,intercept_and_slope,0.5,100,100,1.0,8609,3443,12239,1177,4304.0,15297.5,1494.5,1384.0,0.7500810677502121,0.07952632879585547,-0.0005210631168979518,0.003850421331227864,0.007434003426209633,0.9963687874239429,0.008378635235110843,1.0,1.0,1.0,True
ELSA,20,intercept_and_slope,0.6,100,100,1.0,8609,3443,12239,1177,5165.0,18369.0,1798.0,1664.0,0.7500810677502121,0.07952513993658462,-0.0005222519761687999,0.0012728976619532013,0.0012728976619532013,0.9961300715778949,0.00386992842210504,1.0,1.0,1.0,True
ELSA,20,intercept_only,0.05,100,100,1.0,8609,3443,12239,1177,430.0,1537.5,150.5,139.0,0.7500810677502121,0.07955199244601455,-0.0004953994667388772,-0.013338900644220785,0.06032749978242473,1.0993132497718765,0.0993132497718765,0.97,1.0,0.98,True
ELSA,20,intercept_only,0.1,100,100,1.0,8609,3443,12239,1177,860.0,3065.0,300.5,277.5,0.7500810677502121,0.079546612805328,-0.0005007791074254225,0.0010250963029081808,0.03905648973028489,1.0993132497718765,0.0993132497718765,1.0,1.0,1.0,True
ELSA,20,intercept_only,0.2,100,100,1.0,8609,3443,12239,1177,1721.0,6125.0,600.0,556.0,0.7500810677502121,0.07953520517146118,-0.0005121867412922476,-0.00362507898733152,0.025512790760280873,1.0993132497718765,0.0993132497718765,1.0,1.0,1.0,True
ELSA,20,intercept_only,0.3,100,100,1.0,8609,3443,12239,1177,2582.0,9202.5,895.0,828.0,0.7500810677502121,0.0795449704471196,-0.0005024214656338261,0.00857738998694782,0.017195499156376484,1.0993132497718765,0.0993132497718765,1.0,1.0,1.0,True
ELSA,20,intercept_only,0.4,100,100,1.0,8609,3443,12239,1177,3443.0,12247.0,1198.5,1109.0,0.7500810677502121,0.07953488499836794,-0.000512506914385473,-0.0025909339294543396,0.01181626367457423,1.0993132497718765,0.0993132497718765,1.0,1.0,1.0,True
ELSA,20,intercept_only,0.5,100,100,1.0,8609,3443,12239,1177,4304.0,15297.5,1494.5,1384.0,0.7500810677502121,0.07953847113315687,-0.000508920779596557,0.001674584598539386,0.006217264916534724,1.0993132497718765,0.0993132497718765,1.0,1.0,1.0,True
ELSA,20,intercept_only,0.6,100,100,1.0,8609,3443,12239,1177,5165.0,18369.0,1798.0,1664.0,0.7500810677502121,0.07953625720805206,-0.0005111347047013631,-0.0009103375023926938,0.0009103375023926938,1.0993132497718765,0.0993132497718765,1.0,1.0,1.0,True
ELSA,20,none,0.0,1,1,1.0,8609,3443,12239,1177,0.0,0.0,0.0,0.0,0.7500810677502121,0.08004739191275342,0.0,0.20624293687198833,0.20624293687198833,1.0993132497718765,0.0993132497718765,0.0,1.0,1.0,False
ELSA,21,intercept_and_slope,0.05,100,100,1.0,8609,3443,12303,1180,430.0,1516.5,151.0,140.0,0.7499174104047652,0.07944304646024519,-0.00041157614936185305,-0.02645427326098375,0.07281543246165444,1.012204802508391,0.060955479643315325,0.96,1.0,0.94,True
ELSA,21,intercept_and_slope,0.1,100,100,1.0,8609,3443,12303,1180,860.0,3057.0,298.0,277.0,0.7499174104047652,0.07939439354604741,-0.0004602290635596362,-0.0013332868374806557,0.036917255990958284,0.9937289339763775,0.03547973347673328,1.0,1.0,1.0,True
ELSA,21,intercept_and_slope,0.2,100,100,1.0,8609,3443,12303,1180,1721.0,6100.5,600.0,561.0,0.7499174104047652,0.0793667214133798,-0.00048790119622724865,-0.016283066023410044,0.027729861258375052,1.011466417994588,0.029790446579601282,1.0,1.0,1.0,True
ELSA,21,intercept_and_slope,0.3,100,100,1.0,8609,3443,12303,1180,2582.0,9149.5,896.0,834.5,0.7499174104047652,0.07936145338158475,-0.0004931692280222971,-0.011234443545276324,0.021475150313751912,0.9999931983687133,0.02035736444554187,1.0,1.0,1.0,True
ELSA,21,intercept_and_slope,0.4,100,100,1.0,8609,3443,12303,1180,3443.0,12192.5,1194.0,1113.5,0.7499174104047652,0.07935505507493905,-0.0004995675346679967,-0.011517884931252637,0.016116194373790024,1.0111782140962973,0.014283088016855738,1.0,1.0,1.0,True
ELSA,21,intercept_and_slope,0.5,100,100,1.0,8609,3443,12303,1180,4304.0,15264.0,1494.0,1394.0,0.7499174104047652,0.07935313959028106,-0.0005014830193259892,-0.011692887258562863,0.013102113107235743,1.0071926339183865,0.009891479806818038,1.0,1.0,1.0,True
ELSA,21,intercept_and_slope,0.6,100,100,1.0,8609,3443,12303,1180,5165.0,18304.5,1795.0,1674.0,0.7499174104047652,0.0793514042131443,-0.0005032183964627512,-0.012069295047505244,0.012069295047505244,1.0092656498611001,0.009265649861100234,1.0,1.0,1.0,True
ELSA,21,intercept_only,0.05,100,100,1.0,8609,3443,12303,1180,430.0,1516.5,151.0,140.0,0.7499174104047652,0.07940133474814211,-0.0004532878614649377,-0.025090237844908034,0.07049409953446376,1.1080125068227809,0.10801250682278085,0.96,1.0,0.99,True
ELSA,21,intercept_only,0.1,100,100,1.0,8609,3443,12303,1180,860.0,3057.0,298.0,277.0,0.7499174104047652,0.07937820925248444,-0.00047641335712260424,-0.0002627606565061331,0.03538098891887274,1.1080125068227809,0.10801250682278085,1.0,1.0,1.0,True
ELSA,21,intercept_only,0.2,100,100,1.0,8609,3443,12303,1180,1721.0,6100.5,600.0,561.0,0.7499174104047652,0.07936537865268509,-0.0004892439569219587,-0.018095830855293475,0.027188097777505287,1.1080125068227809,0.10801250682278085,1.0,1.0,1.0,True
ELSA,21,intercept_only,0.3,100,100,1.0,8609,3443,12303,1180,2582.0,9149.5,896.0,834.5,0.7499174104047652,0.07936703072158499,-0.0004875918880220473,-0.012663863126274419,0.022349185968732775,1.1080125068227809,0.10801250682278085,1.0,1.0,1.0,True
ELSA,21,intercept_only,0.4,100,100,1.0,8609,3443,12303,1180,3443.0,12192.5,1194.0,1113.5,0.7499174104047652,0.07936704606774844,-0.00048757654185859617,-0.012639550738822808,0.016792274484696126,1.1080125068227809,0.10801250682278085,1.0,1.0,1.0,True
ELSA,21,intercept_only,0.5,100,100,1.0,8609,3443,12303,1180,4304.0,15264.0,1494.0,1394.0,0.7499174104047652,0.07936654802535573,-0.000488074584251319,-0.013465496520883897,0.014323387035143676,1.1080125068227809,0.10801250682278085,1.0,1.0,1.0,True
ELSA,21,intercept_only,0.6,100,100,1.0,8609,3443,12303,1180,5165.0,18304.5,1795.0,1674.0,0.7499174104047652,0.07936643995768855,-0.0004881826519184951,-0.013647911930569218,0.013647911930569218,1.1080125068227809,0.10801250682278085,1.0,1.0,1.0,True
ELSA,21,none,0.0,1,1,1.0,8609,3443,12303,1180,0.0,0.0,0.0,0.0,0.7499174104047652,0.07985462260960705,0.0,0.19858795105611507,0.19858795105611507,1.1080125068227809,0.10801250682278085,1.0,1.0,1.0,False
ELSA,22,intercept_and_slope,0.05,100,100,1.0,8609,3443,12236,1161,430.0,1530.5,153.0,141.0,0.7546200733780134,0.07822111770152873,-0.0004233402839044706,-0.05902726759723122,0.08385503279314074,1.0355409106085804,0.06706419060983199,0.94,1.0,0.97,True
ELSA,22,intercept_and_slope,0.1,100,100,1.0,8609,3443,12236,1161,860.0,3066.5,300.0,277.5,0.7546200733780134,0.07814235633399357,-0.0005021016514396293,-0.023301102064717832,0.0390435815815144,1.0486943065502414,0.0595954794869441,1.0,1.0,1.0,True
ELSA,22,intercept_and_slope,0.2,100,100,1.0,8609,3443,12236,1161,1721.0,6130.5,603.0,557.5,0.7546200733780134,0.0781093163143124,-0.0005351416711207937,-0.03490312425109457,0.03710359733597744,1.0618541221382904,0.06213974631581243,1.0,1.0,1.0,True
ELSA,22,intercept_and_slope,0.3,100,100,1.0,8609,3443,12236,1161,2582.0,9171.0,908.5,840.0,0.7546200733780134,0.07810358245238533,-0.000540875533047866,-0.03267489292007192,0.033679044500923745,1.0572363774995552,0.057236377499555235,1.0,1.0,1.0,True
ELSA,22,intercept_and_slope,0.4,100,100,1.0,8609,3443,12236,1161,3443.0,12252.0,1207.0,1117.5,0.7546200733780134,0.07809815936072517,-0.000546298624708029,-0.031773135034085936,0.031773135034085936,1.0532765738247454,0.053276573824745266,1.0,1.0,1.0,True
ELSA,22,intercept_and_slope,0.5,100,100,1.0,8609,3443,12236,1161,4304.0,15293.0,1508.0,1396.0,0.7546200733780134,0.07809620885802696,-0.000548249127406239,-0.03423021876152968,0.03423021876152968,1.0492812272190224,0.049281227219022394,1.0,1.0,1.0,True
ELSA,22,intercept_and_slope,0.6,100,100,1.0,8609,3443,12236,1161,5165.0,18372.0,1814.0,1678.0,0.7546200733780134,0.07809442054314318,-0.0005500374422900134,-0.03498280248338768,0.03498280248338768,1.05244452264412,0.05244452264412003,1.0,1.0,1.0,True
ELSA,22,intercept_only,0.05,100,100,1.0,8609,3443,12236,1161,430.0,1530.5,153.0,141.0,0.7546200733780134,0.07819371037869849,-0.0004507476067347124,-0.06261209856791604,0.08272771455181857,1.1365894850293727,0.13658948502937274,0.94,1.0,0.97,True
ELSA,22,intercept_only,0.1,100,100,1.0,8609,3443,12236,1161,860.0,3066.5,300.0,277.5,0.7546200733780134,0.07815689863925335,-0.00048755934617984026,-0.02509638859315421,0.039490602671714926,1.1365894850293727,0.13658948502937274,1.0,1.0,1.0,True
ELSA,22,intercept_only,0.2,100,100,1.0,8609,3443,12236,1161,1721.0,6130.5,603.0,557.5,0.7546200733780134,0.07814776320135233,-0.0004966947840808617,-0.03585283420384093,0.03671679719284879,1.1365894850293727,0.13658948502937274,1.0,1.0,1.0,True
ELSA,22,intercept_only,0.3,100,100,1.0,8609,3443,12236,1161,2582.0,9171.0,908.5,840.0,0.7546200733780134,0.07814777420102142,-0.0004966837844117625,-0.0338147748343244,0.034070724379642675,1.1365894850293727,0.13658948502937274,1.0,1.0,1.0,True
ELSA,22,intercept_only,0.4,100,100,1.0,8609,3443,12236,1161,3443.0,12252.0,1207.0,1117.5,0.7546200733780134,0.07814697474048654,-0.0004974832449466532,-0.03307527152982519,0.03307527152982519,1.1365894850293727,0.13658948502937274,1.0,1.0,1.0,True
ELSA,22,intercept_only,0.5,100,100,1.0,8609,3443,12236,1161,4304.0,15293.0,1508.0,1396.0,0.7546200733780134,0.07814609758006144,-0.0004983604053717464,-0.03488496898553796,0.03488496898553796,1.1365894850293727,0.13658948502937274,1.0,1.0,1.0,True
ELSA,22,intercept_only,0.6,100,100,1.0,8609,3443,12236,1161,5165.0,18372.0,1814.0,1678.0,0.7546200733780134,0.07814562680863821,-0.0004988311767949866,-0.03591231945648628,0.03591231945648628,1.1365894850293727,0.13658948502937274,1.0,1.0,1.0,True
ELSA,22,none,0.0,1,1,1.0,8609,3443,12236,1161,0.0,0.0,0.0,0.0,0.7546200733780134,0.0786444579854332,0.0,0.1850771224086926,0.1850771224086926,1.1365894850293727,0.13658948502937274,1.0,1.0,1.0,False
ELSA,23,intercept_and_slope,0.05,100,100,1.0,8609,3443,12386,1156,430.0,1512.5,153.0,141.0,0.7475649905868795,0.07736430493546759,-0.0002662681920860277,-0.07915472325685341,0.09289498893749885,1.0043695217834863,0.06560123339323759,0.89,1.0,0.79,True
ELSA,23,intercept_and_slope,0.1,100,100,1.0,8609,3443,12386,1156,860.0,3036.5,301.0,279.5,0.7475649905868795,0.077317082832733,-0.00031349029482061197,-0.064736156206976,0.07534197206421897,1.0156828377272527,0.05213014543804351,0.98,1.0,0.92,True
ELSA,23,intercept_and_slope,0.2,100,100,1.0,8609,3443,12386,1156,1721.0,6059.0,602.5,558.0,0.7475649905868795,0.07728273986998399,-0.0003478332575696172,-0.0650303203664481,0.0650303203664481,1.0159792709179465,0.03129697413145743,1.0,1.0,1.0,True
ELSA,23,intercept_and_slope,0.3,100,100,1.0,8609,3443,12386,1156,2582.0,9105.0,906.5,838.0,0.7475649905868795,0.07728178755881177,-0.0003487855687418426,-0.06648292385113003,0.06648292385113003,1.0138562333713497,0.022591168103448744,1.0,1.0,1.0,True
ELSA,23,intercept_and_slope,0.4,100,100,1.0,8609,3443,12386,1156,3443.0,12144.5,1210.5,1118.0,0.7475649905868795,0.07728376101958173,-0.00034681210797188333,-0.0690118091270031,0.0690118091270031,1.014433345236824,0.01740126042199097,1.0,1.0,1.0,True
ELSA,23,intercept_and_slope,0.5,100,100,1.0,8609,3443,12386,1156,4304.0,15193.0,1516.5,1399.0,0.7475649905868795,0.07727986804751552,-0.0003507050800381009,-0.06877984758765451,0.06877984758765451,1.0134557080659692,0.013728975074146776,1.0,1.0,1.0,True
ELSA,23,intercept_and_slope,0.6,100,100,1.0,8609,3443,12386,1156,5165.0,18222.0,1819.0,1679.0,0.7475649905868795,0.07727679660243891,-0.00035377652511470875,-0.0678341443375148,0.0678341443375148,1.0150691466838702,0.01506914668387016,1.0,1.0,1.0,True
ELSA,23,intercept_only,0.05,100,100,1.0,8609,3443,12386,1156,430.0,1512.5,153.0,141.0,0.7475649905868795,0.07730444168396922,-0.0003261314435843918,-0.07894049578709869,0.08620168815583992,1.1116126586113357,0.11161265861133574,0.9,1.0,0.93,True
ELSA,23,intercept_only,0.1,100,100,1.0,8609,3443,12386,1156,860.0,3036.5,301.0,279.5,0.7475649905868795,0.07729036982443543,-0.0003402033031181806,-0.06538930392812892,0.07211608111946013,1.1116126586113357,0.11161265861133574,0.98,1.0,0.99,True
ELSA,23,intercept_only,0.2,100,100,1.0,8609,3443,12386,1156,1721.0,6059.0,602.5,558.0,0.7475649905868795,0.0772834667077536,-0.000347106419800014,-0.06534743454611888,0.06534743454611888,1.1116126586113357,0.11161265861133574,1.0,1.0,1.0,True
ELSA,23,intercept_only,0.3,100,100,1.0,8609,3443,12386,1156,2582.0,9105.0,906.5,838.0,0.7475649905868795,0.07727802497377281,-0.0003525481537807948,-0.06708611555914881,0.06708611555914881,1.1116126586113357,0.11161265861133574,1.0,1.0,1.0,True
ELSA,23,intercept_only,0.4,100,100,1.0,8609,3443,12386,1156,3443.0,12144.5,1210.5,1118.0,0.7475649905868795,0.07727835481409946,-0.0003522183134541529,-0.06963882034185899,0.06963882034185899,1.1116126586113357,0.11161265861133574,1.0,1.0,1.0,True
ELSA,23,intercept_only,0.5,100,100,1.0,8609,3443,12386,1156,4304.0,15193.0,1516.5,1399.0,0.7475649905868795,0.07727845431812388,-0.0003521188094297231,-0.06983379221117658,0.06983379221117658,1.1116126586113357,0.11161265861133574,1.0,1.0,1.0,True
ELSA,23,intercept_only,0.6,100,100,1.0,8609,3443,12386,1156,5165.0,18222.0,1819.0,1679.0,0.7475649905868795,0.07727797873945721,-0.00035259438809639304,-0.06888833611615723,0.06888833611615723,1.1116126586113357,0.11161265861133574,1.0,1.0,1.0,True
ELSA,23,none,0.0,1,1,1.0,8609,3443,12386,1156,0.0,0.0,0.0,0.0,0.7475649905868795,0.07763057312755361,0.0,0.1652760465832483,0.1652760465832483,1.1116126586113357,0.11161265861133574,1.0,1.0,1.0,False
ELSA,24,intercept_and_slope,0.05,100,100,1.0,8609,3443,12186,1191,430.0,1543.5,147.5,136.0,0.7539901924735654,0.08042276107449195,-0.0004388788075223374,-0.002313582490915714,0.0630409195462342,0.9992374981166947,0.05848411821072519,0.97,1.0,0.93,True
ELSA,24,intercept_and_slope,0.1,100,100,1.0,8609,3443,12186,1191,860.0,3068.5,297.0,274.5,0.7539901924735654,0.08038447249721567,-0.0004771673847986241,-0.016197333832178418,0.051501408223942426,1.0292397241155458,0.058185395286256936,1.0,1.0,1.0,True
ELSA,24,intercept_and_slope,0.2,100,100,1.0,8609,3443,12186,1191,1721.0,6133.0,590.5,547.5,0.7539901924735654,0.0803381221624874,-0.0005235177195269045,-0.007730020206579246,0.022947328993581994,1.0127151577722628,0.03171315664633101,1.0,1.0,1.0,True
ELSA,24,intercept_and_slope,0.3,100,100,1.0,8609,3443,12186,1191,2582.0,9200.5,891.0,822.0,0.7539901924735654,0.0803271014215613,-0.0005345384604530032,-0.013110578309838262,0.02718952493590211,1.0218421309637487,0.024343573214367975,1.0,1.0,1.0,True
ELSA,24,intercept_and_slope,0.4,100,100,1.0,8609,3443,12186,1191,3443.0,12284.0,1190.0,1099.5,0.7539901924735654,0.0803218996755313,-0.0005397402064829873,-0.011834590972203646,0.01646606338876951,1.018328250822842,0.01863308982889056,1.0,1.0,1.0,True
ELSA,24,intercept_and_slope,0.5,100,100,1.0,8609,3443,12186,1191,4304.0,15346.5,1489.0,1375.5,0.7539901924735654,0.08031962450380262,-0.0005420153782116702,-0.01946647134599002,0.01998783700285068,1.021061776357619,0.021061776357618966,1.0,1.0,1.0,True
ELSA,24,intercept_and_slope,0.6,100,100,1.0,8609,3443,12186,1191,5165.0,18423.0,1784.0,1648.0,0.7539901924735654,0.08031862939388601,-0.0005430104881282913,-0.01607271199632042,0.01607271199632042,1.0192280650729133,0.019228065072913414,1.0,1.0,1.0,True
ELSA,24,intercept_only,0.05,100,100,1.0,8609,3443,12186,1191,430.0,1543.5,147.5,136.0,0.7539901924735654,0.08038320737676918,-0.0004784325052451105,-0.002777908562212863,0.06039529818942084,1.1146889760409304,0.11468897604093042,0.97,1.0,0.98,True
ELSA,24,intercept_only,0.1,100,100,1.0,8609,3443,12186,1191,860.0,3068.5,297.0,274.5,0.7539901924735654,0.08035734509754988,-0.0005042947844644055,-0.01335186352040805,0.05389731933292637,1.1146889760409304,0.11468897604093042,1.0,1.0,1.0,True
ELSA,24,intercept_only,0.2,100,100,1.0,8609,3443,12186,1191,1721.0,6133.0,590.5,547.5,0.7539901924735654,0.08035210994940518,-0.0005095299326091096,-0.003958844813441735,0.02263543824129784,1.1146889760409304,0.11468897604093042,1.0,1.0,1.0,True
ELSA,24,intercept_only,0.3,100,100,1.0,8609,3443,12186,1191,2582.0,9200.5,891.0,822.0,0.7539901924735654,0.08034722136619005,-0.000514418515824247,-0.010170910938633343,0.02441021706265075,1.1146889760409304,0.11468897604093042,1.0,1.0,1.0,True
ELSA,24,intercept_only,0.4,100,100,1.0,8609,3443,12186,1191,3443.0,12284.0,1190.0,1099.5,0.7539901924735654,0.08034670600372236,-0.0005149338782919344,-0.010055622280208634,0.015083654838705284,1.1146889760409304,0.11468897604093042,1.0,1.0,1.0,True
ELSA,24,intercept_only,0.5,100,100,1.0,8609,3443,12186,1191,4304.0,15346.5,1489.0,1375.5,0.7539901924735654,0.0803417795114236,-0.000519860370590694,-0.01731244090179629,0.01751498459249263,1.1146889760409304,0.11468897604093042,1.0,1.0,1.0,True
ELSA,24,intercept_only,0.6,100,100,1.0,8609,3443,12186,1191,5165.0,18423.0,1784.0,1648.0,0.7539901924735654,0.08034406867195033,-0.0005175712100639607,-0.013757082617079416,0.013757082617079416,1.1146889760409304,0.11468897604093042,1.0,1.0,1.0,True
ELSA,24,none,0.0,1,1,1.0,8609,3443,12186,1191,0.0,0.0,0.0,0.0,0.7539901924735654,0.0808616398820143,0.0,0.1985348030033909,0.1985348030033909,1.1146889760409304,0.11468897604093042,1.0,1.0,1.0,False
ELSA,25,intercept_and_slope,0.05,100,100,1.0,8609,3443,12456,1169,430.0,1510.0,152.0,140.0,0.748222119468994,0.07827360085957108,-0.00016496854620362544,-0.06271718005128757,0.0751859012941562,0.9734940409364212,0.06690379095859683,0.88,0.96,0.74,True
ELSA,25,intercept_and_slope,0.1,100,100,1.0,8609,3443,12456,1169,860.0,3027.0,299.0,278.0,0.748222119468994,0.0782081311473625,-0.00023043825841220084,-0.05012289489835589,0.05497772666928437,0.9688172055929225,0.05888854079984979,0.99,1.0,0.84,True
ELSA,25,intercept_and_slope,0.2,100,100,1.0,8609,3443,12456,1169,1721.0,6052.0,604.0,559.0,0.748222119468994,0.07819379575287716,-0.0002447736528975522,-0.06693429585136967,0.06693429585136967,0.9755202825869829,0.03704045242683762,1.0,1.0,0.94,True
ELSA,25,intercept_and_slope,0.3,100,100,1.0,8609,3443,12456,1169,2582.0,9058.5,902.5,835.0,0.748222119468994,0.0781737933386045,-0.0002647760671702151,-0.06666658532736267,0.06666658532736267,0.9871935814602673,0.017507570241999837,1.0,1.0,0.99,True
ELSA,25,intercept_and_slope,0.4,100,100,1.0,8609,3443,12456,1169,3443.0,12087.5,1204.0,1117.0,0.748222119468994,0.07817624909202339,-0.00026232031375131304,-0.0661645025951077,0.0661645025951077,0.9754066373166528,0.025057082176367373,1.0,1.0,1.0,True
ELSA,25,intercept_and_slope,0.5,100,100,1.0,8609,3443,12456,1169,4304.0,15123.0,1504.0,1394.0,0.748222119468994,0.07818072932040274,-0.0002578400853719687,-0.0665974401099413,0.0665974401099413,0.9770428587596935,0.022957141240306456,1.0,1.0,1.0,True
ELSA,25,intercept_and_slope,0.6,100,100,1.0,8609,3443,12456,1169,5165.0,18152.0,1806.0,1673.0,0.748222119468994,0.0781758647344773,-0.0002627046712974021,-0.06651045611335678,0.06651045611335678,0.979126507196746,0.020873492803254012,1.0,1.0,1.0,True
ELSA,25,intercept_only,0.05,100,100,1.0,8609,3443,12456,1169,430.0,1510.0,152.0,140.0,0.748222119468994,0.07812985135113253,-0.00030871805464217916,-0.0654085078906606,0.07703531876680275,1.0878515666497668,0.08785156664976679,0.91,1.0,0.94,True
ELSA,25,intercept_only,0.1,100,100,1.0,8609,3443,12456,1169,860.0,3027.0,299.0,278.0,0.748222119468994,0.07810760966812849,-0.00033095973764620673,-0.05197308666983845,0.05384889588355961,1.0878515666497668,0.08785156664976679,0.99,1.0,0.99,True
ELSA,25,intercept_only,0.2,100,100,1.0,8609,3443,12456,1169,1721.0,6052.0,604.0,559.0,0.748222119468994,0.07809957842593265,-0.0003389909798420451,-0.06608256030610139,0.06608256030610139,1.0878515666497668,0.08785156664976679,1.0,1.0,1.0,True
ELSA,25,intercept_only,0.3,100,100,1.0,8609,3443,12456,1169,2582.0,9058.5,902.5,835.0,0.748222119468994,0.07809738257403122,-0.00034118683174348685,-0.06716729271929306,0.06716729271929306,1.0878515666497668,0.08785156664976679,1.0,1.0,1.0,True
ELSA,25,intercept_only,0.4,100,100,1.0,8609,3443,12456,1169,3443.0,12087.5,1204.0,1117.0,0.748222119468994,0.07809634846930923,-0.0003422209364654788,-0.06526448045670538,0.06526448045670538,1.0878515666497668,0.08785156664976679,1.0,1.0,1.0,True
ELSA,25,intercept_only,0.5,100,100,1.0,8609,3443,12456,1169,4304.0,15123.0,1504.0,1394.0,0.748222119468994,0.07809653063475379,-0.0003420387710209166,-0.0656221332243653,0.0656221332243653,1.0878515666497668,0.08785156664976679,1.0,1.0,1.0,True
ELSA,25,intercept_only,0.6,100,100,1.0,8609,3443,12456,1169,5165.0,18152.0,1806.0,1673.0,0.748222119468994,0.07809664493972926,-0.0003419244660454457,-0.06584411908143945,0.06584411908143945,1.0878515666497668,0.08785156664976679,1.0,1.0,1.0,True
ELSA,25,none,0.0,1,1,1.0,8609,3443,12456,1169,0.0,0.0,0.0,0.0,0.748222119468994,0.0784385694057747,0.0,0.16735083859050393,0.16735083859050393,1.0878515666497668,0.08785156664976679,1.0,1.0,1.0,False
ELSA,26,intercept_and_slope,0.05,100,100,1.0,8609,3443,12212,1206,430.0,1534.5,146.0,135.5,0.748512646049539,0.08155246064949223,-0.0004046341829218106,0.009922082639752982,0.06127494407478538,0.9750533564011048,0.05386437145436673,0.95,0.99,0.89,True
ELSA,26,intercept_and_slope,0.1,100,100,1.0,8609,3443,12212,1206,860.0,3069.5,295.5,275.5,0.748512646049539,0.08150690144999764,-0.00045019338241639173,0.007628589774834259,0.04406905765451653,0.9663487885614332,0.04673275956316825,1.0,1.0,1.0,True
ELSA,26,intercept_and_slope,0.2,100,100,1.0,8609,3443,12212,1206,1721.0,6134.0,594.0,553.0,0.748512646049539,0.08147324217920426,-0.00048385265320977783,0.002968494102459812,0.020452213360131123,0.9722249976054744,0.0333632367210982,1.0,1.0,1.0,True
ELSA,26,intercept_and_slope,0.3,100,100,1.0,8609,3443,12212,1206,2582.0,9180.0,883.0,825.0,0.748512646049539,0.08146725639364272,-0.0004898384387713242,0.006447469770694235,0.01849926882104623,0.9762483777161843,0.028533642944754523,1.0,1.0,1.0,True
ELSA,26,intercept_and_slope,0.4,100,100,1.0,8609,3443,12212,1206,3443.0,12256.5,1173.5,1096.5,0.748512646049539,0.08146288950070849,-0.0004942053317055425,0.016662308341174263,0.01829836655930743,0.9789964099706334,0.021463553960206383,1.0,1.0,1.0,True
ELSA,26,intercept_and_slope,0.5,100,100,1.0,8609,3443,12212,1206,4304.0,15315.5,1475.0,1376.5,0.748512646049539,0.08145539280819833,-0.0005017020242157125,0.009813050936986662,0.010631723860357847,0.9817329432708843,0.018311054701101837,1.0,1.0,1.0,True
ELSA,26,intercept_and_slope,0.6,100,100,1.0,8609,3443,12212,1206,5165.0,18396.0,1769.0,1651.0,0.748512646049539,0.08145731813195747,-0.0004997767004565681,0.010509676589937065,0.010509676589937065,0.9796672303055606,0.020332769694439423,1.0,1.0,1.0,True
ELSA,26,intercept_only,0.05,100,100,1.0,8609,3443,12212,1206,430.0,1534.5,146.0,135.5,0.748512646049539,0.08147519112513209,-0.0004819037072819471,0.016724292524020152,0.057582517877350706,1.088375315485558,0.08837531548555799,0.96,1.0,0.98,True
ELSA,26,intercept_only,0.1,100,100,1.0,8609,3443,12212,1206,860.0,3069.5,295.5,275.5,0.748512646049539,0.08144683401266532,-0.0005102608197487118,0.0108588252022394,0.04036787859510094,1.088375315485558,0.08837531548555799,1.0,1.0,1.0,True
ELSA,26,intercept_only,0.2,100,100,1.0,8609,3443,12212,1206,1721.0,6134.0,594.0,553.0,0.748512646049539,0.08143486309315548,-0.0005222317392585551,0.0037520387697433247,0.019252874843528042,1.088375315485558,0.08837531548555799,1.0,1.0,1.0,True
ELSA,26,intercept_only,0.3,100,100,1.0,8609,3443,12212,1206,2582.0,9180.0,883.0,825.0,0.748512646049539,0.08144097933225827,-0.0005161155001557685,0.011020738149718434,0.018624591797592162,1.088375315485558,0.08837531548555799,1.0,1.0,1.0,True
ELSA,26,intercept_only,0.4,100,100,1.0,8609,3443,12212,1206,3443.0,12256.5,1173.5,1096.5,0.748512646049539,0.0814474129733381,-0.0005096818590759403,0.017660263939376423,0.019195620008250203,1.088375315485558,0.08837531548555799,1.0,1.0,1.0,True
ELSA,26,intercept_only,0.5,100,100,1.0,8609,3443,12212,1206,4304.0,15315.5,1475.0,1376.5,0.748512646049539,0.0814410671178506,-0.0005160277145634384,0.011117330250393812,0.011294590177875694,1.088375315485558,0.08837531548555799,1.0,1.0,1.0,True
ELSA,26,intercept_only,0.6,100,100,1.0,8609,3443,12212,1206,5165.0,18396.0,1769.0,1651.0,0.748512646049539,0.0814417203962021,-0.0005153744362119406,0.011830010847435396,0.011830010847435396,1.088375315485558,0.08837531548555799,1.0,1.0,1.0,True
ELSA,26,none,0.0,1,1,1.0,8609,3443,12212,1206,0.0,0.0,0.0,0.0,0.748512646049539,0.08195709483241403,0.0,0.21381866752281245,0.21381866752281245,1.088375315485558,0.08837531548555799,0.0,1.0,1.0,False
ELSA,27,intercept_and_slope,0.05,100,100,1.0,8609,3443,12419,1177,430.0,1515.5,148.0,138.0,0.7610288566195736,0.0778450311920455,-0.0005248494845911389,-0.009374775376182157,0.060873004785113295,1.1183298586981287,0.11951439080620418,0.99,1.0,0.97,False
ELSA,27,intercept_and_slope,0.1,100,100,1.0,8609,3443,12419,1177,860.0,3017.0,300.5,279.0,0.7610288566195736,0.07776004046751228,-0.0006098402091243502,-0.036385317754398745,0.05133753041600647,1.1134478328115862,0.1134478328115861,1.0,1.0,1.0,False
ELSA,27,intercept_and_slope,0.2,100,100,1.0,8609,3443,12419,1177,1721.0,6052.0,598.0,555.0,0.7610288566195736,0.0777535521188995,-0.0006163285577371336,-0.025865444074714014,0.03525292067063512,1.1196302322954639,0.11963023229546388,1.0,1.0,1.0,False
ELSA,27,intercept_and_slope,0.3,100,100,1.0,8609,3443,12419,1177,2582.0,9107.0,899.5,833.5,0.7610288566195736,0.07773862167316109,-0.0006312590034755414,-0.02475125730892953,0.028441980707701174,1.1125512454691597,0.11255124546915973,1.0,1.0,1.0,False
ELSA,27,intercept_and_slope,0.4,100,100,1.0,8609,3443,12419,1177,3443.0,12130.5,1202.0,1116.0,0.7610288566195736,0.07774077130281944,-0.0006291093738172021,-0.028255458050434147,0.028255458050434147,1.1159319602187994,0.11593196021879948,1.0,1.0,1.0,False
ELSA,27,intercept_and_slope,0.5,100,100,1.0,8609,3443,12419,1177,4304.0,15152.0,1498.0,1390.0,0.7610288566195736,0.07773809524830194,-0.0006317854283346899,-0.025308196851981844,0.025308196851981844,1.1183554514391758,0.11835545143917581,1.0,1.0,1.0,False
ELSA,27,intercept_and_slope,0.6,100,100,1.0,8609,3443,12419,1177,5165.0,18189.0,1798.0,1668.0,0.7610288566195736,0.07773626796576108,-0.0006336127108755515,-0.024296515495360854,0.024296515495360854,1.1144011042616229,0.11440110426162287,1.0,1.0,1.0,False
ELSA,27,intercept_only,0.05,100,100,1.0,8609,3443,12419,1177,430.0,1515.5,148.0,138.0,0.7610288566195736,0.07784196206377282,-0.0005279186128638175,-0.010862328764946007,0.06094717352509495,1.176398734293403,0.17639873429340303,0.99,1.0,0.99,True
ELSA,27,intercept_only,0.1,100,100,1.0,8609,3443,12419,1177,860.0,3017.0,300.5,279.0,0.7610288566195736,0.07780138955520816,-0.0005684911214284896,-0.037579882532372044,0.050363752124921383,1.176398734293403,0.17639873429340303,1.0,1.0,1.0,True
ELSA,27,intercept_only,0.2,100,100,1.0,8609,3443,12419,1177,1721.0,6052.0,598.0,555.0,0.7610288566195736,0.07780434626503493,-0.0005655344116017036,-0.026886115421637213,0.03335704203820408,1.176398734293403,0.17639873429340303,1.0,1.0,1.0,True
ELSA,27,intercept_only,0.3,100,100,1.0,8609,3443,12419,1177,2582.0,9107.0,899.5,833.5,0.7610288566195736,0.07780332647726887,-0.0005665541993677692,-0.026493302453625855,0.028777318834598855,1.176398734293403,0.17639873429340303,1.0,1.0,1.0,True
ELSA,27,intercept_only,0.4,100,100,1.0,8609,3443,12419,1177,3443.0,12130.5,1202.0,1116.0,0.7610288566195736,0.07780121638176318,-0.0005686642948734555,-0.028986509087075812,0.028986509087075812,1.176398734293403,0.17639873429340303,1.0,1.0,1.0,True
ELSA,27,intercept_only,0.5,100,100,1.0,8609,3443,12419,1177,4304.0,15152.0,1498.0,1390.0,0.7610288566195736,0.07780287588742937,-0.0005670047892072649,-0.02700813118904643,0.02700813118904643,1.176398734293403,0.17639873429340303,1.0,1.0,1.0,True
ELSA,27,intercept_only,0.6,100,100,1.0,8609,3443,12419,1177,5165.0,18189.0,1798.0,1668.0,0.7610288566195736,0.07780381497949997,-0.0005660656971366723,-0.02592304899376746,0.02592304899376746,1.176398734293403,0.17639873429340303,1.0,1.0,1.0,True
ELSA,27,none,0.0,1,1,1.0,8609,3443,12419,1177,0.0,0.0,0.0,0.0,0.7610288566195736,0.07836988067663664,0.0,0.1912313046291179,0.1912313046291179,1.176398734293403,0.17639873429340303,1.0,1.0,1.0,False
ELSA,28,intercept_and_slope,0.05,100,100,1.0,8609,3443,12232,1208,430.0,1522.0,147.0,136.0,0.753054218249887,0.08055263802712453,-0.0007035525824060154,0.03645706314960042,0.06837641853123338,1.0589568343084852,0.07497886627172934,0.97,1.0,0.99,True
ELSA,28,intercept_and_slope,0.1,100,100,1.0,8609,3443,12232,1208,860.0,3058.5,292.0,272.0,0.753054218249887,0.0805185430505177,-0.0007376475590128648,0.04274048270187193,0.054275005906767024,1.04863048521766,0.053786757509530214,0.99,1.0,1.0,True
ELSA,28,intercept_and_slope,0.2,100,100,1.0,8609,3443,12232,1208,1721.0,6118.5,589.0,547.5,0.753054218249887,0.08051215416683591,-0.0007440364426946552,0.04910152574126106,0.04910152574126106,1.0458982489150557,0.04589824891505567,1.0,1.0,1.0,True
ELSA,28,intercept_and_slope,0.3,100,100,1.0,8609,3443,12232,1208,2582.0,9199.5,883.0,822.0,0.753054218249887,0.08049883307952488,-0.0007573575300056784,0.052124951191914334,0.052124951191914334,1.0433610427218385,0.043361042721838605,1.0,1.0,1.0,True
ELSA,28,intercept_and_slope,0.4,100,100,1.0,8609,3443,12232,1208,3443.0,12243.0,1180.0,1096.0,0.753054218249887,0.08049315971748866,-0.0007630308920419035,0.046190085458894053,0.046190085458894053,1.0444979571169304,0.0444979571169305,1.0,1.0,1.0,True
ELSA,28,intercept_and_slope,0.5,100,100,1.0,8609,3443,12232,1208,4304.0,15317.0,1472.0,1370.0,0.753054218249887,0.08049969584643862,-0.0007564947630919264,0.04772207217951814,0.04772207217951814,1.047408965729438,0.04740896572943809,1.0,1.0,1.0,True
ELSA,28,intercept_and_slope,0.6,100,100,1.0,8609,3443,12232,1208,5165.0,18376.0,1767.0,1644.0,0.753054218249887,0.08049652958463181,-0.0007596610248987445,0.046951335841372684,0.046951335841372684,1.045059821225708,0.04505982122570795,1.0,1.0,1.0,True
ELSA,28,intercept_only,0.05,100,100,1.0,8609,3443,12232,1208,430.0,1522.0,147.0,136.0,0.753054218249887,0.08060288722725328,-0.0006533033822772802,0.03469307495995001,0.06930047302541142,1.1312431447185982,0.13124314471859821,0.97,1.0,0.99,True
ELSA,28,intercept_only,0.1,100,100,1.0,8609,3443,12232,1208,860.0,3058.5,292.0,272.0,0.753054218249887,0.08061441004323122,-0.0006417805662993423,0.04449598794448535,0.05224616764230444,1.1312431447185982,0.13124314471859821,0.99,1.0,1.0,True
ELSA,28,intercept_only,0.2,100,100,1.0,8609,3443,12232,1208,1721.0,6118.5,589.0,547.5,0.753054218249887,0.08062203159602155,-0.0006341590135090086,0.04836140945739954,0.04836140945739954,1.1312431447185982,0.13124314471859821,1.0,1.0,1.0,True
ELSA,28,intercept_only,0.3,100,100,1.0,8609,3443,12232,1208,2582.0,9199.5,883.0,822.0,0.753054218249887,0.08062570948700007,-0.000630481122530481,0.05018934392284917,0.05018934392284917,1.1312431447185982,0.13124314471859821,1.0,1.0,1.0,True
ELSA,28,intercept_only,0.4,100,100,1.0,8609,3443,12232,1208,3443.0,12243.0,1180.0,1096.0,0.753054218249887,0.08061462701007266,-0.0006415635994578908,0.04460802167817328,0.04460802167817328,1.1312431447185982,0.13124314471859821,1.0,1.0,1.0,True
ELSA,28,intercept_only,0.5,100,100,1.0,8609,3443,12232,1208,4304.0,15317.0,1472.0,1370.0,0.753054218249887,0.08061746529150032,-0.0006387253180302269,0.046063419977484754,0.046063419977484754,1.1312431447185982,0.13124314471859821,1.0,1.0,1.0,True
ELSA,28,intercept_only,0.6,100,100,1.0,8609,3443,12232,1208,5165.0,18376.0,1767.0,1644.0,0.753054218249887,0.08061628020518499,-0.0006399104043455714,0.045458208245972825,0.045458208245972825,1.1312431447185982,0.13124314471859821,1.0,1.0,1.0,True
ELSA,28,none,0.0,1,1,1.0,8609,3443,12232,1208,0.0,0.0,0.0,0.0,0.753054218249887,0.08125619060953056,0.0,0.23401077218711377,0.23401077218711377,1.1312431447185982,0.13124314471859821,0.0,1.0,1.0,False
ELSA,29,intercept_and_slope,0.05,100,100,1.0,8609,3443,12239,1196,430.0,1534.0,145.5,136.0,0.7484300501202809,0.08036410077764125,-0.0005830372170454248,0.047331763360108234,0.06461131901299566,1.015182481303319,0.06627204633813272,0.96,0.99,0.96,True
ELSA,29,intercept_and_slope,0.1,100,100,1.0,8609,3443,12239,1196,860.0,3058.0,296.0,277.0,0.7484300501202809,0.08027542121314617,-0.0006717167815405156,0.03894919148348425,0.050159938380529706,1.0138486614816387,0.04145971279634336,1.0,1.0,1.0,True
ELSA,29,intercept_and_slope,0.2,100,100,1.0,8609,3443,12239,1196,1721.0,6122.5,590.5,552.5,0.7484300501202809,0.08026437037745632,-0.0006827676172303579,0.03849380422344392,0.039097752463854094,1.0183054550787283,0.031858719588108764,1.0,1.0,1.0,True
ELSA,29,intercept_and_slope,0.3,100,100,1.0,8609,3443,12239,1196,2582.0,9174.0,889.0,831.0,0.7484300501202809,0.0802618330471742,-0.0006853049475124828,0.04102222787702625,0.04102222787702625,1.021877393455971,0.029680584603309468,1.0,1.0,1.0,True
ELSA,29,intercept_and_slope,0.4,100,100,1.0,8609,3443,12239,1196,3443.0,12239.0,1187.0,1108.5,0.7484300501202809,0.08025340395781472,-0.0006937340368719652,0.03957339663991513,0.03957339663991513,1.0247828100187895,0.02478281001878946,1.0,1.0,1.0,True
ELSA,29,intercept_and_slope,0.5,100,100,1.0,8609,3443,12239,1196,4304.0,15305.0,1481.5,1384.5,0.7484300501202809,0.0802512042417116,-0.0006959337529750809,0.040694571468427476,0.040694571468427476,1.0235474187363292,0.02354741873632915,1.0,1.0,1.0,True
ELSA,29,intercept_and_slope,0.6,100,100,1.0,8609,3443,12239,1196,5165.0,18369.0,1779.0,1662.0,0.7484300501202809,0.08025024585724728,-0.0006968921374393977,0.038641964424638256,0.038641964424638256,1.0233590118029348,0.02335901180293487,1.0,1.0,1.0,True
ELSA,29,intercept_only,0.05,100,100,1.0,8609,3443,12239,1196,430.0,1534.0,145.5,136.0,0.7484300501202809,0.08037055621316652,-0.0005765817815201607,0.04729170505823219,0.06195867226992962,1.117907808875056,0.11790780887505603,0.97,1.0,0.98,True
ELSA,29,intercept_only,0.1,100,100,1.0,8609,3443,12239,1196,860.0,3058.0,296.0,277.0,0.7484300501202809,0.08034832070857983,-0.000598817286106848,0.03439921036327005,0.04911743930986572,1.117907808875056,0.11790780887505603,1.0,1.0,1.0,True
ELSA,29,intercept_only,0.2,100,100,1.0,8609,3443,12239,1196,1721.0,6122.5,590.5,552.5,0.7484300501202809,0.08034836050466787,-0.000598777490018812,0.034423983362345395,0.03634009471514257,1.117907808875056,0.11790780887505603,1.0,1.0,1.0,True
ELSA,29,intercept_only,0.3,100,100,1.0,8609,3443,12239,1196,2582.0,9174.0,889.0,831.0,0.7484300501202809,0.08035270009793766,-0.0005944378967490185,0.037074651940250336,0.037074651940250336,1.117907808875056,0.11790780887505603,1.0,1.0,1.0,True
ELSA,29,intercept_only,0.4,100,100,1.0,8609,3443,12239,1196,3443.0,12239.0,1187.0,1108.5,0.7484300501202809,0.0803517623063754,-0.0005953756883112782,0.03650824879799269,0.03650824879799269,1.117907808875056,0.11790780887505603,1.0,1.0,1.0,True
ELSA,29,intercept_only,0.5,100,100,1.0,8609,3443,12239,1196,4304.0,15305.0,1481.5,1384.5,0.7484300501202809,0.08035314704565899,-0.0005939909490276923,0.037343651812983034,0.037343651812983034,1.117907808875056,0.11790780887505603,1.0,1.0,1.0,True
ELSA,29,intercept_only,0.6,100,100,1.0,8609,3443,12239,1196,5165.0,18369.0,1779.0,1662.0,0.7484300501202809,0.08034974821005185,-0.0005973897846348331,0.03528007942852196,0.03528007942852196,1.117907808875056,0.11790780887505603,1.0,1.0,1.0,True
ELSA,29,none,0.0,1,1,1.0,8609,3443,12239,1196,0.0,0.0,0.0,0.0,0.7484300501202809,0.08094713799468668,0.0,0.22796725733851117,0.22796725733851117,1.117907808875056,0.11790780887505603,0.0,1.0,1.0,False
ELSA,30,intercept_and_slope,0.05,100,100,1.0,8609,3443,12301,1193,430.0,1519.5,146.0,135.0,0.7445058212275967,0.08047522123722135,-0.00032407354289708257,0.024575154622829363,0.06818306852489411,0.9655590959531346,0.07389299717822945,0.97,1.0,0.9,True
ELSA,30,intercept_and_slope,0.1,100,100,1.0,8609,3443,12301,1193,860.0,3044.5,298.5,275.0,0.7445058212275967,0.0804093276406396,-0.00038996713947884315,-0.0037649312975968703,0.05191064162796523,0.9495475288853878,0.05392563985654153,0.99,1.0,0.99,True
ELSA,30,intercept_and_slope,0.2,100,100,1.0,8609,3443,12301,1193,1721.0,6107.0,595.0,550.5,0.7445058212275967,0.08035900659592529,-0.0004402881841931369,0.011217189217982381,0.02857379125578388,0.9680818166789765,0.035384114327279725,1.0,1.0,1.0,True
ELSA,30,intercept_and_slope,0.3,100,100,1.0,8609,3443,12301,1193,2582.0,9132.0,889.0,824.0,0.7445058212275967,0.08036031943321348,-0.0004389753469049504,0.0035129251204104065,0.017499380859791636,0.9647304460221193,0.03828318914043943,1.0,1.0,1.0,True
ELSA,30,intercept_and_slope,0.4,100,100,1.0,8609,3443,12301,1193,3443.0,12188.5,1186.5,1101.0,0.7445058212275967,0.08035039350519994,-0.0004489012749184923,0.007352533587375013,0.013950247540904431,0.9641718201035802,0.03582817989641984,1.0,1.0,1.0,True
ELSA,30,intercept_and_slope,0.5,100,100,1.0,8609,3443,12301,1193,4304.0,15269.0,1484.0,1376.0,0.7445058212275967,0.08035356140694985,-0.0004457333731685831,0.00997261661752728,0.010231676739029277,0.9594464017221014,0.04055359827789867,1.0,1.0,1.0,True
ELSA,30,intercept_and_slope,0.6,100,100,1.0,8609,3443,12301,1193,5165.0,18307.0,1782.0,1652.0,0.7445058212275967,0.08035098815563485,-0.00044830662448357844,0.008075775003464028,0.008075775003464028,0.9617736106718116,0.038226389328188504,1.0,1.0,1.0,True
ELSA,30,intercept_only,0.05,100,100,1.0,8609,3443,12301,1193,430.0,1519.5,146.0,135.0,0.7445058212275967,0.08035686814044231,-0.0004424266396761273,0.025871538797381754,0.06770683300045346,1.076388930882182,0.0763889308821819,0.97,1.0,0.98,True
ELSA,30,intercept_only,0.1,100,100,1.0,8609,3443,12301,1193,860.0,3044.5,298.5,275.0,0.7445058212275967,0.08033253513059421,-0.00046675964952423016,-0.00314406404813042,0.04595781388393141,1.076388930882182,0.0763889308821819,0.99,1.0,1.0,True
ELSA,30,intercept_only,0.2,100,100,1.0,8609,3443,12301,1193,1721.0,6107.0,595.0,550.5,0.7445058212275967,0.08032298097102286,-0.00047631380909558124,0.010348166455375445,0.026368312583332443,1.076388930882182,0.0763889308821819,1.0,1.0,1.0,True
ELSA,30,intercept_only,0.3,100,100,1.0,8609,3443,12301,1193,2582.0,9132.0,889.0,824.0,0.7445058212275967,0.08031664389450509,-0.0004826508856133477,0.0025910545761378646,0.018324862378650768,1.076388930882182,0.0763889308821819,1.0,1.0,1.0,True
ELSA,30,intercept_only,0.4,100,100,1.0,8609,3443,12301,1193,3443.0,12188.5,1186.5,1101.0,0.7445058212275967,0.08031837296128022,-0.0004809218188382147,0.0059807812476016745,0.012959377929379288,1.076388930882182,0.0763889308821819,1.0,1.0,1.0,True
ELSA,30,intercept_only,0.5,100,100,1.0,8609,3443,12301,1193,4304.0,15269.0,1484.0,1376.0,0.7445058212275967,0.08032050416179191,-0.0004787906183265217,0.008828035824546592,0.009155816810508643,1.076388930882182,0.0763889308821819,1.0,1.0,1.0,True
ELSA,30,intercept_only,0.6,100,100,1.0,8609,3443,12301,1193,5165.0,18307.0,1782.0,1652.0,0.7445058212275967,0.08031867068139145,-0.0004806240987269908,0.006391251172923823,0.006391251172923823,1.076388930882182,0.0763889308821819,1.0,1.0,1.0,True
ELSA,30,none,0.0,1,1,1.0,8609,3443,12301,1193,0.0,0.0,0.0,0.0,0.7445058212275967,0.08079929478011844,0.0,0.21060265511957316,0.21060265511957316,1.076388930882182,0.0763889308821819,0.0,1.0,1.0,False
HRS,1,intercept_and_slope,0.05,100,100,1.0,20016,8006,33764,3171,1000.0,4167.5,412.5,376.5,0.7567908515955758,0.07773098208419815,-0.00033000300617520156,-0.03065989368650099,0.041525002128767426,1.063245031742147,0.06396964223180956,1.0,1.0,1.0,True
HRS,1,intercept_and_slope,0.1,100,100,1.0,20016,8006,33764,3171,2001.0,8372.5,815.5,746.5,0.7567908515955758,0.0777179568050967,-0.00034302828527665863,-0.021061540782542833,0.03128556280949365,1.0698749195155406,0.0698749195155407,1.0,1.0,1.0,True
HRS,1,intercept_and_slope,0.2,100,100,1.0,20016,8006,33764,3171,4003.0,16672.5,1636.5,1489.5,0.7567908515955758,0.0777085662605153,-0.0003524188298580644,-0.026287532643392966,0.027912829318749555,1.0675394908005869,0.06753949080058685,1.0,1.0,1.0,True
HRS,1,intercept_and_slope,0.3,100,100,1.0,20016,8006,33764,3171,6004.0,25095.0,2450.5,2233.0,0.7567908515955758,0.07770662813269372,-0.000354356957679651,-0.019100237623996597,0.019100237623996597,1.0746819005650952,0.07468190056509516,1.0,1.0,1.0,True
HRS,1,intercept_and_slope,0.4,100,100,1.0,20016,8006,33764,3171,8006.0,33489.0,3263.0,2973.5,0.7567908515955758,0.0777040963231464,-0.0003568887672269691,-0.016892871996806065,0.016892871996806065,1.0684383675429339,0.06843836754293375,1.0,1.0,1.0,True
HRS,1,intercept_and_slope,0.5,100,100,1.0,20016,8006,33764,3171,10008.0,41796.0,4075.0,3716.5,0.7567908515955758,0.07770254912616788,-0.0003584359642054835,-0.01903252940515772,0.01903252940515772,1.0679390503059483,0.06793905030594816,1.0,1.0,1.0,True
HRS,1,intercept_and_slope,0.6,100,100,1.0,20016,8006,33764,3171,12009.0,50174.0,4895.0,4462.0,0.7567908515955758,0.07770245278698681,-0.0003585323033865537,-0.019341452114423976,0.019341452114423976,1.0690517101246952,0.06905171012469524,1.0,1.0,1.0,True
HRS,1,intercept_only,0.05,100,100,1.0,20016,8006,33764,3171,1000.0,4167.5,412.5,376.5,0.7567908515955758,0.07776564070970213,-0.0002953443806712405,-0.03188928930917092,0.041785791804449815,1.1515534822442635,0.15155348224426346,1.0,1.0,0.99,True
HRS,1,intercept_only,0.1,100,100,1.0,20016,8006,33764,3171,2001.0,8372.5,815.5,746.5,0.7567908515955758,0.07776471747841185,-0.00029626761196150514,-0.02375486594581084,0.030658694774868468,1.1515534822442635,0.15155348224426346,1.0,1.0,1.0,True
HRS,1,intercept_only,0.2,100,100,1.0,20016,8006,33764,3171,4003.0,16672.5,1636.5,1489.5,0.7567908515955758,0.07776133412920083,-0.00029965096117252205,-0.028002522852359994,0.028827218710424252,1.1515534822442635,0.15155348224426346,1.0,1.0,1.0,True
HRS,1,intercept_only,0.3,100,100,1.0,20016,8006,33764,3171,6004.0,25095.0,2450.5,2233.0,0.7567908515955758,0.07776603451792957,-0.00029495057244378203,-0.020726765698100884,0.020726765698100884,1.1515534822442635,0.15155348224426346,1.0,1.0,1.0,True
HRS,1,intercept_only,0.4,100,100,1.0,20016,8006,33764,3171,8006.0,33489.0,3263.0,2973.5,0.7567908515955758,0.07776771276235875,-0.0002932723280146196,-0.018435767824611236,0.018435767824611236,1.1515534822442635,0.15155348224426346,1.0,1.0,1.0,True
HRS,1,intercept_only,0.5,100,100,1.0,20016,8006,33764,3171,10008.0,41796.0,4075.0,3716.5,0.7567908515955758,0.07776628911093013,-0.00029469597944323245,-0.02036865369385985,0.02036865369385985,1.1515534822442635,0.15155348224426346,1.0,1.0,1.0,True
HRS,1,intercept_only,0.6,100,100,1.0,20016,8006,33764,3171,12009.0,50174.0,4895.0,4462.0,0.7567908515955758,0.07776590885730884,-0.00029507623306451736,-0.020901052300560084,0.020901052300560084,1.1515534822442635,0.15155348224426346,1.0,1.0,1.0,True
HRS,1,none,0.0,1,1,1.0,20016,8006,33764,3171,0.0,0.0,0.0,0.0,0.7567908515955758,0.07806098509037336,0.0,-0.22793597357217402,0.22793597357217402,1.1515534822442635,0.15155348224426346,0.0,1.0,1.0,False
HRS,2,intercept_and_slope,0.05,100,100,1.0,20016,8006,33353,3209,1000.0,4220.0,407.0,368.0,0.7497160818266566,0.07981386175149971,-0.00031442980430847894,-0.008059797391987863,0.04270813987324874,1.017307290056725,0.050292739790011254,1.0,1.0,0.96,True
HRS,2,intercept_and_slope,0.1,100,100,1.0,20016,8006,33353,3209,2001.0,8423.0,810.0,735.0,0.7497160818266566,0.07978275479363411,-0.0003455367621740882,-0.010649928697162418,0.027472770605207242,1.0101789992302412,0.02949863482148407,1.0,1.0,1.0,True
HRS,2,intercept_and_slope,0.2,100,100,1.0,20016,8006,33353,3209,4003.0,16884.5,1620.0,1470.0,0.7497160818266566,0.0797783818725252,-0.00034990968328298816,-0.010754386435864526,0.017598270699859878,1.0018754466149211,0.014109828793493984,1.0,1.0,1.0,True
HRS,2,intercept_and_slope,0.3,100,100,1.0,20016,8006,33353,3209,6004.0,25273.5,2427.0,2203.5,0.7497160818266566,0.07977329333968712,-0.00035499821612107463,-0.007972787503074329,0.011491915627704845,1.0107800485324239,0.014961757322473512,1.0,1.0,1.0,True
HRS,2,intercept_and_slope,0.4,100,100,1.0,20016,8006,33353,3209,8006.0,33698.0,3232.5,2933.0,0.7497160818266566,0.0797710295192814,-0.00035726203652679256,-0.0073468366926003875,0.008644264863203042,1.0126693821917718,0.015156706281564403,1.0,1.0,1.0,True
HRS,2,intercept_and_slope,0.5,100,100,1.0,20016,8006,33353,3209,10008.0,42163.0,4052.0,3675.0,0.7497160818266566,0.07977196816992477,-0.0003563233858834211,-0.01069785279620735,0.01069785279620735,1.009810532577493,0.009907051981704162,1.0,1.0,1.0,True
HRS,2,intercept_and_slope,0.6,100,100,1.0,20016,8006,33353,3209,12009.0,50585.0,4857.0,4410.0,0.7497160818266566,0.079771174953781,-0.00035711660202719653,-0.009049353955288865,0.009049353955288865,1.0098659783369817,0.009865978336981662,1.0,1.0,1.0,True
HRS,2,intercept_only,0.05,100,100,1.0,20016,8006,33353,3209,1000.0,4220.0,407.0,368.0,0.7497160818266566,0.07980935413282733,-0.0003189374229808639,-0.004152923986184538,0.042905976599681164,1.1129359973717705,0.11293599737177051,1.0,1.0,1.0,True
HRS,2,intercept_only,0.1,100,100,1.0,20016,8006,33353,3209,2001.0,8423.0,810.0,735.0,0.7497160818266566,0.07979866992931206,-0.00032962162649614185,-0.009049417495149165,0.026827523000079352,1.1129359973717705,0.11293599737177051,1.0,1.0,1.0,True
HRS,2,intercept_only,0.2,100,100,1.0,20016,8006,33353,3209,4003.0,16884.5,1620.0,1470.0,0.7497160818266566,0.07979758153172888,-0.0003307100240793198,-0.009383790761328645,0.016766570107136773,1.1129359973717705,0.11293599737177051,1.0,1.0,1.0,True
HRS,2,intercept_only,0.3,100,100,1.0,20016,8006,33353,3209,6004.0,25273.5,2427.0,2203.5,0.7497160818266566,0.07979923071309293,-0.0003290608427152647,-0.006937084945690572,0.010754645317958446,1.1129359973717705,0.11293599737177051,1.0,1.0,1.0,True
HRS,2,intercept_only,0.4,100,100,1.0,20016,8006,33353,3209,8006.0,33698.0,3232.5,2933.0,0.7497160818266566,0.07979988376579417,-0.00032840779001402226,-0.005995733945882763,0.008618778246585588,1.1129359973717705,0.11293599737177051,1.0,1.0,1.0,True
HRS,2,intercept_only,0.5,100,100,1.0,20016,8006,33353,3209,10008.0,42163.0,4052.0,3675.0,0.7497160818266566,0.07979756346749242,-0.0003307280883157737,-0.009411596164542074,0.009465319120708726,1.1129359973717705,0.11293599737177051,1.0,1.0,1.0,True
HRS,2,intercept_only,0.6,100,100,1.0,20016,8006,33353,3209,12009.0,50585.0,4857.0,4410.0,0.7497160818266566,0.07979859525472201,-0.0003296963010861881,-0.007853234251892131,0.007853234251892131,1.1129359973717705,0.11293599737177051,1.0,1.0,1.0,True
HRS,2,none,0.0,1,1,1.0,20016,8006,33353,3209,0.0,0.0,0.0,0.0,0.7497160818266566,0.0801282915558082,0.0,-0.2200458969255974,0.2200458969255974,1.1129359973717705,0.11293599737177051,0.0,1.0,1.0,False
HRS,3,intercept_and_slope,0.05,100,100,1.0,20016,8006,33252,3246,1000.0,4217.0,403.0,365.5,0.7468526268046863,0.08086311351944361,-0.0002448122344274606,0.028222157067850036,0.047613936159222714,0.9759219541350468,0.035848502191556664,1.0,1.0,0.99,True
HRS,3,intercept_and_slope,0.1,100,100,1.0,20016,8006,33252,3246,2001.0,8428.0,805.5,733.0,0.7468526268046863,0.08085106576295792,-0.00025685999091315526,0.017469228184370793,0.03016207092892463,0.977982478526215,0.03465133270360066,1.0,1.0,1.0,True
HRS,3,intercept_and_slope,0.2,100,100,1.0,20016,8006,33252,3246,4003.0,16898.5,1610.5,1467.5,0.7468526268046863,0.08083318917671803,-0.0002747365771530383,0.027207024461510916,0.027677030145116892,0.980682275966089,0.024870027352538737,1.0,1.0,1.0,True
HRS,3,intercept_and_slope,0.3,100,100,1.0,20016,8006,33252,3246,6004.0,25365.0,2410.5,2197.5,0.7468526268046863,0.08082669640349865,-0.0002812293503724195,0.026623138773811596,0.026623138773811596,0.9807596654881557,0.019812425726278282,1.0,1.0,1.0,True
HRS,3,intercept_and_slope,0.4,100,100,1.0,20016,8006,33252,3246,8006.0,33785.5,3211.0,2925.0,0.7468526268046863,0.08082606754446564,-0.00028185820940542644,0.027602223330694085,0.027602223330694085,0.9840304675989453,0.015969532401054698,1.0,1.0,1.0,True
HRS,3,intercept_and_slope,0.5,100,100,1.0,20016,8006,33252,3246,10008.0,42258.0,4015.5,3657.0,0.7468526268046863,0.08082421048839729,-0.00028371526547378567,0.0273902758954213,0.0273902758954213,0.9844321076979161,0.015567892302083941,1.0,1.0,1.0,True
HRS,3,intercept_and_slope,0.6,100,100,1.0,20016,8006,33252,3246,12009.0,50685.0,4820.0,4390.0,0.7468526268046863,0.08082359451985693,-0.00028433123401413324,0.027008860518876222,0.027008860518876222,0.983537873423904,0.01646212657609608,1.0,1.0,1.0,True
HRS,3,intercept_only,0.05,100,100,1.0,20016,8006,33252,3246,1000.0,4217.0,403.0,365.5,0.7468526268046863,0.08089575422398969,-0.00021217152988138588,0.027264342280200065,0.04457147784955828,1.0953442629648031,0.09534426296480314,1.0,1.0,0.98,True
HRS,3,intercept_only,0.1,100,100,1.0,20016,8006,33252,3246,2001.0,8428.0,805.5,733.0,0.7468526268046863,0.08087320397002679,-0.00023472178384429526,0.01927476219495876,0.028513763807132872,1.0953442629648031,0.09534426296480314,1.0,1.0,1.0,True
HRS,3,intercept_only,0.2,100,100,1.0,20016,8006,33252,3246,4003.0,16898.5,1610.5,1467.5,0.7468526268046863,0.08088190407879754,-0.00022602167507353166,0.02632586786620733,0.02632586786620733,1.0953442629648031,0.09534426296480314,1.0,1.0,1.0,True
HRS,3,intercept_only,0.3,100,100,1.0,20016,8006,33252,3246,6004.0,25365.0,2410.5,2197.5,0.7468526268046863,0.08088222806758662,-0.00022569768628445674,0.026576400708979236,0.026576400708979236,1.0953442629648031,0.09534426296480314,1.0,1.0,1.0,True
HRS,3,intercept_only,0.4,100,100,1.0,20016,8006,33252,3246,8006.0,33785.5,3211.0,2925.0,0.7468526268046863,0.08088353548670578,-0.00022439026716529475,0.027574116241330257,0.027574116241330257,1.0953442629648031,0.09534426296480314,1.0,1.0,1.0,True
HRS,3,intercept_only,0.5,100,100,1.0,20016,8006,33252,3246,10008.0,42258.0,4015.5,3657.0,0.7468526268046863,0.0808829734319152,-0.00022495232195587217,0.02714678196480741,0.02714678196480741,1.0953442629648031,0.09534426296480314,1.0,1.0,1.0,True
HRS,3,intercept_only,0.6,100,100,1.0,20016,8006,33252,3246,12009.0,50685.0,4820.0,4390.0,0.7468526268046863,0.08088261127743196,-0.00022531447643912156,0.026870390629051735,0.026870390629051735,1.0953442629648031,0.09534426296480314,1.0,1.0,1.0,True
HRS,3,none,0.0,1,1,1.0,20016,8006,33252,3246,0.0,0.0,0.0,0.0,0.7468526268046863,0.08110792575387107,0.0,-0.19918145995797204,0.19918145995797204,1.0953442629648031,0.09534426296480314,1.0,1.0,1.0,False
HRS,4,intercept_and_slope,0.05,100,100,1.0,20016,8006,33479,3196,1000.0,4197.5,408.0,371.5,0.746873165640586,0.079546343792255,-0.0003526034805297132,-0.03022412255039044,0.0403251836035039,0.972088308765565,0.04088950555270443,1.0,1.0,0.99,True
HRS,4,intercept_and_slope,0.1,100,100,1.0,20016,8006,33479,3196,2001.0,8411.5,815.0,745.0,0.746873165640586,0.07953518043574906,-0.00036376683703564366,-0.028272915636393166,0.035544049029195224,0.9756350229906279,0.029974396584548313,1.0,1.0,1.0,True
HRS,4,intercept_and_slope,0.2,100,100,1.0,20016,8006,33479,3196,4003.0,16843.0,1630.5,1488.5,0.746873165640586,0.07952318593868439,-0.0003757613341003191,-0.026639247992068495,0.026639247992068495,0.9788386090729794,0.02517749184777368,1.0,1.0,1.0,True
HRS,4,intercept_and_slope,0.3,100,100,1.0,20016,8006,33479,3196,6004.0,25208.0,2427.5,2220.0,0.746873165640586,0.07952243301779602,-0.0003765142549886913,-0.024901152089846154,0.024901152089846154,0.9787942328155799,0.021205767184420077,1.0,1.0,1.0,True
HRS,4,intercept_and_slope,0.4,100,100,1.0,20016,8006,33479,3196,8006.0,33637.0,3241.5,2963.0,0.746873165640586,0.07951993169579641,-0.00037901557698830773,-0.023751613062191573,0.023751613062191573,0.9806951843754595,0.01930481562454045,1.0,1.0,1.0,True
HRS,4,intercept_and_slope,0.5,100,100,1.0,20016,8006,33479,3196,10008.0,42052.0,4060.0,3715.5,0.746873165640586,0.07952259700147371,-0.00037635027131099896,-0.028441493813851172,0.028441493813851172,0.9795078891220113,0.020492110877988745,1.0,1.0,1.0,True
HRS,4,intercept_and_slope,0.6,100,100,1.0,20016,8006,33479,3196,12009.0,50459.0,4870.0,4454.0,0.746873165640586,0.07952100899801065,-0.00037793827477405895,-0.027262882502307358,0.027262882502307358,0.9795816635323955,0.020418336467604437,1.0,1.0,1.0,True
HRS,4,intercept_only,0.05,100,100,1.0,20016,8006,33479,3196,1000.0,4197.5,408.0,371.5,0.746873165640586,0.079509908296364,-0.0003890389764207025,-0.02917226012410147,0.043512075875784886,1.092762851836485,0.09276285183648492,1.0,1.0,1.0,True
HRS,4,intercept_only,0.1,100,100,1.0,20016,8006,33479,3196,2001.0,8411.5,815.0,745.0,0.746873165640586,0.07950501355724263,-0.000393933715542083,-0.027629577488016744,0.032030418989497746,1.092762851836485,0.09276285183648492,1.0,1.0,1.0,True
HRS,4,intercept_only,0.2,100,100,1.0,20016,8006,33479,3196,4003.0,16843.0,1630.5,1488.5,0.746873165640586,0.07950367627496205,-0.000395270997822654,-0.025613596074795658,0.025613596074795658,1.092762851836485,0.09276285183648492,1.0,1.0,1.0,True
HRS,4,intercept_only,0.3,100,100,1.0,20016,8006,33479,3196,6004.0,25208.0,2427.5,2220.0,0.746873165640586,0.07950253789689118,-0.00039640937589351805,-0.02322041858439197,0.02322041858439197,1.092762851836485,0.09276285183648492,1.0,1.0,1.0,True
HRS,4,intercept_only,0.4,100,100,1.0,20016,8006,33479,3196,8006.0,33637.0,3241.5,2963.0,0.746873165640586,0.07950277833378255,-0.00039616893900216305,-0.021914330537127005,0.021914330537127005,1.092762851836485,0.09276285183648492,1.0,1.0,1.0,True
HRS,4,intercept_only,0.5,100,100,1.0,20016,8006,33479,3196,10008.0,42052.0,4060.0,3715.5,0.746873165640586,0.07950149719447258,-0.00039745007831213514,-0.02653929781999352,0.02653929781999352,1.092762851836485,0.09276285183648492,1.0,1.0,1.0,True
HRS,4,intercept_only,0.6,100,100,1.0,20016,8006,33479,3196,12009.0,50459.0,4870.0,4454.0,0.746873165640586,0.0795017240455375,-0.00039722322724720927,-0.025603126633398136,0.025603126633398136,1.092762851836485,0.09276285183648492,1.0,1.0,1.0,True
HRS,4,none,0.0,1,1,1.0,20016,8006,33479,3196,0.0,0.0,0.0,0.0,0.746873165640586,0.07989894727278471,0.0,-0.23071776079988568,0.23071776079988568,1.092762851836485,0.09276285183648492,0.0,1.0,1.0,False
HRS,5,intercept_and_slope,0.05,100,100,1.0,20016,8006,33824,3257,1000.0,4159.0,398.5,364.0,0.7449649932718253,0.08029886928095087,-0.0003401180723161326,-0.021950933280046568,0.04051509489075603,0.9764222724908711,0.04565208000190063,1.0,1.0,0.97,True
HRS,5,intercept_and_slope,0.1,100,100,1.0,20016,8006,33824,3257,2001.0,8345.5,806.0,733.0,0.7449649932718253,0.08031047058772404,-0.0003285167655429494,-0.03153779282465416,0.03576901958386896,0.9636469026186822,0.040800448293533964,1.0,1.0,0.99,True
HRS,5,intercept_and_slope,0.2,100,100,1.0,20016,8006,33824,3257,4003.0,16688.0,1604.0,1467.0,0.7449649932718253,0.0802858318877425,-0.00035315546552448784,-0.024156333273315157,0.026014229547317323,0.962951440831127,0.03747143904394845,1.0,1.0,1.0,True
HRS,5,intercept_and_slope,0.3,100,100,1.0,20016,8006,33824,3257,6004.0,25038.5,2404.5,2192.0,0.7449649932718253,0.08028701351985552,-0.00035197383341147026,-0.01987872430990437,0.022574416784605034,0.9671433557155363,0.032856644284463665,1.0,1.0,1.0,True
HRS,5,intercept_and_slope,0.4,100,100,1.0,20016,8006,33824,3257,8006.0,33405.0,3205.0,2924.5,0.7449649932718253,0.08028574933844224,-0.0003532380148247652,-0.0231609428039584,0.0231609428039584,0.9660255449340835,0.033974455065916453,1.0,1.0,1.0,True
HRS,5,intercept_and_slope,0.5,100,100,1.0,20016,8006,33824,3257,10008.0,41783.5,4007.0,3658.0,0.7449649932718253,0.08028194121755214,-0.0003570461357148627,-0.021518009927868204,0.021518009927868204,0.9664062729600361,0.03359372703996388,1.0,1.0,1.0,True
HRS,5,intercept_and_slope,0.6,100,100,1.0,20016,8006,33824,3257,12009.0,50113.5,4809.0,4388.0,0.7449649932718253,0.08028390134557561,-0.00035508600769137977,-0.021078751841179418,0.021078751841179418,0.9667787938270658,0.03322120617293417,1.0,1.0,1.0,True
HRS,5,intercept_only,0.05,100,100,1.0,20016,8006,33824,3257,1000.0,4159.0,398.5,364.0,0.7449649932718253,0.08024065766638788,-0.0003983296868791189,-0.020335463470848806,0.03911335742271265,1.0845385751314336,0.08453857513143359,1.0,1.0,1.0,True
HRS,5,intercept_only,0.1,100,100,1.0,20016,8006,33824,3257,2001.0,8345.5,806.0,733.0,0.7449649932718253,0.0802360562677724,-0.0004029310854945928,-0.027558724220065008,0.03370270731108191,1.0845385751314336,0.08453857513143359,1.0,1.0,1.0,True
HRS,5,intercept_only,0.2,100,100,1.0,20016,8006,33824,3257,4003.0,16688.0,1604.0,1467.0,0.7449649932718253,0.08023327929232987,-0.000405708060937128,-0.020267291168021624,0.024180281487848815,1.0845385751314336,0.08453857513143359,1.0,1.0,1.0,True
HRS,5,intercept_only,0.3,100,100,1.0,20016,8006,33824,3257,6004.0,25038.5,2404.5,2192.0,0.7449649932718253,0.08023232520721796,-0.0004066621460490291,-0.017970353484426195,0.020590152614817513,1.0845385751314336,0.08453857513143359,1.0,1.0,1.0,True
HRS,5,intercept_only,0.4,100,100,1.0,20016,8006,33824,3257,8006.0,33405.0,3205.0,2924.5,0.7449649932718253,0.08023158220868011,-0.0004074051445868837,-0.01906750305911502,0.01906750305911502,1.0845385751314336,0.08453857513143359,1.0,1.0,1.0,True
HRS,5,intercept_only,0.5,100,100,1.0,20016,8006,33824,3257,10008.0,41783.5,4007.0,3658.0,0.7449649932718253,0.08023167312436172,-0.0004073142289052756,-0.018358028410628162,0.018358028410628162,1.0845385751314336,0.08453857513143359,1.0,1.0,1.0,True
HRS,5,intercept_only,0.6,100,100,1.0,20016,8006,33824,3257,12009.0,50113.5,4809.0,4388.0,0.7449649932718253,0.08023177228652092,-0.0004072150667460625,-0.017980715252863474,0.017980715252863474,1.0845385751314336,0.08453857513143359,1.0,1.0,1.0,True
HRS,5,none,0.0,1,1,1.0,20016,8006,33824,3257,0.0,0.0,0.0,0.0,0.7449649932718253,0.080638987353267,0.0,-0.22602041866413167,0.22602041866413167,1.0845385751314336,0.08453857513143359,0.0,1.0,1.0,False
HRS,6,intercept_and_slope,0.05,100,100,1.0,20016,8006,33580,3242,1000.0,4187.0,399.5,366.0,0.7473463688911632,0.08020574999587575,-0.000310885966081198,-0.010129224881572516,0.03637661237389836,1.0084178045327237,0.04970771438388921,1.0,1.0,0.99,True
HRS,6,intercept_and_slope,0.1,100,100,1.0,20016,8006,33580,3242,2001.0,8377.5,806.0,734.5,0.7473463688911632,0.0801808913927281,-0.00033574456922884355,-0.005829609457537386,0.02240727648608227,1.0022896307880362,0.027128014310642656,1.0,1.0,1.0,True
HRS,6,intercept_and_slope,0.2,100,100,1.0,20016,8006,33580,3242,4003.0,16764.0,1606.5,1465.0,0.7473463688911632,0.08017740816479843,-0.0003392277971585103,-0.003297217242907654,0.015521536007890514,1.0006454874536315,0.019370277685249238,1.0,1.0,1.0,True
HRS,6,intercept_and_slope,0.3,100,100,1.0,20016,8006,33580,3242,6004.0,25219.0,2405.0,2192.5,0.7473463688911632,0.0801748092784813,-0.0003418266834756545,-0.0011137019866313347,0.01083689707346049,0.9945714186065181,0.012238310134390917,1.0,1.0,1.0,True
HRS,6,intercept_and_slope,0.4,100,100,1.0,20016,8006,33580,3242,8006.0,33573.0,3217.0,2933.0,0.7473463688911632,0.08017308724399516,-0.0003435487179617794,-0.004776858617847924,0.007807371433149038,0.9944243195409734,0.009139088012908636,1.0,1.0,1.0,True
HRS,6,intercept_and_slope,0.5,100,100,1.0,20016,8006,33580,3242,10008.0,41951.0,4019.0,3664.0,0.7473463688911632,0.08017208152970576,-0.00034455443225118315,-0.004663556728429782,0.0065070869300432755,0.9965509141003092,0.006932732189189161,1.0,1.0,1.0,True
HRS,6,intercept_and_slope,0.6,100,100,1.0,20016,8006,33580,3242,12009.0,50357.5,4824.0,4398.0,0.7473463688911632,0.08017096842142735,-0.0003456675405295942,-0.0041725954942560175,0.0041725954942560175,0.9976393421798307,0.002360657820169254,1.0,1.0,1.0,True
HRS,6,intercept_only,0.05,100,100,1.0,20016,8006,33580,3242,1000.0,4187.0,399.5,366.0,0.7473463688911632,0.08019542068158224,-0.00032121528037470926,-0.011258796881456666,0.03543827942739036,1.1047931991489384,0.10479319914893837,1.0,1.0,0.98,True
HRS,6,intercept_only,0.1,100,100,1.0,20016,8006,33580,3242,2001.0,8377.5,806.0,734.5,0.7473463688911632,0.08019273903570248,-0.0003238969262544661,-0.0046647934383285085,0.021086496659393744,1.1047931991489384,0.10479319914893837,1.0,1.0,1.0,True
HRS,6,intercept_only,0.2,100,100,1.0,20016,8006,33580,3242,4003.0,16764.0,1606.5,1465.0,0.7473463688911632,0.08019280846434051,-0.00032382749761643986,-0.003266466783895467,0.014833647720480313,1.1047931991489384,0.10479319914893837,1.0,1.0,1.0,True
HRS,6,intercept_only,0.3,100,100,1.0,20016,8006,33580,3242,6004.0,25219.0,2405.0,2192.5,0.7473463688911632,0.08019501017651075,-0.00032162578544620013,-0.00034944045429778734,0.010566882784991882,1.1047931991489384,0.10479319914893837,1.0,1.0,1.0,True
HRS,6,intercept_only,0.4,100,100,1.0,20016,8006,33580,3242,8006.0,33573.0,3217.0,2933.0,0.7473463688911632,0.08019222626768807,-0.00032440969426888316,-0.0040715868165040955,0.007543106486591298,1.1047931991489384,0.10479319914893837,1.0,1.0,1.0,True
HRS,6,intercept_only,0.5,100,100,1.0,20016,8006,33580,3242,10008.0,41951.0,4019.0,3664.0,0.7473463688911632,0.08019243292236389,-0.00032420303959305313,-0.003783437774162243,0.005936805955925825,1.1047931991489384,0.10479319914893837,1.0,1.0,1.0,True
HRS,6,intercept_only,0.6,100,100,1.0,20016,8006,33580,3242,12009.0,50357.5,4824.0,4398.0,0.7473463688911632,0.08019275699865952,-0.00032387896329743454,-0.003334921139117139,0.003334921139117139,1.1047931991489384,0.10479319914893837,1.0,1.0,1.0,True
HRS,6,none,0.0,1,1,1.0,20016,8006,33580,3242,0.0,0.0,0.0,0.0,0.7473463688911632,0.08051663596195695,0.0,-0.2173141744503189,0.2173141744503189,1.1047931991489384,0.10479319914893837,0.0,1.0,1.0,False
HRS,7,intercept_and_slope,0.05,100,100,1.0,20016,8006,33572,3256,1000.0,4202.0,401.0,368.0,0.7461589986782954,0.08028871085803135,-0.00026433373407773464,0.01749479530068961,0.044942406853145656,0.9814402454998377,0.05521064869924003,1.0,1.0,0.95,True
HRS,7,intercept_and_slope,0.1,100,100,1.0,20016,8006,33572,3256,2001.0,8386.0,802.0,732.5,0.7461589986782954,0.08026147590861085,-0.00029156868349823617,0.02096877767222137,0.02835188242825535,0.9740084879258912,0.038877140871461546,1.0,1.0,1.0,True
HRS,7,intercept_and_slope,0.2,100,100,1.0,20016,8006,33572,3256,4003.0,16784.0,1603.0,1470.0,0.7461589986782954,0.080252713807767,-0.00030033078434209964,0.020914519824105342,0.02448792188595849,0.9791914393538274,0.023987983375630184,1.0,1.0,1.0,True
HRS,7,intercept_and_slope,0.3,100,100,1.0,20016,8006,33572,3256,6004.0,25144.5,2402.5,2201.0,0.7461589986782954,0.08024847125604168,-0.00030457333606741244,0.022415086727587706,0.022595138208007605,0.9762698459004451,0.024267283556782926,1.0,1.0,1.0,True
HRS,7,intercept_and_slope,0.4,100,100,1.0,20016,8006,33572,3256,8006.0,33571.0,3203.0,2934.0,0.7461589986782954,0.08024513553491935,-0.00030790905718973416,0.02087448558404883,0.02087448558404883,0.9772567113797711,0.022743288620228896,1.0,1.0,1.0,True
HRS,7,intercept_and_slope,0.5,100,100,1.0,20016,8006,33572,3256,10008.0,41965.0,4002.5,3668.5,0.7461589986782954,0.08024539251791651,-0.0003076520741925673,0.023157369578911492,0.023157369578911492,0.9758176836006731,0.024182316399326942,1.0,1.0,1.0,True
HRS,7,intercept_and_slope,0.6,100,100,1.0,20016,8006,33572,3256,12009.0,50366.0,4810.0,4406.0,0.7461589986782954,0.08024430695696666,-0.0003087376351424351,0.021921426206868717,0.021921426206868717,0.9774607372762845,0.022539262723715592,1.0,1.0,1.0,True
HRS,7,intercept_only,0.05,100,100,1.0,20016,8006,33572,3256,1000.0,4202.0,401.0,368.0,0.7461589986782954,0.08030584115659949,-0.000247203435509602,0.016989355373298893,0.04406994023863563,1.0914618044193565,0.09146180441935647,1.0,1.0,0.99,True
HRS,7,intercept_only,0.1,100,100,1.0,20016,8006,33572,3256,2001.0,8386.0,802.0,732.5,0.7461589986782954,0.08030646191905016,-0.0002465826730589163,0.021355969917470775,0.028541748502946385,1.0914618044193565,0.09146180441935647,1.0,1.0,1.0,True
HRS,7,intercept_only,0.2,100,100,1.0,20016,8006,33572,3256,4003.0,16784.0,1603.0,1470.0,0.7461589986782954,0.08030684933222668,-0.0002461952598824049,0.021681660456546813,0.023709895884593164,1.0914618044193565,0.09146180441935647,1.0,1.0,1.0,True
HRS,7,intercept_only,0.3,100,100,1.0,20016,8006,33572,3256,6004.0,25144.5,2402.5,2201.0,0.7461589986782954,0.08030757845249924,-0.0002454661396098512,0.02229422857917429,0.022607340409842212,1.0914618044193565,0.09146180441935647,1.0,1.0,1.0,True
HRS,7,intercept_only,0.4,100,100,1.0,20016,8006,33572,3256,8006.0,33571.0,3203.0,2934.0,0.7461589986782954,0.08030626525130524,-0.000246779340803846,0.02118836412612407,0.02118836412612407,1.0914618044193565,0.09146180441935647,1.0,1.0,1.0,True
HRS,7,intercept_only,0.5,100,100,1.0,20016,8006,33572,3256,10008.0,41965.0,4002.5,3668.5,0.7461589986782954,0.0803085379447176,-0.0002445066473914931,0.023090636885705472,0.023090636885705472,1.0914618044193565,0.09146180441935647,1.0,1.0,1.0,True
HRS,7,intercept_only,0.6,100,100,1.0,20016,8006,33572,3256,12009.0,50366.0,4810.0,4406.0,0.7461589986782954,0.08030702385613375,-0.00024602073597532886,0.021830232586566765,0.021830232586566765,1.0914618044193565,0.09146180441935647,1.0,1.0,1.0,True
HRS,7,none,0.0,1,1,1.0,20016,8006,33572,3256,0.0,0.0,0.0,0.0,0.7461589986782954,0.08055304459210909,0.0,-0.20224065034392255,0.20224065034392255,1.0914618044193565,0.09146180441935647,0.0,1.0,1.0,False
HRS,8,intercept_and_slope,0.05,100,100,1.0,20016,8006,33679,3144,1000.0,4166.0,410.0,372.0,0.7508342062314509,0.07763396725581628,-0.0004278218386004132,-0.07056980240130213,0.07056980240130213,0.9975240077503948,0.035570636057375093,0.98,1.0,0.99,True
HRS,8,intercept_and_slope,0.1,100,100,1.0,20016,8006,33679,3144,2001.0,8379.0,824.5,748.0,0.7508342062314509,0.07762265945407013,-0.0004391296403465708,-0.07002804229968529,0.07002804229968529,1.0065140130476409,0.03087677210814499,1.0,1.0,1.0,True
HRS,8,intercept_and_slope,0.2,100,100,1.0,20016,8006,33679,3144,4003.0,16756.0,1639.0,1497.0,0.7508342062314509,0.07761121885280933,-0.0004505702416073634,-0.06538483588489885,0.06538483588489885,1.0023269496576575,0.018064037204129524,1.0,1.0,1.0,True
HRS,8,intercept_and_slope,0.3,100,100,1.0,20016,8006,33679,3144,6004.0,25141.5,2463.0,2240.5,0.7508342062314509,0.07760760244067072,-0.0004541866537459763,-0.06277491455419706,0.06277491455419706,1.0040316666573257,0.012320311602534717,1.0,1.0,1.0,True
HRS,8,intercept_and_slope,0.4,100,100,1.0,20016,8006,33679,3144,8006.0,33511.5,3281.5,2993.0,0.7508342062314509,0.07760912858296004,-0.0004526605114566623,-0.06338191589291667,0.06338191589291667,1.0050337861779979,0.010277729411551806,1.0,1.0,1.0,True
HRS,8,intercept_and_slope,0.5,100,100,1.0,20016,8006,33679,3144,10008.0,41868.5,4097.5,3736.0,0.7508342062314509,0.07760596091357444,-0.0004558281808422632,-0.0625583856360045,0.0625583856360045,1.0057985300799865,0.007476525932223199,1.0,1.0,1.0,True
HRS,8,intercept_and_slope,0.6,100,100,1.0,20016,8006,33679,3144,12009.0,50258.0,4922.0,4486.0,0.7508342062314509,0.07760727465066608,-0.0004545144437506157,-0.06472444907255676,0.06472444907255676,1.0056327865331385,0.00563278653313859,1.0,1.0,1.0,True
HRS,8,intercept_only,0.05,100,100,1.0,20016,8006,33679,3144,1000.0,4166.0,410.0,372.0,0.7508342062314509,0.07762025935588188,-0.00044152973853481964,-0.06879770609590498,0.06879770609590498,1.110392444941741,0.11039244494174105,0.98,1.0,1.0,True
HRS,8,intercept_only,0.1,100,100,1.0,20016,8006,33679,3144,2001.0,8379.0,824.5,748.0,0.7508342062314509,0.07761502859520007,-0.00044676049921663075,-0.06589831115460748,0.06589831115460748,1.110392444941741,0.11039244494174105,1.0,1.0,1.0,True
HRS,8,intercept_only,0.2,100,100,1.0,20016,8006,33679,3144,4003.0,16756.0,1639.0,1497.0,0.7508342062314509,0.07760992949773715,-0.00045185959667955883,-0.06371075660979367,0.06371075660979367,1.110392444941741,0.11039244494174105,1.0,1.0,1.0,True
HRS,8,intercept_only,0.3,100,100,1.0,20016,8006,33679,3144,6004.0,25141.5,2463.0,2240.5,0.7508342062314509,0.07760876484752191,-0.00045302424689478565,-0.060332936492093564,0.060332936492093564,1.110392444941741,0.11039244494174105,1.0,1.0,1.0,True
HRS,8,intercept_only,0.4,100,100,1.0,20016,8006,33679,3144,8006.0,33511.5,3281.5,2993.0,0.7508342062314509,0.0776084653893663,-0.00045332370505039854,-0.06163279685218137,0.06163279685218137,1.110392444941741,0.11039244494174105,1.0,1.0,1.0,True
HRS,8,intercept_only,0.5,100,100,1.0,20016,8006,33679,3144,10008.0,41868.5,4097.5,3736.0,0.7508342062314509,0.0776083561813048,-0.0004534329131119161,-0.06122426861417705,0.06122426861417705,1.110392444941741,0.11039244494174105,1.0,1.0,1.0,True
HRS,8,intercept_only,0.6,100,100,1.0,20016,8006,33679,3144,12009.0,50258.0,4922.0,4486.0,0.7508342062314509,0.07760884787160072,-0.0004529412228159932,-0.06297649330541055,0.06297649330541055,1.110392444941741,0.11039244494174105,1.0,1.0,1.0,True
HRS,8,none,0.0,1,1,1.0,20016,8006,33679,3144,0.0,0.0,0.0,0.0,0.7508342062314509,0.0780617890944167,0.0,-0.25331996860989897,0.25331996860989897,1.110392444941741,0.11039244494174105,0.0,1.0,1.0,False
HRS,9,intercept_and_slope,0.05,100,100,1.0,20016,8006,33240,3254,1000.0,4221.0,397.5,362.0,0.744965515765583,0.0811961527227881,-0.00025589231262665435,0.020222066844147943,0.035777500778441024,0.9784913738662597,0.05199612799331588,0.99,1.0,0.95,True
HRS,9,intercept_and_slope,0.1,100,100,1.0,20016,8006,33240,3254,2001.0,8448.5,800.5,731.0,0.744965515765583,0.08118095801253858,-0.00027108702287617636,0.02690507112337901,0.029033694708045853,0.9715010323637938,0.034465364254385844,1.0,1.0,1.0,True
HRS,9,intercept_and_slope,0.2,100,100,1.0,20016,8006,33240,3254,4003.0,16886.5,1593.5,1456.0,0.744965515765583,0.08117479347049811,-0.0002772515649166474,0.027588815749250185,0.029062321299293432,0.9676458361081348,0.03306571994499807,1.0,1.0,1.0,True
HRS,9,intercept_and_slope,0.3,100,100,1.0,20016,8006,33240,3254,6004.0,25341.5,2412.5,2196.0,0.744965515765583,0.08115855702426357,-0.0002934880111511856,0.017636291037712963,0.018294367453557125,0.9756006814620561,0.02472423340797386,1.0,1.0,1.0,True
HRS,9,intercept_and_slope,0.4,100,100,1.0,20016,8006,33240,3254,8006.0,33809.0,3211.5,2926.5,0.744965515765583,0.08116380690572898,-0.0002882381296857722,0.022185319519182515,0.022185319519182515,0.9722958808868711,0.02770411911312881,1.0,1.0,1.0,True
HRS,9,intercept_and_slope,0.5,100,100,1.0,20016,8006,33240,3254,10008.0,42259.5,4012.0,3658.5,0.744965515765583,0.08115988723123238,-0.00029215780418238163,0.024051496571810507,0.024051496571810507,0.9733257782225451,0.02667422177745493,1.0,1.0,1.0,True
HRS,9,intercept_and_slope,0.6,100,100,1.0,20016,8006,33240,3254,12009.0,50698.0,4812.0,4389.0,0.744965515765583,0.08115857464770297,-0.00029347038771178335,0.02237213311500854,0.02237213311500854,0.9744614099879545,0.025538590012045448,1.0,1.0,1.0,True
HRS,9,intercept_only,0.05,100,100,1.0,20016,8006,33240,3254,1000.0,4221.0,397.5,362.0,0.744965515765583,0.08118187525251086,-0.0002701697829039021,0.02162863968884688,0.03474753309878904,1.089310506962952,0.08931050696295206,0.99,1.0,0.98,True
HRS,9,intercept_only,0.1,100,100,1.0,20016,8006,33240,3254,2001.0,8448.5,800.5,731.0,0.744965515765583,0.08118882111788991,-0.00026322391752484076,0.027719980675297948,0.030319202421594374,1.089310506962952,0.08931050696295206,1.0,1.0,1.0,True
HRS,9,intercept_only,0.2,100,100,1.0,20016,8006,33240,3254,4003.0,16886.5,1593.5,1456.0,0.744965515765583,0.08119058999785152,-0.00026145503756323796,0.029179985138042028,0.029466475176333662,1.089310506962952,0.08931050696295206,1.0,1.0,1.0,True
HRS,9,intercept_only,0.3,100,100,1.0,20016,8006,33240,3254,6004.0,25341.5,2412.5,2196.0,0.744965515765583,0.0811795482490732,-0.0002724967863415584,0.019445302227287672,0.019445302227287672,1.089310506962952,0.08931050696295206,1.0,1.0,1.0,True
HRS,9,intercept_only,0.4,100,100,1.0,20016,8006,33240,3254,8006.0,33809.0,3211.5,2926.5,0.744965515765583,0.08118429641337213,-0.00026774862204262395,0.023819218570975374,0.023819218570975374,1.089310506962952,0.08931050696295206,1.0,1.0,1.0,True
HRS,9,intercept_only,0.5,100,100,1.0,20016,8006,33240,3254,10008.0,42259.5,4012.0,3658.5,0.744965515765583,0.08118641387124909,-0.0002656311641656625,0.025673820428661877,0.025673820428661877,1.089310506962952,0.08931050696295206,1.0,1.0,1.0,True
HRS,9,intercept_only,0.6,100,100,1.0,20016,8006,33240,3254,12009.0,50698.0,4812.0,4389.0,0.744965515765583,0.08118435288724901,-0.00026769214816575043,0.023869451972525192,0.023869451972525192,1.089310506962952,0.08931050696295206,1.0,1.0,1.0,True
HRS,9,none,0.0,1,1,1.0,20016,8006,33240,3254,0.0,0.0,0.0,0.0,0.744965515765583,0.08145204503541476,0.0,-0.2009977545209263,0.2009977545209263,1.089310506962952,0.08931050696295206,0.0,1.0,1.0,False
HRS,10,intercept_and_slope,0.05,100,100,1.0,20016,8006,33165,3239,1000.0,4224.5,397.0,364.5,0.7491235971854997,0.08078271020519531,-0.00017778396157023396,0.05749605197935116,0.06265078595019369,1.0232312487456594,0.04336326520280881,1.0,1.0,0.95,True
HRS,10,intercept_and_slope,0.1,100,100,1.0,20016,8006,33165,3239,2001.0,8463.5,801.0,730.5,0.7491235971854997,0.08075159205269854,-0.00020890211406700276,0.0500595310167795,0.0500595310167795,1.0212481732827379,0.0352423246231216,1.0,1.0,1.0,True
HRS,10,intercept_and_slope,0.2,100,100,1.0,20016,8006,33165,3239,4003.0,16948.5,1614.0,1473.0,0.7491235971854997,0.08073329372789148,-0.00022720043887405894,0.03983900788251182,0.03983900788251182,1.0219825754935377,0.028687238050174757,1.0,1.0,1.0,True
HRS,10,intercept_and_slope,0.3,100,100,1.0,20016,8006,33165,3239,6004.0,25380.5,2411.5,2203.5,0.7491235971854997,0.08073705652066623,-0.00022343764609930594,0.04422275478148581,0.04422275478148581,1.0224787496494963,0.02274239379636034,1.0,1.0,1.0,True
HRS,10,intercept_and_slope,0.4,100,100,1.0,20016,8006,33165,3239,8006.0,33844.5,3216.0,2942.0,0.7491235971854997,0.08073486790723193,-0.00022562625953360949,0.04353944631760963,0.04353944631760963,1.020440379759455,0.02141574174735217,1.0,1.0,1.0,True
HRS,10,intercept_and_slope,0.5,100,100,1.0,20016,8006,33165,3239,10008.0,42308.5,4021.0,3676.0,0.7491235971854997,0.08073389281899625,-0.00022660134776929242,0.044049263393193074,0.044049263393193074,1.0229381997579383,0.022938199757938316,1.0,1.0,1.0,True
HRS,10,intercept_and_slope,0.6,100,100,1.0,20016,8006,33165,3239,12009.0,50771.0,4827.0,4414.0,0.7491235971854997,0.08073284673435707,-0.0002276474324084607,0.04418016977726796,0.04418016977726796,1.0214499352114266,0.021449935211426685,1.0,1.0,1.0,True
HRS,10,intercept_only,0.05,100,100,1.0,20016,8006,33165,3239,1000.0,4224.5,397.0,364.5,0.7491235971854997,0.08084881664250981,-0.00011167752425573357,0.05871716013189926,0.060886591814600266,1.1209319508202005,0.12093195082020047,1.0,1.0,0.87,True
HRS,10,intercept_only,0.1,100,100,1.0,20016,8006,33165,3239,2001.0,8463.5,801.0,730.5,0.7491235971854997,0.08082834959783901,-0.0001321445689265316,0.04781205651683185,0.04835571383600168,1.1209319508202005,0.12093195082020047,1.0,1.0,0.95,True
HRS,10,intercept_only,0.2,100,100,1.0,20016,8006,33165,3239,4003.0,16948.5,1614.0,1473.0,0.7491235971854997,0.08081251674288284,-0.00014797742388269336,0.03853174925933568,0.03853174925933568,1.1209319508202005,0.12093195082020047,1.0,1.0,0.99,True
HRS,10,intercept_only,0.3,100,100,1.0,20016,8006,33165,3239,6004.0,25380.5,2411.5,2203.5,0.7491235971854997,0.08081876377573557,-0.00014173039102997192,0.04229747481833934,0.04229747481833934,1.1209319508202005,0.12093195082020047,1.0,1.0,1.0,True
HRS,10,intercept_only,0.4,100,100,1.0,20016,8006,33165,3239,8006.0,33844.5,3216.0,2942.0,0.7491235971854997,0.08081733787961859,-0.00014315628714694356,0.04145059980343623,0.04145059980343623,1.1209319508202005,0.12093195082020047,1.0,1.0,1.0,True
HRS,10,intercept_only,0.5,100,100,1.0,20016,8006,33165,3239,10008.0,42308.5,4021.0,3676.0,0.7491235971854997,0.08081816890340443,-0.00014232526336110246,0.041945145953428686,0.041945145953428686,1.1209319508202005,0.12093195082020047,1.0,1.0,1.0,True
HRS,10,intercept_only,0.6,100,100,1.0,20016,8006,33165,3239,12009.0,50771.0,4827.0,4414.0,0.7491235971854997,0.080818509128746,-0.00014198503801953616,0.04214684450060798,0.04214684450060798,1.1209319508202005,0.12093195082020047,1.0,1.0,1.0,True
HRS,10,none,0.0,1,1,1.0,20016,8006,33165,3239,0.0,0.0,0.0,0.0,0.7491235971854997,0.08096049416676554,0.0,-0.1899191041359079,0.1899191041359079,1.1209319508202005,0.12093195082020047,1.0,1.0,1.0,False
HRS,11,intercept_and_slope,0.05,100,100,1.0,20016,8006,33168,3196,1000.0,4222.5,404.0,366.5,0.748368523178997,0.08016302940160033,-0.00029124513312966255,-0.0038810559184993716,0.030012024259564764,0.9839114588981859,0.03723631876608996,1.0,1.0,0.95,True
HRS,11,intercept_and_slope,0.1,100,100,1.0,20016,8006,33168,3196,2001.0,8431.5,814.0,739.5,0.748368523178997,0.08016312184062763,-0.0002911526941023687,0.0012077683470501617,0.02115526837803705,0.968000001558488,0.03825930340766903,1.0,1.0,1.0,True
HRS,11,intercept_and_slope,0.2,100,100,1.0,20016,8006,33168,3196,4003.0,16946.0,1629.5,1471.5,0.748368523178997,0.08014796167577207,-0.00030631285895791477,0.00020596705582360958,0.017112357059312727,0.9838727231275377,0.02086587031791448,1.0,1.0,1.0,True
HRS,11,intercept_and_slope,0.3,100,100,1.0,20016,8006,33168,3196,6004.0,25416.5,2434.0,2205.0,0.748368523178997,0.08014755779885482,-0.00030671673587515796,-0.00085183418309097,0.010718690260180852,0.9773839893234835,0.023714063908115313,1.0,1.0,1.0,True
HRS,11,intercept_and_slope,0.4,100,100,1.0,20016,8006,33168,3196,8006.0,33873.5,3251.5,2950.0,0.748368523178997,0.08014336557443053,-0.0003109089602994636,0.0003890780617778195,0.00841107501728699,0.9809185540180635,0.019081445981936507,1.0,1.0,1.0,True
HRS,11,intercept_and_slope,0.5,100,100,1.0,20016,8006,33168,3196,10008.0,42286.0,4053.0,3682.0,0.748368523178997,0.08014097682163455,-0.00031329771309543397,-0.0003624954713256404,0.005895862486154377,0.9822189748277269,0.01778102517227309,1.0,1.0,1.0,True
HRS,11,intercept_and_slope,0.6,100,100,1.0,20016,8006,33168,3196,12009.0,50769.0,4870.0,4423.0,0.748368523178997,0.08014014648325662,-0.0003141280514733641,9.693847734546791e-05,0.00011034024309682588,0.9818489666695631,0.018151033330436828,1.0,1.0,1.0,True
HRS,11,intercept_only,0.05,100,100,1.0,20016,8006,33168,3196,1000.0,4222.5,404.0,366.5,0.748368523178997,0.08012716155025865,-0.0003271129844713422,-0.0011392283511362004,0.0289092882276838,1.094261789676522,0.0942617896765221,1.0,1.0,1.0,True
HRS,11,intercept_only,0.1,100,100,1.0,20016,8006,33168,3196,2001.0,8431.5,814.0,739.5,0.748368523178997,0.08012577523485656,-0.00032849929987343457,0.0019891014302906634,0.020331186997290245,1.094261789676522,0.0942617896765221,1.0,1.0,1.0,True
HRS,11,intercept_only,0.2,100,100,1.0,20016,8006,33168,3196,4003.0,16946.0,1629.5,1471.5,0.748368523178997,0.08012498534912812,-0.0003292891856018637,0.000998881023185399,0.016757121523390282,1.094261789676522,0.0942617896765221,1.0,1.0,1.0,True
HRS,11,intercept_only,0.3,100,100,1.0,20016,8006,33168,3196,6004.0,25416.5,2434.0,2205.0,0.748368523178997,0.08012368089355701,-0.00033059364117297985,-0.0008721196805473338,0.009674524172517216,1.094261789676522,0.0942617896765221,1.0,1.0,1.0,True
HRS,11,intercept_only,0.4,100,100,1.0,20016,8006,33168,3196,8006.0,33873.5,3251.5,2950.0,0.748368523178997,0.08012505543638415,-0.00032921909834583013,0.001107857394455181,0.00810061095426201,1.094261789676522,0.0942617896765221,1.0,1.0,1.0,True
HRS,11,intercept_only,0.5,100,100,1.0,20016,8006,33168,3196,10008.0,42286.0,4053.0,3682.0,0.748368523178997,0.08012463771599163,-0.00032963681873837,0.0005172850869411515,0.005729582222580414,1.094261789676522,0.0942617896765221,1.0,1.0,1.0,True
HRS,11,intercept_only,0.6,100,100,1.0,20016,8006,33168,3196,12009.0,50769.0,4870.0,4423.0,0.748368523178997,0.08012484807356729,-0.000329426461162699,0.0008162267036325422,0.0008162267036325422,1.094261789676522,0.0942617896765221,1.0,1.0,1.0,True
HRS,11,none,0.0,1,1,1.0,20016,8006,33168,3196,0.0,0.0,0.0,0.0,0.748368523178997,0.08045427453472999,0.0,-0.21482817412981636,0.21482817412981636,1.094261789676522,0.0942617896765221,0.0,1.0,1.0,False
HRS,12,intercept_and_slope,0.05,100,100,1.0,20016,8006,33617,3225,1000.0,4207.0,402.0,367.0,0.7504228009818985,0.07957853132365642,-0.0002409373665461928,0.023936283242936437,0.04971369232009816,1.040602044742963,0.04760009611924043,0.99,1.0,0.97,True
HRS,12,intercept_and_slope,0.1,100,100,1.0,20016,8006,33617,3225,2001.0,8386.0,804.5,738.0,0.7504228009818985,0.07955906089516304,-0.0002604077950395592,0.020307239640885356,0.03329652735376157,1.0379089427668058,0.044802706136212844,1.0,1.0,1.0,True
HRS,12,intercept_and_slope,0.2,100,100,1.0,20016,8006,33617,3225,4003.0,16785.0,1616.5,1475.0,0.7504228009818985,0.07954303917687264,-0.0002764295133299635,0.015855865963386277,0.018325155103784258,1.0342466802007966,0.03555749041880729,1.0,1.0,1.0,True
HRS,12,intercept_and_slope,0.3,100,100,1.0,20016,8006,33617,3225,6004.0,25157.5,2414.0,2203.5,0.7504228009818985,0.07954543345109198,-0.000274035239110626,0.02215558574627551,0.02215558574627551,1.0403358861623886,0.04033588616238859,1.0,1.0,1.0,True
HRS,12,intercept_and_slope,0.4,100,100,1.0,20016,8006,33617,3225,8006.0,33574.0,3224.5,2938.0,0.7504228009818985,0.07954125647070082,-0.0002782122195017847,0.022511819764165497,0.022511819764165497,1.038492927868609,0.03849292786860903,1.0,1.0,1.0,True
HRS,12,intercept_and_slope,0.5,100,100,1.0,20016,8006,33617,3225,10008.0,41925.5,4030.0,3677.0,0.7504228009818985,0.07954004955174118,-0.00027941913846142585,0.02141064869534913,0.02141064869534913,1.0399006985119916,0.03990069851199174,1.0,1.0,1.0,True
HRS,12,intercept_and_slope,0.6,100,100,1.0,20016,8006,33617,3225,12009.0,50321.0,4841.0,4415.0,0.7504228009818985,0.07953910037614143,-0.00028036831406117596,0.020252754285554626,0.020252754285554626,1.0378621163487944,0.03786211634879444,1.0,1.0,1.0,True
HRS,12,intercept_only,0.05,100,100,1.0,20016,8006,33617,3225,1000.0,4207.0,402.0,367.0,0.7504228009818985,0.07960924604730801,-0.0002102226428945947,0.020174669194256915,0.04663760123851386,1.1316099032738354,0.13160990327383537,0.99,1.0,0.96,True
HRS,12,intercept_only,0.1,100,100,1.0,20016,8006,33617,3225,2001.0,8386.0,804.5,738.0,0.7504228009818985,0.07960208805317515,-0.00021738063702746863,0.017802216052910214,0.03369438394395641,1.1316099032738354,0.13160990327383537,1.0,1.0,1.0,True
HRS,12,intercept_only,0.2,100,100,1.0,20016,8006,33617,3225,4003.0,16785.0,1616.5,1475.0,0.7504228009818985,0.07959670450309381,-0.00022276418710879403,0.013361040076921134,0.016949391903743977,1.1316099032738354,0.13160990327383537,1.0,1.0,1.0,True
HRS,12,intercept_only,0.3,100,100,1.0,20016,8006,33617,3225,6004.0,25157.5,2414.0,2203.5,0.7504228009818985,0.07960541717737034,-0.00021405151283226953,0.0204161060354017,0.0204161060354017,1.1316099032738354,0.13160990327383537,1.0,1.0,1.0,True
HRS,12,intercept_only,0.4,100,100,1.0,20016,8006,33617,3225,8006.0,33574.0,3224.5,2938.0,0.7504228009818985,0.07960524985674625,-0.0002142188334563616,0.020286684113949228,0.020286684113949228,1.1316099032738354,0.13160990327383537,1.0,1.0,1.0,True
HRS,12,intercept_only,0.5,100,100,1.0,20016,8006,33617,3225,10008.0,41925.5,4030.0,3677.0,0.7504228009818985,0.07960362777604757,-0.0002158409141550452,0.019022659442742385,0.019022659442742385,1.1316099032738354,0.13160990327383537,1.0,1.0,1.0,True
HRS,12,intercept_only,0.6,100,100,1.0,20016,8006,33617,3225,12009.0,50321.0,4841.0,4415.0,0.7504228009818985,0.07960214845287857,-0.00021732023732404238,0.01785053794737046,0.01785053794737046,1.1316099032738354,0.13160990327383537,1.0,1.0,1.0,True
HRS,12,none,0.0,1,1,1.0,20016,8006,33617,3225,0.0,0.0,0.0,0.0,0.7504228009818985,0.07981946869020261,0.0,-0.20459221140903472,0.20459221140903472,1.1316099032738354,0.13160990327383537,0.0,1.0,1.0,False
HRS,13,intercept_and_slope,0.05,100,100,1.0,20016,8006,33505,3193,1000.0,4217.5,405.0,367.0,0.7469350697624133,0.07941937773007163,-0.000314470501997538,-0.005562268589141613,0.04148395479870749,0.9646199856312255,0.048240389618116275,1.0,1.0,0.99,True
HRS,13,intercept_and_slope,0.1,100,100,1.0,20016,8006,33505,3193,2001.0,8407.5,815.0,739.0,0.7469350697624133,0.07938767611251658,-0.00034617211955258187,-0.019769260869410277,0.026922977236738543,0.9745146041442392,0.034513454963250145,1.0,1.0,1.0,True
HRS,13,intercept_and_slope,0.2,100,100,1.0,20016,8006,33505,3193,4003.0,16826.0,1626.5,1478.0,0.7469350697624133,0.07937814519107925,-0.0003557030409899187,-0.014903878412618275,0.020560322288931152,0.9784561411298897,0.02569870070536845,1.0,1.0,1.0,True
HRS,13,intercept_and_slope,0.3,100,100,1.0,20016,8006,33505,3193,6004.0,25194.5,2439.0,2215.0,0.7469350697624133,0.0793809449072715,-0.0003529033247976626,-0.01241099601852176,0.01320150624619091,0.9711542730599205,0.02884572694007953,1.0,1.0,1.0,True
HRS,13,intercept_and_slope,0.4,100,100,1.0,20016,8006,33505,3193,8006.0,33629.0,3249.0,2943.5,0.7469350697624133,0.07937758620022065,-0.00035626203184851296,-0.00980245532268852,0.010591487767892569,0.9761624593047655,0.02383754069523447,1.0,1.0,1.0,True
HRS,13,intercept_and_slope,0.5,100,100,1.0,20016,8006,33505,3193,10008.0,42016.5,4055.0,3682.5,0.7469350697624133,0.07937782462019324,-0.0003560236118759219,-0.011282190882642248,0.011282190882642248,0.9761692626196767,0.023830737380323208,1.0,1.0,1.0,True
HRS,13,intercept_and_slope,0.6,100,100,1.0,20016,8006,33505,3193,12009.0,50433.0,4873.0,4422.0,0.7469350697624133,0.0793773276012932,-0.0003565206307759722,-0.011788896596652929,0.011788896596652929,0.9752019697793797,0.02479803022062027,1.0,1.0,1.0,True
HRS,13,intercept_only,0.05,100,100,1.0,20016,8006,33505,3193,1000.0,4217.5,405.0,367.0,0.7469350697624133,0.0793786364181949,-0.0003552118138742677,-0.0035715305673692382,0.03912000278427895,1.0896662683315999,0.08966626833159985,1.0,1.0,1.0,True
HRS,13,intercept_only,0.1,100,100,1.0,20016,8006,33505,3193,2001.0,8407.5,815.0,739.0,0.7469350697624133,0.07937160718620248,-0.00036224104586669165,-0.019884636211838114,0.025736140042040563,1.0896662683315999,0.08966626833159985,1.0,1.0,1.0,True
HRS,13,intercept_only,0.2,100,100,1.0,20016,8006,33505,3193,4003.0,16826.0,1626.5,1478.0,0.7469350697624133,0.07936952162728278,-0.0003643266047863927,-0.014319750178923216,0.0211202479096203,1.0896662683315999,0.08966626833159985,1.0,1.0,1.0,True
HRS,13,intercept_only,0.3,100,100,1.0,20016,8006,33505,3193,6004.0,25194.5,2439.0,2215.0,0.7469350697624133,0.0793696263389425,-0.00036422189312666775,-0.013161803323167364,0.013549819752760319,1.0896662683315999,0.08966626833159985,1.0,1.0,1.0,True
HRS,13,intercept_only,0.4,100,100,1.0,20016,8006,33505,3193,8006.0,33629.0,3249.0,2943.5,0.7469350697624133,0.07937100354681886,-0.00036284468525029506,-0.010275341876651356,0.010820673251629567,1.0896662683315999,0.08966626833159985,1.0,1.0,1.0,True
HRS,13,intercept_only,0.5,100,100,1.0,20016,8006,33505,3193,10008.0,42016.5,4055.0,3682.5,0.7469350697624133,0.07937060328025544,-0.0003632449518137168,-0.011082461158429726,0.011082461158429726,1.0896662683315999,0.08966626833159985,1.0,1.0,1.0,True
HRS,13,intercept_only,0.6,100,100,1.0,20016,8006,33505,3193,12009.0,50433.0,4873.0,4422.0,0.7469350697624133,0.07937020971623827,-0.00036363851583089135,-0.0118995886559237,0.0118995886559237,1.0896662683315999,0.08966626833159985,1.0,1.0,1.0,True
HRS,13,none,0.0,1,1,1.0,20016,8006,33505,3193,0.0,0.0,0.0,0.0,0.7469350697624133,0.07973384823206917,0.0,-0.22249175556742914,0.22249175556742914,1.0896662683315999,0.08966626833159985,0.0,1.0,1.0,False
HRS,14,intercept_and_slope,0.05,100,100,1.0,20016,8006,33625,3246,1000.0,4193.0,398.5,363.0,0.7517958785089183,0.080085874590305,-0.00022156609448740344,0.029455078761681033,0.03808690391375144,1.0067611768860574,0.04599544467809136,1.0,1.0,0.98,True
HRS,14,intercept_and_slope,0.1,100,100,1.0,20016,8006,33625,3246,2001.0,8362.5,805.5,735.0,0.7517958785089183,0.08006073203979337,-0.0002467086449990247,0.021814959585164998,0.02914912768739758,1.0029511990947355,0.027697295457054016,1.0,1.0,1.0,True
HRS,14,intercept_and_slope,0.2,100,100,1.0,20016,8006,33625,3246,4003.0,16794.0,1606.5,1463.0,0.7517958785089183,0.08005456871634352,-0.0002528719684488784,0.024945015217616762,0.025418402910082245,1.0043223157365944,0.017001036818214355,1.0,1.0,1.0,True
HRS,14,intercept_and_slope,0.3,100,100,1.0,20016,8006,33625,3246,6004.0,25129.5,2408.0,2198.5,0.7517958785089183,0.08004900843702584,-0.00025843224776656015,0.021575897387786813,0.021575897387786813,1.0067444872935607,0.013163711750553975,1.0,1.0,1.0,True
HRS,14,intercept_and_slope,0.4,100,100,1.0,20016,8006,33625,3246,8006.0,33513.0,3215.0,2932.0,0.7517958785089183,0.08004732289788277,-0.0002601177869096319,0.02426434855057617,0.02426434855057617,1.0064781779823488,0.011264908377854266,1.0,1.0,1.0,True
HRS,14,intercept_and_slope,0.5,100,100,1.0,20016,8006,33625,3246,10008.0,41958.0,4014.0,3659.0,0.7517958785089183,0.08004663439640518,-0.0002608062883872192,0.02534291694365534,0.02534291694365534,1.0065442706760241,0.007672832234196125,1.0,1.0,1.0,True
HRS,14,intercept_and_slope,0.6,100,100,1.0,20016,8006,33625,3246,12009.0,50312.0,4820.0,4396.0,0.7517958785089183,0.08004492639669278,-0.000262514288099612,0.024319719934683733,0.024319719934683733,1.0060013076910674,0.006001307691067437,1.0,1.0,1.0,True
HRS,14,intercept_only,0.05,100,100,1.0,20016,8006,33625,3246,1000.0,4193.0,398.5,363.0,0.7517958785089183,0.08008381153164659,-0.00022362915314580456,0.026472294406604327,0.03763168284207469,1.1103763386297734,0.11037633862977336,1.0,1.0,0.97,True
HRS,14,intercept_only,0.1,100,100,1.0,20016,8006,33625,3246,2001.0,8362.5,805.5,735.0,0.7517958785089183,0.08007654322925042,-0.00023089745554197294,0.02064136267467879,0.028506073545195264,1.1103763386297734,0.11037633862977336,1.0,1.0,1.0,True
HRS,14,intercept_only,0.2,100,100,1.0,20016,8006,33625,3246,4003.0,16794.0,1606.5,1463.0,0.7517958785089183,0.08008078436352817,-0.00022665632126423613,0.024101787551024927,0.02432765074577818,1.1103763386297734,0.11037633862977336,1.0,1.0,1.0,True
HRS,14,intercept_only,0.3,100,100,1.0,20016,8006,33625,3246,6004.0,25129.5,2408.0,2198.5,0.7517958785089183,0.08007652573896568,-0.0002309149458267143,0.020628475609809807,0.020644668807025264,1.1103763386297734,0.11037633862977336,1.0,1.0,1.0,True
HRS,14,intercept_only,0.4,100,100,1.0,20016,8006,33625,3246,8006.0,33513.0,3215.0,2932.0,0.7517958785089183,0.0800794532334583,-0.00022798745133410098,0.02303407302032339,0.02303407302032339,1.1103763386297734,0.11037633862977336,1.0,1.0,1.0,True
HRS,14,intercept_only,0.5,100,100,1.0,20016,8006,33625,3246,10008.0,41958.0,4014.0,3659.0,0.7517958785089183,0.080080513181187,-0.00022692750360539526,0.023885708098155392,0.023885708098155392,1.1103763386297734,0.11037633862977336,1.0,1.0,1.0,True
HRS,14,intercept_only,0.6,100,100,1.0,20016,8006,33625,3246,12009.0,50312.0,4820.0,4396.0,0.7517958785089183,0.08007949716247285,-0.00022794352231954307,0.02306995827896211,0.02306995827896211,1.1103763386297734,0.11037633862977336,1.0,1.0,1.0,True
HRS,14,none,0.0,1,1,1.0,20016,8006,33625,3246,0.0,0.0,0.0,0.0,0.7517958785089183,0.0803074406847924,0.0,-0.20147612369495888,0.20147612369495888,1.1103763386297734,0.11037633862977336,0.0,1.0,1.0,False
HRS,15,intercept_and_slope,0.05,100,100,1.0,20016,8006,33615,3271,1000.0,4175.5,400.5,363.5,0.7470739827255843,0.08072877384738648,-0.00026374978896605283,0.011289679671137825,0.0445420991316688,0.9865751590637426,0.04267655300554368,1.0,1.0,0.99,True
HRS,15,intercept_and_slope,0.1,100,100,1.0,20016,8006,33615,3271,2001.0,8373.5,799.0,727.5,0.7470739827255843,0.08070872152897762,-0.0002838021073749142,0.007893774669848305,0.02891608300559908,0.9818610927012661,0.04100796970731169,1.0,1.0,1.0,True
HRS,15,intercept_and_slope,0.2,100,100,1.0,20016,8006,33615,3271,4003.0,16764.5,1600.0,1454.5,0.7470739827255843,0.08068692445378153,-0.00030559918257099666,0.01176444442389835,0.01635662379002942,0.9931108381321825,0.01890231248731511,1.0,1.0,1.0,True
HRS,15,intercept_and_slope,0.3,100,100,1.0,20016,8006,33615,3271,6004.0,25155.0,2397.0,2182.0,0.7470739827255843,0.0806838160512991,-0.00030870758505344154,0.013013927560275054,0.015205845488452755,0.9895057773041012,0.013250210981885946,1.0,1.0,1.0,True
HRS,15,intercept_and_slope,0.4,100,100,1.0,20016,8006,33615,3271,8006.0,33551.5,3203.0,2919.5,0.7470739827255843,0.08068294322315045,-0.00030958041320208046,0.011298313152173549,0.0116969825657467,0.9890716863204865,0.012559218724731869,1.0,1.0,1.0,True
HRS,15,intercept_and_slope,0.5,100,100,1.0,20016,8006,33615,3271,10008.0,41937.5,4001.0,3644.0,0.7470739827255843,0.0806826432198334,-0.00030988041651914405,0.010769872282699846,0.010769872282699846,0.9861118223690584,0.013888177630941634,1.0,1.0,1.0,True
HRS,15,intercept_and_slope,0.6,100,100,1.0,20016,8006,33615,3271,12009.0,50323.0,4795.0,4371.0,0.7470739827255843,0.08068217350711587,-0.00031035012923666394,0.01208927834551133,0.01208927834551133,0.987180491499358,0.012819508500641896,1.0,1.0,1.0,True
HRS,15,intercept_only,0.05,100,100,1.0,20016,8006,33615,3271,1000.0,4175.5,400.5,363.5,0.7470739827255843,0.0807103645650909,-0.0002821590712616395,0.010605057084172394,0.043197323000098056,1.097836641457523,0.09783664145752291,1.0,1.0,0.99,True
HRS,15,intercept_only,0.1,100,100,1.0,20016,8006,33615,3271,2001.0,8373.5,799.0,727.5,0.7470739827255843,0.08070795759102356,-0.0002845660453289836,0.009499446686387861,0.025597777894848114,1.097836641457523,0.09783664145752291,1.0,1.0,1.0,True
HRS,15,intercept_only,0.2,100,100,1.0,20016,8006,33615,3271,4003.0,16764.5,1600.0,1454.5,0.7470739827255843,0.0807114809512561,-0.0002810426850964262,0.013315293780197995,0.01745259758513002,1.097836641457523,0.09783664145752291,1.0,1.0,1.0,True
HRS,15,intercept_only,0.3,100,100,1.0,20016,8006,33615,3271,6004.0,25155.0,2397.0,2182.0,0.7470739827255843,0.08071123937674081,-0.00028128425961172765,0.01307895381018,0.015614109246376604,1.097836641457523,0.09783664145752291,1.0,1.0,1.0,True
HRS,15,intercept_only,0.4,100,100,1.0,20016,8006,33615,3271,8006.0,33551.5,3203.0,2919.5,0.7470739827255843,0.08071041860932854,-0.0002821050270240058,0.012258136913390312,0.0124005836212609,1.097836641457523,0.09783664145752291,1.0,1.0,1.0,True
HRS,15,intercept_only,0.5,100,100,1.0,20016,8006,33615,3271,10008.0,41937.5,4001.0,3644.0,0.7470739827255843,0.0807097877508352,-0.0002827358855173323,0.011617951760152342,0.011617951760152342,1.097836641457523,0.09783664145752291,1.0,1.0,1.0,True
HRS,15,intercept_only,0.6,100,100,1.0,20016,8006,33615,3271,12009.0,50323.0,4795.0,4371.0,0.7470739827255843,0.0807111930853317,-0.0002813305510208433,0.013033544423496187,0.013033544423496187,1.097836641457523,0.09783664145752291,1.0,1.0,1.0,True
HRS,15,none,0.0,1,1,1.0,20016,8006,33615,3271,0.0,0.0,0.0,0.0,0.7470739827255843,0.08099252363635254,0.0,-0.20754739485884688,0.20754739485884688,1.097836641457523,0.09783664145752291,0.0,1.0,1.0,False
HRS,16,intercept_and_slope,0.05,100,100,1.0,20016,8006,34138,3195,1000.0,4134.0,406.0,370.0,0.7462512650728329,0.07801242633263199,-0.000391135476034421,-0.03451750140402833,0.04615358399426569,1.0123361237161776,0.04246040863245848,1.0,1.0,0.99,True
HRS,16,intercept_and_slope,0.1,100,100,1.0,20016,8006,34138,3195,2001.0,8305.0,812.5,739.5,0.7462512650728329,0.07799450664153057,-0.0004090551671358453,-0.034924909276583885,0.0362610427629773,1.007155759190629,0.03350538323558683,1.0,1.0,1.0,True
HRS,16,intercept_and_slope,0.2,100,100,1.0,20016,8006,34138,3195,4003.0,16597.5,1623.0,1482.5,0.7462512650728329,0.0779819291001795,-0.00042163270848691314,-0.03003055797935688,0.03003055797935688,1.005686500179724,0.01630467797465085,1.0,1.0,1.0,True
HRS,16,intercept_and_slope,0.3,100,100,1.0,20016,8006,34138,3195,6004.0,24894.0,2439.0,2227.0,0.7462512650728329,0.07798464000199998,-0.0004189218066664377,-0.03668903210175152,0.03668903210175152,1.001333326976399,0.011689508504466706,1.0,1.0,1.0,True
HRS,16,intercept_and_slope,0.4,100,100,1.0,20016,8006,34138,3195,8006.0,33179.0,3250.0,2971.0,0.7462512650728329,0.077983179639737,-0.000420382168929416,-0.03808894063810919,0.03808894063810919,1.0075093159110087,0.009487719534344796,1.0,1.0,1.0,True
HRS,16,intercept_and_slope,0.5,100,100,1.0,20016,8006,34138,3195,10008.0,41499.5,4060.0,3709.0,0.7462512650728329,0.07798082752552467,-0.0004227342831417402,-0.035552852919992814,0.035552852919992814,1.0068691054433714,0.007196426790654464,1.0,1.0,1.0,True
HRS,16,intercept_and_slope,0.6,100,100,1.0,20016,8006,34138,3195,12009.0,49799.0,4871.0,4451.0,0.7462512650728329,0.07798154011049342,-0.0004220216981729863,-0.03621220502128204,0.03621220502128204,1.005941594731211,0.005941594731211031,1.0,1.0,1.0,True
HRS,16,intercept_only,0.05,100,100,1.0,20016,8006,34138,3195,1000.0,4134.0,406.0,370.0,0.7462512650728329,0.07802438625520039,-0.00037917555346601156,-0.034887917446569654,0.04611364352261508,1.1101034458888117,0.11010344588881171,1.0,1.0,1.0,True
HRS,16,intercept_only,0.1,100,100,1.0,20016,8006,34138,3195,2001.0,8305.0,812.5,739.5,0.7462512650728329,0.07801116818420606,-0.00039239362446034237,-0.03643246534011951,0.03681508740813093,1.1101034458888117,0.11010344588881171,1.0,1.0,1.0,True
HRS,16,intercept_only,0.2,100,100,1.0,20016,8006,34138,3195,4003.0,16597.5,1623.0,1482.5,0.7462512650728329,0.07800818937490395,-0.00039537243376246145,-0.031666539271104854,0.031666539271104854,1.1101034458888117,0.11010344588881171,1.0,1.0,1.0,True
HRS,16,intercept_only,0.3,100,100,1.0,20016,8006,34138,3195,6004.0,24894.0,2439.0,2227.0,0.7462512650728329,0.07800657971153677,-0.0003969820971296417,-0.0376827613449095,0.0376827613449095,1.1101034458888117,0.11010344588881171,1.0,1.0,1.0,True
HRS,16,intercept_only,0.4,100,100,1.0,20016,8006,34138,3195,8006.0,33179.0,3250.0,2971.0,0.7462512650728329,0.07800594669928074,-0.0003976151093856642,-0.039032642547188856,0.039032642547188856,1.1101034458888117,0.11010344588881171,1.0,1.0,1.0,True
HRS,16,intercept_only,0.5,100,100,1.0,20016,8006,34138,3195,10008.0,41499.5,4060.0,3709.0,0.7462512650728329,0.07800594485868854,-0.0003976169499778637,-0.03708681449242318,0.03708681449242318,1.1101034458888117,0.11010344588881171,1.0,1.0,1.0,True
HRS,16,intercept_only,0.6,100,100,1.0,20016,8006,34138,3195,12009.0,49799.0,4871.0,4451.0,0.7462512650728329,0.07800574186172665,-0.0003978199469397564,-0.037588614224787556,0.037588614224787556,1.1101034458888117,0.11010344588881171,1.0,1.0,1.0,True
HRS,16,none,0.0,1,1,1.0,20016,8006,34138,3195,0.0,0.0,0.0,0.0,0.7462512650728329,0.07840356180866641,0.0,-0.23781810992529095,0.23781810992529095,1.1101034458888117,0.11010344588881171,0.0,1.0,1.0,False
HRS,17,intercept_and_slope,0.05,100,100,1.0,20016,8006,33553,3216,1000.0,4194.0,402.5,365.0,0.7477671583326733,0.07956340087110766,-0.0003428782144126591,-0.01599492617935904,0.04383774935732047,0.9912216239810427,0.050826371647933244,1.0,1.0,0.97,True
HRS,17,intercept_and_slope,0.1,100,100,1.0,20016,8006,33553,3216,2001.0,8362.0,807.0,734.0,0.7477671583326733,0.07954051948856838,-0.00036575959695194643,-0.017016800234473904,0.0257679304183526,0.9975005959636161,0.0307035403120684,1.0,1.0,0.99,True
HRS,17,intercept_and_slope,0.2,100,100,1.0,20016,8006,33553,3216,4003.0,16784.0,1618.0,1476.0,0.7477671583326733,0.07952948743446292,-0.0003767916510573968,-0.01829630563365541,0.021766477670130988,0.9972602651547634,0.017185608353409265,1.0,1.0,1.0,True
HRS,17,intercept_and_slope,0.3,100,100,1.0,20016,8006,33553,3216,6004.0,25206.0,2429.0,2207.0,0.7477671583326733,0.07952563718256692,-0.00038064190295341443,-0.021012360422192296,0.021526442499123208,0.9955418384916113,0.014468824590224805,1.0,1.0,1.0,True
HRS,17,intercept_and_slope,0.4,100,100,1.0,20016,8006,33553,3216,8006.0,33568.5,3230.5,2941.5,0.7477671583326733,0.07952570734574785,-0.0003805717397724756,-0.018213632245505873,0.018371667094133612,0.9933181012087191,0.00983172376256336,1.0,1.0,1.0,True
HRS,17,intercept_and_slope,0.5,100,100,1.0,20016,8006,33553,3216,10008.0,41982.0,4044.5,3679.5,0.7477671583326733,0.07952617053369981,-0.000380108551820503,-0.020736029583151412,0.020736029583151412,0.994390104820737,0.007789710944924866,1.0,1.0,1.0,True
HRS,17,intercept_and_slope,0.6,100,100,1.0,20016,8006,33553,3216,12009.0,50385.0,4850.0,4413.0,0.7477671583326733,0.07952481806771469,-0.0003814610178056385,-0.018661843438618944,0.018661843438618944,0.9944456335377294,0.0055543664622706435,1.0,1.0,1.0,True
HRS,17,intercept_only,0.05,100,100,1.0,20016,8006,33553,3216,1000.0,4194.0,402.5,365.0,0.7477671583326733,0.07956005321917824,-0.00034622586634208696,-0.009596850228784107,0.043315538065577475,1.1027517585342976,0.10275175853429763,1.0,1.0,1.0,True
HRS,17,intercept_only,0.1,100,100,1.0,20016,8006,33553,3216,2001.0,8362.0,807.0,734.0,0.7477671583326733,0.07954903553503287,-0.0003572435504874613,-0.015020169070929583,0.024948285058217667,1.1027517585342976,0.10275175853429763,1.0,1.0,1.0,True
HRS,17,intercept_only,0.2,100,100,1.0,20016,8006,33553,3216,4003.0,16784.0,1618.0,1476.0,0.7477671583326733,0.07954648695509671,-0.000359792130423614,-0.017282477034299,0.020574326835059397,1.1027517585342976,0.10275175853429763,1.0,1.0,1.0,True
HRS,17,intercept_only,0.3,100,100,1.0,20016,8006,33553,3216,6004.0,25206.0,2429.0,2207.0,0.7477671583326733,0.07954485624078192,-0.0003614228447384113,-0.019327455153481922,0.019783907113117036,1.1027517585342976,0.10275175853429763,1.0,1.0,1.0,True
HRS,17,intercept_only,0.4,100,100,1.0,20016,8006,33553,3216,8006.0,33568.5,3230.5,2941.5,0.7477671583326733,0.0795460765298169,-0.00036020255570341775,-0.016706158026845074,0.016774198701670517,1.1027517585342976,0.10275175853429763,1.0,1.0,1.0,True
HRS,17,intercept_only,0.5,100,100,1.0,20016,8006,33553,3216,10008.0,41982.0,4044.5,3679.5,0.7477671583326733,0.07954502079123665,-0.00036125829428366313,-0.018955812230655088,0.018955812230655088,1.1027517585342976,0.10275175853429763,1.0,1.0,1.0,True
HRS,17,intercept_only,0.6,100,100,1.0,20016,8006,33553,3216,12009.0,50385.0,4850.0,4413.0,0.7477671583326733,0.07954591586105524,-0.00036036322446508784,-0.01703585488920277,0.01703585488920277,1.1027517585342976,0.10275175853429763,1.0,1.0,1.0,True
HRS,17,none,0.0,1,1,1.0,20016,8006,33553,3216,0.0,0.0,0.0,0.0,0.7477671583326733,0.07990627908552032,0.0,-0.22553828461699385,0.22553828461699385,1.1027517585342976,0.10275175853429763,0.0,1.0,1.0,False
HRS,18,intercept_and_slope,0.05,100,100,1.0,20016,8006,33992,3247,1000.0,4159.0,400.0,366.0,0.7531772451125557,0.07896381981003789,-0.000306518115129939,0.000508445162408294,0.02889900810222345,1.0809364426529267,0.08120534089603171,1.0,1.0,0.99,True
HRS,18,intercept_and_slope,0.1,100,100,1.0,20016,8006,33992,3247,2001.0,8308.5,806.0,734.5,0.7531772451125557,0.07894719586193624,-0.0003231420632315851,-0.010438364770616798,0.023743014690741533,1.0706721315689256,0.07067213156892571,1.0,1.0,1.0,True
HRS,18,intercept_and_slope,0.2,100,100,1.0,20016,8006,33992,3247,4003.0,16679.0,1606.0,1464.5,0.7531772451125557,0.07894123085531826,-0.00032910706984957266,-0.002150841098952021,0.01417037289441406,1.0700391092103225,0.07003910921032253,1.0,1.0,1.0,True
HRS,18,intercept_and_slope,0.3,100,100,1.0,20016,8006,33992,3247,6004.0,24943.0,2407.5,2197.5,0.7531772451125557,0.07893986677350323,-0.00033047115166458946,-0.004480863800466778,0.013783822107994342,1.0691690275436514,0.0691690275436515,1.0,1.0,1.0,True
HRS,18,intercept_and_slope,0.4,100,100,1.0,20016,8006,33992,3247,8006.0,33296.0,3215.0,2928.5,0.7531772451125557,0.07894039591555886,-0.00032994200960896614,-0.0037142546150505445,0.008562091212813195,1.071858429992297,0.07185842999229708,1.0,1.0,1.0,True
HRS,18,intercept_and_slope,0.5,100,100,1.0,20016,8006,33992,3247,10008.0,41630.0,4011.5,3657.5,0.7531772451125557,0.07893903236156122,-0.0003313055636066098,-0.0025039452429270036,0.006862817222656062,1.0711215636047604,0.07112156360476052,1.0,1.0,1.0,True
HRS,18,intercept_and_slope,0.6,100,100,1.0,20016,8006,33992,3247,12009.0,49945.5,4819.0,4392.0,0.7531772451125557,0.07893925684140501,-0.0003310810837628131,-0.0025161097964830044,0.0025161097964830044,1.0711030793443936,0.07110307934439375,1.0,1.0,1.0,True
HRS,18,intercept_only,0.05,100,100,1.0,20016,8006,33992,3247,1000.0,4159.0,400.0,366.0,0.7531772451125557,0.07902769143713578,-0.0002426464880320514,0.0020573304070154565,0.02886558722413221,1.153025229500129,0.1530252295001291,1.0,1.0,0.96,True
HRS,18,intercept_only,0.1,100,100,1.0,20016,8006,33992,3247,2001.0,8308.5,806.0,734.5,0.7531772451125557,0.07901409681305324,-0.00025624111211457884,-0.010781634579564537,0.023173474810401204,1.153025229500129,0.1530252295001291,1.0,1.0,1.0,True
HRS,18,intercept_only,0.2,100,100,1.0,20016,8006,33992,3247,4003.0,16679.0,1606.0,1464.5,0.7531772451125557,0.07902175598097122,-0.0002485819441966075,-0.002971816334616971,0.014285045630450154,1.153025229500129,0.1530252295001291,1.0,1.0,1.0,True
HRS,18,intercept_only,0.3,100,100,1.0,20016,8006,33992,3247,6004.0,24943.0,2407.5,2197.5,0.7531772451125557,0.0790188214917393,-0.0002515164334285294,-0.005831598021897737,0.013982483180860109,1.153025229500129,0.1530252295001291,1.0,1.0,1.0,True
HRS,18,intercept_only,0.4,100,100,1.0,20016,8006,33992,3247,8006.0,33296.0,3215.0,2928.5,0.7531772451125557,0.07901965260962109,-0.000250685315546742,-0.005003720983141284,0.008632461147033404,1.153025229500129,0.1530252295001291,1.0,1.0,1.0,True
HRS,18,intercept_only,0.5,100,100,1.0,20016,8006,33992,3247,10008.0,41630.0,4011.5,3657.5,0.7531772451125557,0.07902129320102601,-0.0002490447241418198,-0.003406529793367963,0.006939044081834155,1.153025229500129,0.1530252295001291,1.0,1.0,1.0,True
HRS,18,intercept_only,0.6,100,100,1.0,20016,8006,33992,3247,12009.0,49945.5,4819.0,4392.0,0.7531772451125557,0.07902110599769868,-0.0002492319274691457,-0.0035862669299257756,0.0035862669299257756,1.153025229500129,0.1530252295001291,1.0,1.0,1.0,True
HRS,18,none,0.0,1,1,1.0,20016,8006,33992,3247,0.0,0.0,0.0,0.0,0.7531772451125557,0.07927033792516783,0.0,-0.21746112856463307,0.21746112856463307,1.153025229500129,0.1530252295001291,0.0,1.0,1.0,False
HRS,19,intercept_and_slope,0.05,100,100,1.0,20016,8006,33766,3221,1000.0,4191.0,405.0,368.5,0.752120290760488,0.0791169105926129,-0.0003182542296818608,-0.021792744248331396,0.05299130444748305,1.0379489979695062,0.046102859962571796,1.0,1.0,0.99,True
HRS,19,intercept_and_slope,0.1,100,100,1.0,20016,8006,33766,3221,2001.0,8363.0,808.0,734.5,0.752120290760488,0.07908778709231074,-0.00034737772998403443,-0.019164086598484696,0.027573048645814315,1.0312467138048809,0.03757269761155779,1.0,1.0,1.0,True
HRS,19,intercept_and_slope,0.2,100,100,1.0,20016,8006,33766,3221,4003.0,16713.5,1612.5,1461.5,0.752120290760488,0.07907958072464102,-0.00035558409765373833,-0.01970328542234939,0.02127730612136431,1.0372903989202658,0.037290398920265866,1.0,1.0,1.0,True
HRS,19,intercept_and_slope,0.3,100,100,1.0,20016,8006,33766,3221,6004.0,25093.0,2413.0,2190.0,0.752120290760488,0.07907241815145824,-0.0003627466708365293,-0.0134816478723991,0.015308832892179637,1.0374806459120411,0.037480645912041255,1.0,1.0,1.0,True
HRS,19,intercept_and_slope,0.4,100,100,1.0,20016,8006,33766,3221,8006.0,33462.0,3229.5,2931.0,0.752120290760488,0.07907201889611398,-0.00036314592618078706,-0.01683137894525314,0.01683137894525314,1.03644561721861,0.03644561721860995,1.0,1.0,1.0,True
HRS,19,intercept_and_slope,0.5,100,100,1.0,20016,8006,33766,3221,10008.0,41844.5,4042.0,3665.5,0.752120290760488,0.07907061279669704,-0.0003645520255977225,-0.016113235587377775,0.016113235587377775,1.0371246967580674,0.0371246967580674,1.0,1.0,1.0,True
HRS,19,intercept_and_slope,0.6,100,100,1.0,20016,8006,33766,3221,12009.0,50171.0,4845.0,4397.0,0.752120290760488,0.07906999471491157,-0.00036517010738319755,-0.016065133138888583,0.016065133138888583,1.037219111772324,0.037219111772323954,1.0,1.0,1.0,True
HRS,19,intercept_only,0.05,100,100,1.0,20016,8006,33766,3221,1000.0,4191.0,405.0,368.5,0.752120290760488,0.07911732787451917,-0.000317836947775596,-0.02133693541495444,0.05187120575512637,1.1308072305380814,0.1308072305380814,1.0,1.0,1.0,True
HRS,19,intercept_only,0.1,100,100,1.0,20016,8006,33766,3221,2001.0,8363.0,808.0,734.5,0.752120290760488,0.07911090095640971,-0.00032426386588505635,-0.01782808534410501,0.027202684133136326,1.1308072305380814,0.1308072305380814,1.0,1.0,1.0,True
HRS,19,intercept_only,0.2,100,100,1.0,20016,8006,33766,3221,4003.0,16713.5,1612.5,1461.5,0.752120290760488,0.07910815759933898,-0.00032700722295577606,-0.019115729134517763,0.021098425607976472,1.1308072305380814,0.1308072305380814,1.0,1.0,1.0,True
HRS,19,intercept_only,0.3,100,100,1.0,20016,8006,33766,3221,6004.0,25093.0,2413.0,2190.0,0.752120290760488,0.07911184672669845,-0.00032331809559631164,-0.013237973205366762,0.014931910848376872,1.1308072305380814,0.1308072305380814,1.0,1.0,1.0,True
HRS,19,intercept_only,0.4,100,100,1.0,20016,8006,33766,3221,8006.0,33462.0,3229.5,2931.0,0.752120290760488,0.0791098097309378,-0.00032535509135696306,-0.016352545076895854,0.016352545076895854,1.1308072305380814,0.1308072305380814,1.0,1.0,1.0,True
HRS,19,intercept_only,0.5,100,100,1.0,20016,8006,33766,3221,10008.0,41844.5,4042.0,3665.5,0.752120290760488,0.07911021591625152,-0.0003249489060432459,-0.015708933766037943,0.015708933766037943,1.1308072305380814,0.1308072305380814,1.0,1.0,1.0,True
HRS,19,intercept_only,0.6,100,100,1.0,20016,8006,33766,3221,12009.0,50171.0,4845.0,4397.0,0.752120290760488,0.0791102246139615,-0.00032494020833325615,-0.01569527170267247,0.01569527170267247,1.1308072305380814,0.1308072305380814,1.0,1.0,1.0,True
HRS,19,none,0.0,1,1,1.0,20016,8006,33766,3221,0.0,0.0,0.0,0.0,0.752120290760488,0.07943516482229476,0.0,-0.22471709463843978,0.22471709463843978,1.1308072305380814,0.1308072305380814,0.0,1.0,1.0,False
HRS,20,intercept_and_slope,0.05,100,100,1.0,20016,8006,33536,3215,1000.0,4182.5,407.0,368.5,0.7535329824686123,0.079128719799751,-0.0003240359373055668,-0.0227357905436468,0.030949514520015958,1.0290782256164417,0.04509683633277828,0.99,1.0,0.98,True
HRS,20,intercept_and_slope,0.1,100,100,1.0,20016,8006,33536,3215,2001.0,8404.5,806.5,731.0,0.7535329824686123,0.07911712470180965,-0.00033563103524692633,-0.0029491916313594342,0.025404843567999026,1.031860043629101,0.03300933333761957,1.0,1.0,1.0,True
HRS,20,intercept_and_slope,0.2,100,100,1.0,20016,8006,33536,3215,4003.0,16806.5,1618.0,1465.5,0.7535329824686123,0.07910605009691139,-0.0003467056401451757,-0.008677009437568557,0.017207151038352346,1.0292379013623334,0.030791591340349034,1.0,1.0,1.0,True
HRS,20,intercept_and_slope,0.3,100,100,1.0,20016,8006,33536,3215,6004.0,25189.5,2426.0,2199.0,0.7535329824686123,0.07909938437090677,-0.00035337136614979614,-0.012432747184131083,0.014256056023498696,1.0304869050230971,0.030486905023097033,1.0,1.0,1.0,True
HRS,20,intercept_and_slope,0.4,100,100,1.0,20016,8006,33536,3215,8006.0,33603.0,3231.0,2930.0,0.7535329824686123,0.07909766174112014,-0.0003550939959364313,-0.011029225380114274,0.011955643640531803,1.025367780175789,0.025367780175789112,1.0,1.0,1.0,True
HRS,20,intercept_and_slope,0.5,100,100,1.0,20016,8006,33536,3215,10008.0,41998.0,4038.0,3661.0,0.7535329824686123,0.07909751784195024,-0.0003552378951063237,-0.010578966119731189,0.010578966119731189,1.0307042271609759,0.030704227160975872,1.0,1.0,1.0,True
HRS,20,intercept_and_slope,0.6,100,100,1.0,20016,8006,33536,3215,12009.0,50402.0,4851.0,4396.0,0.7535329824686123,0.07909703893322614,-0.00035571680383041787,-0.011159026122867717,0.011159026122867717,1.0290969323951769,0.029096932395176855,1.0,1.0,1.0,True
HRS,20,intercept_only,0.05,100,100,1.0,20016,8006,33536,3215,1000.0,4182.5,407.0,368.5,0.7535329824686123,0.0791776106031733,-0.00027514513388327,-0.02081449765755903,0.030631028595141503,1.1255186543252365,0.12551865432523646,0.99,1.0,0.99,True
HRS,20,intercept_only,0.1,100,100,1.0,20016,8006,33536,3215,2001.0,8404.5,806.5,731.0,0.7535329824686123,0.07918361232167236,-0.0002691434153842126,-0.003577180546340255,0.025159068530712148,1.1255186543252365,0.12551865432523646,1.0,1.0,1.0,True
HRS,20,intercept_only,0.2,100,100,1.0,20016,8006,33536,3215,4003.0,16806.5,1618.0,1465.5,0.7535329824686123,0.07917794401278891,-0.00027481172426765954,-0.007445307595880265,0.016429489616120015,1.1255186543252365,0.12551865432523646,1.0,1.0,1.0,True
HRS,20,intercept_only,0.3,100,100,1.0,20016,8006,33536,3215,6004.0,25189.5,2426.0,2199.0,0.7535329824686123,0.07917371304832334,-0.00027904268873323035,-0.01210520811695406,0.013708142304541579,1.1255186543252365,0.12551865432523646,1.0,1.0,1.0,True
HRS,20,intercept_only,0.4,100,100,1.0,20016,8006,33536,3215,8006.0,33603.0,3231.0,2930.0,0.7535329824686123,0.07917535980887366,-0.0002773959281829122,-0.0102386871097579,0.01191426934433925,1.1255186543252365,0.12551865432523646,1.0,1.0,1.0,True
HRS,20,intercept_only,0.5,100,100,1.0,20016,8006,33536,3215,10008.0,41998.0,4038.0,3661.0,0.7535329824686123,0.07917552227658935,-0.00027723346046722164,-0.010058490742515375,0.010058490742515375,1.1255186543252365,0.12551865432523646,1.0,1.0,1.0,True
HRS,20,intercept_only,0.6,100,100,1.0,20016,8006,33536,3215,12009.0,50402.0,4851.0,4396.0,0.7535329824686123,0.07917504964813546,-0.0002777060889211022,-0.010584577593472255,0.010584577593472255,1.1255186543252365,0.12551865432523646,1.0,1.0,1.0,True
HRS,20,none,0.0,1,1,1.0,20016,8006,33536,3215,0.0,0.0,0.0,0.0,0.7535329824686123,0.07945275573705657,0.0,-0.22167628811991774,0.22167628811991774,1.1255186543252365,0.12551865432523646,0.0,1.0,1.0,False
HRS,21,intercept_and_slope,0.05,100,100,1.0,20016,8006,33612,3271,1000.0,4184.0,401.5,364.5,0.746070868707471,0.08079263056734454,-0.0002444612434333651,0.017196506671213724,0.03893607674228627,0.9896945729726152,0.04461206344361862,1.0,1.0,0.98,True
HRS,21,intercept_and_slope,0.1,100,100,1.0,20016,8006,33612,3271,2001.0,8389.5,799.0,728.0,0.746070868707471,0.08076662614405092,-0.0002704656667269767,0.020588068680397118,0.029386646229394686,0.9770287258531389,0.03287040601576646,1.0,1.0,1.0,True
HRS,21,intercept_and_slope,0.2,100,100,1.0,20016,8006,33612,3271,4003.0,16775.0,1601.0,1460.0,0.746070868707471,0.08075278493151654,-0.0002843068792613562,0.021974430624973736,0.023509198950268206,0.9905091058534596,0.01767914935706849,1.0,1.0,1.0,True
HRS,21,intercept_and_slope,0.3,100,100,1.0,20016,8006,33612,3271,6004.0,25143.0,2391.0,2177.0,0.746070868707471,0.08075075531036549,-0.00028633650041241104,0.022859250858803176,0.022859250858803176,0.9883081316227688,0.017489045279570403,1.0,1.0,1.0,True
HRS,21,intercept_and_slope,0.4,100,100,1.0,20016,8006,33612,3271,8006.0,33555.5,3197.0,2906.5,0.746070868707471,0.08075132438476351,-0.0002857674260143758,0.017860820173055368,0.017860820173055368,0.9827739852331436,0.01742135201082512,1.0,1.0,1.0,True
HRS,21,intercept_and_slope,0.5,100,100,1.0,20016,8006,33612,3271,10008.0,41962.5,4000.0,3640.5,0.746070868707471,0.08074819474117095,-0.0002888970696069415,0.019370239078843908,0.019370239078843908,0.987476568795151,0.012523431204849,1.0,1.0,1.0,True
HRS,21,intercept_and_slope,0.6,100,100,1.0,20016,8006,33612,3271,12009.0,50326.0,4795.0,4364.0,0.746070868707471,0.08074755978000536,-0.0002895320307725255,0.0196781367138508,0.0196781367138508,0.9872044991689627,0.01279550083103731,1.0,1.0,1.0,True
HRS,21,intercept_only,0.05,100,100,1.0,20016,8006,33612,3271,1000.0,4184.0,401.5,364.5,0.746070868707471,0.08076571695945003,-0.00027137485132785327,0.018866363324114555,0.037291814654413294,1.0979110496006579,0.09791104960065788,1.0,1.0,0.99,True
HRS,21,intercept_only,0.1,100,100,1.0,20016,8006,33612,3271,2001.0,8389.5,799.0,728.0,0.746070868707471,0.08076461055969003,-0.0002724812510878638,0.021812146475058802,0.02772075320837545,1.0979110496006579,0.09791104960065788,1.0,1.0,1.0,True
HRS,21,intercept_only,0.2,100,100,1.0,20016,8006,33612,3271,4003.0,16775.0,1601.0,1460.0,0.746070868707471,0.08076439146965639,-0.0002727003411214998,0.021610376999064002,0.022448147195336218,1.0979110496006579,0.09791104960065788,1.0,1.0,1.0,True
HRS,21,intercept_only,0.3,100,100,1.0,20016,8006,33612,3271,6004.0,25143.0,2391.0,2177.0,0.746070868707471,0.08076633642297289,-0.00027075538780500785,0.023380367411823998,0.023380367411823998,1.0979110496006579,0.09791104960065788,1.0,1.0,1.0,True
HRS,21,intercept_only,0.4,100,100,1.0,20016,8006,33612,3271,8006.0,33555.5,3197.0,2906.5,0.746070868707471,0.08076137456044732,-0.0002757172503305705,0.01875829373756297,0.01875829373756297,1.0979110496006579,0.09791104960065788,1.0,1.0,1.0,True
HRS,21,intercept_only,0.5,100,100,1.0,20016,8006,33612,3271,10008.0,41962.5,4000.0,3640.5,0.746070868707471,0.0807626417986644,-0.0002744500121135002,0.019973103460104974,0.019973103460104974,1.0979110496006579,0.09791104960065788,1.0,1.0,1.0,True
HRS,21,intercept_only,0.6,100,100,1.0,20016,8006,33612,3271,12009.0,50326.0,4795.0,4364.0,0.746070868707471,0.08076301937242303,-0.00027407243835485956,0.020330238691213955,0.020330238691213955,1.0979110496006579,0.09791104960065788,1.0,1.0,1.0,True
HRS,21,none,0.0,1,1,1.0,20016,8006,33612,3271,0.0,0.0,0.0,0.0,0.746070868707471,0.0810370918107779,0.0,-0.20316701072157461,0.20316701072157461,1.0979110496006579,0.09791104960065788,0.0,1.0,1.0,False
HRS,22,intercept_and_slope,0.05,100,100,1.0,20016,8006,34023,3209,1000.0,4152.5,406.5,371.0,0.7547856070570327,0.0782992380312797,-0.00029734447306607736,-0.013779149994490859,0.03220473563623487,1.0488923354822037,0.05452921425423185,1.0,1.0,0.99,True
HRS,22,intercept_and_slope,0.1,100,100,1.0,20016,8006,34023,3209,2001.0,8317.5,808.5,735.0,0.7547856070570327,0.0782818571671981,-0.00031472533714767964,-0.005029480800989794,0.03719697511997616,1.0421948660741953,0.04490118553000966,1.0,1.0,1.0,True
HRS,22,intercept_and_slope,0.2,100,100,1.0,20016,8006,34023,3209,4003.0,16617.0,1613.0,1473.0,0.7547856070570327,0.07827013725561925,-0.00032644524872652014,-0.005902543335623145,0.016025561525490103,1.045166290885279,0.045166290885279015,1.0,1.0,1.0,True
HRS,22,intercept_and_slope,0.3,100,100,1.0,20016,8006,34023,3209,6004.0,24961.5,2426.0,2218.0,0.7547856070570327,0.07826802498446675,-0.000328557519879015,-0.0068164712453168165,0.012181052236774834,1.0435191186229749,0.04351911862297497,1.0,1.0,1.0,True
HRS,22,intercept_and_slope,0.4,100,100,1.0,20016,8006,34023,3209,8006.0,33274.5,3242.5,2962.0,0.7547856070570327,0.07826481946107434,-0.0003317630432714269,-0.009971890006132127,0.010489606749172944,1.042714283542562,0.042714283542562015,1.0,1.0,1.0,True
HRS,22,intercept_and_slope,0.5,100,100,1.0,20016,8006,34023,3209,10008.0,41601.5,4048.0,3699.0,0.7547856070570327,0.07826381375500369,-0.0003327687493420925,-0.009999375544818431,0.010273827061525683,1.0450392976775067,0.045039297677506585,1.0,1.0,1.0,True
HRS,22,intercept_and_slope,0.6,100,100,1.0,20016,8006,34023,3209,12009.0,49914.0,4857.0,4437.0,0.7547856070570327,0.07826344273019724,-0.00033313977414853313,-0.009732642229581971,0.009732642229581971,1.0455587352191722,0.0455587352191722,1.0,1.0,1.0,True
HRS,22,intercept_only,0.05,100,100,1.0,20016,8006,34023,3209,1000.0,4152.5,406.5,371.0,0.7547856070570327,0.078306061858904,-0.0002905206454417719,-0.016203177257367453,0.031311010552590425,1.1360603331439691,0.13606033314396915,1.0,1.0,0.99,True
HRS,22,intercept_only,0.1,100,100,1.0,20016,8006,34023,3209,2001.0,8317.5,808.5,735.0,0.7547856070570327,0.07831006762853747,-0.0002865148758083025,-0.007695288522652917,0.03580291682787104,1.1360603331439691,0.13606033314396915,1.0,1.0,1.0,True
HRS,22,intercept_only,0.2,100,100,1.0,20016,8006,34023,3209,4003.0,16617.0,1613.0,1473.0,0.7547856070570327,0.07830988136381695,-0.000286701140528825,-0.007331407638804796,0.015512296545186955,1.1360603331439691,0.13606033314396915,1.0,1.0,1.0,True
HRS,22,intercept_only,0.3,100,100,1.0,20016,8006,34023,3209,6004.0,24961.5,2426.0,2218.0,0.7547856070570327,0.07830912137039524,-0.00028746113395053396,-0.00823650636561631,0.013242379676121945,1.1360603331439691,0.13606033314396915,1.0,1.0,1.0,True
HRS,22,intercept_only,0.4,100,100,1.0,20016,8006,34023,3209,8006.0,33274.5,3242.5,2962.0,0.7547856070570327,0.07830610918239823,-0.0002904733219475375,-0.012009435742227043,0.012009435742227043,1.1360603331439691,0.13606033314396915,1.0,1.0,1.0,True
HRS,22,intercept_only,0.5,100,100,1.0,20016,8006,34023,3209,10008.0,41601.5,4048.0,3699.0,0.7547856070570327,0.07830604511074427,-0.000290537393601506,-0.012093622404193222,0.012093622404193222,1.1360603331439691,0.13606033314396915,1.0,1.0,1.0,True
HRS,22,intercept_only,0.6,100,100,1.0,20016,8006,34023,3209,12009.0,49914.0,4857.0,4437.0,0.7547856070570327,0.07830653446994529,-0.0002900480344004766,-0.011456750893009592,0.011456750893009592,1.1360603331439691,0.13606033314396915,1.0,1.0,1.0,True
HRS,22,none,0.0,1,1,1.0,20016,8006,34023,3209,0.0,0.0,0.0,0.0,0.7547856070570327,0.07859658250434577,0.0,-0.22220271317323645,0.22220271317323645,1.1360603331439691,0.13606033314396915,0.0,1.0,1.0,False
HRS,23,intercept_and_slope,0.05,100,100,1.0,20016,8006,33754,3179,1000.0,4167.5,405.5,370.0,0.7516184270394661,0.07840816855415073,-0.0003338722929294158,-0.019603257405094634,0.04300363030987456,1.0125583953292554,0.03738100520586629,1.0,1.0,0.98,True
HRS,23,intercept_and_slope,0.1,100,100,1.0,20016,8006,33754,3179,2001.0,8360.0,818.0,744.0,0.7516184270394661,0.07839493744027712,-0.0003471034068030232,-0.027892615585282977,0.030366228338664286,1.0304583531856624,0.04235935922951162,1.0,1.0,1.0,True
HRS,23,intercept_and_slope,0.2,100,100,1.0,20016,8006,33754,3179,4003.0,16717.5,1632.0,1479.0,0.7516184270394661,0.07838206983009967,-0.0003599710169804732,-0.0237430424728594,0.02487204512697631,1.0287813925510139,0.03163105127694976,1.0,1.0,1.0,True
HRS,23,intercept_and_slope,0.3,100,100,1.0,20016,8006,33754,3179,6004.0,25142.5,2442.5,2221.5,0.7516184270394661,0.07837804291266864,-0.00036399793441150435,-0.019789343299755954,0.020488893536748647,1.0271426260414263,0.027438996303224994,1.0,1.0,1.0,True
HRS,23,intercept_and_slope,0.4,100,100,1.0,20016,8006,33754,3179,8006.0,33451.5,3254.5,2956.0,0.7516184270394661,0.07837648545355178,-0.00036555539352835925,-0.019290176363512584,0.019290176363512584,1.0225115465321246,0.022511546532124727,1.0,1.0,1.0,True
HRS,23,intercept_and_slope,0.5,100,100,1.0,20016,8006,33754,3179,10008.0,41811.5,4070.5,3694.5,0.7516184270394661,0.07837732343760168,-0.0003647174094784586,-0.020385802052017107,0.020385802052017107,1.023358945927578,0.023358945927578034,1.0,1.0,1.0,True
HRS,23,intercept_and_slope,0.6,100,100,1.0,20016,8006,33754,3179,12009.0,50184.0,4887.0,4438.0,0.7516184270394661,0.07837652923238522,-0.0003655116146949258,-0.021284175758007666,0.021284175758007666,1.022913569730302,0.02291356973030212,1.0,1.0,1.0,True
HRS,23,intercept_only,0.05,100,100,1.0,20016,8006,33754,3179,1000.0,4167.5,405.5,370.0,0.7516184270394661,0.07840081803611901,-0.00034122281096114065,-0.02103127667419605,0.044449210715050494,1.1214396621981255,0.12143966219812552,1.0,1.0,1.0,True
HRS,23,intercept_only,0.1,100,100,1.0,20016,8006,33754,3179,2001.0,8360.0,818.0,744.0,0.7516184270394661,0.0783921848152706,-0.00034985603180954367,-0.028442439329852184,0.03147593052024875,1.1214396621981255,0.12143966219812552,1.0,1.0,1.0,True
HRS,23,intercept_only,0.2,100,100,1.0,20016,8006,33754,3179,4003.0,16717.5,1632.0,1479.0,0.7516184270394661,0.07839144760914776,-0.0003505932379323784,-0.024982151826300966,0.025933366907088994,1.1214396621981255,0.12143966219812552,1.0,1.0,1.0,True
HRS,23,intercept_only,0.3,100,100,1.0,20016,8006,33754,3179,6004.0,25142.5,2442.5,2221.5,0.7516184270394661,0.07839319130905278,-0.0003488495380273571,-0.020667219849823823,0.02166986181902502,1.1214396621981255,0.12143966219812552,1.0,1.0,1.0,True
HRS,23,intercept_only,0.4,100,100,1.0,20016,8006,33754,3179,8006.0,33451.5,3254.5,2956.0,0.7516184270394661,0.07839292557339446,-0.0003491152736856823,-0.0203393865526362,0.0203393865526362,1.1214396621981255,0.12143966219812552,1.0,1.0,1.0,True
HRS,23,intercept_only,0.5,100,100,1.0,20016,8006,33754,3179,10008.0,41811.5,4070.5,3694.5,0.7516184270394661,0.07839237107331902,-0.0003496697737611215,-0.02150997455821633,0.02150997455821633,1.1214396621981255,0.12143966219812552,1.0,1.0,1.0,True
HRS,23,intercept_only,0.6,100,100,1.0,20016,8006,33754,3179,12009.0,50184.0,4887.0,4438.0,0.7516184270394661,0.07839195509993105,-0.0003500857471490995,-0.022425100293928236,0.022425100293928236,1.1214396621981255,0.12143966219812552,1.0,1.0,1.0,True
HRS,23,none,0.0,1,1,1.0,20016,8006,33754,3179,0.0,0.0,0.0,0.0,0.7516184270394661,0.07874204084708014,0.0,-0.2288387926385586,0.2288387926385586,1.1214396621981255,0.12143966219812552,0.0,1.0,1.0,False
HRS,24,intercept_and_slope,0.05,100,100,1.0,20016,8006,33954,3167,1000.0,4168.5,408.5,373.0,0.7443850809091125,0.07798360913824255,-0.0003690960599115195,-0.05738143996376003,0.06395451217827225,0.9431497689670596,0.061138647940391144,1.0,1.0,0.92,True
HRS,24,intercept_and_slope,0.1,100,100,1.0,20016,8006,33954,3167,2001.0,8359.5,816.5,747.0,0.7443850809091125,0.07792159962607327,-0.00043110557208080047,-0.054280800590102915,0.054280800590102915,0.9584263366883169,0.0420173317278113,1.0,1.0,0.98,True
HRS,24,intercept_and_slope,0.2,100,100,1.0,20016,8006,33954,3167,4003.0,16645.5,1628.5,1490.5,0.7443850809091125,0.07793129336516708,-0.0004214118329870023,-0.0512940830487052,0.0512940830487052,0.9559559896509612,0.04404401034903882,1.0,1.0,1.0,True
HRS,24,intercept_and_slope,0.3,100,100,1.0,20016,8006,33954,3167,6004.0,24994.0,2450.5,2239.0,0.7443850809091125,0.07793803107083247,-0.0004146741273216084,-0.05367003561543986,0.05367003561543986,0.9484560606215549,0.05154393937844515,1.0,1.0,1.0,True
HRS,24,intercept_and_slope,0.4,100,100,1.0,20016,8006,33954,3167,8006.0,33319.5,3268.0,2989.5,0.7443850809091125,0.0779343987684745,-0.00041830642967956994,-0.05563301352110421,0.05563301352110421,0.9540210646298622,0.04597893537013775,1.0,1.0,1.0,True
HRS,24,intercept_and_slope,0.5,100,100,1.0,20016,8006,33954,3167,10008.0,41657.0,4081.5,3731.0,0.7443850809091125,0.07792776517902131,-0.00042494001913275653,-0.05464842766277199,0.05464842766277199,0.9549300070344817,0.04506999296551828,1.0,1.0,1.0,True
HRS,24,intercept_and_slope,0.6,100,100,1.0,20016,8006,33954,3167,12009.0,49983.0,4899.0,4480.0,0.7443850809091125,0.07793161839412469,-0.00042108680402937887,-0.05518929500110354,0.05518929500110354,0.9536846600465085,0.04631533995349152,1.0,1.0,1.0,True
HRS,24,intercept_only,0.05,100,100,1.0,20016,8006,33954,3167,1000.0,4168.5,408.5,373.0,0.7443850809091125,0.07788921859764489,-0.00046348660050917617,-0.05543643083015674,0.05904583237190773,1.0756200251231094,0.07562002512310939,1.0,1.0,1.0,True
HRS,24,intercept_only,0.1,100,100,1.0,20016,8006,33954,3167,2001.0,8359.5,816.5,747.0,0.7443850809091125,0.07787870373372038,-0.0004740014644336876,-0.051442355992350516,0.051442355992350516,1.0756200251231094,0.07562002512310939,1.0,1.0,1.0,True
HRS,24,intercept_only,0.2,100,100,1.0,20016,8006,33954,3167,4003.0,16645.5,1628.5,1490.5,0.7443850809091125,0.07787326326277436,-0.0004794419353797222,-0.049853580673293554,0.049853580673293554,1.0756200251231094,0.07562002512310939,1.0,1.0,1.0,True
HRS,24,intercept_only,0.3,100,100,1.0,20016,8006,33954,3167,6004.0,24994.0,2450.5,2239.0,0.7443850809091125,0.07787389004848222,-0.00047881514967185873,-0.052334360206485894,0.052334360206485894,1.0756200251231094,0.07562002512310939,1.0,1.0,1.0,True
HRS,24,intercept_only,0.4,100,100,1.0,20016,8006,33954,3167,8006.0,33319.5,3268.0,2989.5,0.7443850809091125,0.07787439073222538,-0.00047831446592868504,-0.053740432656709206,0.053740432656709206,1.0756200251231094,0.07562002512310939,1.0,1.0,1.0,True
HRS,24,intercept_only,0.5,100,100,1.0,20016,8006,33954,3167,10008.0,41657.0,4081.5,3731.0,0.7443850809091125,0.07787398504639863,-0.00047872015175544347,-0.05260969701868022,0.05260969701868022,1.0756200251231094,0.07562002512310939,1.0,1.0,1.0,True
HRS,24,intercept_only,0.6,100,100,1.0,20016,8006,33954,3167,12009.0,49983.0,4899.0,4480.0,0.7443850809091125,0.07787428290152223,-0.0004784222966318294,-0.053446508073851,0.053446508073851,1.0756200251231094,0.07562002512310939,1.0,1.0,1.0,True
HRS,24,none,0.0,1,1,1.0,20016,8006,33954,3167,0.0,0.0,0.0,0.0,0.7443850809091125,0.07835270519815407,0.0,-0.2474839324475947,0.2474839324475947,1.0756200251231094,0.07562002512310939,0.0,1.0,1.0,False
HRS,25,intercept_and_slope,0.05,100,100,1.0,20016,8006,33425,3187,1000.0,4210.0,407.0,372.0,0.7505214981749327,0.07913119936036793,-0.0003470409826252657,-0.025093402185913737,0.04163221382668683,1.0163609139710816,0.05064755166070961,1.0,1.0,1.0,True
HRS,25,intercept_and_slope,0.1,100,100,1.0,20016,8006,33425,3187,2001.0,8424.0,817.5,743.5,0.7505214981749327,0.07912096337489423,-0.0003572769680989657,-0.03158763622898803,0.034662638252972555,1.0003428977757638,0.028603660307595924,1.0,1.0,1.0,True
HRS,25,intercept_and_slope,0.2,100,100,1.0,20016,8006,33425,3187,4003.0,16848.5,1624.0,1477.5,0.7505214981749327,0.07910967030216978,-0.0003685700408234058,-0.024101803069243418,0.025552352005798643,1.006502544051623,0.01783031167344884,1.0,1.0,1.0,True
HRS,25,intercept_and_slope,0.3,100,100,1.0,20016,8006,33425,3187,6004.0,25216.5,2436.0,2221.5,0.7505214981749327,0.07910767109925762,-0.0003705692437355676,-0.027861053553286073,0.027861053553286073,1.0103995391780676,0.013964888819797405,1.0,1.0,1.0,True
HRS,25,intercept_and_slope,0.4,100,100,1.0,20016,8006,33425,3187,8006.0,33728.5,3249.5,2963.0,0.7505214981749327,0.07910249184775901,-0.0003757484952341822,-0.021190947507514074,0.021190947507514074,1.0150912708714324,0.016275102302722333,1.0,1.0,1.0,True
HRS,25,intercept_and_slope,0.5,100,100,1.0,20016,8006,33425,3187,10008.0,42098.5,4064.0,3703.5,0.7505214981749327,0.0791024994037332,-0.0003757409392599956,-0.022126414818914766,0.022126414818914766,1.0156789445972407,0.01567894459724084,1.0,1.0,1.0,True
HRS,25,intercept_and_slope,0.6,100,100,1.0,20016,8006,33425,3187,12009.0,50513.0,4879.0,4446.0,0.7505214981749327,0.07910255212903786,-0.0003756882139553455,-0.02290678317926562,0.02290678317926562,1.0147635284939542,0.014763528493954237,1.0,1.0,1.0,True
HRS,25,intercept_only,0.05,100,100,1.0,20016,8006,33425,3187,1000.0,4210.0,407.0,372.0,0.7505214981749327,0.07913366191668117,-0.00034457842631203245,-0.02615369153864387,0.04153890029055954,1.1162026547297215,0.11620265472972147,1.0,1.0,1.0,True
HRS,25,intercept_only,0.1,100,100,1.0,20016,8006,33425,3187,2001.0,8424.0,817.5,743.5,0.7505214981749327,0.07912892175951022,-0.0003493185834829646,-0.029130538910847353,0.03400328536403706,1.1162026547297215,0.11620265472972147,1.0,1.0,1.0,True
HRS,25,intercept_only,0.2,100,100,1.0,20016,8006,33425,3187,4003.0,16848.5,1624.0,1477.5,0.7505214981749327,0.07912488233105638,-0.0003533580119368107,-0.021968876601435955,0.024383367536477265,1.1162026547297215,0.11620265472972147,1.0,1.0,1.0,True
HRS,25,intercept_only,0.3,100,100,1.0,20016,8006,33425,3187,6004.0,25216.5,2436.0,2221.5,0.7505214981749327,0.07912308252494556,-0.00035515781804763835,-0.025617661770754335,0.025617661770754335,1.1162026547297215,0.11620265472972147,1.0,1.0,1.0,True
HRS,25,intercept_only,0.4,100,100,1.0,20016,8006,33425,3187,8006.0,33728.5,3249.5,2963.0,0.7505214981749327,0.07912525674072038,-0.00035298360227282305,-0.020609244150687836,0.020609244150687836,1.1162026547297215,0.11620265472972147,1.0,1.0,1.0,True
HRS,25,intercept_only,0.5,100,100,1.0,20016,8006,33425,3187,10008.0,42098.5,4064.0,3703.5,0.7505214981749327,0.07912513499150142,-0.0003531053514917795,-0.020856313539796167,0.020856313539796167,1.1162026547297215,0.11620265472972147,1.0,1.0,1.0,True
HRS,25,intercept_only,0.6,100,100,1.0,20016,8006,33425,3187,12009.0,50513.0,4879.0,4446.0,0.7505214981749327,0.07912473500222843,-0.0003535053407647676,-0.021684881653945998,0.021684881653945998,1.1162026547297215,0.11620265472972147,1.0,1.0,1.0,True
HRS,25,none,0.0,1,1,1.0,20016,8006,33425,3187,0.0,0.0,0.0,0.0,0.7505214981749327,0.0794782403429932,0.0,-0.22839443240080837,0.22839443240080837,1.1162026547297215,0.11620265472972147,0.0,1.0,1.0,False
HRS,26,intercept_and_slope,0.05,100,100,1.0,20016,8006,33621,3185,1000.0,4175.5,403.5,368.0,0.7512459889583785,0.07903506069520727,-0.0003625203156142412,-0.04490462560889038,0.05609684634002368,0.992744342638858,0.03835592022956735,1.0,1.0,0.97,True
HRS,26,intercept_and_slope,0.1,100,100,1.0,20016,8006,33621,3185,2001.0,8392.0,814.5,739.0,0.7512459889583785,0.07902608211304235,-0.0003714988977791753,-0.043740144567219655,0.044418449074402566,0.995143675073497,0.02649518929496386,1.0,1.0,1.0,True
HRS,26,intercept_and_slope,0.2,100,100,1.0,20016,8006,33621,3185,4003.0,16753.5,1628.0,1478.5,0.7512459889583785,0.0790331959840194,-0.0003643850268021248,-0.04874219851093624,0.04874219851093624,0.9869501925636519,0.0203502307903336,1.0,1.0,1.0,True
HRS,26,intercept_and_slope,0.3,100,100,1.0,20016,8006,33621,3185,6004.0,25169.5,2442.5,2214.5,0.7512459889583785,0.07901434078384503,-0.0003832402269764862,-0.04416114150202696,0.04416114150202696,0.991634916336559,0.014017278909846609,1.0,1.0,1.0,True
HRS,26,intercept_and_slope,0.4,100,100,1.0,20016,8006,33621,3185,8006.0,33559.0,3250.5,2955.0,0.7512459889583785,0.07900942283801232,-0.00038815817280919013,-0.04373737992743451,0.04373737992743451,0.9970297219643851,0.008963972651487295,1.0,1.0,1.0,True
HRS,26,intercept_and_slope,0.5,100,100,1.0,20016,8006,33621,3185,10008.0,41939.5,4070.5,3698.0,0.7512459889583785,0.079017353400518,-0.00038022761030351293,-0.04820967272383739,0.04820967272383739,0.9917735428688874,0.008365529008262096,1.0,1.0,1.0,True
HRS,26,intercept_and_slope,0.6,100,100,1.0,20016,8006,33621,3185,12009.0,50316.0,4881.0,4431.0,0.7512459889583785,0.07901562027850108,-0.00038196073232044103,-0.04644301171494011,0.04644301171494011,0.9920263195591787,0.007973680440821196,1.0,1.0,1.0,True
HRS,26,intercept_only,0.05,100,100,1.0,20016,8006,33621,3185,1000.0,4175.5,403.5,368.0,0.7512459889583785,0.0789923871108198,-0.00040519390000172406,-0.0425678507193222,0.055338638456430146,1.1013340422387534,0.10133404223875342,1.0,1.0,1.0,True
HRS,26,intercept_only,0.1,100,100,1.0,20016,8006,33621,3185,2001.0,8392.0,814.5,739.0,0.7512459889583785,0.07898341784887666,-0.00041416316194484853,-0.04053443170986645,0.04151569773982856,1.1013340422387534,0.10133404223875342,1.0,1.0,1.0,True
HRS,26,intercept_only,0.2,100,100,1.0,20016,8006,33621,3185,4003.0,16753.5,1628.0,1478.5,0.7512459889583785,0.0789797179285984,-0.0004178630822231147,-0.04531508552319066,0.04531508552319066,1.1013340422387534,0.10133404223875342,1.0,1.0,1.0,True
HRS,26,intercept_only,0.3,100,100,1.0,20016,8006,33621,3185,6004.0,25169.5,2442.5,2214.5,0.7512459889583785,0.07897696564568737,-0.0004206153651341374,-0.04312039960930415,0.04312039960930415,1.1013340422387534,0.10133404223875342,1.0,1.0,1.0,True
HRS,26,intercept_only,0.4,100,100,1.0,20016,8006,33621,3185,8006.0,33559.0,3250.5,2955.0,0.7512459889583785,0.07897669803134169,-0.00042088297947983494,-0.04202801911223887,0.04202801911223887,1.1013340422387534,0.10133404223875342,1.0,1.0,1.0,True
HRS,26,intercept_only,0.5,100,100,1.0,20016,8006,33621,3185,10008.0,41939.5,4070.5,3698.0,0.7512459889583785,0.07897648437923979,-0.00042109663158172717,-0.04567687119453041,0.04567687119453041,1.1013340422387534,0.10133404223875342,1.0,1.0,1.0,True
HRS,26,intercept_only,0.6,100,100,1.0,20016,8006,33621,3185,12009.0,50316.0,4881.0,4431.0,0.7512459889583785,0.07897618725996142,-0.00042139375086010233,-0.044067610566565205,0.044067610566565205,1.1013340422387534,0.10133404223875342,1.0,1.0,1.0,True
HRS,26,none,0.0,1,1,1.0,20016,8006,33621,3185,0.0,0.0,0.0,0.0,0.7512459889583785,0.07939758101082152,0.0,-0.24178985197055836,0.24178985197055836,1.1013340422387534,0.10133404223875342,0.0,1.0,1.0,False
HRS,27,intercept_and_slope,0.05,100,100,1.0,20016,8006,33692,3135,1000.0,4171.0,410.0,370.0,0.7461908429661533,0.07782462925128339,-0.000406426930419819,-0.05227460256796297,0.052922932150911484,0.9937065401003148,0.04055430075097477,1.0,1.0,0.96,True
HRS,27,intercept_and_slope,0.1,100,100,1.0,20016,8006,33692,3135,2001.0,8375.5,825.0,746.0,0.7461908429661533,0.07780559663519468,-0.0004254595465085359,-0.05806540913716187,0.05806540913716187,0.9945151712554241,0.026102079102739928,1.0,1.0,1.0,True
HRS,27,intercept_and_slope,0.2,100,100,1.0,20016,8006,33692,3135,4003.0,16756.5,1644.5,1490.5,0.7461908429661533,0.07780986056333514,-0.0004211956183680782,-0.054802017249912266,0.054802017249912266,0.9919603705488442,0.018176493359537305,1.0,1.0,1.0,True
HRS,27,intercept_and_slope,0.3,100,100,1.0,20016,8006,33692,3135,6004.0,25108.5,2461.5,2229.0,0.7461908429661533,0.07779907284208892,-0.0004319833396142919,-0.0570503020410037,0.0570503020410037,0.9939881765334374,0.014418825978971261,1.0,1.0,1.0,True
HRS,27,intercept_and_slope,0.4,100,100,1.0,20016,8006,33692,3135,8006.0,33485.5,3284.0,2974.5,0.7461908429661533,0.07779897384455221,-0.00043208233715100186,-0.05676689844959831,0.05676689844959831,0.9963247532220583,0.00845126074374064,1.0,1.0,1.0,True
HRS,27,intercept_and_slope,0.5,100,100,1.0,20016,8006,33692,3135,10008.0,41875.0,4110.5,3723.5,0.7461908429661533,0.07780159339659004,-0.00042946278511317437,-0.05627124909834665,0.05627124909834665,0.994251854735837,0.007191890909731491,1.0,1.0,1.0,True
HRS,27,intercept_and_slope,0.6,100,100,1.0,20016,8006,33692,3135,12009.0,50245.0,4931.0,4467.0,0.7461908429661533,0.07779859312216109,-0.0004324630595421222,-0.05597722335470981,0.05597722335470981,0.9957373065249047,0.0042626934750953915,1.0,1.0,1.0,True
HRS,27,intercept_only,0.05,100,100,1.0,20016,8006,33692,3135,1000.0,4171.0,410.0,370.0,0.7461908429661533,0.07778218793747292,-0.0004488682442302938,-0.05303766165454509,0.05615574870381096,1.1033257312921403,0.10332573129214029,1.0,1.0,1.0,True
HRS,27,intercept_only,0.1,100,100,1.0,20016,8006,33692,3135,2001.0,8375.5,825.0,746.0,0.7461908429661533,0.07777647698493852,-0.0004545791967646984,-0.057704012260355965,0.057704012260355965,1.1033257312921403,0.10332573129214029,1.0,1.0,1.0,True
HRS,27,intercept_only,0.2,100,100,1.0,20016,8006,33692,3135,4003.0,16756.5,1644.5,1490.5,0.7461908429661533,0.07777449079873279,-0.00045656538297042526,-0.05615002746295725,0.05615002746295725,1.1033257312921403,0.10332573129214029,1.0,1.0,1.0,True
HRS,27,intercept_only,0.3,100,100,1.0,20016,8006,33692,3135,6004.0,25108.5,2461.5,2229.0,0.7461908429661533,0.07777393460868279,-0.0004571215730204345,-0.05708729001394966,0.05708729001394966,1.1033257312921403,0.10332573129214029,1.0,1.0,1.0,True
HRS,27,intercept_only,0.4,100,100,1.0,20016,8006,33692,3135,8006.0,33485.5,3284.0,2974.5,0.7461908429661533,0.07777384920859665,-0.0004572069731065692,-0.056808486058983976,0.056808486058983976,1.1033257312921403,0.10332573129214029,1.0,1.0,1.0,True
HRS,27,intercept_only,0.5,100,100,1.0,20016,8006,33692,3135,10008.0,41875.0,4110.5,3723.5,0.7461908429661533,0.07777382866560606,-0.0004572275160971556,-0.05674008330022645,0.05674008330022645,1.1033257312921403,0.10332573129214029,1.0,1.0,1.0,True
HRS,27,intercept_only,0.6,100,100,1.0,20016,8006,33692,3135,12009.0,50245.0,4931.0,4467.0,0.7461908429661533,0.07777369582602792,-0.0004573603556753056,-0.056293247129350035,0.056293247129350035,1.1033257312921403,0.10332573129214029,1.0,1.0,1.0,True
HRS,27,none,0.0,1,1,1.0,20016,8006,33692,3135,0.0,0.0,0.0,0.0,0.7461908429661533,0.07823105618170322,0.0,-0.24934037479508392,0.24934037479508392,1.1033257312921403,0.10332573129214029,0.0,1.0,1.0,False
HRS,28,intercept_and_slope,0.05,100,100,1.0,20016,8006,33592,3263,1000.0,4197.0,403.0,368.5,0.7419442417406971,0.08087334266750107,-0.00025034000948204876,0.02757946519261454,0.0376004790938278,0.9459805743181149,0.05678674079617235,1.0,1.0,0.99,True
HRS,28,intercept_and_slope,0.1,100,100,1.0,20016,8006,33592,3263,2001.0,8378.0,806.0,735.5,0.7419442417406971,0.08085073898009464,-0.0002729436968884752,0.01928148021246845,0.025112181169410896,0.9539711892463075,0.04631713709635715,1.0,1.0,1.0,True
HRS,28,intercept_and_slope,0.2,100,100,1.0,20016,8006,33592,3263,4003.0,16780.0,1595.5,1459.5,0.7419442417406971,0.08084506762298287,-0.00027861505400024467,0.028339505013571683,0.02847392319119668,0.9529036049270675,0.04828156669511452,1.0,1.0,1.0,True
HRS,28,intercept_and_slope,0.3,100,100,1.0,20016,8006,33592,3263,6004.0,25211.5,2409.0,2196.0,0.7419442417406971,0.08084661833766818,-0.00027706433931492386,0.0278228704317281,0.0278228704317281,0.9469028381191991,0.053097161880800936,1.0,1.0,1.0,True
HRS,28,intercept_and_slope,0.4,100,100,1.0,20016,8006,33592,3263,8006.0,33576.5,3196.0,2920.0,0.7419442417406971,0.08084255180134575,-0.0002811308756373518,0.03148273893615546,0.03148273893615546,0.9517051152115104,0.048294884788489645,1.0,1.0,1.0,True
HRS,28,intercept_and_slope,0.5,100,100,1.0,20016,8006,33592,3263,10008.0,41947.0,4004.0,3653.5,0.7419442417406971,0.0808411186744056,-0.0002825640025775067,0.028437839081876484,0.028437839081876484,0.9519506679268708,0.048049332073129225,1.0,1.0,1.0,True
HRS,28,intercept_and_slope,0.6,100,100,1.0,20016,8006,33592,3263,12009.0,50346.0,4803.0,4383.0,0.7419442417406971,0.0808402354598137,-0.00028344721716940663,0.02824157741072811,0.02824157741072811,0.9520028756817944,0.04799712431820552,1.0,1.0,1.0,True
HRS,28,intercept_only,0.05,100,100,1.0,20016,8006,33592,3263,1000.0,4197.0,403.0,368.5,0.7419442417406971,0.0808586374969307,-0.000265045180052402,0.02491102346103991,0.03623498069951071,1.0740872087599571,0.07408720875995711,1.0,1.0,0.99,True
HRS,28,intercept_only,0.1,100,100,1.0,20016,8006,33592,3263,2001.0,8378.0,806.0,735.5,0.7419442417406971,0.08084795574883955,-0.00027572692814357286,0.017177581976240905,0.023594121543692528,1.0740872087599571,0.07408720875995711,1.0,1.0,1.0,True
HRS,28,intercept_only,0.2,100,100,1.0,20016,8006,33592,3263,4003.0,16780.0,1595.5,1459.5,0.7419442417406971,0.08085781265298136,-0.00026587002400175336,0.02673371146412895,0.027284765107721792,1.0740872087599571,0.07408720875995711,1.0,1.0,1.0,True
HRS,28,intercept_only,0.3,100,100,1.0,20016,8006,33592,3263,6004.0,25211.5,2409.0,2196.0,0.7419442417406971,0.08085719673086833,-0.00026648594611478754,0.02617071550080411,0.02617071550080411,1.0740872087599571,0.07408720875995711,1.0,1.0,1.0,True
HRS,28,intercept_only,0.4,100,100,1.0,20016,8006,33592,3263,8006.0,33576.5,3196.0,2920.0,0.7419442417406971,0.08086101502923802,-0.0002626676477450879,0.029542150444329045,0.029542150444329045,1.0740872087599571,0.07408720875995711,1.0,1.0,1.0,True
HRS,28,intercept_only,0.5,100,100,1.0,20016,8006,33592,3263,10008.0,41947.0,4004.0,3653.5,0.7419442417406971,0.0808578680538864,-0.0002658146230967093,0.026783278182476004,0.026783278182476004,1.0740872087599571,0.07408720875995711,1.0,1.0,1.0,True
HRS,28,intercept_only,0.6,100,100,1.0,20016,8006,33592,3263,12009.0,50346.0,4803.0,4383.0,0.7419442417406971,0.0808576893104184,-0.0002659933665647221,0.02662381538733445,0.02662381538733445,1.0740872087599571,0.07408720875995711,1.0,1.0,1.0,True
HRS,28,none,0.0,1,1,1.0,20016,8006,33592,3263,0.0,0.0,0.0,0.0,0.7419442417406971,0.08112368267698311,0.0,-0.19940039307048565,0.19940039307048565,1.0740872087599571,0.07408720875995711,1.0,1.0,1.0,False
HRS,29,intercept_and_slope,0.05,100,100,1.0,20016,8006,33705,3187,1000.0,4173.0,406.5,369.5,0.7481143186613206,0.07886628415037228,-0.000355697010261162,-0.033037179190312585,0.03604231332831387,0.992036139874918,0.04031910672229877,0.99,1.0,0.99,True
HRS,29,intercept_and_slope,0.1,100,100,1.0,20016,8006,33705,3187,2001.0,8372.5,810.0,737.0,0.7481143186613206,0.07884425011393613,-0.00037773104669731883,-0.02484103715839593,0.0299103970686948,1.0101355679756296,0.029749039854323533,1.0,1.0,1.0,True
HRS,29,intercept_and_slope,0.2,100,100,1.0,20016,8006,33705,3187,4003.0,16724.5,1628.0,1485.5,0.7481143186613206,0.07883853827843618,-0.00038344288219726436,-0.03269984306952065,0.03269984306952065,1.0090544886157513,0.020446505416942873,1.0,1.0,1.0,True
HRS,29,intercept_and_slope,0.3,100,100,1.0,20016,8006,33705,3187,6004.0,25096.0,2438.0,2230.0,0.7481143186613206,0.0788379461635576,-0.00038403499707583694,-0.032403414662045,0.032403414662045,1.0050191952734586,0.013908926795294152,1.0,1.0,1.0,True
HRS,29,intercept_and_slope,0.4,100,100,1.0,20016,8006,33705,3187,8006.0,33469.5,3251.5,2965.0,0.7481143186613206,0.07883371385404542,-0.00038826730658803044,-0.02881944161076643,0.02881944161076643,1.0111023659163747,0.012485225574230263,1.0,1.0,1.0,True
HRS,29,intercept_and_slope,0.5,100,100,1.0,20016,8006,33705,3187,10008.0,41862.5,4068.0,3710.5,0.7481143186613206,0.07883321354081144,-0.0003887676198220044,-0.03016305852883788,0.03016305852883788,1.0092510831318773,0.009714475588716298,1.0,1.0,1.0,True
HRS,29,intercept_and_slope,0.6,100,100,1.0,20016,8006,33705,3187,12009.0,50233.0,4879.0,4450.0,0.7481143186613206,0.07883365573935977,-0.0003883254212736706,-0.030452944947589385,0.030452944947589385,1.0090556605790917,0.009055660579091684,1.0,1.0,1.0,True
HRS,29,intercept_only,0.05,100,100,1.0,20016,8006,33705,3187,1000.0,4173.0,406.5,369.5,0.7481143186613206,0.07885080492100231,-0.0003711762396311352,-0.03271671669627081,0.03799177267904795,1.11239921886392,0.11239921886392001,1.0,1.0,1.0,True
HRS,29,intercept_only,0.1,100,100,1.0,20016,8006,33705,3187,2001.0,8372.5,810.0,737.0,0.7481143186613206,0.07884936422926794,-0.0003726169313655117,-0.025591232037392248,0.02948639787147274,1.11239921886392,0.11239921886392001,1.0,1.0,1.0,True
HRS,29,intercept_only,0.2,100,100,1.0,20016,8006,33705,3187,4003.0,16724.5,1628.0,1485.5,0.7481143186613206,0.07884346811950521,-0.00037851304112824363,-0.03155794624841045,0.03155794624841045,1.11239921886392,0.11239921886392001,1.0,1.0,1.0,True
HRS,29,intercept_only,0.3,100,100,1.0,20016,8006,33705,3187,6004.0,25096.0,2438.0,2230.0,0.7481143186613206,0.07884253457064827,-0.00037944658998518427,-0.03297799517670933,0.03297799517670933,1.11239921886392,0.11239921886392001,1.0,1.0,1.0,True
HRS,29,intercept_only,0.4,100,100,1.0,20016,8006,33705,3187,8006.0,33469.5,3251.5,2965.0,0.7481143186613206,0.07884348664885155,-0.00037849451178190857,-0.029105071294177085,0.029105071294177085,1.11239921886392,0.11239921886392001,1.0,1.0,1.0,True
HRS,29,intercept_only,0.5,100,100,1.0,20016,8006,33705,3187,10008.0,41862.5,4068.0,3710.5,0.7481143186613206,0.0788429894100457,-0.0003789917505877538,-0.030468693860616916,0.030468693860616916,1.11239921886392,0.11239921886392001,1.0,1.0,1.0,True
HRS,29,intercept_only,0.6,100,100,1.0,20016,8006,33705,3187,12009.0,50233.0,4879.0,4450.0,0.7481143186613206,0.07884292480934449,-0.0003790563512889658,-0.030693483587184718,0.030693483587184718,1.11239921886392,0.11239921886392001,1.0,1.0,1.0,True
HRS,29,none,0.0,1,1,1.0,20016,8006,33705,3187,0.0,0.0,0.0,0.0,0.7481143186613206,0.07922198116063345,0.0,-0.23375689358047197,0.23375689358047197,1.11239921886392,0.11239921886392001,0.0,1.0,1.0,False
HRS,30,intercept_and_slope,0.05,100,100,1.0,20016,8006,33903,3156,1000.0,4167.0,411.0,374.0,0.7486008042743709,0.07767388447586115,-0.0004188978093924295,-0.07177546788002456,0.07177546788002456,0.9961379298831672,0.03614708849564274,1.0,1.0,0.97,True
HRS,30,intercept_and_slope,0.1,100,100,1.0,20016,8006,33903,3156,2001.0,8346.0,817.0,747.0,0.7486008042743709,0.07766390241138936,-0.0004288798738642241,-0.0637298237888896,0.0637298237888896,0.9957847211186575,0.02729513228551189,1.0,1.0,0.98,True
HRS,30,intercept_and_slope,0.2,100,100,1.0,20016,8006,33903,3156,4003.0,16697.5,1639.0,1495.0,0.7486008042743709,0.07765394175033041,-0.00043884053492316416,-0.06263585124284565,0.06263585124284565,1.000010961387772,0.018489441027208786,1.0,1.0,1.0,True
HRS,30,intercept_and_slope,0.3,100,100,1.0,20016,8006,33903,3156,6004.0,25032.5,2463.0,2243.5,0.7486008042743709,0.07764814304738404,-0.0004446392378695402,-0.06286179689134282,0.06286179689134282,1.0014780206131886,0.013301013394077743,1.0,1.0,1.0,True
HRS,30,intercept_and_slope,0.4,100,100,1.0,20016,8006,33903,3156,8006.0,33337.0,3274.5,2988.0,0.7486008042743709,0.07764654527656459,-0.000446237008689003,-0.06281950371419937,0.06281950371419937,1.004766073989906,0.010304898658069828,1.0,1.0,1.0,True
HRS,30,intercept_and_slope,0.5,100,100,1.0,20016,8006,33903,3156,10008.0,41693.5,4092.0,3731.0,0.7486008042743709,0.07764880314447756,-0.00044397914077602685,-0.06301926767105909,0.06301926767105909,1.001616191166948,0.007271974563585304,1.0,1.0,1.0,True
HRS,30,intercept_and_slope,0.6,100,100,1.0,20016,8006,33903,3156,12009.0,50035.5,4910.0,4479.0,0.7486008042743709,0.07764872476787389,-0.00044405751737969235,-0.06282588849762685,0.06282588849762685,1.0011845477166201,0.0011845477166201324,1.0,1.0,1.0,True
HRS,30,intercept_only,0.05,100,100,1.0,20016,8006,33903,3156,1000.0,4167.0,411.0,374.0,0.7486008042743709,0.07764567642102085,-0.0004471058642327233,-0.07022991522789662,0.07022991522789662,1.1072826576985983,0.10728265769859835,1.0,1.0,1.0,True
HRS,30,intercept_only,0.1,100,100,1.0,20016,8006,33903,3156,2001.0,8346.0,817.0,747.0,0.7486008042743709,0.07763601243445292,-0.00045676985080065485,-0.06198061840244619,0.06198061840244619,1.1072826576985983,0.10728265769859835,1.0,1.0,1.0,True
HRS,30,intercept_only,0.2,100,100,1.0,20016,8006,33903,3156,4003.0,16697.5,1639.0,1495.0,0.7486008042743709,0.0776305592850174,-0.0004622230002361838,-0.06247777177263633,0.06247777177263633,1.1072826576985983,0.10728265769859835,1.0,1.0,1.0,True
HRS,30,intercept_only,0.3,100,100,1.0,20016,8006,33903,3156,6004.0,25032.5,2463.0,2243.5,0.7486008042743709,0.07762990561384062,-0.0004628766714129609,-0.06166088783798118,0.06166088783798118,1.1072826576985983,0.10728265769859835,1.0,1.0,1.0,True
HRS,30,intercept_only,0.4,100,100,1.0,20016,8006,33903,3156,8006.0,33337.0,3274.5,2988.0,0.7486008042743709,0.07762971098606705,-0.0004630712991865321,-0.06140886912772267,0.06140886912772267,1.1072826576985983,0.10728265769859835,1.0,1.0,1.0,True
HRS,30,intercept_only,0.5,100,100,1.0,20016,8006,33903,3156,10008.0,41693.5,4092.0,3731.0,0.7486008042743709,0.07762991423939349,-0.00046286804586009866,-0.061983382105913976,0.061983382105913976,1.1072826576985983,0.10728265769859835,1.0,1.0,1.0,True
HRS,30,intercept_only,0.6,100,100,1.0,20016,8006,33903,3156,12009.0,50035.5,4910.0,4479.0,0.7486008042743709,0.07762981851981571,-0.0004629637654378835,-0.061715174440042986,0.061715174440042986,1.1072826576985983,0.10728265769859835,1.0,1.0,1.0,True
HRS,30,none,0.0,1,1,1.0,20016,8006,33903,3156,0.0,0.0,0.0,0.0,0.7486008042743709,0.07809278228525358,0.0,-0.2524682921027461,0.2524682921027461,1.1072826576985983,0.10728265769859835,0.0,1.0,1.0,False
MHAS,1,intercept_and_slope,0.05,100,100,1.0,5192,2076,3118,458,259.0,390.0,60.0,60.0,0.707911974258791,0.11660538486733882,-0.01533147070535995,0.00591098623069143,0.08667494794803757,1.1011855211483768,0.1575966183277125,0.85,1.0,1.0,False
MHAS,1,intercept_and_slope,0.1,100,100,1.0,5192,2076,3118,458,519.0,779.5,119.0,119.0,0.707911974258791,0.11637612566958501,-0.01556072990311376,-0.008123708067464437,0.05554479940410162,1.0672407194191318,0.09388363689072787,0.96,1.0,1.0,True
MHAS,1,intercept_and_slope,0.2,100,100,1.0,5192,2076,3118,458,1038.0,1558.0,239.0,239.0,0.707911974258791,0.11626648887284763,-0.015670366699851147,-0.011511907281952413,0.04151483435921095,1.1017891886048197,0.10178918860481967,0.99,1.0,1.0,False
MHAS,1,intercept_and_slope,0.3,100,100,1.0,5192,2076,3118,458,1557.0,2338.5,357.0,357.0,0.707911974258791,0.11622669202130606,-0.015710163551392715,-0.00012685305510166527,0.024535979030912043,1.0935194324886313,0.09351943248863126,1.0,1.0,1.0,True
MHAS,1,intercept_and_slope,0.4,100,100,1.0,5192,2076,3118,458,2076.0,3116.0,474.5,474.5,0.707911974258791,0.1161986593615557,-0.01573819621114307,-0.0025617602457305997,0.020858078224404674,1.0742804012078548,0.07428040120785473,1.0,1.0,1.0,True
MHAS,1,intercept_and_slope,0.5,100,100,1.0,5192,2076,3118,458,2596.0,3897.5,597.0,597.0,0.707911974258791,0.11619478714196185,-0.015742068430736916,-0.00815222265772373,0.01506211763060511,1.0784979892189357,0.0784979892189357,1.0,1.0,1.0,True
MHAS,1,intercept_and_slope,0.6,100,100,1.0,5192,2076,3118,458,3115.0,4677.0,714.0,714.0,0.707911974258791,0.11619117995790533,-0.01574567561479344,-0.006143492951241206,0.006143492951241206,1.0810273732640434,0.08102737326404352,1.0,1.0,1.0,True
MHAS,1,intercept_only,0.05,100,100,1.0,5192,2076,3118,458,259.0,390.0,60.0,60.0,0.707911974258791,0.11648764882390172,-0.015449206748797045,0.01732141328607883,0.09376379797315737,0.8743118406012597,0.12568815939874034,0.83,1.0,1.0,True
MHAS,1,intercept_only,0.1,100,100,1.0,5192,2076,3118,458,519.0,779.5,119.0,119.0,0.707911974258791,0.11645420894023667,-0.0154826466324621,-0.0002495775993375494,0.05975446689784693,0.8743118406012597,0.12568815939874034,0.96,1.0,1.0,True
MHAS,1,intercept_only,0.2,100,100,1.0,5192,2076,3118,458,1038.0,1558.0,239.0,239.0,0.707911974258791,0.11640902664233997,-0.015527828930358797,-0.00012614537417647865,0.0435784704737492,0.8743118406012597,0.12568815939874034,0.99,1.0,1.0,True
MHAS,1,intercept_only,0.3,100,100,1.0,5192,2076,3118,458,1557.0,2338.5,357.0,357.0,0.707911974258791,0.11639245036999005,-0.015544405202708729,0.008738137322438805,0.026739127448496575,0.8743118406012597,0.12568815939874034,1.0,1.0,1.0,True
MHAS,1,intercept_only,0.4,100,100,1.0,5192,2076,3118,458,2076.0,3116.0,474.5,474.5,0.707911974258791,0.11639181964540707,-0.015545035927291694,0.007631581593316545,0.022931913140701816,0.8743118406012597,0.12568815939874034,1.0,1.0,1.0,True
MHAS,1,intercept_only,0.5,100,100,1.0,5192,2076,3118,458,2596.0,3897.5,597.0,597.0,0.707911974258791,0.11640385126185426,-0.015533004310844499,-0.001028698662244918,0.015274011024771508,0.8743118406012597,0.12568815939874034,1.0,1.0,1.0,True
MHAS,1,intercept_only,0.6,100,100,1.0,5192,2076,3118,458,3115.0,4677.0,714.0,714.0,0.707911974258791,0.11639941571319155,-0.015537439859507216,0.0019613830060706515,0.0019613830060706515,0.8743118406012597,0.12568815939874034,1.0,1.0,1.0,True
MHAS,1,none,0.0,1,1,1.0,5192,2076,3118,458,0.0,0.0,0.0,0.0,0.707911974258791,0.13193685557269877,0.0,-0.7849761554444958,0.7849761554444958,0.8743118406012597,0.12568815939874034,0.0,1.0,1.0,False
MHAS,2,intercept_and_slope,0.05,100,100,1.0,5192,2076,3111,455,259.0,389.0,59.0,59.0,0.6879807692307692,0.11867055611332646,-0.018154729732271488,-0.07405170251920143,0.12458265418444182,0.8548458443909417,0.17343460432026192,0.72,1.0,1.0,False
MHAS,2,intercept_and_slope,0.1,100,100,1.0,5192,2076,3111,455,519.0,782.0,120.0,120.0,0.6879807692307692,0.1181953670364693,-0.018629918809128655,-0.06703040142304534,0.0843280585194142,0.8680999363371658,0.13516160524387538,0.95,1.0,1.0,False
MHAS,2,intercept_and_slope,0.2,100,100,1.0,5192,2076,3111,455,1038.0,1560.0,238.0,238.0,0.6879807692307692,0.11809443100821489,-0.018730854837383057,-0.06176578358991852,0.06558830916610757,0.8890172874428552,0.11098271255714481,1.0,1.0,1.0,False
MHAS,2,intercept_and_slope,0.3,100,100,1.0,5192,2076,3111,455,1557.0,2344.5,358.0,358.0,0.6879807692307692,0.11809594993041084,-0.0187293359151871,-0.06790159714586991,0.06790159714586991,0.8807227332233458,0.11927726677665423,1.0,1.0,1.0,False
MHAS,2,intercept_and_slope,0.4,100,100,1.0,5192,2076,3111,455,2076.0,3121.0,477.5,477.5,0.6879807692307692,0.11809189448840171,-0.018733391357196226,-0.06512607144018007,0.06512607144018007,0.8782410987973035,0.1217589012026965,1.0,1.0,1.0,False
MHAS,2,intercept_and_slope,0.5,100,100,1.0,5192,2076,3111,455,2596.0,3904.0,597.0,597.0,0.6879807692307692,0.11806604594774783,-0.018759239897850104,-0.06595547448937714,0.06595547448937714,0.8843764117613682,0.11562358823863189,1.0,1.0,1.0,False
MHAS,2,intercept_and_slope,0.6,100,100,1.0,5192,2076,3111,455,3115.0,4684.0,717.0,717.0,0.6879807692307692,0.1180826381518432,-0.018742647693754756,-0.06768807897665291,0.06768807897665291,0.8816671161623422,0.11833288383765783,1.0,1.0,1.0,False
MHAS,2,intercept_only,0.05,100,100,1.0,5192,2076,3111,455,259.0,389.0,59.0,59.0,0.6879807692307692,0.11890262389651993,-0.017922661949078017,-0.0757056575086929,0.12382038476978807,0.7716120693340255,0.22838793066597451,0.71,1.0,1.0,False
MHAS,2,intercept_only,0.1,100,100,1.0,5192,2076,3111,455,519.0,782.0,120.0,120.0,0.6879807692307692,0.11877645359907729,-0.018048832246520652,-0.0652066819985812,0.08426677920287248,0.7716120693340255,0.22838793066597451,0.95,1.0,1.0,True
MHAS,2,intercept_only,0.2,100,100,1.0,5192,2076,3111,455,1038.0,1560.0,238.0,238.0,0.6879807692307692,0.11876493803283597,-0.01806034781276198,-0.06297976719356561,0.0664953225145484,0.7716120693340255,0.22838793066597451,1.0,1.0,1.0,True
MHAS,2,intercept_only,0.3,100,100,1.0,5192,2076,3111,455,1557.0,2344.5,358.0,358.0,0.6879807692307692,0.1188139351133741,-0.018011350732223853,-0.07240104159120499,0.07240104159120499,0.7716120693340255,0.22838793066597451,1.0,1.0,1.0,True
MHAS,2,intercept_only,0.4,100,100,1.0,5192,2076,3111,455,2076.0,3121.0,477.5,477.5,0.6879807692307692,0.1187954452278257,-0.018029840617772235,-0.06891801264596636,0.06891801264596636,0.7716120693340255,0.22838793066597451,1.0,1.0,1.0,True
MHAS,2,intercept_only,0.5,100,100,1.0,5192,2076,3111,455,2596.0,3904.0,597.0,597.0,0.6879807692307692,0.1187957112612465,-0.018029574584351456,-0.0689673769232429,0.0689673769232429,0.7716120693340255,0.22838793066597451,1.0,1.0,1.0,True
MHAS,2,intercept_only,0.6,100,100,1.0,5192,2076,3111,455,3115.0,4684.0,717.0,717.0,0.6879807692307692,0.11880545385110583,-0.01801983199449212,-0.07081407614150559,0.07081407614150559,0.7716120693340255,0.22838793066597451,1.0,1.0,1.0,True
MHAS,2,none,0.0,1,1,1.0,5192,2076,3111,455,0.0,0.0,0.0,0.0,0.6879807692307692,0.13682528584559794,0.0,-0.828894781598459,0.828894781598459,0.7716120693340255,0.22838793066597451,0.0,1.0,1.0,False
MHAS,3,intercept_and_slope,0.05,100,100,1.0,5192,2076,3104,459,259.0,391.0,58.0,58.0,0.7275671201057613,0.11663840997972358,-0.014268440410277673,0.018419447804299452,0.0930645310145749,1.2033382014138767,0.20333820141387682,0.8,1.0,1.0,False
MHAS,3,intercept_and_slope,0.1,100,100,1.0,5192,2076,3104,459,519.0,782.0,118.0,118.0,0.7275671201057613,0.11631772252169176,-0.014589127868309494,-0.002525347477824796,0.05882504524308528,1.2441040115768018,0.24410401157680184,0.98,1.0,1.0,False
MHAS,3,intercept_and_slope,0.2,100,100,1.0,5192,2076,3104,459,1038.0,1562.5,239.0,239.0,0.7275671201057613,0.11625801491031582,-0.014648835479685436,-0.009414749580936887,0.04420155472941771,1.2605151363073808,0.2605151363073809,0.99,1.0,1.0,False
MHAS,3,intercept_and_slope,0.3,100,100,1.0,5192,2076,3104,459,1557.0,2344.5,359.0,359.0,0.7275671201057613,0.11620647870039984,-0.014700371689601407,-0.016718984018830582,0.031762378407360785,1.2555301768058844,0.2555301768058843,1.0,1.0,1.0,False
MHAS,3,intercept_and_slope,0.4,100,100,1.0,5192,2076,3104,459,2076.0,3128.0,475.0,475.0,0.7275671201057613,0.11621515370076776,-0.014691696689233487,-0.0025462906028650405,0.01936973135626808,1.2703074834185166,0.27030748341851674,1.0,1.0,1.0,False
MHAS,3,intercept_and_slope,0.5,100,100,1.0,5192,2076,3104,459,2596.0,3910.0,595.0,595.0,0.7275671201057613,0.11620047446020212,-0.01470637592979912,-0.005773335553342467,0.014518614196856558,1.25387338145529,0.25387338145529004,1.0,1.0,1.0,False
MHAS,3,intercept_and_slope,0.6,100,100,1.0,5192,2076,3104,459,3115.0,4692.0,713.0,713.0,0.7275671201057613,0.11618965352277952,-0.014717196867221727,-0.006653975296979611,0.006653975296979611,1.253005749949165,0.253005749949165,1.0,1.0,1.0,False
MHAS,3,intercept_only,0.05,100,100,1.0,5192,2076,3104,459,259.0,391.0,58.0,58.0,0.7275671201057613,0.11643536828817554,-0.014471482101825708,0.026407570555614397,0.10548528498190103,0.95479608530015,0.04520391469984997,0.76,1.0,1.0,False
MHAS,3,intercept_only,0.1,100,100,1.0,5192,2076,3104,459,519.0,782.0,118.0,118.0,0.7275671201057613,0.11632767640812086,-0.01457917398188039,0.0005439507679990186,0.06138677711838261,0.95479608530015,0.04520391469984997,0.96,1.0,1.0,True
MHAS,3,intercept_only,0.2,100,100,1.0,5192,2076,3104,459,1038.0,1562.5,239.0,239.0,0.7275671201057613,0.11630660985881078,-0.014600240531190467,-0.0021484461951621573,0.041977919463932714,0.95479608530015,0.04520391469984997,0.99,1.0,1.0,True
MHAS,3,intercept_only,0.3,100,100,1.0,5192,2076,3104,459,1557.0,2344.5,359.0,359.0,0.7275671201057613,0.11629050915008629,-0.014616341239914961,-0.010094512606718075,0.03091518169349161,0.95479608530015,0.04520391469984997,1.0,1.0,1.0,True
MHAS,3,intercept_only,0.4,100,100,1.0,5192,2076,3104,459,2076.0,3128.0,475.0,475.0,0.7275671201057613,0.11627481339126053,-0.014632036998740723,0.0056493414520264115,0.02145378184100829,0.95479608530015,0.04520391469984997,1.0,1.0,1.0,True
MHAS,3,intercept_only,0.5,100,100,1.0,5192,2076,3104,459,2596.0,3910.0,595.0,595.0,0.7275671201057613,0.11627321906338982,-0.014633631326611427,0.0036849566684393105,0.0156896768772941,0.95479608530015,0.04520391469984997,1.0,1.0,1.0,True
MHAS,3,intercept_only,0.6,100,100,1.0,5192,2076,3104,459,3115.0,4692.0,713.0,713.0,0.7275671201057613,0.11627046729591559,-0.014636383094085659,0.0011831587843632847,0.001189078492813887,0.95479608530015,0.04520391469984997,1.0,1.0,1.0,True
MHAS,3,none,0.0,1,1,1.0,5192,2076,3104,459,0.0,0.0,0.0,0.0,0.7275671201057613,0.13090685039000124,0.0,-0.7854132044661623,0.7854132044661623,0.95479608530015,0.04520391469984997,0.0,1.0,1.0,False
MHAS,4,intercept_and_slope,0.05,100,100,1.0,5192,2076,3110,464,259.0,390.0,57.0,57.0,0.698232693460526,0.11863397091157701,-0.01600750137253642,0.02682659799329208,0.11267449307261446,0.9773198330766546,0.1289547461439331,0.84,1.0,1.0,False
MHAS,4,intercept_and_slope,0.1,100,100,1.0,5192,2076,3110,464,519.0,780.0,118.0,118.0,0.698232693460526,0.11834982294117197,-0.01629164934294148,-0.003642490240180442,0.056195709189243034,0.9708864683671765,0.10276079111914832,0.94,1.0,1.0,False
MHAS,4,intercept_and_slope,0.2,100,100,1.0,5192,2076,3110,464,1038.0,1562.5,235.0,235.0,0.698232693460526,0.11823701991972635,-0.016404452364387097,0.009804047803746153,0.044593950270789676,0.9748038207500116,0.055591023994221,1.0,1.0,1.0,True
MHAS,4,intercept_and_slope,0.3,100,100,1.0,5192,2076,3110,464,1557.0,2342.5,354.0,354.0,0.698232693460526,0.11818159335650061,-0.016459878927612838,-0.004515588889338534,0.029053829367957355,0.9841149098587834,0.03133711925726368,1.0,1.0,1.0,True
MHAS,4,intercept_and_slope,0.4,100,100,1.0,5192,2076,3110,464,2076.0,3125.5,475.0,475.0,0.698232693460526,0.11816990633474492,-0.01647156594936853,-0.005768260661945369,0.020767804497068575,0.9773791627927091,0.03041641035486281,1.0,1.0,1.0,True
MHAS,4,intercept_and_slope,0.5,100,100,1.0,5192,2076,3110,464,2596.0,3907.0,589.0,589.0,0.698232693460526,0.1181520585141655,-0.016489413769947933,0.002773663259393261,0.010815129513943748,0.9798771126999849,0.02212591622589921,1.0,1.0,1.0,True
MHAS,4,intercept_and_slope,0.6,100,100,1.0,5192,2076,3110,464,3115.0,4685.0,708.0,708.0,0.698232693460526,0.11814746411701876,-0.01649400816709467,-0.0004471663340781655,0.000542445224568365,0.9817631133979761,0.01823688660202394,1.0,1.0,1.0,True
MHAS,4,intercept_only,0.05,100,100,1.0,5192,2076,3110,464,259.0,390.0,57.0,57.0,0.698232693460526,0.11868252501470822,-0.01595894726940522,0.028133665704849462,0.11254148963678282,0.8246191539244169,0.17538084607558313,0.83,1.0,1.0,False
MHAS,4,intercept_only,0.1,100,100,1.0,5192,2076,3110,464,519.0,780.0,118.0,118.0,0.698232693460526,0.11861556339269816,-0.01602590889141528,-0.0020502748058889523,0.05693903634947399,0.8246191539244169,0.17538084607558313,0.92,1.0,1.0,True
MHAS,4,intercept_only,0.2,100,100,1.0,5192,2076,3110,464,1038.0,1562.5,235.0,235.0,0.698232693460526,0.11856271663820869,-0.016078755645904753,0.010521679773068069,0.04528116171040806,0.8246191539244169,0.17538084607558313,1.0,1.0,1.0,True
MHAS,4,intercept_only,0.3,100,100,1.0,5192,2076,3110,464,1557.0,2342.5,354.0,354.0,0.698232693460526,0.11858435271577451,-0.016057119568338926,-0.003960713758146321,0.028780550891274674,0.8246191539244169,0.17538084607558313,1.0,1.0,1.0,True
MHAS,4,intercept_only,0.4,100,100,1.0,5192,2076,3110,464,2076.0,3125.5,475.0,475.0,0.698232693460526,0.11858772763709981,-0.016053744647013632,-0.00543063467722215,0.019986195565560045,0.8246191539244169,0.17538084607558313,1.0,1.0,1.0,True
MHAS,4,intercept_only,0.5,100,100,1.0,5192,2076,3110,464,2596.0,3907.0,589.0,589.0,0.698232693460526,0.1185665910457103,-0.01607488123840315,0.004384207366227664,0.011313405587268578,0.8246191539244169,0.17538084607558313,1.0,1.0,1.0,True
MHAS,4,intercept_only,0.6,100,100,1.0,5192,2076,3110,464,3115.0,4685.0,708.0,708.0,0.698232693460526,0.11857330829573691,-0.01606816398837653,0.001096996849596429,0.001096996849596429,0.8246191539244169,0.17538084607558313,1.0,1.0,1.0,True
MHAS,4,none,0.0,1,1,1.0,5192,2076,3110,464,0.0,0.0,0.0,0.0,0.698232693460526,0.13464147228411344,0.0,-0.785451501472574,0.785451501472574,0.8246191539244169,0.17538084607558313,0.0,1.0,1.0,False
MHAS,5,intercept_and_slope,0.05,100,100,1.0,5192,2076,3140,473,259.0,388.5,58.0,58.0,0.7047466054058253,0.1204748616381946,-0.015833257037133147,0.02280900750966977,0.09671439834626466,0.9551724509574262,0.11933702300084614,0.83,1.0,1.0,False
MHAS,5,intercept_and_slope,0.1,100,100,1.0,5192,2076,3140,473,519.0,778.0,116.0,116.0,0.7047466054058253,0.12030554242109845,-0.016002576254229302,0.033636815001120944,0.07189776924485593,0.9520958480323036,0.08888555963974443,0.93,1.0,1.0,True
MHAS,5,intercept_and_slope,0.2,100,100,1.0,5192,2076,3140,473,1038.0,1552.0,234.0,234.0,0.7047466054058253,0.12017152701199896,-0.016136591663328786,0.018655390449367173,0.045443002337072824,0.9607757932357155,0.0541189125439982,1.0,1.0,1.0,True
MHAS,5,intercept_and_slope,0.3,100,100,1.0,5192,2076,3140,473,1557.0,2328.0,350.0,350.0,0.7047466054058253,0.12016541601722389,-0.01614270265810385,0.017962968033012665,0.030641723876533307,0.9512175587654044,0.05430907073506197,1.0,1.0,1.0,True
MHAS,5,intercept_and_slope,0.4,100,100,1.0,5192,2076,3140,473,2076.0,3104.0,466.0,466.0,0.7047466054058253,0.12013345018949295,-0.016174668485834792,0.013424060877658843,0.02207212398792719,0.9599455437182999,0.041442290603253884,1.0,1.0,1.0,True
MHAS,5,intercept_and_slope,0.5,100,100,1.0,5192,2076,3140,473,2596.0,3879.0,582.0,582.0,0.7047466054058253,0.12013160852249323,-0.016176510152834514,0.018232337574555665,0.01929996142288693,0.9567972288565932,0.04320277114340676,1.0,1.0,1.0,True
MHAS,5,intercept_and_slope,0.6,100,100,1.0,5192,2076,3140,473,3115.0,4656.0,699.0,699.0,0.7047466054058253,0.12012393792863502,-0.01618418074669272,0.01566625557171574,0.01566625557171574,0.958011829787752,0.041988170212248044,1.0,1.0,1.0,True
MHAS,5,intercept_only,0.05,100,100,1.0,5192,2076,3140,473,259.0,388.5,58.0,58.0,0.7047466054058253,0.12092574784097707,-0.015382370834350678,0.021784423132476586,0.09506231889211533,0.8128105826736637,0.18718941732633632,0.82,1.0,1.0,True
MHAS,5,intercept_only,0.1,100,100,1.0,5192,2076,3140,473,519.0,778.0,116.0,116.0,0.7047466054058253,0.1208424679339489,-0.015465650741378852,0.03923810112543298,0.073555358607069,0.8128105826736637,0.18718941732633632,0.93,1.0,1.0,True
MHAS,5,intercept_only,0.2,100,100,1.0,5192,2076,3140,473,1038.0,1552.0,234.0,234.0,0.7047466054058253,0.12082193546201928,-0.015486183213308469,0.018517975017943035,0.04112480826055244,0.8128105826736637,0.18718941732633632,1.0,1.0,1.0,True
MHAS,5,intercept_only,0.3,100,100,1.0,5192,2076,3140,473,1557.0,2328.0,350.0,350.0,0.7047466054058253,0.12080522720802227,-0.015502891467305477,0.019846633689902263,0.032051332456101575,0.8128105826736637,0.18718941732633632,1.0,1.0,1.0,True
MHAS,5,intercept_only,0.4,100,100,1.0,5192,2076,3140,473,2076.0,3104.0,466.0,466.0,0.7047466054058253,0.12081106942141748,-0.015497049253910274,0.015120108885334965,0.024819950608755616,0.8128105826736637,0.18718941732633632,1.0,1.0,1.0,True
MHAS,5,intercept_only,0.5,100,100,1.0,5192,2076,3140,473,2596.0,3879.0,582.0,582.0,0.7047466054058253,0.1208040320701228,-0.015504086605204942,0.019763676199596972,0.021606390443100053,0.8128105826736637,0.18718941732633632,1.0,1.0,1.0,True
MHAS,5,intercept_only,0.6,100,100,1.0,5192,2076,3140,473,3115.0,4656.0,699.0,699.0,0.7047466054058253,0.12080833187957607,-0.015499786795751667,0.016872465483360854,0.016872465483360854,0.8128105826736637,0.18718941732633632,1.0,1.0,1.0,True
MHAS,5,none,0.0,1,1,1.0,5192,2076,3140,473,0.0,0.0,0.0,0.0,0.7047466054058253,0.13630811867532774,0.0,-0.7760343235946947,0.7760343235946947,0.8128105826736637,0.18718941732633632,0.0,1.0,1.0,False
MHAS,6,intercept_and_slope,0.05,100,100,1.0,5192,2076,3148,489,259.0,385.5,57.0,57.0,0.6975976176907381,0.12339670268093048,-0.015657122828701103,0.022487527175408608,0.11399652428773296,0.9526907607535456,0.12685279890442636,0.83,1.0,1.0,False
MHAS,6,intercept_and_slope,0.1,100,100,1.0,5192,2076,3148,489,519.0,774.0,113.0,113.0,0.6975976176907381,0.12312493632288674,-0.015928889186744837,0.04300801203731423,0.06506249379725493,0.9666658207181008,0.09034846412792857,0.97,1.0,1.0,True
MHAS,6,intercept_and_slope,0.2,100,100,1.0,5192,2076,3148,489,1038.0,1551.5,226.0,226.0,0.6975976176907381,0.12303076668024682,-0.016023058829384755,0.05339884198197353,0.05732839926337112,0.9461434802735773,0.0644581990258089,0.99,1.0,1.0,True
MHAS,6,intercept_and_slope,0.3,100,100,1.0,5192,2076,3148,489,1557.0,2322.5,342.5,342.5,0.6975976176907381,0.12300469102134565,-0.016049134488285932,0.04261712182600573,0.04337746950282491,0.9410577385030747,0.061527987180996724,1.0,1.0,1.0,True
MHAS,6,intercept_and_slope,0.4,100,100,1.0,5192,2076,3148,489,2076.0,3095.0,455.0,455.0,0.6975976176907381,0.12298758804530258,-0.016066237464329003,0.04608924719462034,0.04608924719462034,0.9398360612607951,0.06016393873920489,1.0,1.0,1.0,True
MHAS,6,intercept_and_slope,0.5,100,100,1.0,5192,2076,3148,489,2596.0,3873.0,569.0,569.0,0.6975976176907381,0.12297757649115924,-0.016076249018472336,0.04793008942866368,0.04793008942866368,0.9477729505343733,0.052227049465626785,1.0,1.0,1.0,True
MHAS,6,intercept_and_slope,0.6,100,100,1.0,5192,2076,3148,489,3115.0,4647.0,683.0,683.0,0.6975976176907381,0.12296853362190793,-0.01608529188772364,0.046335837555785526,0.046335837555785526,0.9480847148156166,0.05191528518438332,1.0,1.0,1.0,True
MHAS,6,intercept_only,0.05,100,100,1.0,5192,2076,3148,489,259.0,385.5,57.0,57.0,0.6975976176907381,0.12372376213409801,-0.015330063375533567,0.02634457457985334,0.11400277521046481,0.8075323913134527,0.19246760868654733,0.78,1.0,1.0,False
MHAS,6,intercept_only,0.1,100,100,1.0,5192,2076,3148,489,519.0,774.0,113.0,113.0,0.6975976176907381,0.12357553224666554,-0.015478293262966042,0.03983048579758456,0.06927722406104303,0.8075323913134527,0.19246760868654733,0.96,1.0,1.0,True
MHAS,6,intercept_only,0.2,100,100,1.0,5192,2076,3148,489,1038.0,1551.5,226.0,226.0,0.6975976176907381,0.12352654878556385,-0.015527276724067722,0.05220830521078465,0.05473665641196952,0.8075323913134527,0.19246760868654733,0.99,1.0,1.0,True
MHAS,6,intercept_only,0.3,100,100,1.0,5192,2076,3148,489,1557.0,2322.5,342.5,342.5,0.6975976176907381,0.12351611789404873,-0.015537707615582853,0.04134113829757949,0.042303556117025215,0.8075323913134527,0.19246760868654733,1.0,1.0,1.0,True
MHAS,6,intercept_only,0.4,100,100,1.0,5192,2076,3148,489,2076.0,3095.0,455.0,455.0,0.6975976176907381,0.12351462497751806,-0.015539200532113523,0.04390455465370381,0.04390455465370381,0.8075323913134527,0.19246760868654733,1.0,1.0,1.0,True
MHAS,6,intercept_only,0.5,100,100,1.0,5192,2076,3148,489,2596.0,3873.0,569.0,569.0,0.6975976176907381,0.1235089034316033,-0.015544922078028281,0.046268865061944865,0.046268865061944865,0.8075323913134527,0.19246760868654733,1.0,1.0,1.0,True
MHAS,6,intercept_only,0.6,100,100,1.0,5192,2076,3148,489,3115.0,4647.0,683.0,683.0,0.6975976176907381,0.12350973076445826,-0.015544094745173313,0.044165105213516284,0.044165105213516284,0.8075323913134527,0.19246760868654733,1.0,1.0,1.0,True
MHAS,6,none,0.0,1,1,1.0,5192,2076,3148,489,0.0,0.0,0.0,0.0,0.6975976176907381,0.13905382550963158,0.0,-0.7601135966285038,0.7601135966285038,0.8075323913134527,0.19246760868654733,0.0,1.0,1.0,False
MHAS,7,intercept_and_slope,0.05,100,100,1.0,5192,2076,3146,477,259.0,386.0,58.0,58.0,0.6954563341981427,0.12092436448509275,-0.018130113679635816,-0.03915203248865318,0.08641561738661799,0.9332440616333416,0.13812898458685907,0.89,1.0,1.0,False
MHAS,7,intercept_and_slope,0.1,100,100,1.0,5192,2076,3146,477,519.0,776.5,115.5,115.5,0.6954563341981427,0.12082021523179465,-0.018234262932933933,-0.022418662426660317,0.07315473795412178,0.9298460136381781,0.09508216070909353,0.94,1.0,1.0,True
MHAS,7,intercept_and_slope,0.2,100,100,1.0,5192,2076,3146,477,1038.0,1550.5,233.0,233.0,0.6954563341981427,0.12069147148389157,-0.018363006680837,-0.04653003099259243,0.0523611240127545,0.9442265211844401,0.06249795941150044,0.99,1.0,1.0,True
MHAS,7,intercept_and_slope,0.3,100,100,1.0,5192,2076,3146,477,1557.0,2323.0,346.0,346.0,0.6954563341981427,0.12068967118088175,-0.01836480698384682,-0.04021877463384753,0.045032718692487095,0.9237636583333998,0.07698641471038131,1.0,1.0,1.0,True
MHAS,7,intercept_and_slope,0.4,100,100,1.0,5192,2076,3146,477,2076.0,3099.0,463.0,463.0,0.6954563341981427,0.12067257222559247,-0.018381905939136113,-0.03812510263314948,0.03812510263314948,0.9327441934731394,0.06725580652686058,1.0,1.0,1.0,True
MHAS,7,intercept_and_slope,0.5,100,100,1.0,5192,2076,3146,477,2596.0,3878.0,578.0,578.0,0.6954563341981427,0.1206637160728348,-0.018390762091893782,-0.039092308273088974,0.039092308273088974,0.9312464975855641,0.06875350241443584,1.0,1.0,1.0,True
MHAS,7,intercept_and_slope,0.6,100,100,1.0,5192,2076,3146,477,3115.0,4650.0,695.0,695.0,0.6954563341981427,0.12066886474766648,-0.01838561341706209,-0.04064182237207142,0.04064182237207142,0.9302654861449117,0.06973451385508833,1.0,1.0,1.0,True
MHAS,7,intercept_only,0.05,100,100,1.0,5192,2076,3146,477,259.0,386.0,58.0,58.0,0.6954563341981427,0.1213397916174003,-0.017714686547328273,-0.03948174866747796,0.08869046565344851,0.7993110065929255,0.20068899340707447,0.89,1.0,1.0,True
MHAS,7,intercept_only,0.1,100,100,1.0,5192,2076,3146,477,519.0,776.5,115.5,115.5,0.6954563341981427,0.12130506918634129,-0.017749408978387275,-0.034028070028608845,0.07370908504250445,0.7993110065929255,0.20068899340707447,0.93,1.0,1.0,True
MHAS,7,intercept_only,0.2,100,100,1.0,5192,2076,3146,477,1038.0,1550.5,233.0,233.0,0.6954563341981427,0.12139342288727908,-0.01766105527744949,-0.057809817220282125,0.05937078292506824,0.7993110065929255,0.20068899340707447,0.99,1.0,1.0,True
MHAS,7,intercept_only,0.3,100,100,1.0,5192,2076,3146,477,1557.0,2323.0,346.0,346.0,0.6954563341981427,0.12134827732702166,-0.017706200837706902,-0.047267060704496454,0.05169757343701887,0.7993110065929255,0.20068899340707447,1.0,1.0,1.0,True
MHAS,7,intercept_only,0.4,100,100,1.0,5192,2076,3146,477,2076.0,3099.0,463.0,463.0,0.6954563341981427,0.12136188205758634,-0.01769259610714223,-0.050546943762542415,0.050546943762542415,0.7993110065929255,0.20068899340707447,1.0,1.0,1.0,True
MHAS,7,intercept_only,0.5,100,100,1.0,5192,2076,3146,477,2596.0,3878.0,578.0,578.0,0.6954563341981427,0.12135112939817269,-0.017703348766555875,-0.04796332829164425,0.04796332829164425,0.7993110065929255,0.20068899340707447,1.0,1.0,1.0,True
MHAS,7,intercept_only,0.6,100,100,1.0,5192,2076,3146,477,3115.0,4650.0,695.0,695.0,0.6954563341981427,0.1213615541328952,-0.017692924031833375,-0.050469047668112374,0.050469047668112374,0.7993110065929255,0.20068899340707447,1.0,1.0,1.0,True
MHAS,7,none,0.0,1,1,1.0,5192,2076,3146,477,0.0,0.0,0.0,0.0,0.6954563341981427,0.13905447816472857,0.0,-0.8159412613018237,0.8159412613018237,0.7993110065929255,0.20068899340707447,0.0,1.0,1.0,False
MHAS,8,intercept_and_slope,0.05,100,100,1.0,5192,2076,3130,441,259.0,386.0,60.0,60.0,0.7100161993643372,0.11286195837626783,-0.017470118939528163,-0.08384312572616107,0.11050572856740776,1.1154260871351371,0.13673012251581956,0.76,1.0,1.0,False
MHAS,8,intercept_and_slope,0.1,100,100,1.0,5192,2076,3130,441,519.0,778.0,122.0,122.0,0.7100161993643372,0.11274729959428817,-0.017584777721507815,-0.11236358839263555,0.12112771993395308,1.1123360233037336,0.13189415837656193,0.77,1.0,1.0,False
MHAS,8,intercept_and_slope,0.2,100,100,1.0,5192,2076,3130,441,1038.0,1551.0,243.0,243.0,0.7100161993643372,0.11259374396011673,-0.01773833335567926,-0.12002039165043746,0.12002039165043746,1.1151202373939908,0.1151202373939908,0.88,1.0,1.0,False
MHAS,8,intercept_and_slope,0.3,100,100,1.0,5192,2076,3130,441,1557.0,2332.0,365.5,365.5,0.7100161993643372,0.11255472059296424,-0.017777356722831747,-0.11660369467771768,0.11660369467771768,1.0951463336334057,0.09514633363340574,0.99,1.0,1.0,False
MHAS,8,intercept_and_slope,0.4,100,100,1.0,5192,2076,3130,441,2076.0,3110.5,487.0,487.0,0.7100161993643372,0.11250591051355617,-0.01782616680223982,-0.10806019624253045,0.10806019624253045,1.0967209800468765,0.09672098004687646,1.0,1.0,1.0,False
MHAS,8,intercept_and_slope,0.5,100,100,1.0,5192,2076,3130,441,2596.0,3890.5,609.5,609.5,0.7100161993643372,0.11251699341013877,-0.017815083905657232,-0.11207233541947502,0.11207233541947502,1.0925069605971582,0.09250696059715824,1.0,1.0,1.0,False
MHAS,8,intercept_and_slope,0.6,100,100,1.0,5192,2076,3130,441,3115.0,4665.0,731.0,731.0,0.7100161993643372,0.1125074468912637,-0.017824630424532292,-0.1122977818625367,0.1122977818625367,1.0977663575967345,0.09776635759673435,1.0,1.0,1.0,False
MHAS,8,intercept_only,0.05,100,100,1.0,5192,2076,3130,441,259.0,386.0,60.0,60.0,0.7100161993643372,0.11290728794816218,-0.0174247893676338,-0.08847129352375023,0.11634611751868738,0.8823297428719012,0.11767025712809875,0.77,1.0,1.0,False
MHAS,8,intercept_only,0.1,100,100,1.0,5192,2076,3130,441,519.0,778.0,122.0,122.0,0.7100161993643372,0.11299092019336768,-0.017341157122428306,-0.11256132569344887,0.1210973508581939,0.8823297428719012,0.11767025712809875,0.78,1.0,1.0,False
MHAS,8,intercept_only,0.2,100,100,1.0,5192,2076,3130,441,1038.0,1551.0,243.0,243.0,0.7100161993643372,0.11301574787100233,-0.017316329444793666,-0.1172785244588703,0.1172785244588703,0.8823297428719012,0.11767025712809875,0.87,1.0,1.0,False
MHAS,8,intercept_only,0.3,100,100,1.0,5192,2076,3130,441,1557.0,2332.0,365.5,365.5,0.7100161993643372,0.11301882854639572,-0.01731324876940027,-0.11787258448332695,0.11787258448332695,0.8823297428719012,0.11767025712809875,0.97,1.0,1.0,False
MHAS,8,intercept_only,0.4,100,100,1.0,5192,2076,3130,441,2076.0,3110.5,487.0,487.0,0.7100161993643372,0.11296270328605884,-0.017369374029737143,-0.10698516617532697,0.10698516617532697,0.8823297428719012,0.11767025712809875,1.0,1.0,1.0,False
MHAS,8,intercept_only,0.5,100,100,1.0,5192,2076,3130,441,2596.0,3890.5,609.5,609.5,0.7100161993643372,0.11298339673529585,-0.01734868058050014,-0.1110982308429814,0.1110982308429814,0.8823297428719012,0.11767025712809875,1.0,1.0,1.0,False
MHAS,8,intercept_only,0.6,100,100,1.0,5192,2076,3130,441,3115.0,4665.0,731.0,731.0,0.7100161993643372,0.11298505486970678,-0.017347022446089204,-0.1114229031314562,0.1114229031314562,0.8823297428719012,0.11767025712809875,1.0,1.0,1.0,False
MHAS,8,none,0.0,1,1,1.0,5192,2076,3130,441,0.0,0.0,0.0,0.0,0.7100161993643372,0.130332077315796,0.0,-0.8540359595838894,0.8540359595838894,0.8823297428719012,0.11767025712809875,0.0,1.0,1.0,False
MHAS,9,intercept_and_slope,0.05,100,100,1.0,5192,2076,3114,471,259.0,391.0,58.0,58.0,0.6835088159003513,0.1226026087701356,-0.015532700847589065,0.06111640757695415,0.12826138468861073,0.779057752174761,0.22312946029375946,0.74,1.0,1.0,False
MHAS,9,intercept_and_slope,0.1,100,100,1.0,5192,2076,3114,471,519.0,779.5,116.0,116.0,0.6835088159003513,0.12236618866844717,-0.01576912094927748,0.052090276737643326,0.07104378717731631,0.7965173030782977,0.20348269692170234,0.94,1.0,1.0,False
MHAS,9,intercept_and_slope,0.2,100,100,1.0,5192,2076,3114,471,1038.0,1560.0,235.0,235.0,0.6835088159003513,0.1222516550390911,-0.015883654578633548,0.04253250209906374,0.04792633250621041,0.8041293837983823,0.19587061620161778,1.0,1.0,1.0,False
MHAS,9,intercept_and_slope,0.3,100,100,1.0,5192,2076,3114,471,1557.0,2339.0,351.0,351.0,0.6835088159003513,0.12214951827404989,-0.01598579134367477,0.04698478996554867,0.04698478996554867,0.8119826508904265,0.18801734910957346,1.0,1.0,1.0,False
MHAS,9,intercept_and_slope,0.4,100,100,1.0,5192,2076,3114,471,2076.0,3121.0,467.0,467.0,0.6835088159003513,0.12212575315512862,-0.01600955646259604,0.052890183724074225,0.052890183724074225,0.8091435643948975,0.19085643560510246,1.0,1.0,1.0,False
MHAS,9,intercept_and_slope,0.5,100,100,1.0,5192,2076,3114,471,2596.0,3901.0,585.0,585.0,0.6835088159003513,0.12213320374423114,-0.016002105873493516,0.05163696227452232,0.05163696227452232,0.8079374118743374,0.19206258812566257,1.0,1.0,1.0,False
MHAS,9,intercept_and_slope,0.6,100,100,1.0,5192,2076,3114,471,3115.0,4681.0,701.0,701.0,0.6835088159003513,0.12211526348782245,-0.01602004612990221,0.052551912793562146,0.052551912793562146,0.810621533525635,0.18937846647436501,1.0,1.0,1.0,False
MHAS,9,intercept_only,0.05,100,100,1.0,5192,2076,3114,471,259.0,391.0,58.0,58.0,0.6835088159003513,0.12281092421715381,-0.015324385400570843,0.0682264656825847,0.1292089732039044,0.7340617061288716,0.26593829387112844,0.72,1.0,1.0,False
MHAS,9,intercept_only,0.1,100,100,1.0,5192,2076,3114,471,519.0,779.5,116.0,116.0,0.6835088159003513,0.12272245866611028,-0.01541285095161437,0.05374929557031298,0.07810218317840043,0.7340617061288716,0.26593829387112844,0.94,1.0,1.0,True
MHAS,9,intercept_only,0.2,100,100,1.0,5192,2076,3114,471,1038.0,1560.0,235.0,235.0,0.6835088159003513,0.12270109290287731,-0.015434216714847356,0.046726918631781536,0.051930430168935365,0.7340617061288716,0.26593829387112844,1.0,1.0,1.0,True
MHAS,9,intercept_only,0.3,100,100,1.0,5192,2076,3114,471,1557.0,2339.0,351.0,351.0,0.6835088159003513,0.12269891433701133,-0.01543639528071334,0.053805215774104645,0.053805215774104645,0.7340617061288716,0.26593829387112844,1.0,1.0,1.0,True
MHAS,9,intercept_only,0.4,100,100,1.0,5192,2076,3114,471,2076.0,3121.0,467.0,467.0,0.6835088159003513,0.12268193769556471,-0.01545337192215996,0.05629902064471896,0.05629902064471896,0.7340617061288716,0.26593829387112844,1.0,1.0,1.0,True
MHAS,9,intercept_only,0.5,100,100,1.0,5192,2076,3114,471,2596.0,3901.0,585.0,585.0,0.6835088159003513,0.12268317181632477,-0.015452137801399903,0.05541253706109355,0.05541253706109355,0.7340617061288716,0.26593829387112844,1.0,1.0,1.0,True
MHAS,9,intercept_only,0.6,100,100,1.0,5192,2076,3114,471,3115.0,4681.0,701.0,701.0,0.6835088159003513,0.12268089361842915,-0.015454415999295514,0.05704332425963982,0.05704332425963982,0.7340617061288716,0.26593829387112844,1.0,1.0,1.0,True
MHAS,9,none,0.0,1,1,1.0,5192,2076,3114,471,0.0,0.0,0.0,0.0,0.6835088159003513,0.13813530961772466,0.0,-0.751715090143541,0.751715090143541,0.7340617061288716,0.26593829387112844,0.0,1.0,1.0,False
MHAS,10,intercept_and_slope,0.05,100,100,1.0,5192,2076,3120,467,259.0,388.0,59.0,59.0,0.710135429084766,0.11824345037579498,-0.015271344032769064,-0.00394004245559129,0.06320133648530629,1.1061357250179613,0.15573920753421866,0.84,1.0,1.0,False
MHAS,10,intercept_and_slope,0.1,100,100,1.0,5192,2076,3120,467,519.0,779.0,118.0,118.0,0.710135429084766,0.1180690628856122,-0.015445731522951846,0.02241108177376304,0.0432993716532933,1.0414826710485032,0.10083029931556664,0.98,1.0,1.0,False
MHAS,10,intercept_and_slope,0.2,100,100,1.0,5192,2076,3120,467,1038.0,1559.0,235.0,235.0,0.710135429084766,0.1179657508663439,-0.015549043542220142,0.024401297599095432,0.040948389176345204,1.0631975974244454,0.06755987873771058,0.99,1.0,1.0,True
MHAS,10,intercept_and_slope,0.3,100,100,1.0,5192,2076,3120,467,1557.0,2339.5,353.5,353.5,0.710135429084766,0.11791767837097616,-0.015597116037587871,0.008019231118178677,0.030530773596484848,1.0893278875315042,0.08932788753150434,1.0,1.0,1.0,True
MHAS,10,intercept_and_slope,0.4,100,100,1.0,5192,2076,3120,467,2076.0,3115.0,470.0,470.0,0.710135429084766,0.11790182505948607,-0.015612969349077958,0.009346711563539958,0.02278479466031818,1.0706752275114326,0.07067522751143263,1.0,1.0,1.0,True
MHAS,10,intercept_and_slope,0.5,100,100,1.0,5192,2076,3120,467,2596.0,3899.0,587.5,587.5,0.710135429084766,0.11789811484794542,-0.015616679560618615,0.012151128568480718,0.01655682795108069,1.0751351134781901,0.07513511347819013,1.0,1.0,1.0,True
MHAS,10,intercept_and_slope,0.6,100,100,1.0,5192,2076,3120,467,3115.0,4675.0,705.0,705.0,0.710135429084766,0.11789082188865331,-0.015623972519910725,0.010449343449368407,0.010449343449368407,1.0753312856177693,0.07533128561776925,1.0,1.0,1.0,True
MHAS,10,intercept_only,0.05,100,100,1.0,5192,2076,3120,467,259.0,388.0,59.0,59.0,0.710135429084766,0.11833941777412837,-0.015175376634435654,-0.0014474349910427217,0.07165351049508015,0.8704182483688704,0.12958175163112962,0.82,1.0,1.0,True
MHAS,10,intercept_only,0.1,100,100,1.0,5192,2076,3120,467,519.0,779.0,118.0,118.0,0.710135429084766,0.11823444319941953,-0.015280351209144512,0.025995744430875184,0.05302796155311122,0.8704182483688704,0.12958175163112962,0.97,1.0,1.0,True
MHAS,10,intercept_only,0.2,100,100,1.0,5192,2076,3120,467,1038.0,1559.0,235.0,235.0,0.710135429084766,0.1182128461220372,-0.01530194828652684,0.026263469521320824,0.04286769837044217,0.8704182483688704,0.12958175163112962,0.98,1.0,1.0,True
MHAS,10,intercept_only,0.3,100,100,1.0,5192,2076,3120,467,1557.0,2339.5,353.5,353.5,0.710135429084766,0.11821863145834871,-0.015296162950215332,0.014711073201413804,0.0320788772920725,0.8704182483688704,0.12958175163112962,1.0,1.0,1.0,True
MHAS,10,intercept_only,0.4,100,100,1.0,5192,2076,3120,467,2076.0,3115.0,470.0,470.0,0.710135429084766,0.11820702934462815,-0.015307765063935878,0.012697557619523004,0.024567508385789784,0.8704182483688704,0.12958175163112962,1.0,1.0,1.0,True
MHAS,10,intercept_only,0.5,100,100,1.0,5192,2076,3120,467,2596.0,3899.0,587.5,587.5,0.710135429084766,0.118205876546321,-0.015308917862243025,0.013759012419709631,0.016941830450084516,0.8704182483688704,0.12958175163112962,1.0,1.0,1.0,True
MHAS,10,intercept_only,0.6,100,100,1.0,5192,2076,3120,467,3115.0,4675.0,705.0,705.0,0.710135429084766,0.11820596664100382,-0.01530882776756022,0.013660638600029626,0.013660638600029626,0.8704182483688704,0.12958175163112962,1.0,1.0,1.0,True
MHAS,10,none,0.0,1,1,1.0,5192,2076,3120,467,0.0,0.0,0.0,0.0,0.710135429084766,0.13351479440856404,0.0,-0.7778937536455832,0.7778937536455832,0.8704182483688704,0.12958175163112962,0.0,1.0,1.0,False
MHAS,11,intercept_and_slope,0.05,100,100,1.0,5192,2076,3132,462,259.0,387.5,59.0,59.0,0.6951643238160092,0.11784584794727535,-0.016782910234457153,-0.035402439197565735,0.08107916922862564,0.9728440814054153,0.14018565217165502,0.8,1.0,1.0,False
MHAS,11,intercept_and_slope,0.1,100,100,1.0,5192,2076,3132,462,519.0,777.0,117.0,117.0,0.6951643238160092,0.1175053814676968,-0.0171233767140357,-0.03653628055494923,0.07103742340193736,0.9867469595704341,0.09767006853298532,0.9,1.0,1.0,True
MHAS,11,intercept_and_slope,0.2,100,100,1.0,5192,2076,3132,462,1038.0,1555.5,235.0,235.0,0.6951643238160092,0.11737485553971203,-0.01725390264202048,-0.026700833926492914,0.04253570889512463,0.9698624064083017,0.05532544518278404,1.0,1.0,1.0,True
MHAS,11,intercept_and_slope,0.3,100,100,1.0,5192,2076,3132,462,1557.0,2329.0,356.0,356.0,0.6951643238160092,0.11736528338417335,-0.01726347479755916,-0.04497365264297685,0.046318150388901844,0.9826538848949223,0.04548458212490836,1.0,1.0,1.0,True
MHAS,11,intercept_and_slope,0.4,100,100,1.0,5192,2076,3132,462,2076.0,3108.0,471.0,471.0,0.6951643238160092,0.11734729656524205,-0.017281461616490454,-0.03205985478833855,0.03205985478833855,0.9777724073317817,0.032900219966338184,1.0,1.0,1.0,True
MHAS,11,intercept_and_slope,0.5,100,100,1.0,5192,2076,3132,462,2596.0,3887.0,592.0,592.0,0.6951643238160092,0.11733807212459593,-0.017290686057136573,-0.0385917826827197,0.0385917826827197,0.9738371619118715,0.026799093926513695,1.0,1.0,1.0,True
MHAS,11,intercept_and_slope,0.6,100,100,1.0,5192,2076,3132,462,3115.0,4664.0,710.0,710.0,0.6951643238160092,0.11733130221887111,-0.017297455962861384,-0.03795772427208211,0.03795772427208211,0.974162503520688,0.02583749647931194,1.0,1.0,1.0,True
MHAS,11,intercept_only,0.05,100,100,1.0,5192,2076,3132,462,259.0,387.5,59.0,59.0,0.6951643238160092,0.11789290049892084,-0.01673585768281166,-0.03491413810418806,0.09351932773048557,0.8205938075392958,0.17940619246070422,0.78,1.0,1.0,True
MHAS,11,intercept_only,0.1,100,100,1.0,5192,2076,3132,462,519.0,777.0,117.0,117.0,0.6951643238160092,0.11785443310626981,-0.01677432507546269,-0.03377031880809583,0.07679032839016667,0.8205938075392958,0.17940619246070422,0.9,1.0,1.0,True
MHAS,11,intercept_only,0.2,100,100,1.0,5192,2076,3132,462,1038.0,1555.5,235.0,235.0,0.6951643238160092,0.11779454641089765,-0.016834211770834856,-0.022924675163699566,0.0443795759542999,0.8205938075392958,0.17940619246070422,1.0,1.0,1.0,True
MHAS,11,intercept_only,0.3,100,100,1.0,5192,2076,3132,462,1557.0,2329.0,356.0,356.0,0.6951643238160092,0.11786392579374937,-0.01676483238798314,-0.04438770281106291,0.0458475077186362,0.8205938075392958,0.17940619246070422,1.0,1.0,1.0,True
MHAS,11,intercept_only,0.4,100,100,1.0,5192,2076,3132,462,2076.0,3108.0,471.0,471.0,0.6951643238160092,0.11782016103001747,-0.016808597151715045,-0.031433921521865006,0.03336513782799429,0.8205938075392958,0.17940619246070422,1.0,1.0,1.0,True
MHAS,11,intercept_only,0.5,100,100,1.0,5192,2076,3132,462,2596.0,3887.0,592.0,592.0,0.6951643238160092,0.11783866192753366,-0.016790096254198847,-0.03711960430656332,0.03711960430656332,0.8205938075392958,0.17940619246070422,1.0,1.0,1.0,True
MHAS,11,intercept_only,0.6,100,100,1.0,5192,2076,3132,462,3115.0,4664.0,710.0,710.0,0.6951643238160092,0.11784035013746867,-0.016788408044263833,-0.037625620733153856,0.037625620733153856,0.8205938075392958,0.17940619246070422,1.0,1.0,1.0,True
MHAS,11,none,0.0,1,1,1.0,5192,2076,3132,462,0.0,0.0,0.0,0.0,0.6951643238160092,0.1346287581817325,0.0,-0.8087641471882192,0.8087641471882192,0.8205938075392958,0.17940619246070422,0.0,1.0,1.0,False
MHAS,12,intercept_and_slope,0.05,100,100,1.0,5192,2076,3104,478,259.0,390.0,57.0,57.0,0.7025874980481633,0.12144550865519822,-0.014121421607474274,0.10470608543014057,0.13347073501913914,1.0407519399619432,0.13243483146856427,0.76,1.0,1.0,False
MHAS,12,intercept_and_slope,0.1,100,100,1.0,5192,2076,3104,478,519.0,781.5,116.0,116.0,0.7025874980481633,0.1211360069952986,-0.014430923267373899,0.07269566763260896,0.08533754163249369,1.0155944652735744,0.08196352972141452,0.91,1.0,1.0,True
MHAS,12,intercept_and_slope,0.2,100,100,1.0,5192,2076,3104,478,1038.0,1562.0,232.0,232.0,0.7025874980481633,0.12101730049226475,-0.014549629770407739,0.059075173050094104,0.0620536010357264,1.017287042841801,0.056674895819048554,0.99,1.0,1.0,True
MHAS,12,intercept_and_slope,0.3,100,100,1.0,5192,2076,3104,478,1557.0,2344.0,349.0,349.0,0.7025874980481633,0.12100963991579933,-0.014557290346873177,0.0739618486835929,0.0739618486835929,1.0484771055121138,0.0550874520676185,0.99,1.0,1.0,True
MHAS,12,intercept_and_slope,0.4,100,100,1.0,5192,2076,3104,478,2076.0,3127.5,460.0,460.0,0.7025874980481633,0.12101019032349847,-0.01455673993917403,0.08140153859428054,0.08140153859428054,1.0397753150223539,0.039775315022353874,1.0,1.0,1.0,True
MHAS,12,intercept_and_slope,0.5,100,100,1.0,5192,2076,3104,478,2596.0,3910.5,578.0,578.0,0.7025874980481633,0.12098711205806853,-0.014579818204603974,0.07387438351564812,0.07387438351564812,1.0339387266862536,0.03393872668625364,1.0,1.0,1.0,True
MHAS,12,intercept_and_slope,0.6,100,100,1.0,5192,2076,3104,478,3115.0,4692.0,694.0,694.0,0.7025874980481633,0.1209910691776067,-0.014575861085065797,0.0742176105532062,0.0742176105532062,1.038301722659325,0.03830172265932508,1.0,1.0,1.0,True
MHAS,12,intercept_only,0.05,100,100,1.0,5192,2076,3104,478,259.0,390.0,57.0,57.0,0.7025874980481633,0.12138961521536158,-0.014177315047310915,0.11090844315222245,0.1412426656961691,0.8533832722524254,0.14661672774757462,0.75,1.0,1.0,False
MHAS,12,intercept_only,0.1,100,100,1.0,5192,2076,3104,478,519.0,781.5,116.0,116.0,0.7025874980481633,0.12130036528551308,-0.014266564977159411,0.07807288466267298,0.08315953722440653,0.8533832722524254,0.14661672774757462,0.91,1.0,1.0,True
MHAS,12,intercept_only,0.2,100,100,1.0,5192,2076,3104,478,1038.0,1562.0,232.0,232.0,0.7025874980481633,0.12123486055662364,-0.014332069706048861,0.06691989894588016,0.06790558426618493,0.8533832722524254,0.14661672774757462,0.99,1.0,1.0,True
MHAS,12,intercept_only,0.3,100,100,1.0,5192,2076,3104,478,1557.0,2344.0,349.0,349.0,0.7025874980481633,0.1212285408800705,-0.014338389382601999,0.08249820671269677,0.08249820671269677,0.8533832722524254,0.14661672774757462,0.99,1.0,1.0,True
MHAS,12,intercept_only,0.4,100,100,1.0,5192,2076,3104,478,2076.0,3127.5,460.0,460.0,0.7025874980481633,0.12122775911798656,-0.014339171144685935,0.08773698793685536,0.08773698793685536,0.8533832722524254,0.14661672774757462,1.0,1.0,1.0,True
MHAS,12,intercept_only,0.5,100,100,1.0,5192,2076,3104,478,2596.0,3910.5,578.0,578.0,0.7025874980481633,0.12122035322755562,-0.014346577035116881,0.08085397156221241,0.08085397156221241,0.8533832722524254,0.14661672774757462,1.0,1.0,1.0,True
MHAS,12,intercept_only,0.6,100,100,1.0,5192,2076,3104,478,3115.0,4692.0,694.0,694.0,0.7025874980481633,0.12122045383243495,-0.01434647643023755,0.08098122152967802,0.08098122152967802,0.8533832722524254,0.14661672774757462,1.0,1.0,1.0,True
MHAS,12,none,0.0,1,1,1.0,5192,2076,3104,478,0.0,0.0,0.0,0.0,0.7025874980481633,0.1355669302626725,0.0,-0.7375786044413996,0.7375786044413996,0.8533832722524254,0.14661672774757462,0.0,1.0,1.0,False
MHAS,13,intercept_and_slope,0.05,100,100,1.0,5192,2076,3082,474,259.0,392.0,57.5,57.5,0.701076774481634,0.12276633977233298,-0.01544637865445675,0.04256142420635778,0.08744765996294712,0.9666395416933689,0.12287902915578897,0.83,1.0,1.0,False
MHAS,13,intercept_and_slope,0.1,100,100,1.0,5192,2076,3082,474,519.0,783.5,116.0,116.0,0.701076774481634,0.12261854132280471,-0.015594177103985016,0.05109273989253308,0.07581011193337758,0.9708145133211852,0.09840724483352076,0.93,1.0,1.0,True
MHAS,13,intercept_and_slope,0.2,100,100,1.0,5192,2076,3082,474,1038.0,1570.5,230.0,230.0,0.701076774481634,0.12254827296799209,-0.015664445458797638,0.04911082137627795,0.056967035783921885,0.9473192333006232,0.06606723870447578,0.98,1.0,1.0,True
MHAS,13,intercept_and_slope,0.3,100,100,1.0,5192,2076,3082,474,1557.0,2355.0,349.5,349.5,0.701076774481634,0.12245777526131099,-0.01575494316547873,0.04655033841872963,0.04669659026285383,0.9602557859911623,0.04742891380949882,1.0,1.0,1.0,True
MHAS,13,intercept_and_slope,0.4,100,100,1.0,5192,2076,3082,474,2076.0,3144.0,463.0,463.0,0.701076774481634,0.12248402585453336,-0.015728692572256377,0.05400947631195377,0.05400947631195377,0.9528997569571547,0.047687492202919346,1.0,1.0,1.0,True
MHAS,13,intercept_and_slope,0.5,100,100,1.0,5192,2076,3082,474,2596.0,3926.5,582.0,582.0,0.701076774481634,0.12245537340247782,-0.015757345024311906,0.04570141836587151,0.04570141836587151,0.9489478552168773,0.051052144783122755,1.0,1.0,1.0,True
MHAS,13,intercept_and_slope,0.6,100,100,1.0,5192,2076,3082,474,3115.0,4713.5,698.0,698.0,0.701076774481634,0.12243774586771833,-0.015774972559071405,0.04599458971372748,0.04599458971372748,0.9548421813850096,0.04515781861499035,1.0,1.0,1.0,True
MHAS,13,intercept_only,0.05,100,100,1.0,5192,2076,3082,474,259.0,392.0,57.5,57.5,0.701076774481634,0.12318834652712975,-0.01502437189965998,0.0487115679034129,0.09027556177344719,0.8107393628320094,0.18926063716799058,0.83,1.0,1.0,True
MHAS,13,intercept_only,0.1,100,100,1.0,5192,2076,3082,474,519.0,783.5,116.0,116.0,0.701076774481634,0.12312244033116826,-0.015090278095621468,0.05538224773355274,0.08049213494248107,0.8107393628320094,0.18926063716799058,0.92,1.0,1.0,True
MHAS,13,intercept_only,0.2,100,100,1.0,5192,2076,3082,474,1038.0,1570.5,230.0,230.0,0.701076774481634,0.1230944687648969,-0.015118249661892832,0.05505473564425031,0.057720084001440936,0.8107393628320094,0.18926063716799058,0.98,1.0,1.0,True
MHAS,13,intercept_only,0.3,100,100,1.0,5192,2076,3082,474,1557.0,2355.0,349.5,349.5,0.701076774481634,0.12308849967261322,-0.015124218754176508,0.04654640357673724,0.047968764925661836,0.8107393628320094,0.18926063716799058,1.0,1.0,1.0,True
MHAS,13,intercept_only,0.4,100,100,1.0,5192,2076,3082,474,2076.0,3144.0,463.0,463.0,0.701076774481634,0.12307483563350319,-0.015137882793286539,0.055226719926388335,0.055226719926388335,0.8107393628320094,0.18926063716799058,1.0,1.0,1.0,True
MHAS,13,intercept_only,0.5,100,100,1.0,5192,2076,3082,474,2596.0,3926.5,582.0,582.0,0.701076774481634,0.12307172753364942,-0.015140990893140298,0.04628448082898681,0.04628448082898681,0.8107393628320094,0.18926063716799058,1.0,1.0,1.0,True
MHAS,13,intercept_only,0.6,100,100,1.0,5192,2076,3082,474,3115.0,4713.5,698.0,698.0,0.701076774481634,0.12307068660486369,-0.015142031821926041,0.04718689172927086,0.04718689172927086,0.8107393628320094,0.18926063716799058,1.0,1.0,1.0,True
MHAS,13,none,0.0,1,1,1.0,5192,2076,3082,474,0.0,0.0,0.0,0.0,0.701076774481634,0.13821271842678973,0.0,-0.7578121828202525,0.7578121828202525,0.8107393628320094,0.18926063716799058,0.0,1.0,1.0,False
MHAS,14,intercept_and_slope,0.05,100,100,1.0,5192,2076,3121,467,259.0,388.5,59.0,59.0,0.6994827410929969,0.12057568986825304,-0.01689624964205976,-0.036149566096589585,0.10542711338794988,0.9190145364365636,0.13093370230786294,0.82,1.0,1.0,False
MHAS,14,intercept_and_slope,0.1,100,100,1.0,5192,2076,3121,467,519.0,780.0,119.0,119.0,0.6994827410929969,0.12040492728917963,-0.017067012221133174,-0.03975668254005253,0.05665356474253419,0.9165177479323001,0.10686240874805175,0.94,1.0,1.0,False
MHAS,14,intercept_and_slope,0.2,100,100,1.0,5192,2076,3121,467,1038.0,1556.0,238.0,238.0,0.6994827410929969,0.12024510780145017,-0.017226831708862633,-0.03746860194631306,0.049870486565046904,0.9360408321307632,0.07737622817847173,1.0,1.0,1.0,True
MHAS,14,intercept_and_slope,0.3,100,100,1.0,5192,2076,3121,467,1557.0,2336.0,350.0,350.0,0.6994827410929969,0.12019745681797411,-0.017274482692338694,-0.01193997034375311,0.03010022971451477,0.9324776428475918,0.07220781601742854,1.0,1.0,1.0,True
MHAS,14,intercept_and_slope,0.4,100,100,1.0,5192,2076,3121,467,2076.0,3114.0,469.5,469.5,0.6994827410929969,0.12019226339507491,-0.017279676115237903,-0.016342317391959394,0.020719215403463193,0.9302542426011109,0.06974575739888905,1.0,1.0,1.0,True
MHAS,14,intercept_and_slope,0.5,100,100,1.0,5192,2076,3121,467,2596.0,3894.5,587.5,587.5,0.6994827410929969,0.12019590556837909,-0.01727603394193372,-0.01715459921879865,0.017844218707192425,0.9278003585144936,0.07219964148550634,1.0,1.0,1.0,True
MHAS,14,intercept_and_slope,0.6,100,100,1.0,5192,2076,3121,467,3115.0,4674.0,705.0,705.0,0.6994827410929969,0.12018502195153105,-0.017286917558781763,-0.017381045470892396,0.017381045470892396,0.9288496083879176,0.07115039161208231,1.0,1.0,1.0,True
MHAS,14,intercept_only,0.05,100,100,1.0,5192,2076,3121,467,259.0,388.5,59.0,59.0,0.6994827410929969,0.12122341318066432,-0.01624852632964849,-0.04570669234641507,0.10713379165060428,0.7973953038224697,0.2026046961775303,0.81,1.0,1.0,False
MHAS,14,intercept_only,0.1,100,100,1.0,5192,2076,3121,467,519.0,780.0,119.0,119.0,0.6994827410929969,0.12110180791221836,-0.016370131598094438,-0.03899162352788024,0.062039573640750176,0.7973953038224697,0.2026046961775303,0.94,1.0,1.0,True
MHAS,14,intercept_only,0.2,100,100,1.0,5192,2076,3121,467,1038.0,1556.0,238.0,238.0,0.6994827410929969,0.1211033978380327,-0.016368541672280114,-0.03941413065811471,0.052958770739999154,0.7973953038224697,0.2026046961775303,1.0,1.0,1.0,True
MHAS,14,intercept_only,0.3,100,100,1.0,5192,2076,3121,467,1557.0,2336.0,350.0,350.0,0.6994827410929969,0.12101088036442166,-0.016461059145891146,-0.011302546098424689,0.02971138932201426,0.7973953038224697,0.2026046961775303,1.0,1.0,1.0,True
MHAS,14,intercept_only,0.4,100,100,1.0,5192,2076,3121,467,2076.0,3114.0,469.5,469.5,0.6994827410929969,0.12102711165209326,-0.01644482785821954,-0.01687592212993743,0.021921853516468248,0.7973953038224697,0.2026046961775303,1.0,1.0,1.0,True
MHAS,14,intercept_only,0.5,100,100,1.0,5192,2076,3121,467,2596.0,3894.5,587.5,587.5,0.6994827410929969,0.1210329343734915,-0.016439005136821304,-0.01879361456489706,0.018963163304206526,0.7973953038224697,0.2026046961775303,1.0,1.0,1.0,True
MHAS,14,intercept_only,0.6,100,100,1.0,5192,2076,3121,467,3115.0,4674.0,705.0,705.0,0.6994827410929969,0.12103259232598124,-0.016439347184331564,-0.018682120216317086,0.018682120216317086,0.7973953038224697,0.2026046961775303,1.0,1.0,1.0,True
MHAS,14,none,0.0,1,1,1.0,5192,2076,3121,467,0.0,0.0,0.0,0.0,0.6994827410929969,0.1374719395103128,0.0,-0.7973181469610221,0.7973181469610221,0.7973953038224697,0.2026046961775303,0.0,1.0,1.0,False
MHAS,15,intercept_and_slope,0.05,100,100,1.0,5192,2076,3137,467,259.0,386.0,60.0,60.0,0.7170660603581711,0.11793253550754643,-0.015030288544868382,-0.01929148486544378,0.11339239044978962,1.0548736816136097,0.13435156876036058,0.77,1.0,1.0,False
MHAS,15,intercept_and_slope,0.1,100,100,1.0,5192,2076,3137,467,519.0,777.0,117.0,117.0,0.7170660603581711,0.11757154686193128,-0.015391277190483534,-0.004493836698936014,0.051224472941309766,1.1189609342494773,0.13626921768815198,0.97,1.0,1.0,False
MHAS,15,intercept_and_slope,0.2,100,100,1.0,5192,2076,3137,467,1038.0,1552.0,235.0,235.0,0.7170660603581711,0.11744457462304142,-0.015518249429373389,-0.011878500104227665,0.040675768273032584,1.134591212157176,0.13459121215717595,1.0,1.0,1.0,False
MHAS,15,intercept_and_slope,0.3,100,100,1.0,5192,2076,3137,467,1557.0,2326.0,351.0,351.0,0.7170660603581711,0.11743246233161864,-0.015530361720796158,0.0005256003560849371,0.021002271975575835,1.1429193118658751,0.14291931186587514,1.0,1.0,1.0,False
MHAS,15,intercept_and_slope,0.4,100,100,1.0,5192,2076,3137,467,2076.0,3106.0,467.0,467.0,0.7170660603581711,0.11739513814513625,-0.015567685907278556,9.076392064764723e-05,0.019750031981868015,1.1323995186481333,0.13239951864813337,1.0,1.0,1.0,False
MHAS,15,intercept_and_slope,0.5,100,100,1.0,5192,2076,3137,467,2596.0,3883.0,590.5,590.5,0.7170660603581711,0.11737488105739474,-0.015587942995020067,-0.006143449942240621,0.01284878801891643,1.132270637986565,0.13227063798656502,1.0,1.0,1.0,False
MHAS,15,intercept_and_slope,0.6,100,100,1.0,5192,2076,3137,467,3115.0,4658.5,705.0,705.0,0.7170660603581711,0.11737828766073566,-0.01558453639167915,-0.004529803773152796,0.004529803773152796,1.1322264101731931,0.13222641017319314,1.0,1.0,1.0,False
MHAS,15,intercept_only,0.05,100,100,1.0,5192,2076,3137,467,259.0,386.0,60.0,60.0,0.7170660603581711,0.11794004992048018,-0.015022774131934626,-0.016234427652182498,0.11124695997232703,0.897723618918141,0.10227638108185899,0.74,1.0,1.0,False
MHAS,15,intercept_only,0.1,100,100,1.0,5192,2076,3137,467,519.0,777.0,117.0,117.0,0.7170660603581711,0.11775794798127215,-0.015204876071142653,0.00031468924923727117,0.05860112693936366,0.897723618918141,0.10227638108185899,0.97,1.0,1.0,True
MHAS,15,intercept_only,0.2,100,100,1.0,5192,2076,3137,467,1038.0,1552.0,235.0,235.0,0.7170660603581711,0.11775323460917306,-0.015209589443241738,-0.012823489523509944,0.04238572941074445,0.897723618918141,0.10227638108185899,1.0,1.0,1.0,True
MHAS,15,intercept_only,0.3,100,100,1.0,5192,2076,3137,467,1557.0,2326.0,351.0,351.0,0.7170660603581711,0.11772063757986728,-0.015242186472547527,0.00358517529323628,0.023860122692573198,0.897723618918141,0.10227638108185899,1.0,1.0,1.0,True
MHAS,15,intercept_only,0.4,100,100,1.0,5192,2076,3137,467,2076.0,3106.0,467.0,467.0,0.7170660603581711,0.1177150474040019,-0.015247776648412897,0.003122611461172509,0.01999790807077288,0.897723618918141,0.10227638108185899,1.0,1.0,1.0,True
MHAS,15,intercept_only,0.5,100,100,1.0,5192,2076,3137,467,2596.0,3883.0,590.5,590.5,0.7170660603581711,0.1177202557586703,-0.015242568293744499,-0.0026812134839510025,0.015638578951920636,0.897723618918141,0.10227638108185899,1.0,1.0,1.0,True
MHAS,15,intercept_only,0.6,100,100,1.0,5192,2076,3137,467,3115.0,4658.5,705.0,705.0,0.7170660603581711,0.11771777721947042,-0.015245046832944378,-0.0006485479389944312,0.0007257315556039529,0.897723618918141,0.10227638108185899,1.0,1.0,1.0,True
MHAS,15,none,0.0,1,1,1.0,5192,2076,3137,467,0.0,0.0,0.0,0.0,0.7170660603581711,0.1329628240524148,0.0,-0.7865269978485127,0.7865269978485127,0.897723618918141,0.10227638108185899,0.0,1.0,1.0,False
MHAS,16,intercept_and_slope,0.05,100,100,1.0,5192,2076,3135,470,259.0,386.0,59.0,59.0,0.7079246337471558,0.11934392759882168,-0.014690067444126674,-0.0007635964353824585,0.07614280701775772,1.0285986463088312,0.10955649460771238,0.88,1.0,1.0,False
MHAS,16,intercept_and_slope,0.1,100,100,1.0,5192,2076,3135,470,519.0,776.0,120.0,120.0,0.7079246337471558,0.11923800269197182,-0.01479599235097654,-0.00039595900303341367,0.06268464198947082,0.9833329354798712,0.08409963819646876,0.97,1.0,1.0,True
MHAS,16,intercept_and_slope,0.2,100,100,1.0,5192,2076,3135,470,1038.0,1554.0,234.0,234.0,0.7079246337471558,0.11909056585924593,-0.014943429183702416,0.035758779435350135,0.048755379157448916,1.013810653464805,0.05171238443748044,0.99,1.0,1.0,True
MHAS,16,intercept_and_slope,0.3,100,100,1.0,5192,2076,3135,470,1557.0,2327.5,350.0,350.0,0.7079246337471558,0.11906016290211233,-0.014973832140836023,0.0347091053999045,0.03911820240127274,1.0065769412476389,0.03846066608956289,1.0,1.0,1.0,True
MHAS,16,intercept_and_slope,0.4,100,100,1.0,5192,2076,3135,470,2076.0,3107.0,466.0,466.0,0.7079246337471558,0.11903820761993367,-0.014995787423014682,0.02987082937420483,0.031387029983746775,1.0140481244333708,0.02436541086731492,1.0,1.0,1.0,True
MHAS,16,intercept_and_slope,0.5,100,100,1.0,5192,2076,3135,470,2596.0,3884.0,586.0,586.0,0.7079246337471558,0.1190213092988636,-0.01501268574408475,0.02422978707679642,0.02422978707679642,1.016929880069858,0.019728123971773148,1.0,1.0,1.0,True
MHAS,16,intercept_and_slope,0.6,100,100,1.0,5192,2076,3135,470,3115.0,4660.0,702.0,702.0,0.7079246337471558,0.11901935078675466,-0.015014644256193699,0.029204735421420044,0.029204735421420044,1.0136022679807868,0.013602267980786786,1.0,1.0,1.0,True
MHAS,16,intercept_only,0.05,100,100,1.0,5192,2076,3135,470,259.0,386.0,59.0,59.0,0.7079246337471558,0.11966847624866536,-0.014365518794283001,0.014803668053058145,0.08918114600764204,0.8408786406195314,0.15912135938046856,0.87,1.0,1.0,True
MHAS,16,intercept_only,0.1,100,100,1.0,5192,2076,3135,470,519.0,776.0,120.0,120.0,0.7079246337471558,0.11962529646065884,-0.01440869858228952,0.018981787818575922,0.05937907975558568,0.8408786406195314,0.15912135938046856,0.95,1.0,1.0,True
MHAS,16,intercept_only,0.2,100,100,1.0,5192,2076,3135,470,1038.0,1554.0,234.0,234.0,0.7079246337471558,0.11956985098007325,-0.014464144062875113,0.042537199553299196,0.054116196271837586,0.8408786406195314,0.15912135938046856,0.99,1.0,1.0,True
MHAS,16,intercept_only,0.3,100,100,1.0,5192,2076,3135,470,1557.0,2327.5,350.0,350.0,0.7079246337471558,0.11955511362091972,-0.014478881422028633,0.04300397929811703,0.046658014508497686,0.8408786406195314,0.15912135938046856,1.0,1.0,1.0,True
MHAS,16,intercept_only,0.4,100,100,1.0,5192,2076,3135,470,2076.0,3107.0,466.0,466.0,0.7079246337471558,0.11954676053909533,-0.014487234503853037,0.03665889506340765,0.037479662251554975,0.8408786406195314,0.15912135938046856,1.0,1.0,1.0,True
MHAS,16,intercept_only,0.5,100,100,1.0,5192,2076,3135,470,2596.0,3884.0,586.0,586.0,0.7079246337471558,0.1195451928142233,-0.014488802228725055,0.034319836378851186,0.034319836378851186,0.8408786406195314,0.15912135938046856,1.0,1.0,1.0,True
MHAS,16,intercept_only,0.6,100,100,1.0,5192,2076,3135,470,3115.0,4660.0,702.0,702.0,0.7079246337471558,0.11954192578615358,-0.014492069256794776,0.03723359762179902,0.03723359762179902,0.8408786406195314,0.15912135938046856,1.0,1.0,1.0,True
MHAS,16,none,0.0,1,1,1.0,5192,2076,3135,470,0.0,0.0,0.0,0.0,0.7079246337471558,0.13403399504294836,0.0,-0.7637067806379523,0.7637067806379523,0.8408786406195314,0.15912135938046856,0.0,1.0,1.0,False
MHAS,17,intercept_and_slope,0.05,100,100,1.0,5192,2076,3100,437,259.0,389.5,61.0,61.0,0.7030619619138787,0.1135767040773796,-0.01876307491819084,-0.12930646591423317,0.14064487700115197,0.9948303902046571,0.0974124077249447,0.72,1.0,1.0,False
MHAS,17,intercept_and_slope,0.1,100,100,1.0,5192,2076,3100,437,519.0,781.5,120.0,120.0,0.7030619619138787,0.11337135518153643,-0.01896842381403402,-0.1059991484207268,0.10900808521388022,1.0464132492186247,0.09869544378746681,0.79,1.0,1.0,False
MHAS,17,intercept_and_slope,0.2,100,100,1.0,5192,2076,3100,437,1038.0,1564.5,243.5,243.5,0.7030619619138787,0.11338415089850809,-0.01895562809706236,-0.1354094721403854,0.1354094721403854,1.0117211383079026,0.05572684995096411,0.89,1.0,1.0,False
MHAS,17,intercept_and_slope,0.3,100,100,1.0,5192,2076,3100,437,1557.0,2345.0,367.5,367.5,0.7030619619138787,0.1133114115432399,-0.019028367452330545,-0.13165624578126894,0.13165624578126894,1.0193116690412531,0.037967576588702756,0.94,1.0,1.0,False
MHAS,17,intercept_and_slope,0.4,100,100,1.0,5192,2076,3100,437,2076.0,3130.0,490.5,490.5,0.7030619619138787,0.11331571699878723,-0.019024061996783213,-0.13191787780743297,0.13191787780743297,1.0238802661727,0.036030117205758216,0.99,1.0,1.0,False
MHAS,17,intercept_and_slope,0.5,100,100,1.0,5192,2076,3100,437,2596.0,3916.0,612.0,612.0,0.7030619619138787,0.11329964617045091,-0.01904013282511955,-0.13046293383455765,0.13046293383455765,1.0261333669897947,0.026785642077620908,1.0,1.0,1.0,False
MHAS,17,intercept_and_slope,0.6,100,100,1.0,5192,2076,3100,437,3115.0,4695.0,735.0,735.0,0.7030619619138787,0.11330473358367281,-0.01903504541189764,-0.13270233761719755,0.13270233761719755,1.0231644140984453,0.023164414098445385,1.0,1.0,1.0,False
MHAS,17,intercept_only,0.05,100,100,1.0,5192,2076,3100,437,259.0,389.5,61.0,61.0,0.7030619619138787,0.11395582470446981,-0.018383954291100638,-0.13108827694141217,0.14324321030870443,0.8462678424704575,0.1537321575295425,0.72,1.0,1.0,False
MHAS,17,intercept_only,0.1,100,100,1.0,5192,2076,3100,437,519.0,781.5,120.0,120.0,0.7030619619138787,0.11380539419027544,-0.01853438480529502,-0.10565369648270201,0.10627406296607791,0.8462678424704575,0.1537321575295425,0.79,1.0,1.0,False
MHAS,17,intercept_only,0.2,100,100,1.0,5192,2076,3100,437,1038.0,1564.5,243.5,243.5,0.7030619619138787,0.11402182040608039,-0.018317958589490063,-0.14113086150636683,0.14113086150636683,0.8462678424704575,0.1537321575295425,0.86,1.0,1.0,False
MHAS,17,intercept_only,0.3,100,100,1.0,5192,2076,3100,437,1557.0,2345.0,367.5,367.5,0.7030619619138787,0.11398319458537295,-0.01835658441019749,-0.13532686189186816,0.13532686189186816,0.8462678424704575,0.1537321575295425,0.94,1.0,1.0,False
MHAS,17,intercept_only,0.4,100,100,1.0,5192,2076,3100,437,2076.0,3130.0,490.5,490.5,0.7030619619138787,0.11398410755436086,-0.01835567144120958,-0.13546523878374797,0.13546523878374797,0.8462678424704575,0.1537321575295425,0.99,1.0,1.0,False
MHAS,17,intercept_only,0.5,100,100,1.0,5192,2076,3100,437,2596.0,3916.0,612.0,612.0,0.7030619619138787,0.1139789461524065,-0.018360832843163956,-0.13467654855135466,0.13467654855135466,0.8462678424704575,0.1537321575295425,1.0,1.0,1.0,False
MHAS,17,intercept_only,0.6,100,100,1.0,5192,2076,3100,437,3115.0,4695.0,735.0,735.0,0.7030619619138787,0.11399713121458062,-0.018342647780989832,-0.13744325535235657,0.13744325535235657,0.8462678424704575,0.1537321575295425,1.0,1.0,1.0,False
MHAS,17,none,0.0,1,1,1.0,5192,2076,3100,437,0.0,0.0,0.0,0.0,0.7030619619138787,0.13233977899557045,0.0,-0.8701143708618312,0.8701143708618312,0.8462678424704575,0.1537321575295425,0.0,1.0,1.0,False
MHAS,18,intercept_and_slope,0.05,100,100,1.0,5192,2076,3130,469,259.0,388.0,59.0,59.0,0.6956440217979197,0.12039092899092704,-0.015135121758649284,0.02649494570686465,0.10815740382628028,0.9904119568369736,0.1365677134877718,0.8,1.0,1.0,False
MHAS,18,intercept_and_slope,0.1,100,100,1.0,5192,2076,3130,469,519.0,778.0,117.0,117.0,0.6956440217979197,0.12025285146913772,-0.015273199280438597,0.042479573375437035,0.0808620345202606,0.9802538942913844,0.09071735767084071,0.96,1.0,1.0,True
MHAS,18,intercept_and_slope,0.2,100,100,1.0,5192,2076,3130,469,1038.0,1557.5,231.5,231.5,0.6956440217979197,0.12015683151503256,-0.015369219234543756,0.05445209162525279,0.057667522814176406,0.9478306167944073,0.06519830673321436,0.98,1.0,1.0,True
MHAS,18,intercept_and_slope,0.3,100,100,1.0,5192,2076,3130,469,1557.0,2332.0,353.0,353.0,0.6956440217979197,0.12009035884584149,-0.015435691903734838,0.04495281565624072,0.04836369702393277,0.9608469467365319,0.05367202296550244,1.0,1.0,1.0,True
MHAS,18,intercept_and_slope,0.4,100,100,1.0,5192,2076,3130,469,2076.0,3111.0,467.5,467.5,0.6956440217979197,0.1200769170250237,-0.01544913372455263,0.0448891434761357,0.0448891434761357,0.9665024001215343,0.0392307534944033,1.0,1.0,1.0,True
MHAS,18,intercept_and_slope,0.5,100,100,1.0,5192,2076,3130,469,2596.0,3887.0,586.0,586.0,0.6956440217979197,0.12005617680510675,-0.015469873944469574,0.04140121675197478,0.04140121675197478,0.9663682438152454,0.03440310925571005,1.0,1.0,1.0,True
MHAS,18,intercept_and_slope,0.6,100,100,1.0,5192,2076,3130,469,3115.0,4666.0,703.0,703.0,0.6956440217979197,0.12005468108952827,-0.015471369660048064,0.04280685426813304,0.04280685426813304,0.9656047035385762,0.03439529646142386,1.0,1.0,1.0,True
MHAS,18,intercept_only,0.05,100,100,1.0,5192,2076,3130,469,259.0,388.0,59.0,59.0,0.6956440217979197,0.12078555741849051,-0.014740493331085826,0.035547586439358084,0.11303845685020739,0.8166380187702812,0.1833619812297188,0.77,1.0,1.0,False
MHAS,18,intercept_only,0.1,100,100,1.0,5192,2076,3130,469,519.0,778.0,117.0,117.0,0.6956440217979197,0.12066951586269334,-0.014856534886882981,0.05333754955519514,0.08225611453503898,0.8166380187702812,0.1833619812297188,0.95,1.0,1.0,True
MHAS,18,intercept_only,0.2,100,100,1.0,5192,2076,3130,469,1038.0,1557.5,231.5,231.5,0.6956440217979197,0.12062504741443196,-0.014901003335144367,0.0646040786996497,0.0679816843116209,0.8166380187702812,0.1833619812297188,0.94,1.0,1.0,True
MHAS,18,intercept_only,0.3,100,100,1.0,5192,2076,3130,469,1557.0,2332.0,353.0,353.0,0.6956440217979197,0.12061276491478698,-0.01491328583478934,0.05485693543570687,0.05485693543570687,0.8166380187702812,0.1833619812297188,1.0,1.0,1.0,True
MHAS,18,intercept_only,0.4,100,100,1.0,5192,2076,3130,469,2076.0,3111.0,467.5,467.5,0.6956440217979197,0.12060329905779765,-0.014922751691778681,0.055132669609250326,0.055132669609250326,0.8166380187702812,0.1833619812297188,1.0,1.0,1.0,True
MHAS,18,intercept_only,0.5,100,100,1.0,5192,2076,3130,469,2596.0,3887.0,586.0,586.0,0.6956440217979197,0.12060054262330666,-0.014925508126269665,0.0511085827529148,0.0511085827529148,0.8166380187702812,0.1833619812297188,1.0,1.0,1.0,True
MHAS,18,intercept_only,0.6,100,100,1.0,5192,2076,3130,469,3115.0,4666.0,703.0,703.0,0.6956440217979197,0.12059921987367764,-0.014926830875898689,0.05292149081232812,0.05292149081232812,0.8166380187702812,0.1833619812297188,1.0,1.0,1.0,True
MHAS,18,none,0.0,1,1,1.0,5192,2076,3130,469,0.0,0.0,0.0,0.0,0.6956440217979197,0.13552605074957633,0.0,-0.7544010530636158,0.7544010530636158,0.8166380187702812,0.1833619812297188,0.0,1.0,1.0,False
MHAS,19,intercept_and_slope,0.05,100,100,1.0,5192,2076,3121,475,259.0,388.5,58.5,58.5,0.7041385209054382,0.1201010830570465,-0.0143723346362363,0.049324920835794206,0.09750592629022053,1.0283669779236078,0.11122338411034466,0.83,1.0,1.0,False
MHAS,19,intercept_and_slope,0.1,100,100,1.0,5192,2076,3121,475,519.0,777.5,115.0,115.0,0.7041385209054382,0.12000606455832008,-0.014467353134962717,0.06254829028733251,0.08320803791734002,0.9923072890603093,0.08338538197951129,0.97,1.0,1.0,True
MHAS,19,intercept_and_slope,0.2,100,100,1.0,5192,2076,3121,475,1038.0,1554.0,233.0,233.0,0.7041385209054382,0.11986944626217058,-0.01460397143111223,0.0373764757807659,0.046290279706712456,1.0155994454120303,0.05081090772424135,1.0,1.0,1.0,True
MHAS,19,intercept_and_slope,0.3,100,100,1.0,5192,2076,3121,475,1557.0,2337.0,348.0,348.0,0.7041385209054382,0.11986738217169714,-0.014606035521585667,0.05511745515740382,0.057175590228681586,1.0066890633460772,0.04008264878376799,1.0,1.0,1.0,True
MHAS,19,intercept_and_slope,0.4,100,100,1.0,5192,2076,3121,475,2076.0,3116.5,465.0,465.0,0.7041385209054382,0.11985927623039187,-0.014614141462890931,0.05198832714082886,0.05198832714082886,1.0127407764649625,0.03544047216477042,1.0,1.0,1.0,True
MHAS,19,intercept_and_slope,0.5,100,100,1.0,5192,2076,3121,475,2596.0,3895.0,581.0,581.0,0.7041385209054382,0.11984329921557749,-0.014630118477705324,0.05515688816114698,0.05515688816114698,1.0128123034975896,0.017522031552198336,1.0,1.0,1.0,True
MHAS,19,intercept_and_slope,0.6,100,100,1.0,5192,2076,3121,475,3115.0,4674.0,697.0,697.0,0.7041385209054382,0.11983999054801145,-0.014633427145271355,0.05579414116645989,0.05579414116645989,1.0138462828399941,0.013846282839994228,1.0,1.0,1.0,True
MHAS,19,intercept_only,0.05,100,100,1.0,5192,2076,3121,475,259.0,388.5,58.5,58.5,0.7041385209054382,0.12023911763804629,-0.014234300055236515,0.05303915338398166,0.09627764859151558,0.8411183584355274,0.1588816415644726,0.83,1.0,1.0,True
MHAS,19,intercept_only,0.1,100,100,1.0,5192,2076,3121,475,519.0,777.5,115.0,115.0,0.7041385209054382,0.12018487274108447,-0.014288544952198327,0.0676854265992415,0.08017257323245275,0.8411183584355274,0.1588816415644726,0.94,1.0,1.0,True
MHAS,19,intercept_only,0.2,100,100,1.0,5192,2076,3121,475,1038.0,1554.0,233.0,233.0,0.7041385209054382,0.1201441024563299,-0.014329315236952904,0.04201547052865019,0.047952961338354805,0.8411183584355274,0.1588816415644726,1.0,1.0,1.0,True
MHAS,19,intercept_only,0.3,100,100,1.0,5192,2076,3121,475,1557.0,2337.0,348.0,348.0,0.7041385209054382,0.120136993283529,-0.014336424409753794,0.06097757082353422,0.062437507698791334,0.8411183584355274,0.1588816415644726,1.0,1.0,1.0,True
MHAS,19,intercept_only,0.4,100,100,1.0,5192,2076,3121,475,2076.0,3116.5,465.0,465.0,0.7041385209054382,0.12013190807751681,-0.014341509615766003,0.057164218437920744,0.057164218437920744,0.8411183584355274,0.1588816415644726,1.0,1.0,1.0,True
MHAS,19,intercept_only,0.5,100,100,1.0,5192,2076,3121,475,2596.0,3895.0,581.0,581.0,0.7041385209054382,0.12012657199030399,-0.014346845702978818,0.06173860650812241,0.06173860650812241,0.8411183584355274,0.1588816415644726,1.0,1.0,1.0,True
MHAS,19,intercept_only,0.6,100,100,1.0,5192,2076,3121,475,3115.0,4674.0,697.0,697.0,0.7041385209054382,0.12012563703168913,-0.014347780661593666,0.062099757798937394,0.062099757798937394,0.8411183584355274,0.1588816415644726,1.0,1.0,1.0,True
MHAS,19,none,0.0,1,1,1.0,5192,2076,3121,475,0.0,0.0,0.0,0.0,0.7041385209054382,0.1344734176932828,0.0,-0.7487910549739883,0.7487910549739883,0.8411183584355274,0.1588816415644726,0.0,1.0,1.0,False
MHAS,20,intercept_and_slope,0.05,100,100,1.0,5192,2076,3153,451,259.0,387.0,60.0,60.0,0.703470452206709,0.11541466500181201,-0.018802864234737024,-0.10997751027098839,0.13359886579257774,0.9773435230161336,0.1177155007361343,0.7,1.0,1.0,False
MHAS,20,intercept_and_slope,0.1,100,100,1.0,5192,2076,3153,451,519.0,774.0,120.5,120.5,0.703470452206709,0.11515940358788994,-0.019058125648659094,-0.11923729318627546,0.11923729318627546,0.9897201737545942,0.07220297403979725,0.8,1.0,1.0,False
MHAS,20,intercept_and_slope,0.2,100,100,1.0,5192,2076,3153,451,1038.0,1550.0,241.0,241.0,0.703470452206709,0.11514546576116996,-0.019072063475379063,-0.14599688905953126,0.14599688905953126,1.000051498138561,0.04865034848015787,0.88,1.0,1.0,False
MHAS,20,intercept_and_slope,0.3,100,100,1.0,5192,2076,3153,451,1557.0,2321.0,361.0,361.0,0.703470452206709,0.11512767389961631,-0.019089855336932714,-0.12006456870191694,0.12006456870191694,0.9734938709544888,0.050314439898959784,1.0,1.0,1.0,False
MHAS,20,intercept_and_slope,0.4,100,100,1.0,5192,2076,3153,451,2076.0,3095.0,480.0,480.0,0.703470452206709,0.11512260015662473,-0.019094929079924293,-0.12455603950626967,0.12455603950626967,0.9811782868716677,0.03207627458039597,1.0,1.0,1.0,False
MHAS,20,intercept_and_slope,0.5,100,100,1.0,5192,2076,3153,451,2596.0,3871.0,600.0,600.0,0.703470452206709,0.11512974588083111,-0.019087783355717917,-0.12257284726364603,0.12257284726364603,0.9693889108688069,0.03142780553777147,1.0,1.0,1.0,False
MHAS,20,intercept_and_slope,0.6,100,100,1.0,5192,2076,3153,451,3115.0,4643.0,721.0,721.0,0.703470452206709,0.11510306553976682,-0.019114463696782207,-0.12312016041508375,0.12312016041508375,0.9810835451822065,0.01891645481779347,1.0,1.0,1.0,False
MHAS,20,intercept_only,0.05,100,100,1.0,5192,2076,3153,451,259.0,387.0,60.0,60.0,0.703470452206709,0.11583004481927661,-0.01838748441727242,-0.1145585088455997,0.1355401571142239,0.8256585408790303,0.17434145912096966,0.71,1.0,1.0,False
MHAS,20,intercept_only,0.1,100,100,1.0,5192,2076,3153,451,519.0,774.0,120.5,120.5,0.703470452206709,0.11589189604541197,-0.018325633191137065,-0.12465983337075368,0.12465983337075368,0.8256585408790303,0.17434145912096966,0.74,1.0,1.0,False
MHAS,20,intercept_only,0.2,100,100,1.0,5192,2076,3153,451,1038.0,1550.0,241.0,241.0,0.703470452206709,0.1160971833789816,-0.01812034585756743,-0.15450852703965218,0.15450852703965218,0.8256585408790303,0.17434145912096966,0.82,1.0,1.0,False
MHAS,20,intercept_only,0.3,100,100,1.0,5192,2076,3153,451,1557.0,2321.0,361.0,361.0,0.703470452206709,0.11591393856292789,-0.01830359067362114,-0.12811694865222328,0.12811694865222328,0.8256585408790303,0.17434145912096966,0.99,1.0,1.0,False
MHAS,20,intercept_only,0.4,100,100,1.0,5192,2076,3153,451,2076.0,3095.0,480.0,480.0,0.703470452206709,0.11594269217842286,-0.018274837058126173,-0.13252410764389783,0.13252410764389783,0.8256585408790303,0.17434145912096966,0.99,1.0,1.0,False
MHAS,20,intercept_only,0.5,100,100,1.0,5192,2076,3153,451,2596.0,3871.0,600.0,600.0,0.703470452206709,0.11592777428934459,-0.018289754947204445,-0.13025160355696308,0.13025160355696308,0.8256585408790303,0.17434145912096966,1.0,1.0,1.0,False
MHAS,20,intercept_only,0.6,100,100,1.0,5192,2076,3153,451,3115.0,4643.0,721.0,721.0,0.703470452206709,0.11593429648152283,-0.018283232755026205,-0.13124883282580183,0.13124883282580183,0.8256585408790303,0.17434145912096966,1.0,1.0,1.0,False
MHAS,20,none,0.0,1,1,1.0,5192,2076,3153,451,0.0,0.0,0.0,0.0,0.703470452206709,0.13421752923654903,0.0,-0.8651417921589332,0.8651417921589332,0.8256585408790303,0.17434145912096966,0.0,1.0,1.0,False
MHAS,21,intercept_and_slope,0.05,100,100,1.0,5192,2076,3135,475,259.0,386.5,59.0,59.0,0.6957067669172933,0.12129639775736611,-0.015505015451638467,-0.002463633251703362,0.0853813991063197,0.8799793818735919,0.1576064403617387,0.85,1.0,1.0,False
MHAS,21,intercept_and_slope,0.1,100,100,1.0,5192,2076,3135,475,519.0,774.5,116.0,116.0,0.6957067669172933,0.12107025644011382,-0.015731156768890753,0.03349157708263546,0.05210429251647711,0.9065506381102766,0.11889520469422415,0.97,1.0,1.0,False
MHAS,21,intercept_and_slope,0.2,100,100,1.0,5192,2076,3135,475,1038.0,1553.0,232.0,232.0,0.6957067669172933,0.12099583962855809,-0.01580557358044648,0.03565281344966904,0.060291605028214255,0.9060469442328081,0.096013601490335,0.99,1.0,1.0,True
MHAS,21,intercept_and_slope,0.3,100,100,1.0,5192,2076,3135,475,1557.0,2330.0,350.0,350.0,0.6957067669172933,0.12091670666425448,-0.01588470654475009,0.028218035165854246,0.030460383309587415,0.9081420768110835,0.09185792318891656,1.0,1.0,1.0,True
MHAS,21,intercept_and_slope,0.4,100,100,1.0,5192,2076,3135,475,2076.0,3105.5,465.0,465.0,0.6957067669172933,0.12090901050031103,-0.015892402708693548,0.02866499531123924,0.029197437011752973,0.9041377879544128,0.09586221204558726,1.0,1.0,1.0,True
MHAS,21,intercept_and_slope,0.5,100,100,1.0,5192,2076,3135,475,2596.0,3883.0,582.0,582.0,0.6957067669172933,0.12090237909153655,-0.015899034117468028,0.034986766724120114,0.034986766724120114,0.9043758615979587,0.09562413840204126,1.0,1.0,1.0,True
MHAS,21,intercept_and_slope,0.6,100,100,1.0,5192,2076,3135,475,3115.0,4660.0,697.0,697.0,0.6957067669172933,0.12088865143428845,-0.015912761774716122,0.03425484691424132,0.03425484691424132,0.9068220309820965,0.09317796901790354,1.0,1.0,1.0,True
MHAS,21,intercept_only,0.05,100,100,1.0,5192,2076,3135,475,259.0,386.5,59.0,59.0,0.6957067669172933,0.1216645653837298,-0.015136847825274767,-0.0037275392167721577,0.08204708449278414,0.7868534787150111,0.2131465212849889,0.83,1.0,1.0,True
MHAS,21,intercept_only,0.1,100,100,1.0,5192,2076,3135,475,519.0,774.5,116.0,116.0,0.6957067669172933,0.12154744195620963,-0.015253971252794943,0.03514578096508536,0.05903762450775232,0.7868534787150111,0.2131465212849889,0.97,1.0,1.0,True
MHAS,21,intercept_only,0.2,100,100,1.0,5192,2076,3135,475,1038.0,1553.0,232.0,232.0,0.6957067669172933,0.12151948701309742,-0.015281926195907146,0.039610575833578784,0.06048157653437992,0.7868534787150111,0.2131465212849889,0.99,1.0,1.0,True
MHAS,21,intercept_only,0.3,100,100,1.0,5192,2076,3135,475,1557.0,2330.0,350.0,350.0,0.6957067669172933,0.12150345822791124,-0.015297954981093334,0.03276073650904224,0.035355380471621026,0.7868534787150111,0.2131465212849889,1.0,1.0,1.0,True
MHAS,21,intercept_only,0.4,100,100,1.0,5192,2076,3135,475,2076.0,3105.5,465.0,465.0,0.6957067669172933,0.12150346420885763,-0.015297949000146943,0.03245833360056645,0.03245833360056645,0.7868534787150111,0.2131465212849889,1.0,1.0,1.0,True
MHAS,21,intercept_only,0.5,100,100,1.0,5192,2076,3135,475,2596.0,3883.0,582.0,582.0,0.6957067669172933,0.1214968493388508,-0.015304563870153776,0.03767415215839443,0.03767415215839443,0.7868534787150111,0.2131465212849889,1.0,1.0,1.0,True
MHAS,21,intercept_only,0.6,100,100,1.0,5192,2076,3135,475,3115.0,4660.0,697.0,697.0,0.6957067669172933,0.12149710123050358,-0.015304311978500983,0.037458621766108924,0.037458621766108924,0.7868534787150111,0.2131465212849889,1.0,1.0,1.0,True
MHAS,21,none,0.0,1,1,1.0,5192,2076,3135,475,0.0,0.0,0.0,0.0,0.6957067669172933,0.13680141320900457,0.0,-0.7636999360766957,0.7636999360766957,0.7868534787150111,0.2131465212849889,0.0,1.0,1.0,False
MHAS,22,intercept_and_slope,0.05,100,100,1.0,5192,2076,3090,464,259.0,391.0,57.5,57.5,0.6976295565564514,0.11962188945432065,-0.01675482080951151,0.020734134227811417,0.10346995624024799,0.9842100791867384,0.13118383101586284,0.83,1.0,1.0,False
MHAS,22,intercept_and_slope,0.1,100,100,1.0,5192,2076,3090,464,519.0,780.5,118.5,118.5,0.6976295565564514,0.1194374667674474,-0.01693924349638476,-0.037972451564734694,0.061409919313609014,0.9978459947000424,0.0990525644995664,0.95,1.0,1.0,True
MHAS,22,intercept_and_slope,0.2,100,100,1.0,5192,2076,3090,464,1038.0,1570.5,237.0,237.0,0.6976295565564514,0.11929277684423682,-0.01708393341959534,-0.02902542664878692,0.04520293570803619,0.9724474040291994,0.055350573138113646,1.0,1.0,1.0,True
MHAS,22,intercept_and_slope,0.3,100,100,1.0,5192,2076,3090,464,1557.0,2351.5,351.5,351.5,0.6976295565564514,0.11927772419424748,-0.01709898606958469,-0.013590721529856029,0.030162482843785265,0.948633221549146,0.05591193867414007,1.0,1.0,1.0,True
MHAS,22,intercept_and_slope,0.4,100,100,1.0,5192,2076,3090,464,2076.0,3138.0,473.0,473.0,0.6976295565564514,0.11923153614761652,-0.017145174116215647,-0.014746546894178515,0.027317147603658297,0.9623047088119043,0.03897455835960095,1.0,1.0,1.0,True
MHAS,22,intercept_and_slope,0.5,100,100,1.0,5192,2076,3090,464,2596.0,3924.0,590.0,590.0,0.6976295565564514,0.11922737372573192,-0.017149336538100246,-0.018328737871675806,0.01881707071422097,0.9629327906535207,0.037067209346479335,1.0,1.0,1.0,True
MHAS,22,intercept_and_slope,0.6,100,100,1.0,5192,2076,3090,464,3115.0,4705.0,708.0,708.0,0.6976295565564514,0.11922312475808416,-0.017153585505747998,-0.01566690309301802,0.01566690309301802,0.9628946284337292,0.03710537156627075,1.0,1.0,1.0,True
MHAS,22,intercept_only,0.05,100,100,1.0,5192,2076,3090,464,259.0,391.0,57.5,57.5,0.6976295565564514,0.1198864134502724,-0.016490296813559756,0.010864457370605126,0.10652786970005793,0.8151102646022507,0.18488973539774933,0.82,1.0,1.0,False
MHAS,22,intercept_only,0.1,100,100,1.0,5192,2076,3090,464,519.0,780.5,118.5,118.5,0.6976295565564514,0.11984986580308873,-0.016526844460743435,-0.04070857440843259,0.06544698641422456,0.8151102646022507,0.18488973539774933,0.94,1.0,1.0,True
MHAS,22,intercept_only,0.2,100,100,1.0,5192,2076,3090,464,1038.0,1570.5,237.0,237.0,0.6976295565564514,0.1198158538599984,-0.01656085640383375,-0.030657392598751457,0.047595924852534235,0.8151102646022507,0.18488973539774933,0.99,1.0,1.0,True
MHAS,22,intercept_only,0.3,100,100,1.0,5192,2076,3090,464,1557.0,2351.5,351.5,351.5,0.6976295565564514,0.1197751923013269,-0.016601517962505266,-0.016967088769575443,0.03185486301070033,0.8151102646022507,0.18488973539774933,1.0,1.0,1.0,True
MHAS,22,intercept_only,0.4,100,100,1.0,5192,2076,3090,464,2076.0,3138.0,473.0,473.0,0.6976295565564514,0.11977499320037498,-0.016601717063457186,-0.016892639913135596,0.028752497348048293,0.8151102646022507,0.18488973539774933,1.0,1.0,1.0,True
MHAS,22,intercept_only,0.5,100,100,1.0,5192,2076,3090,464,2596.0,3924.0,590.0,590.0,0.6976295565564514,0.11978517963889335,-0.016591530624938816,-0.02054018032252039,0.021777522587658624,0.8151102646022507,0.18488973539774933,1.0,1.0,1.0,True
MHAS,22,intercept_only,0.6,100,100,1.0,5192,2076,3090,464,3115.0,4705.0,708.0,708.0,0.6976295565564514,0.11977914882296012,-0.016597561440872044,-0.018403446565441586,0.018403446565441586,0.8151102646022507,0.18488973539774933,1.0,1.0,1.0,True
MHAS,22,none,0.0,1,1,1.0,5192,2076,3090,464,0.0,0.0,0.0,0.0,0.6976295565564514,0.13637671026383216,0.0,-0.7972280104965543,0.7972280104965543,0.8151102646022507,0.18488973539774933,0.0,1.0,1.0,False
MHAS,23,intercept_and_slope,0.05,100,100,1.0,5192,2076,3129,467,259.0,387.0,57.0,57.0,0.7069373545031428,0.11889178262720551,-0.015264345880971676,0.01817416070570223,0.10048743288155326,1.019523619305104,0.12348886542963994,0.82,1.0,1.0,False
MHAS,23,intercept_and_slope,0.1,100,100,1.0,5192,2076,3129,467,519.0,778.0,117.0,117.0,0.7069373545031428,0.11859436048711924,-0.015561768021057944,0.00592499942916346,0.05801083999808081,1.035295300626545,0.0897070228763065,0.97,1.0,1.0,True
MHAS,23,intercept_and_slope,0.2,100,100,1.0,5192,2076,3129,467,1038.0,1553.5,234.0,234.0,0.7069373545031428,0.11843653352760938,-0.01571959498056779,-0.004981850515763673,0.04430492933231539,1.0543800315447884,0.05973100589273428,1.0,1.0,1.0,True
MHAS,23,intercept_and_slope,0.3,100,100,1.0,5192,2076,3129,467,1557.0,2334.0,353.5,353.5,0.7069373545031428,0.11838719434027076,-0.015768934167906423,0.0012319893032279512,0.0271283795036084,1.0493954086977677,0.05543879978234184,1.0,1.0,1.0,True
MHAS,23,intercept_and_slope,0.4,100,100,1.0,5192,2076,3129,467,2076.0,3106.5,467.0,467.0,0.7069373545031428,0.11838543630626597,-0.01577069220191122,0.0021940515257444487,0.023300991868875666,1.0354969970418537,0.03657146695141045,1.0,1.0,1.0,True
MHAS,23,intercept_and_slope,0.5,100,100,1.0,5192,2076,3129,467,2596.0,3891.0,587.0,587.0,0.7069373545031428,0.11836644482969524,-0.015789683678481943,0.001216663862949748,0.012630856303391119,1.053783592139474,0.053783592139474035,1.0,1.0,1.0,True
MHAS,23,intercept_and_slope,0.6,100,100,1.0,5192,2076,3129,467,3115.0,4667.0,705.0,705.0,0.7069373545031428,0.11835862934765326,-0.01579749916052392,1.9125266978654114e-05,0.0002011578515181837,1.051852096949857,0.05185209694985704,1.0,1.0,1.0,True
MHAS,23,intercept_only,0.05,100,100,1.0,5192,2076,3129,467,259.0,387.0,57.0,57.0,0.7069373545031428,0.11898733749326151,-0.015168791014915674,0.025478027602704473,0.09970028191253885,0.8595829399928593,0.14041706000714071,0.79,1.0,1.0,True
MHAS,23,intercept_only,0.1,100,100,1.0,5192,2076,3129,467,519.0,778.0,117.0,117.0,0.7069373545031428,0.11884694962192205,-0.015309178886255138,0.014418139453332077,0.0648873140605126,0.8595829399928593,0.14041706000714071,0.97,1.0,1.0,True
MHAS,23,intercept_only,0.2,100,100,1.0,5192,2076,3129,467,1038.0,1553.5,234.0,234.0,0.7069373545031428,0.11883820918054444,-0.015317919327632747,-0.0004964182447303025,0.04497527347741083,0.8595829399928593,0.14041706000714071,1.0,1.0,1.0,True
MHAS,23,intercept_only,0.3,100,100,1.0,5192,2076,3129,467,1557.0,2334.0,353.5,353.5,0.7069373545031428,0.11882461657098342,-0.01533151193719376,0.007855409185341285,0.028511303184673945,0.8595829399928593,0.14041706000714071,1.0,1.0,1.0,True
MHAS,23,intercept_only,0.4,100,100,1.0,5192,2076,3129,467,2076.0,3106.5,467.0,467.0,0.7069373545031428,0.11881886059181758,-0.015337267916359601,0.006073033283619241,0.024500206931047618,0.8595829399928593,0.14041706000714071,1.0,1.0,1.0,True
MHAS,23,intercept_only,0.5,100,100,1.0,5192,2076,3129,467,2596.0,3891.0,587.0,587.0,0.7069373545031428,0.11881699637644276,-0.01533913213173442,0.007085892551007731,0.013390270969819637,0.8595829399928593,0.14041706000714071,1.0,1.0,1.0,True
MHAS,23,intercept_only,0.6,100,100,1.0,5192,2076,3129,467,3115.0,4667.0,705.0,705.0,0.7069373545031428,0.11881926632313851,-0.015336862185038672,0.005290909724587753,0.005290909724587753,0.8595829399928593,0.14041706000714071,1.0,1.0,1.0,True
MHAS,23,none,0.0,1,1,1.0,5192,2076,3129,467,0.0,0.0,0.0,0.0,0.7069373545031428,0.13415612850817718,0.0,-0.782940101266997,0.782940101266997,0.8595829399928593,0.14041706000714071,0.0,1.0,1.0,False
MHAS,24,intercept_and_slope,0.05,100,100,1.0,5192,2076,3101,455,259.0,391.0,57.5,57.5,0.7018327477511151,0.11640886519701389,-0.01620105210236221,0.0032437012200839353,0.09083293149588759,1.0799996833445342,0.12696699892374363,0.87,1.0,1.0,False
MHAS,24,intercept_and_slope,0.1,100,100,1.0,5192,2076,3101,455,519.0,781.0,120.5,120.5,0.7018327477511151,0.11622512576788151,-0.016384791531494594,-0.051802004926476866,0.07763762406034881,1.0368649362923257,0.08376577504005744,0.94,1.0,1.0,True
MHAS,24,intercept_and_slope,0.2,100,100,1.0,5192,2076,3101,455,1038.0,1565.0,239.0,239.0,0.7018327477511151,0.11612610478974336,-0.016483812509632746,-0.03297876696552059,0.04980269333896453,1.019202596115145,0.05838876221190731,1.0,1.0,1.0,True
MHAS,24,intercept_and_slope,0.3,100,100,1.0,5192,2076,3101,455,1557.0,2348.0,360.0,360.0,0.7018327477511151,0.11608538259693736,-0.01652453470243874,-0.038012564953077164,0.04199485311143498,1.031973934558148,0.04168711028840316,1.0,1.0,1.0,True
MHAS,24,intercept_and_slope,0.4,100,100,1.0,5192,2076,3101,455,2076.0,3131.0,476.0,476.0,0.7018327477511151,0.11606655437138115,-0.01654336292799495,-0.029911032823785627,0.0345328250014585,1.041424351370428,0.04212730560017508,1.0,1.0,1.0,True
MHAS,24,intercept_and_slope,0.5,100,100,1.0,5192,2076,3101,455,2596.0,3913.0,596.0,596.0,0.7018327477511151,0.11605723715760885,-0.016552680141767258,-0.03356197720426274,0.03356197720426274,1.041792338675751,0.04179233867575105,1.0,1.0,1.0,True
MHAS,24,intercept_and_slope,0.6,100,100,1.0,5192,2076,3101,455,3115.0,4694.0,717.0,717.0,0.7018327477511151,0.11604939827534427,-0.016560519024031828,-0.03351649062207128,0.03351649062207128,1.03714477822453,0.037144778224529995,1.0,1.0,1.0,True
MHAS,24,intercept_only,0.05,100,100,1.0,5192,2076,3101,455,259.0,391.0,57.5,57.5,0.7018327477511151,0.11636548796247709,-0.016244429336899006,0.014631602832992072,0.10015634237142385,0.8522644866110642,0.14773551338893576,0.86,1.0,1.0,False
MHAS,24,intercept_only,0.1,100,100,1.0,5192,2076,3101,455,519.0,781.0,120.5,120.5,0.7018327477511151,0.11639017757717142,-0.016219739722204682,-0.04981495466933844,0.0733689271326403,0.8522644866110642,0.14773551338893576,0.93,1.0,1.0,True
MHAS,24,intercept_only,0.2,100,100,1.0,5192,2076,3101,455,1038.0,1565.0,239.0,239.0,0.7018327477511151,0.11633331791156977,-0.01627659938780633,-0.03504766311119632,0.048336002960121735,0.8522644866110642,0.14773551338893576,1.0,1.0,1.0,True
MHAS,24,intercept_only,0.3,100,100,1.0,5192,2076,3101,455,1557.0,2348.0,360.0,360.0,0.7018327477511151,0.1163385173846243,-0.016271399914751808,-0.036916067658543286,0.040164905945193174,0.8522644866110642,0.14773551338893576,1.0,1.0,1.0,True
MHAS,24,intercept_only,0.4,100,100,1.0,5192,2076,3101,455,2076.0,3131.0,476.0,476.0,0.7018327477511151,0.11631633918795858,-0.016293578111417517,-0.02857171128646436,0.030963868150543673,0.8522644866110642,0.14773551338893576,1.0,1.0,1.0,True
MHAS,24,intercept_only,0.5,100,100,1.0,5192,2076,3101,455,2596.0,3913.0,596.0,596.0,0.7018327477511151,0.11632397940885529,-0.01628593789052081,-0.031554175003420934,0.031554175003420934,0.8522644866110642,0.14773551338893576,1.0,1.0,1.0,True
MHAS,24,intercept_only,0.6,100,100,1.0,5192,2076,3101,455,3115.0,4694.0,717.0,717.0,0.7018327477511151,0.11632240682450343,-0.01628751047487268,-0.030950179420454936,0.030950179420454936,0.8522644866110642,0.14773551338893576,1.0,1.0,1.0,True
MHAS,24,none,0.0,1,1,1.0,5192,2076,3101,455,0.0,0.0,0.0,0.0,0.7018327477511151,0.1326099172993761,0.0,-0.8049248311344491,0.8049248311344491,0.8522644866110642,0.14773551338893576,0.0,1.0,1.0,False
MHAS,25,intercept_and_slope,0.05,100,100,1.0,5192,2076,3134,469,259.0,387.0,58.5,58.5,0.696890113890478,0.11937281156910076,-0.017394805278200788,-0.06596153725072454,0.10811317940359616,0.9331761159198539,0.11209863644944418,0.84,1.0,1.0,False
MHAS,25,intercept_and_slope,0.1,100,100,1.0,5192,2076,3134,469,519.0,776.0,116.0,116.0,0.696890113890478,0.11910038298460392,-0.017667233862697626,-0.03884486017066317,0.06727794231974032,0.9899042683791508,0.0714727223785635,0.94,1.0,1.0,True
MHAS,25,intercept_and_slope,0.2,100,100,1.0,5192,2076,3134,469,1038.0,1553.0,234.0,234.0,0.696890113890478,0.11901114367278492,-0.017756473174516625,-0.04850058419344899,0.05684724962738745,0.9874433912299688,0.05642462363108813,0.99,1.0,1.0,True
MHAS,25,intercept_and_slope,0.3,100,100,1.0,5192,2076,3134,469,1557.0,2327.0,353.0,353.0,0.696890113890478,0.11897756467351683,-0.01779005217378471,-0.04990761522285009,0.05073834097633341,0.9855706586466861,0.03698935160257477,1.0,1.0,1.0,True
MHAS,25,intercept_and_slope,0.4,100,100,1.0,5192,2076,3134,469,2076.0,3106.5,469.0,469.0,0.696890113890478,0.11894835101693566,-0.017819265830365888,-0.04852919611679969,0.04852919611679969,0.9883892358030892,0.028033733707841568,1.0,1.0,1.0,True
MHAS,25,intercept_and_slope,0.5,100,100,1.0,5192,2076,3134,469,2596.0,3884.0,584.0,584.0,0.696890113890478,0.11892635559899842,-0.017841261248303125,-0.0389510739774984,0.0389510739774984,1.000253349515968,0.01613140404325092,1.0,1.0,1.0,True
MHAS,25,intercept_and_slope,0.6,100,100,1.0,5192,2076,3134,469,3115.0,4661.0,703.0,703.0,0.696890113890478,0.11892685335351952,-0.01784076349378203,-0.0427389734335755,0.0427389734335755,0.997510700738377,0.002489299261623057,1.0,1.0,1.0,True
MHAS,25,intercept_only,0.05,100,100,1.0,5192,2076,3134,469,259.0,387.0,58.5,58.5,0.696890113890478,0.11965154318607321,-0.01711607366122834,-0.06884209399186901,0.11065694871931035,0.8329358898085379,0.16706411019146206,0.8,1.0,1.0,False
MHAS,25,intercept_only,0.1,100,100,1.0,5192,2076,3134,469,519.0,776.0,116.0,116.0,0.696890113890478,0.11948651454893257,-0.017281102298368975,-0.04140719483370546,0.06832224939148762,0.8329358898085379,0.16706411019146206,0.95,1.0,1.0,True
MHAS,25,intercept_only,0.2,100,100,1.0,5192,2076,3134,469,1038.0,1553.0,234.0,234.0,0.696890113890478,0.1195337983215641,-0.01723381852573743,-0.05436788356166011,0.06315829405632531,0.8329358898085379,0.16706411019146206,0.99,1.0,1.0,True
MHAS,25,intercept_only,0.3,100,100,1.0,5192,2076,3134,469,1557.0,2327.0,353.0,353.0,0.696890113890478,0.1195438994724652,-0.017223717374836342,-0.056936438175919125,0.05769320871703708,0.8329358898085379,0.16706411019146206,1.0,1.0,1.0,True
MHAS,25,intercept_only,0.4,100,100,1.0,5192,2076,3134,469,2076.0,3106.5,469.0,469.0,0.696890113890478,0.11952970492210276,-0.017237911925198787,-0.05330966847517375,0.05330966847517375,0.8329358898085379,0.16706411019146206,1.0,1.0,1.0,True
MHAS,25,intercept_only,0.5,100,100,1.0,5192,2076,3134,469,2596.0,3884.0,584.0,584.0,0.696890113890478,0.11950258578505016,-0.01726503106225139,-0.046012953903850184,0.046012953903850184,0.8329358898085379,0.16706411019146206,1.0,1.0,1.0,True
MHAS,25,intercept_only,0.6,100,100,1.0,5192,2076,3134,469,3115.0,4661.0,703.0,703.0,0.696890113890478,0.119511688761542,-0.017255928085759542,-0.04852038047074765,0.04852038047074765,0.8329358898085379,0.16706411019146206,1.0,1.0,1.0,True
MHAS,25,none,0.0,1,1,1.0,5192,2076,3134,469,0.0,0.0,0.0,0.0,0.696890113890478,0.13676761684730154,0.0,-0.8150048742113418,0.8150048742113418,0.8329358898085379,0.16706411019146206,0.0,1.0,1.0,False
MHAS,26,intercept_and_slope,0.05,100,100,1.0,5192,2076,3117,490,259.0,390.0,56.0,56.0,0.7067975420088096,0.12403623752755023,-0.013677114041695068,0.10397994198419153,0.1126034642318787,0.9812331030456719,0.12875080084503027,0.79,1.0,1.0,False
MHAS,26,intercept_and_slope,0.1,100,100,1.0,5192,2076,3117,490,519.0,780.0,115.0,115.0,0.7067975420088096,0.12380467471288205,-0.013908676856363253,0.08714732918598936,0.09001637086275438,1.032298012219706,0.0912231561945922,0.88,1.0,1.0,True
MHAS,26,intercept_and_slope,0.2,100,100,1.0,5192,2076,3117,490,1038.0,1557.0,228.0,228.0,0.7067975420088096,0.12376609887807064,-0.013947252691174666,0.10445112366945132,0.10445112366945132,1.0229115014199244,0.056938483753809555,0.93,1.0,1.0,False
MHAS,26,intercept_and_slope,0.3,100,100,1.0,5192,2076,3117,490,1557.0,2343.0,343.0,343.0,0.7067975420088096,0.12369849843334421,-0.01401485313590109,0.09179806072972432,0.09179806072972432,1.0285741910285,0.04609584616819018,1.0,1.0,1.0,True
MHAS,26,intercept_and_slope,0.4,100,100,1.0,5192,2076,3117,490,2076.0,3117.0,453.0,453.0,0.7067975420088096,0.12370619086231599,-0.014007160706929311,0.10132163300784161,0.10132163300784161,1.0303968700369317,0.03624207666753443,1.0,1.0,1.0,False
MHAS,26,intercept_and_slope,0.5,100,100,1.0,5192,2076,3117,490,2596.0,3899.0,569.0,569.0,0.7067975420088096,0.12367547359232288,-0.014037877976922422,0.09626615069979555,0.09626615069979555,1.034096020129847,0.03409602012984714,1.0,1.0,1.0,True
MHAS,26,intercept_and_slope,0.6,100,100,1.0,5192,2076,3117,490,3115.0,4679.0,682.0,682.0,0.7067975420088096,0.12367531151573655,-0.014038040053508748,0.0988738351498697,0.0988738351498697,1.030225100471538,0.030225100471538036,1.0,1.0,1.0,True
MHAS,26,intercept_only,0.05,100,100,1.0,5192,2076,3117,490,259.0,390.0,56.0,56.0,0.7067975420088096,0.12408855726949672,-0.013624794299748583,0.10700386794335669,0.1182010797179231,0.8491582116455739,0.15084178835442608,0.79,1.0,1.0,False
MHAS,26,intercept_only,0.1,100,100,1.0,5192,2076,3117,490,519.0,780.0,115.0,115.0,0.7067975420088096,0.12404316488784634,-0.013670186681398973,0.10050958752078037,0.10332941915883381,0.8491582116455739,0.15084178835442608,0.86,1.0,1.0,False
MHAS,26,intercept_only,0.2,100,100,1.0,5192,2076,3117,490,1038.0,1557.0,228.0,228.0,0.7067975420088096,0.12403060998561266,-0.01368274158363264,0.10960859294073665,0.10960859294073665,0.8491582116455739,0.15084178835442608,0.89,1.0,1.0,False
MHAS,26,intercept_only,0.3,100,100,1.0,5192,2076,3117,490,1557.0,2343.0,343.0,343.0,0.7067975420088096,0.12400151299876944,-0.013711838570475865,0.09461857050195405,0.09461857050195405,0.8491582116455739,0.15084178835442608,0.99,1.0,1.0,True
MHAS,26,intercept_only,0.4,100,100,1.0,5192,2076,3117,490,2076.0,3117.0,453.0,453.0,0.7067975420088096,0.12402118338728918,-0.013692168181956128,0.10613768809039173,0.10613768809039173,0.8491582116455739,0.15084178835442608,1.0,1.0,1.0,False
MHAS,26,intercept_only,0.5,100,100,1.0,5192,2076,3117,490,2596.0,3899.0,569.0,569.0,0.7067975420088096,0.12401191103401585,-0.013701440535229446,0.1009844740527061,0.1009844740527061,0.8491582116455739,0.15084178835442608,1.0,1.0,1.0,False
MHAS,26,intercept_only,0.6,100,100,1.0,5192,2076,3117,490,3115.0,4679.0,682.0,682.0,0.7067975420088096,0.12401654501510163,-0.013696806554143667,0.10362315213306314,0.10362315213306314,0.8491582116455739,0.15084178835442608,1.0,1.0,1.0,False
MHAS,26,none,0.0,1,1,1.0,5192,2076,3117,490,0.0,0.0,0.0,0.0,0.7067975420088096,0.1377133515692453,0.0,-0.7247479390373822,0.7247479390373822,0.8491582116455739,0.15084178835442608,0.0,1.0,1.0,False
MHAS,27,intercept_and_slope,0.05,100,100,1.0,5192,2076,3083,483,259.0,392.5,56.0,56.0,0.7066391941391942,0.12294669921388335,-0.013901434438049177,0.09491729993077432,0.10523883638403468,1.004140219874261,0.10635299905589035,0.76,1.0,1.0,False
MHAS,27,intercept_and_slope,0.1,100,100,1.0,5192,2076,3083,483,519.0,784.5,115.5,115.5,0.7066391941391942,0.12276570213550446,-0.01408243151642806,0.08518843770118278,0.08889979197752812,1.0288568090795867,0.07478201846341825,0.86,1.0,1.0,True
MHAS,27,intercept_and_slope,0.2,100,100,1.0,5192,2076,3083,483,1038.0,1570.5,232.0,232.0,0.7066391941391942,0.12269780474127918,-0.014150328910653334,0.08339202495053696,0.08339202495053696,1.0207564277244496,0.05960746229278063,0.93,1.0,1.0,True
MHAS,27,intercept_and_slope,0.3,100,100,1.0,5192,2076,3083,483,1557.0,2355.0,343.0,343.0,0.7066391941391942,0.12266376264690379,-0.014184371005028722,0.0942766689580154,0.0942766689580154,1.0144295722659036,0.037623201012495444,0.99,1.0,1.0,True
MHAS,27,intercept_and_slope,0.4,100,100,1.0,5192,2076,3083,483,2076.0,3140.0,459.0,459.0,0.7066391941391942,0.12265088113461446,-0.014197252517318057,0.08563467351707241,0.08563467351707241,1.0350478942346886,0.03835012671014282,1.0,1.0,1.0,True
MHAS,27,intercept_and_slope,0.5,100,100,1.0,5192,2076,3083,483,2596.0,3926.5,573.5,573.5,0.7066391941391942,0.12264413570800708,-0.014203997943925427,0.08832479836822053,0.08832479836822053,1.0270833506057357,0.027912283755792244,1.0,1.0,1.0,True
MHAS,27,intercept_and_slope,0.6,100,100,1.0,5192,2076,3083,483,3115.0,4712.0,689.0,689.0,0.7066391941391942,0.12264097235450533,-0.014207161297427183,0.08775322286447268,0.08775322286447268,1.0317073983247758,0.03170739832477565,1.0,1.0,1.0,True
MHAS,27,intercept_only,0.05,100,100,1.0,5192,2076,3083,483,259.0,392.5,56.0,56.0,0.7066391941391942,0.12293752026047536,-0.013910613391457168,0.093832113501159,0.1069954029261293,0.8495017102346555,0.15049828976534452,0.75,1.0,1.0,False
MHAS,27,intercept_only,0.1,100,100,1.0,5192,2076,3083,483,519.0,784.5,115.5,115.5,0.7066391941391942,0.12289565484945941,-0.013952478802473113,0.08668946658121393,0.09018373287967844,0.8495017102346555,0.15049828976534452,0.86,1.0,1.0,True
MHAS,27,intercept_only,0.2,100,100,1.0,5192,2076,3083,483,1038.0,1570.5,232.0,232.0,0.7066391941391942,0.12286225481499352,-0.013985878836938997,0.08852092224497249,0.08852092224497249,0.8495017102346555,0.15049828976534452,0.92,1.0,1.0,True
MHAS,27,intercept_only,0.3,100,100,1.0,5192,2076,3083,483,1557.0,2355.0,343.0,343.0,0.7066391941391942,0.12285971899790174,-0.013988414654030779,0.09508674100079197,0.09508674100079197,0.8495017102346555,0.15049828976534452,0.99,1.0,1.0,True
MHAS,27,intercept_only,0.4,100,100,1.0,5192,2076,3083,483,2076.0,3140.0,459.0,459.0,0.7066391941391942,0.12284717726621733,-0.01400095638571519,0.08867201657548274,0.08867201657548274,0.8495017102346555,0.15049828976534452,1.0,1.0,1.0,True
MHAS,27,intercept_only,0.5,100,100,1.0,5192,2076,3083,483,2596.0,3926.5,573.5,573.5,0.7066391941391942,0.1228503821631319,-0.013997751488800607,0.09091913228681175,0.09091913228681175,0.8495017102346555,0.15049828976534452,1.0,1.0,1.0,True
MHAS,27,intercept_only,0.6,100,100,1.0,5192,2076,3083,483,3115.0,4712.0,689.0,689.0,0.7066391941391942,0.12284985126384702,-0.013998282388085495,0.09055464350090398,0.09055464350090398,0.8495017102346555,0.15049828976534452,1.0,1.0,1.0,True
MHAS,27,none,0.0,1,1,1.0,5192,2076,3083,483,0.0,0.0,0.0,0.0,0.7066391941391942,0.13684813365193252,0.0,-0.7319719325759417,0.7319719325759417,0.8495017102346555,0.15049828976534452,0.0,1.0,1.0,False
MHAS,28,intercept_and_slope,0.05,100,100,1.0,5192,2076,3114,464,259.0,389.5,58.5,58.5,0.6865988939492518,0.11972129856265837,-0.016536809303833333,-0.011463519294067272,0.09688679453821812,0.8564616959858977,0.17253340558550773,0.85,1.0,1.0,False
MHAS,28,intercept_and_slope,0.1,100,100,1.0,5192,2076,3114,464,519.0,779.5,119.0,119.0,0.6865988939492518,0.11951076461141219,-0.016747343255079504,-0.003237810777087205,0.07254762266832586,0.8809246353572346,0.12059410292182743,0.94,1.0,1.0,False
MHAS,28,intercept_and_slope,0.2,100,100,1.0,5192,2076,3114,464,1038.0,1562.0,235.0,235.0,0.6865988939492518,0.11933876654814583,-0.016919341318345868,0.00524642568799011,0.03951316034475099,0.8923039002356883,0.10832015772437886,1.0,1.0,1.0,False
MHAS,28,intercept_and_slope,0.3,100,100,1.0,5192,2076,3114,464,1557.0,2334.5,354.0,354.0,0.6865988939492518,0.11931456054969555,-0.01694354731679614,-0.0034357026924699526,0.025612208431027357,0.8966938146814714,0.10330618531852864,1.0,1.0,1.0,False
MHAS,28,intercept_and_slope,0.4,100,100,1.0,5192,2076,3114,464,2076.0,3117.0,471.5,471.5,0.6865988939492518,0.11929681912335374,-0.016961288743137966,0.0019480528278593983,0.019549187113914332,0.901222157794661,0.09877784220533903,1.0,1.0,1.0,True
MHAS,28,intercept_and_slope,0.5,100,100,1.0,5192,2076,3114,464,2596.0,3901.0,590.0,590.0,0.6865988939492518,0.11930774766294908,-0.016950360203542632,-0.002205044255684143,0.012913633183206426,0.9013667288062288,0.09863327119377119,1.0,1.0,1.0,True
MHAS,28,intercept_and_slope,0.6,100,100,1.0,5192,2076,3114,464,3115.0,4681.0,708.0,708.0,0.6865988939492518,0.11929861613068224,-0.016959491735809455,-0.0005697942984576517,0.0006796925633965984,0.899725134244685,0.10027486575531491,1.0,1.0,1.0,False
MHAS,28,intercept_only,0.05,100,100,1.0,5192,2076,3114,464,259.0,389.5,58.5,58.5,0.6865988939492518,0.11993590574932275,-0.016322202117168956,0.008059541045028398,0.0978075717641463,0.7810674751433603,0.21893252485663972,0.82,1.0,1.0,True
MHAS,28,intercept_only,0.1,100,100,1.0,5192,2076,3114,464,519.0,779.5,119.0,119.0,0.6865988939492518,0.11989128296089405,-0.016366824905597648,-0.002546383934250946,0.06811685037604379,0.7810674751433603,0.21893252485663972,0.93,1.0,1.0,True
MHAS,28,intercept_only,0.2,100,100,1.0,5192,2076,3114,464,1038.0,1562.0,235.0,235.0,0.6865988939492518,0.1198156903713675,-0.0164424174951242,0.007866237747837313,0.04027695255299623,0.7810674751433603,0.21893252485663972,1.0,1.0,1.0,True
MHAS,28,intercept_only,0.3,100,100,1.0,5192,2076,3114,464,1557.0,2334.5,354.0,354.0,0.6865988939492518,0.11983311890314773,-0.016424988963343976,0.000894126798613099,0.028904837778966786,0.7810674751433603,0.21893252485663972,1.0,1.0,1.0,True
MHAS,28,intercept_only,0.4,100,100,1.0,5192,2076,3114,464,2076.0,3117.0,471.5,471.5,0.6865988939492518,0.11982047864865945,-0.016437629217832248,0.005874932588183354,0.02179471924061912,0.7810674751433603,0.21893252485663972,1.0,1.0,1.0,True
MHAS,28,intercept_only,0.5,100,100,1.0,5192,2076,3114,464,2596.0,3901.0,590.0,590.0,0.6865988939492518,0.11983104559575794,-0.016427062270733754,0.0016883697940420677,0.013087150463109544,0.7810674751433603,0.21893252485663972,1.0,1.0,1.0,True
MHAS,28,intercept_only,0.6,100,100,1.0,5192,2076,3114,464,3115.0,4681.0,708.0,708.0,0.6865988939492518,0.11982805314268882,-0.01643005472380287,0.0028487864955530854,0.0028487864955530854,0.7810674751433603,0.21893252485663972,1.0,1.0,1.0,True
MHAS,28,none,0.0,1,1,1.0,5192,2076,3114,464,0.0,0.0,0.0,0.0,0.6865988939492518,0.1362581078664917,0.0,-0.7844081194490055,0.7844081194490055,0.7810674751433603,0.21893252485663972,0.0,1.0,1.0,False
MHAS,29,intercept_and_slope,0.05,100,100,1.0,5192,2076,3157,465,259.0,388.5,60.0,60.0,0.7195046254134113,0.11656366918140042,-0.01600295496340849,-0.054637092992562454,0.09805496368738328,1.0707488195716426,0.12101643782549182,0.8,1.0,1.0,False
MHAS,29,intercept_and_slope,0.1,100,100,1.0,5192,2076,3157,465,519.0,772.0,120.0,120.0,0.7195046254134113,0.11638966922912977,-0.01617695491567913,-0.054806426429883356,0.07081331746761371,1.0945361712995618,0.11046332615139942,0.94,1.0,1.0,False
MHAS,29,intercept_and_slope,0.2,100,100,1.0,5192,2076,3157,465,1038.0,1548.0,234.0,234.0,0.7195046254134113,0.11627710168209773,-0.016289522462711176,-0.029731631767202338,0.04593246355452259,1.1075994345773994,0.10759943457739929,1.0,1.0,1.0,False
MHAS,29,intercept_and_slope,0.3,100,100,1.0,5192,2076,3157,465,1557.0,2317.0,352.0,352.0,0.7195046254134113,0.11621659704534856,-0.016350027099460353,-0.038963355671674346,0.03944591580269372,1.093019205061497,0.09301920506149719,1.0,1.0,1.0,True
MHAS,29,intercept_and_slope,0.4,100,100,1.0,5192,2076,3157,465,2076.0,3091.0,470.0,470.0,0.7195046254134113,0.11620463117468136,-0.016361992970127547,-0.041630368343344756,0.041630368343344756,1.1060607679667023,0.10606076796670227,1.0,1.0,1.0,False
MHAS,29,intercept_and_slope,0.5,100,100,1.0,5192,2076,3157,465,2596.0,3867.5,588.0,588.0,0.7195046254134113,0.11619208435045619,-0.01637453979435271,-0.042457489108303215,0.042457489108303215,1.10486021447146,0.10486021447146021,1.0,1.0,1.0,False
MHAS,29,intercept_and_slope,0.6,100,100,1.0,5192,2076,3157,465,3115.0,4638.0,707.0,707.0,0.7195046254134113,0.11618476369714864,-0.016381860447660268,-0.04284949519602155,0.04284949519602155,1.1039522507285877,0.10395225072858771,1.0,1.0,1.0,False
MHAS,29,intercept_only,0.05,100,100,1.0,5192,2076,3157,465,259.0,388.5,60.0,60.0,0.7195046254134113,0.11679382080914244,-0.01577280333566647,-0.05889154734059933,0.10243560334955513,0.8833452751997012,0.11665472480029881,0.78,1.0,1.0,False
MHAS,29,intercept_only,0.1,100,100,1.0,5192,2076,3157,465,519.0,772.0,120.0,120.0,0.7195046254134113,0.11667794054716779,-0.015888683597641118,-0.05061875960879647,0.0746663911731558,0.8833452751997012,0.11665472480029881,0.93,1.0,1.0,True
MHAS,29,intercept_only,0.2,100,100,1.0,5192,2076,3157,465,1038.0,1548.0,234.0,234.0,0.7195046254134113,0.11661710066891703,-0.015949523475891868,-0.033867545311911884,0.04797205605993618,0.8833452751997012,0.11665472480029881,1.0,1.0,1.0,True
MHAS,29,intercept_only,0.3,100,100,1.0,5192,2076,3157,465,1557.0,2317.0,352.0,352.0,0.7195046254134113,0.11662606771973141,-0.015940556425077496,-0.041016268361387075,0.04195153862641761,0.8833452751997012,0.11665472480029881,1.0,1.0,1.0,True
MHAS,29,intercept_only,0.4,100,100,1.0,5192,2076,3157,465,2076.0,3091.0,470.0,470.0,0.7195046254134113,0.1166318409600009,-0.015934783184808003,-0.043397734056534576,0.043397734056534576,0.8833452751997012,0.11665472480029881,1.0,1.0,1.0,True
MHAS,29,intercept_only,0.5,100,100,1.0,5192,2076,3157,465,2596.0,3867.5,588.0,588.0,0.7195046254134113,0.11663995131104059,-0.01592667283376832,-0.04661464032773312,0.04661464032773312,0.8833452751997012,0.11665472480029881,1.0,1.0,1.0,True
MHAS,29,intercept_only,0.6,100,100,1.0,5192,2076,3157,465,3115.0,4638.0,707.0,707.0,0.7195046254134113,0.11663833759238443,-0.015928286552424488,-0.04598594497890418,0.04598594497890418,0.8833452751997012,0.11665472480029881,1.0,1.0,1.0,True
MHAS,29,none,0.0,1,1,1.0,5192,2076,3157,465,0.0,0.0,0.0,0.0,0.7195046254134113,0.1325666241448089,0.0,-0.8136919591198191,0.8136919591198191,0.8833452751997012,0.11665472480029881,0.0,1.0,1.0,False
MHAS,30,intercept_and_slope,0.05,100,100,1.0,5192,2076,3130,476,259.0,389.0,59.0,59.0,0.6892695661535149,0.12132351401251476,-0.014753390847515792,0.05374163979803368,0.12062468857658182,0.9249297175543526,0.13008583288663556,0.8,1.0,1.0,False
MHAS,30,intercept_and_slope,0.1,100,100,1.0,5192,2076,3130,476,519.0,779.0,115.0,115.0,0.6892695661535149,0.12109947414060834,-0.01497743071942221,0.07436216340563218,0.0852924756681544,0.9376536173591727,0.11623730789731046,0.95,1.0,1.0,False
MHAS,30,intercept_and_slope,0.2,100,100,1.0,5192,2076,3130,476,1038.0,1556.5,232.5,232.5,0.6892695661535149,0.1210163670865804,-0.015060537773450143,0.06171882725641367,0.06635637894270263,0.9320046415847627,0.06871365700106691,0.98,1.0,1.0,True
MHAS,30,intercept_and_slope,0.3,100,100,1.0,5192,2076,3130,476,1557.0,2329.5,350.0,350.0,0.6892695661535149,0.12095720457286446,-0.01511970028716609,0.06025407219159168,0.061797014483919166,0.9347370198403525,0.06539520258937381,1.0,1.0,1.0,True
MHAS,30,intercept_and_slope,0.4,100,100,1.0,5192,2076,3130,476,2076.0,3110.5,465.0,465.0,0.6892695661535149,0.12094335524230826,-0.015133549617722293,0.06024387028117614,0.06024387028117614,0.9316636686680383,0.06833633133196171,1.0,1.0,1.0,True
MHAS,30,intercept_and_slope,0.5,100,100,1.0,5192,2076,3130,476,2596.0,3887.0,582.0,582.0,0.6892695661535149,0.12094522306321678,-0.015131681796813762,0.06253021441057988,0.06253021441057988,0.9259632333583254,0.07403676664167452,1.0,1.0,1.0,True
MHAS,30,intercept_and_slope,0.6,100,100,1.0,5192,2076,3130,476,3115.0,4666.0,696.0,696.0,0.6892695661535149,0.12093801528974041,-0.015138889570290144,0.06574474230644597,0.06574474230644597,0.930133273860938,0.06986672613906197,1.0,1.0,1.0,True
MHAS,30,intercept_only,0.05,100,100,1.0,5192,2076,3130,476,259.0,389.0,59.0,59.0,0.6892695661535149,0.12144637367614061,-0.014630531183889926,0.061397918235038054,0.10921509513682962,0.7987905446209878,0.20120945537901225,0.8,1.0,1.0,False
MHAS,30,intercept_only,0.1,100,100,1.0,5192,2076,3130,476,519.0,779.0,115.0,115.0,0.6892695661535149,0.12137180059728928,-0.014705104262741263,0.08718126416166455,0.09930869204538993,0.7987905446209878,0.20120945537901225,0.94,1.0,1.0,True
MHAS,30,intercept_only,0.2,100,100,1.0,5192,2076,3130,476,1038.0,1556.5,232.5,232.5,0.6892695661535149,0.12134060132086188,-0.014736303539168667,0.07341769919403211,0.07341769919403211,0.7987905446209878,0.20120945537901225,0.98,1.0,1.0,True
MHAS,30,intercept_only,0.3,100,100,1.0,5192,2076,3130,476,1557.0,2329.5,350.0,350.0,0.6892695661535149,0.12132148599104056,-0.01475541886898999,0.06970353709867717,0.07125663287867484,0.7987905446209878,0.20120945537901225,1.0,1.0,1.0,True
MHAS,30,intercept_only,0.4,100,100,1.0,5192,2076,3130,476,2076.0,3110.5,465.0,465.0,0.6892695661535149,0.12131356580744233,-0.014763339052588212,0.06790351403486856,0.06790351403486856,0.7987905446209878,0.20120945537901225,1.0,1.0,1.0,True
MHAS,30,intercept_only,0.5,100,100,1.0,5192,2076,3130,476,2596.0,3887.0,582.0,582.0,0.6892695661535149,0.1213112632537551,-0.014765641606275436,0.07215725227893836,0.07215725227893836,0.7987905446209878,0.20120945537901225,1.0,1.0,1.0,True
MHAS,30,intercept_only,0.6,100,100,1.0,5192,2076,3130,476,3115.0,4666.0,696.0,696.0,0.6892695661535149,0.12130864123221746,-0.014768263627813083,0.07480339482256633,0.07480339482256633,0.7987905446209878,0.20120945537901225,1.0,1.0,1.0,True
MHAS,30,none,0.0,1,1,1.0,5192,2076,3130,476,0.0,0.0,0.0,0.0,0.6892695661535149,0.13607690486003055,0.0,-0.7413354634777625,0.7413354634777625,0.7987905446209878,0.20120945537901225,0.0,1.0,1.0,False
