riskset_type,heldout,model,nominal_prediction,flexible_observed_risk,lower_95_cluster,upper_95_cluster
two_wave,CHARLS,M0,0.0504813301971723,0.113429835084705,0.0831625326102829,0.152876208156075
two_wave,CHARLS,M0,0.0520683462167613,0.116941284330634,0.0905245860384677,0.149797143352723
two_wave,CHARLS,M0,0.0536553622363504,0.120471709170845,0.0976092984838933,0.14781190076895
two_wave,CHARLS,M0,0.0552423782559395,0.124048051359654,0.103996609727054,0.147329882092181
two_wave,CHARLS,M0,0.0568293942755286,0.127695510413442,0.109302296896203,0.148667284356421
two_wave,CHARLS,M0,0.0584164102951176,0.131437751342986,0.113423841519127,0.151822692056627
two_wave,CHARLS,M0,0.0600034263147067,0.135297112205047,0.116684275565415,0.156353428470375
two_wave,CHARLS,M0,0.0615904423342958,0.1392948028383,0.119639246958319,0.161586863779989
two_wave,CHARLS,M0,0.0631774583538848,0.143451089399287,0.122801777023909,0.16691192857962
two_wave,CHARLS,M0,0.0647644743734739,0.147785461508292,0.1265416203225,0.171893863861298
two_wave,CHARLS,M0,0.066351490393063,0.152313027147042,0.131082079070761,0.176285043185865
two_wave,CHARLS,M0,0.067938506412652,0.157001527645153,0.136351245808759,0.180126996671727
two_wave,CHARLS,M0,0.0695255224322411,0.161787901207426,0.142066251114343,0.183661229332597
two_wave,CHARLS,M0,0.0711125384518302,0.16661038877785,0.147882012812315,0.187189567117856
two_wave,CHARLS,M0,0.0726995544714193,0.171409086575895,0.153429907138281,0.191019712613625
two_wave,CHARLS,M0,0.0742865704910083,0.176126040783726,0.158397339625092,0.195378381105206
two_wave,CHARLS,M0,0.0758735865105974,0.180705461309799,0.162633657553183,0.200305036206005
two_wave,CHARLS,M0,0.0774606025301865,0.185094006867879,0.16619734238055,0.20560940807979
two_wave,CHARLS,M0,0.0790476185497755,0.189241465567052,0.169293982933948,0.210942478743213
two_wave,CHARLS,M0,0.0806346345693646,0.193124612620972,0.172153202027635,0.215984206331514
two_wave,CHARLS,M0,0.0822216505889537,0.196760440983551,0.174924558210228,0.220593335008345
two_wave,CHARLS,M0,0.0838086666085428,0.200169471865911,0.17768644078738,0.224719900328996
two_wave,CHARLS,M0,0.0853956826281318,0.20337193881726,0.180474620376475,0.228364798299897
two_wave,CHARLS,M0,0.0869826986477209,0.206387608342258,0.183299555885605,0.231559245086715
two_wave,CHARLS,M0,0.08856971466731,0.209235648419859,0.186156353227252,0.234352328954877
two_wave,CHARLS,M0,0.090156730686899,0.211934536124778,0.189030498490435,0.236803404935063
two_wave,CHARLS,M0,0.0917437467064881,0.214501996855652,0.191901302654589,0.238977280460347
two_wave,CHARLS,M0,0.0933307627260772,0.216954968851797,0.194744196582598,0.240940953873909
two_wave,CHARLS,M0,0.0949177787456663,0.219309587721012,0.197532564219786,0.242761134221821
two_wave,CHARLS,M0,0.0965047947652553,0.221581186604023,0.200239545324471,0.244502041945291
two_wave,CHARLS,M0,0.0980918107848444,0.223784308374814,0.202840055556067,0.246223186403656
two_wave,CHARLS,M0,0.0996788268044335,0.225932726931535,0.205313081792293,0.24797701696919
two_wave,CHARLS,M0,0.101265842824023,0.228039475183353,0.20764408410941,0.249806579854152
two_wave,CHARLS,M0,0.102852858843612,0.230116877797888,0.209827112062781,0.251743543948998
two_wave,CHARLS,M0,0.104439874863201,0.232176587154503,0.211866127345001,0.253807080427011
two_wave,CHARLS,M0,0.10602689088279,0.23422962126262,0.213775124115223,0.256003986413155
two_wave,CHARLS,M0,0.107613906902379,0.236284817883749,0.215575689949949,0.258328197887758
two_wave,CHARLS,M0,0.109200922921968,0.238343838062346,0.21728869226644,0.260759513995265
two_wave,CHARLS,M0,0.110787938941557,0.240406481638593,0.218932853090463,0.26327636883589
two_wave,CHARLS,M0,0.112374954961146,0.242472557960735,0.220525000557713,0.265859412826086
two_wave,CHARLS,M0,0.113961970980735,0.244541885238505,0.222079815215835,0.26849173493477
two_wave,CHARLS,M0,0.115548987000324,0.246614289931702,0.223609802771783,0.271158861445846
two_wave,CHARLS,M0,0.117136003019913,0.248689606189821,0.225125412638737,0.273848611631776
two_wave,CHARLS,M0,0.118723019039502,0.250767675337833,0.226635235551864,0.276550876797092
two_wave,CHARLS,M0,0.120310035059091,0.252848345403765,0.228146232540174,0.27925737016176
two_wave,CHARLS,M0,0.12189705107868,0.254931470684163,0.229663964955319,0.281961377666511
two_wave,CHARLS,M0,0.12348406709827,0.257016911343972,0.231192808559221,0.284657526504012
two_wave,CHARLS,M0,0.125071083117859,0.259104533047685,0.232736143713126,0.287341579159316
two_wave,CHARLS,M0,0.126658099137448,0.261194206618954,0.234296519306131,0.290010255165608
two_wave,CHARLS,M0,0.128245115157037,0.263285807726154,0.235875791212178,0.292661079646335
two_wave,CHARLS,M0,0.129832131176626,0.265379216591609,0.237475237627828,0.295292256165789
two_wave,CHARLS,M0,0.131419147196215,0.267474317722444,0.239095654248143,0.297902560817912
two_wave,CHARLS,M0,0.133006163215804,0.269570999661201,0.240737432305838,0.300491254426639
two_wave,CHARLS,M0,0.134593179235393,0.271669154754571,0.242400622293549,0.303058009946552
two_wave,CHARLS,M0,0.136180195254982,0.273768678938697,0.244084985866878,0.305602852483875
two_wave,CHARLS,M0,0.137767211274571,0.275869471539714,0.245790038074001,0.308126109717868
two_wave,CHARLS,M0,0.13935422729416,0.277971435088249,0.247515081721083,0.310628370846455
two_wave,CHARLS,M0,0.140941243313749,0.280074475146787,0.249259235381984,0.313110452487246
two_wave,CHARLS,M0,0.142528259333338,0.282178500148845,0.251021456302342,0.315573370229324
two_wave,CHARLS,M0,0.144115275352927,0.284283421249043,0.252800559231728,0.318018314752868
two_wave,CHARLS,M0,0.145702291372517,0.286389152183214,0.254595232039128,0.320446631616779
two_wave,CHARLS,M0,0.147289307392106,0.288495609137778,0.256404048821445,0.322859803964358
two_wave,CHARLS,M0,0.148876323411695,0.290602710627667,0.258225481096489,0.325259437519075
two_wave,CHARLS,M0,0.150463339431284,0.292710377382161,0.260057907575975,0.327647247341884
two_wave,CHARLS,M0,0.152050355450873,0.294818532238044,0.261899622935799,0.3300250459029
two_wave,CHARLS,M0,0.153637371470462,0.296927100039527,0.263748845936302,0.332394732087607
two_wave,CHARLS,M0,0.155224387490051,0.299036007544454,0.265603727190927,0.334758280814551
two_wave,CHARLS,M0,0.15681140350964,0.301145183336328,0.267462356834853,0.337117732990673
two_wave,CHARLS,M0,0.158398419529229,0.303254557741739,0.269322772303221,0.339475185574347
two_wave,CHARLS,M0,0.159985435548818,0.30536406275281,0.271182966389729,0.34183278155698
two_wave,CHARLS,M0,0.161572451568407,0.307473631954316,0.273040895718871,0.344192699713156
two_wave,CHARLS,M0,0.163159467587996,0.309583200455126,0.274894489727942,0.346557144008034
two_wave,CHARLS,M0,0.164746483607585,0.311692704823702,0.27674166021726,0.348928332589684
two_wave,CHARLS,M0,0.166333499627174,0.31380208302735,0.27858031148864,0.351308486333814
two_wave,CHARLS,M0,0.167920515646764,0.31591127437498,0.280408351052999,0.353699816948513
two_wave,CHARLS,M0,0.169507531666353,0.31802021946314,0.282223700848754,0.356104514686963
two_wave,CHARLS,M0,0.171094547685942,0.320128860125101,0.284024308874155,0.358524735755488
two_wave,CHARLS,M0,0.172681563705531,0.322237139382797,0.285808161100372,0.360962589541466
two_wave,CHARLS,M0,0.17426857972512,0.324345001401427,0.28757329349936,0.3634201258192
two_wave,CHARLS,M0,0.175855595744709,0.326452391446554,0.289317803993218,0.365899322119855
two_wave,CHARLS,M0,0.177442611764298,0.328559255843533,0.291039864111325,0.368402071472599
two_wave,CHARLS,M0,0.179029627783887,0.330665541939123,0.292737730129752,0.370930170736473
two_wave,CHARLS,M0,0.180616643803476,0.33277119806515,0.294409753465295,0.373485309745176
two_wave,CHARLS,M0,0.182203659823065,0.334876173504081,0.296054390104601,0.376069061479277
two_wave,CHARLS,M0,0.183790675842654,0.336980418456403,0.297670208867347,0.378682873462336
two_wave,CHARLS,M0,0.185377691862243,0.339083884009686,0.2992558983305,0.381328060549708
two_wave,CHARLS,M0,0.186964707881832,0.341186522109235,0.300810272277037,0.384005799242824
two_wave,CHARLS,M0,0.188551723901421,0.343288285530225,0.302332273575167,0.38671712361939
two_wave,CHARLS,M0,0.190138739921011,0.345389127851246,0.303820976440655,0.389462922923667
two_wave,CHARLS,M0,0.1917257559406,0.347489003429152,0.305275587082744,0.392243940813397
two_wave,CHARLS,M0,0.193312771960189,0.349587867375159,0.306695442780642,0.39506077621366
two_wave,CHARLS,M0,0.194899787979778,0.351685675532104,0.308080009480273,0.39791388568547
two_wave,CHARLS,M0,0.196486803999367,0.353782384452804,0.309428878037822,0.400803587180259
two_wave,CHARLS,M0,0.198073820018956,0.355877951379448,0.31074175926609,0.40373006502212
two_wave,CHARLS,M0,0.199660836038545,0.357972334223965,0.312018477960853,0.406693375938604
two_wave,CHARLS,M0,0.201247852058134,0.360065491549318,0.31325896609706,0.409693455948459
two_wave,CHARLS,M0,0.202834868077723,0.362157382551656,0.314463255389028,0.412730127910412
two_wave,CHARLS,M0,0.204421884097312,0.364247967043293,0.315631469405603,0.415803109540489
two_wave,CHARLS,M0,0.206008900116901,0.366337205436462,0.316763815421627,0.418912021715031
two_wave,CHARLS,M0,0.20759591613649,0.368425058727794,0.317860576172376,0.422056396891413
two_wave,CHARLS,M0,0.209182932156079,0.370511488483496,0.318922101659196,0.42523568749691
two_wave,CHARLS,M0,0.210769948175668,0.372596456825179,0.319948801133935,0.428449274156957
two_wave,CHARLS,M0,0.212356964195258,0.374679926416305,0.320941135368006,0.431696473655808
two_wave,CHARLS,M0,0.213943980214847,0.376761860449218,0.321899609290291,0.434976546544328
two_wave,CHARLS,M0,0.215530996234436,0.378842222632737,0.322824765057351,0.438288704330448
two_wave,CHARLS,M0,0.217118012254025,0.380920977180264,0.323717175600298,0.441632116206982
two_wave,CHARLS,M0,0.218705028273614,0.382998088798395,0.324577438675534,0.445005915288669
two_wave,CHARLS,M0,0.220292044293203,0.385073522676005,0.325406171431779,0.448409204345184
two_wave,CHARLS,M0,0.221879060312792,0.387147244473775,0.3262040054933,0.451841061029352
two_wave,CHARLS,M0,0.223466076332381,0.389219220314148,0.326971582549144,0.45530054261
two_wave,CHARLS,M0,0.22505309235197,0.391289416771685,0.327709550430205,0.458786690226825
two_wave,CHARLS,M0,0.226640108371559,0.393357800863805,0.32841855965001,0.462298532690687
two_wave,CHARLS,M0,0.228227124391148,0.395424340041887,0.329099260380927,0.465835089856897
two_wave,CHARLS,M0,0.229814140410737,0.397489002182719,0.32975229983481,0.469395375601815
two_wave,CHARLS,M0,0.231401156430326,0.399551755580272,0.330378320015671,0.472978400434491
two_wave,CHARLS,M0,0.232988172449916,0.401612568937787,0.330977955811609,0.476583173775489
two_wave,CHARLS,M0,0.234575188469505,0.403671411360164,0.331551833393601,0.480208705934644
two_wave,CHARLS,M0,0.236162204489094,0.40572825234662,0.332100568889824,0.483854009818477
two_wave,CHARLS,M0,0.237749220508683,0.407783061783629,0.332624767305652,0.487518102396535
two_wave,CHARLS,M0,0.239336236528272,0.409835809938111,0.333125021661226,0.491200005954156
two_wave,CHARLS,M1,0.0238097147437768,0.0723337956220193,0.0424829291652493,0.120519501104053
two_wave,CHARLS,M1,0.0269279406178545,0.0810734402536221,0.0541612902013349,0.119666092154177
two_wave,CHARLS,M1,0.0300461664919322,0.0892018562735675,0.0654303249985923,0.120496318836614
two_wave,CHARLS,M1,0.0331643923660098,0.0966982404224105,0.0755650692197708,0.122955590043642
two_wave,CHARLS,M1,0.0362826182400875,0.103561661133564,0.0840805962168106,0.126930876247293
two_wave,CHARLS,M1,0.0394008441141651,0.109804403171475,0.0909042384987817,0.132063309243501
two_wave,CHARLS,M1,0.0425190699882428,0.115447294613777,0.0963578801788568,0.13774204549808
two_wave,CHARLS,M1,0.0456372958623205,0.120516434526359,0.100909153853777,0.143326200629746
two_wave,CHARLS,M1,0.0487555217363981,0.125040912587579,0.104950192078748,0.14834020899394
two_wave,CHARLS,M1,0.0518737476104758,0.129051232030484,0.108735256099279,0.152513481706599
two_wave,CHARLS,M1,0.0549919734845534,0.132578231422528,0.1124027081076,0.155739711048912
two_wave,CHARLS,M1,0.0581101993586311,0.135652360048021,0.116006135115158,0.158030973406115
two_wave,CHARLS,M1,0.0612284252327088,0.138303511652387,0.119530075109921,0.159491397937691
two_wave,CHARLS,M1,0.0643466511067864,0.140603127015072,0.12289525698356,0.1603959143049
two_wave,CHARLS,M1,0.0674648769808641,0.142694796827137,0.125990161717993,0.16120573750916
two_wave,CHARLS,M1,0.0705831028549418,0.14470528408424,0.128714647160429,0.162312410189216
two_wave,CHARLS,M1,0.0737013287290194,0.146737930448703,0.131027822205296,0.163976222471591
two_wave,CHARLS,M1,0.0768195546030971,0.148877460802918,0.132987094677007,0.166302342894932
two_wave,CHARLS,M1,0.0799377804771747,0.151194083243826,0.13474531377308,0.16925801572437
two_wave,CHARLS,M1,0.0830560063512524,0.153746893019229,0.13650570591452,0.172730103058275
two_wave,CHARLS,M1,0.0861742322253301,0.156586648869003,0.138471898036233,0.176585429900993
two_wave,CHARLS,M1,0.0892924580994077,0.159758010085696,0.140820554758192,0.180706529122979
two_wave,CHARLS,M1,0.0924106839734854,0.163299022428182,0.143691670335583,0.185003844156492
two_wave,CHARLS,M1,0.095528909847563,0.167201208516943,0.147119476822948,0.189415307983491
two_wave,CHARLS,M1,0.0986471357216407,0.171419482298064,0.151050999898024,0.193907209598067
two_wave,CHARLS,M1,0.101765361595718,0.175912690740183,0.155424332701528,0.198467200292445
two_wave,CHARLS,M1,0.104883587469796,0.180643921057566,0.160175241230629,0.203095726650689
two_wave,CHARLS,M1,0.108001813343874,0.18557959020897,0.16523862166826,0.207801214440113
two_wave,CHARLS,M1,0.111120039217951,0.190688773628174,0.170549077775157,0.212597144225929
two_wave,CHARLS,M1,0.114238265092029,0.195942711118477,0.176041429396543,0.217499926842572
two_wave,CHARLS,M1,0.117356490966107,0.201314444641551,0.181651581924795,0.222526952318309
two_wave,CHARLS,M1,0.120474716840184,0.206778554566237,0.187317971828958,0.227694456368002
two_wave,CHARLS,M1,0.123592942714262,0.212310969400648,0.192983607289315,0.2330150821122
two_wave,CHARLS,M1,0.12671116858834,0.217888830162677,0.198598487111656,0.2384952761823
two_wave,CHARLS,M1,0.129829394462417,0.223490395054745,0.204121937347589,0.244132920098864
two_wave,CHARLS,M1,0.132947620336495,0.229094973475151,0.209524268513745,0.24991574735897
two_wave,CHARLS,M1,0.136065846210573,0.234682880947057,0.214787251125945,0.255821011634014
two_wave,CHARLS,M1,0.13918407208465,0.240235408501364,0.219903242827726,0.261816543587032
two_wave,CHARLS,M1,0.142302297958728,0.245735695002458,0.224873966074399,0.267863971412915
two_wave,CHARLS,M1,0.145420523832806,0.251177547611325,0.229714320395863,0.273933006903287
two_wave,CHARLS,M1,0.148538749706883,0.256561167549635,0.234443594952971,0.280002158377409
two_wave,CHARLS,M1,0.151656975580961,0.261886914980186,0.239078705038549,0.286053047163793
two_wave,CHARLS,M1,0.154775201455039,0.267155206756558,0.24363405805456,0.292070287848731
two_wave,CHARLS,M1,0.157893427329116,0.272366509231807,0.248121700290913,0.298041282321608
two_wave,CHARLS,M1,0.161011653203194,0.277521331814251,0.252551560481982,0.30395592270737
two_wave,CHARLS,M1,0.164129879077272,0.282620221192004,0.256931726007495,0.309806266897046
two_wave,CHARLS,M1,0.167248104951349,0.28766375615652,0.261268714190348,0.315586223812577
two_wave,CHARLS,M1,0.170366330825427,0.292652542963136,0.265567719620032,0.321291267081997
two_wave,CHARLS,M1,0.173484556699505,0.297587211173351,0.269832829948487,0.326918184301888
two_wave,CHARLS,M1,0.176602782573582,0.302468409929538,0.274067209130263,0.332464862559999
two_wave,CHARLS,M1,0.17972100844766,0.307296804618102,0.278273250385911,0.337930107606104
two_wave,CHARLS,M1,0.182839234321738,0.312073073881743,0.28245270256139,0.343313492687892
two_wave,CHARLS,M1,0.185957460195815,0.316797906945668,0.286606773895021,0.348615232752536
two_wave,CHARLS,M1,0.189075686069893,0.321472001226252,0.290736217011335,0.353836079928805
two_wave,CHARLS,M1,0.192193911943971,0.326096060193941,0.294841398539109,0.358977236647978
two_wave,CHARLS,M1,0.195312137818048,0.330670791465102,0.298922356261897,0.364040283271105
two_wave,CHARLS,M1,0.198430363692126,0.3351969051001,0.302978846234878,0.369027117583973
two_wave,CHARLS,M1,0.201548589566204,0.339675112087227,0.307010381877553,0.373939903963426
two_wave,CHARLS,M1,0.204666815440281,0.344106122994149,0.311016266689049,0.378781030398403
two_wave,CHARLS,M1,0.207785041314359,0.348490646770377,0.314995621930546,0.383553071866935
two_wave,CHARLS,M1,0.210903267188437,0.35282938968595,0.31894741037124,0.388258758832954
two_wave,CHARLS,M1,0.214021493062514,0.357123054392938,0.322870456991949,0.392900949842392
two_wave,CHARLS,M1,0.217139718936592,0.361372339097765,0.326763467375638,0.397482607375121
two_wave,CHARLS,M1,0.220257944810669,0.365577936833458,0.330625044379106,0.402006776255507
two_wave,CHARLS,M1,0.223376170684747,0.369740534822058,0.3344537035682,0.406476564046449
two_wave,CHARLS,M1,0.226494396558825,0.373860813918338,0.338247887804775,0.410895122955219
two_wave,CHARLS,M1,0.229612622432902,0.377939448126864,0.34200598129264,0.415265632868809
two_wave,CHARLS,M1,0.23273084830698,0.381977104185166,0.345726323318567,0.419591285215394
two_wave,CHARLS,M1,0.235849074181058,0.385974441206524,0.349407221860264,0.423875267419532
two_wave,CHARLS,M1,0.238967300055135,0.389932110376459,0.353046967174416,0.428120747783867
two_wave,CHARLS,M1,0.242085525929213,0.39385075469761,0.356643845423158,0.432330860690464
two_wave,CHARLS,M1,0.245203751803291,0.397731008778171,0.360196152346277,0.436508692071098
two_wave,CHARLS,M1,0.248321977677368,0.401573498659522,0.363702206939098,0.440657265147749
two_wave,CHARLS,M1,0.251440203551446,0.405378841679098,0.367160365052918,0.444779526491785
two_wave,CHARLS,M1,0.254558429425524,0.409147646364926,0.37056903279696,0.448878332491959
two_wave,CHARLS,M1,0.257676655299601,0.412880512358584,0.373926679589305,0.45295643635618
two_wave,CHARLS,M1,0.260794881173679,0.416578030363638,0.377231850680199,0.457016475799079
two_wave,CHARLS,M1,0.263913107047757,0.420240782116909,0.380483178955994,0.461060961585267
two_wave,CHARLS,M1,0.267031332921834,0.423869340380149,0.383679395826257,0.465092267106286
two_wave,CHARLS,M1,0.270149558795912,0.427464268949941,0.386819341001148,0.469112619166868
two_wave,CHARLS,M1,0.27326778466999,0.431026122683852,0.389901970980741,0.473124090143498
two_wave,CHARLS,M1,0.276386010544067,0.434555447541028,0.392926366102086,0.477128591655882
two_wave,CHARLS,M1,0.279504236418145,0.438052780635618,0.395891736022168,0.481127869861107
two_wave,CHARLS,M1,0.282622462292223,0.441518650301554,0.398797423553839,0.485123502442792
two_wave,CHARLS,M1,0.2857406881663,0.444953576167332,0.401642906815018,0.489116897325497
two_wave,CHARLS,M1,0.288858914040378,0.448358069239614,0.404427799696619,0.493109293100664
two_wave,CHARLS,M1,0.291977139914456,0.451732631994524,0.407151850699136,0.497101761106841
two_wave,CHARLS,M1,0.295095365788533,0.455077758475683,0.409814940229367,0.501095209066303
two_wave,CHARLS,M1,0.298213591662611,0.45839393439804,0.412417076485189,0.505090386144522
two_wave,CHARLS,M1,0.301331817536689,0.461681637256733,0.414958390086111,0.509087889269853
two_wave,CHARLS,M1,0.304450043410766,0.46494133644021,0.417439127629388,0.513088170529357
two_wave,CHARLS,M1,0.307568269284844,0.468173493346971,0.419859644365417,0.517091545443314
two_wave,CHARLS,M1,0.310686495158922,0.471378561505317,0.422220396191889,0.521098201915715
two_wave,CHARLS,M1,0.313804721032999,0.474556986695575,0.424521931164451,0.525108209660187
two_wave,CHARLS,M1,0.316922946907077,0.4777092070743,0.426764880713315,0.529121529909531
two_wave,CHARLS,M1,0.320041172781155,0.480835653300036,0.428949950741515,0.533138025231127
two_wave,CHARLS,M1,0.323159398655232,0.483936748660213,0.43107791276274,0.537157469288524
two_wave,CHARLS,M1,0.32627762452931,0.487012909198856,0.433149595216213,0.541179556410315
two_wave,CHARLS,M1,0.329395850403388,0.490064543844762,0.435165875074141,0.545203910849533
two_wave,CHARLS,M1,0.332514076277465,0.493092054539873,0.437127669835088,0.549230095639234
two_wave,CHARLS,M1,0.335632302151543,0.496095836367593,0.439035929974996,0.553257620971721
two_wave,CHARLS,M1,0.338750528025621,0.49907627768081,0.440891631907404,0.557285952049227
two_wave,CHARLS,M1,0.341868753899698,0.502033760229431,0.442695771486062,0.56131451637236
two_wave,CHARLS,M1,0.344986979773776,0.504968659287251,0.444449358067017,0.565342710448886
two_wave,CHARLS,M1,0.348105205647854,0.507881343777983,0.446153409133487,0.569369905919263
two_wave,CHARLS,M1,0.351223431521931,0.510772176400332,0.447808945475473,0.573395455106856
two_wave,CHARLS,M1,0.354341657396009,0.513641513751968,0.449416986906958,0.5774186960099
two_wave,CHARLS,M1,0.357459883270087,0.516489706452303,0.450978548496576,0.581438956759362
two_wave,CHARLS,M1,0.360578109144164,0.519317099263978,0.452494637282582,0.585455559571946
two_wave,CHARLS,M1,0.363696335018242,0.522124031212977,0.453966249439545,0.589467824230963
two_wave,CHARLS,M1,0.36681456089232,0.524910835707297,0.455394367862207,0.593475071129812
two_wave,CHARLS,M1,0.369932786766397,0.52767784065412,0.456779960131109,0.597476623913703
two_wave,CHARLS,M1,0.373051012640475,0.530425368575441,0.458123976824711,0.601471811755167
two_wave,CHARLS,M1,0.376169238514553,0.533153736722102,0.459427350143573,0.605459971298083
two_wave,CHARLS,M1,0.37928746438863,0.53586325718621,0.46069099281353,0.609440448303614
two_wave,CHARLS,M1,0.382405690262708,0.538554237011908,0.461915797236586,0.613412599029678
two_wave,CHARLS,M1,0.385523916136786,0.541226978304487,0.463102634860255,0.617375791373593
two_wave,CHARLS,M1,0.388642142010863,0.543881778337818,0.464252355738276,0.621329405805341
two_wave,CHARLS,M1,0.391760367884941,0.546518929660098,0.465365788257832,0.625272836116711
two_wave,CHARLS,M1,0.394878593759019,0.549138720197921,0.466443739010686,0.629205490009322
two_wave,HRS,M0,0.0798695069677902,0.0589864463710259,0.0525818075698391,0.0661167507680461
two_wave,HRS,M0,0.082248443029705,0.0589362395745365,0.0531582144484786,0.0652989934540221
two_wave,HRS,M0,0.0846273790916199,0.0588953138883984,0.0537015705174706,0.0645571016710607
two_wave,HRS,M0,0.0870063151535347,0.0588703890295277,0.0542082177470611,0.063906436590177
two_wave,HRS,M0,0.0893852512154495,0.0588671675632899,0.0546737813202107,0.063360622413301
two_wave,HRS,M0,0.0917641872773643,0.0588905048287906,0.0550938377688837,0.0629313852868663
two_wave,HRS,M0,0.0941431233392792,0.0589445544300515,0.0554652495774347,0.0626276427259527
two_wave,HRS,M0,0.096522059401194,0.0590328924833636,0.0557881591458501,0.0624538623561956
two_wave,HRS,M0,0.0989009954631088,0.0591586235389945,0.0560680397788927,0.0624083031832276
two_wave,HRS,M0,0.101279931525024,0.0593244707912741,0.0563166225288069,0.062482330343618
two_wave,HRS,M0,0.103658867586939,0.0595328528840545,0.056550811799111,0.0626616990285919
two_wave,HRS,M0,0.106037803648853,0.0597859493254862,0.0567899996135583,0.0629294051116093
two_wave,HRS,M0,0.108416739710768,0.0600857562559632,0.0570531967921939,0.0632686905884049
two_wave,HRS,M0,0.110795675772683,0.0604341340699346,0.057357124743791,0.0636650654941649
two_wave,HRS,M0,0.113174611834598,0.0608328481769558,0.0577154776011541,0.0641071410868702
two_wave,HRS,M0,0.115553547896513,0.0612836039989494,0.0581389643465151,0.0645866684234082
two_wave,HRS,M0,0.117932483958427,0.0617880771372461,0.0586356637588004,0.0650982526378267
two_wave,HRS,M0,0.120311420020342,0.0623479395022041,0.05921137516558,0.0656390625454966
two_wave,HRS,M0,0.122690356082257,0.0629648820775144,0.0598697907222069,0.0662087120086765
two_wave,HRS,M0,0.125069292144172,0.0636402488119331,0.060611513774531,0.0668095649429114
two_wave,HRS,M0,0.127448228206087,0.0643720969397752,0.0614273385748075,0.0674478790767166
two_wave,HRS,M0,0.129827164268002,0.0651570079490041,0.0623031418353412,0.0681321003238101
two_wave,HRS,M0,0.132206100329916,0.0659918531909262,0.0632245620251078,0.0688713617346769
two_wave,HRS,M0,0.134585036391831,0.0668737645740553,0.0641776956919742,0.0696746612350393
two_wave,HRS,M0,0.136963972453746,0.0678000965149686,0.0651501309933995,0.070549714461805
two_wave,HRS,M0,0.139342908515661,0.0687683935843146,0.0661322629876769,0.0715015588218626
two_wave,HRS,M0,0.141721844577576,0.0697763629216192,0.0671184985111138,0.0725312944640342
two_wave,HRS,M0,0.144100780639491,0.0708218506603405,0.0681078095005676,0.0736354982726263
two_wave,HRS,M0,0.146479716701405,0.0719028217393234,0.0691033314908338,0.0748066102111112
two_wave,HRS,M0,0.14885865276332,0.0730173425853851,0.0701112033970124,0.0760340927843164
two_wave,HRS,M0,0.151237588825235,0.074163566239678,0.0711391725690987,0.0773058371294364
two_wave,HRS,M0,0.15361652488715,0.0753397195719316,0.0721954222885471,0.0786093565321137
two_wave,HRS,M0,0.155995460949065,0.0765440955577872,0.073287792025267,0.0799326027958649
two_wave,HRS,M0,0.15837439701098,0.0777755138991459,0.0744222056722302,0.0812666490320579
two_wave,HRS,M0,0.160753333072894,0.0790337945372758,0.0756009491694837,0.0826085867503527
two_wave,HRS,M0,0.163132269134809,0.0803188944695518,0.0768246546289691,0.0839576101611966
two_wave,HRS,M0,0.165511205196724,0.0816307875227486,0.0780929908023208,0.0853140232152784
two_wave,HRS,M0,0.167890141258639,0.0829694628236197,0.0794049509992542,0.086678920661656
two_wave,HRS,M0,0.170269077320554,0.0843349234058624,0.0807590366300909,0.0880539781143219
two_wave,HRS,M0,0.172648013382469,0.0857271849382065,0.0821533750344196,0.0894413118276783
two_wave,HRS,M0,0.175026949444383,0.0871462745602416,0.0835857974126906,0.090843381824325
two_wave,HRS,M0,0.177405885506298,0.0885922298142302,0.085053894640907,0.0922629201369019
two_wave,HRS,M0,0.179784821568213,0.0900650976625574,0.0865550639942146,0.0937028707485134
two_wave,HRS,M0,0.182163757630128,0.091564933581696,0.088086557034906,0.0951663306440175
two_wave,HRS,M0,0.184542693692043,0.0930918007246286,0.0896455370755853,0.0966564832775718
two_wave,HRS,M0,0.186921629753958,0.0946457691445961,0.0912291527792432,0.098176517651548
two_wave,HRS,M0,0.189300565815872,0.0962269150738546,0.0928346317736929,0.0997295289205895
two_wave,HRS,M0,0.191679501877787,0.097835320251832,0.0944593940468343,0.101318400574571
two_wave,HRS,M0,0.194058437939702,0.0994710712976979,0.0961011793208022,0.102945673847141
two_wave,HRS,M0,0.196437374001617,0.101134259122909,0.0977581764661713,0.104613416154123
two_wave,HRS,M0,0.198816310063532,0.102824978379776,0.0994291381889484,0.106323105211974
two_wave,HRS,M0,0.201195246125447,0.104543326942512,0.101113462988,0.108075546736381
two_wave,HRS,M0,0.203574182187361,0.106289405417628,0.102811230212212,0.109870839801872
two_wave,HRS,M0,0.205953118249276,0.108063316680823,0.104523182416736,0.111708395583781
two_wave,HRS,M0,0.208332054311191,0.109865165437875,0.106250659432347,0.113587004998079
two_wave,HRS,M0,0.210710990373106,0.111695057807238,0.107995497017518,0.115504942306402
two_wave,HRS,M0,0.213089926435021,0.113553101247961,0.109759886594536,0.117460110043459
two_wave,HRS,M0,0.215468862496936,0.115439407667798,0.111545961289283,0.119450481292074
two_wave,HRS,M0,0.21784779855885,0.117354091755957,0.113355563816714,0.121474340810709
two_wave,HRS,M0,0.220226734620765,0.119297268230356,0.11519031527044,0.123530205872735
two_wave,HRS,M0,0.22260567068268,0.121269051466119,0.117051628120146,0.125616811800561
two_wave,HRS,M0,0.224984606744595,0.123269555177063,0.118940722565078,0.127733094411387
two_wave,HRS,M0,0.22736354280651,0.125298892107819,0.120858644961023,0.129878170448138
two_wave,HRS,M0,0.229742478868425,0.127357173735668,0.122806286235307,0.132051318075101
two_wave,HRS,M0,0.232121414930339,0.129444509981253,0.124784399063179,0.134251958659542
two_wave,HRS,M0,0.234500350992254,0.131561008927416,0.126793613176046,0.136479640464043
two_wave,HRS,M0,0.236879287054169,0.133706776545485,0.128834448559249,0.138734024487552
two_wave,HRS,M0,0.239258223116084,0.135881916428426,0.130907326531535,0.141014872459103
two_wave,HRS,M0,0.241637159177999,0.138086529530298,0.133012578829215,0.14332203685774
two_wave,HRS,M0,0.244016095239914,0.140320713911551,0.13515045488255,0.145655452767982
two_wave,HRS,M0,0.246395031301828,0.142584564489743,0.137321127496437,0.148015131355937
two_wave,HRS,M0,0.248773967363743,0.144878172795281,0.139524697149701,0.150401154749258
two_wave,HRS,M0,0.251152903425658,0.147201626731876,0.141761195118506,0.152813672113179
two_wave,HRS,M0,0.253531839487573,0.14955501034141,0.144030585616567,0.155252896727955
two_wave,HRS,M0,0.255910775549488,0.151938403572964,0.146332767132118,0.157719103885947
two_wave,HRS,M0,0.258289711611402,0.154351882055785,0.14866757313126,0.160212629437191
two_wave,HRS,M0,0.260668647673317,0.156795516876017,0.151034772290411,0.162733868819288
two_wave,HRS,M0,0.263047583735232,0.159269374357029,0.153434068417498,0.165283276410806
two_wave,HRS,M0,0.265426519797147,0.161773515843212,0.155865100221978,0.167861365047007
two_wave,HRS,M0,0.267805455859062,0.164307997487148,0.158327441097064,0.170468705533647
two_wave,HRS,M0,0.270184391920977,0.166872870040055,0.160820599082612,0.173105925989583
two_wave,HRS,M0,0.272563327982891,0.169468178645473,0.163344017182511,0.17577371084372
two_wave,HRS,M0,0.274942264044806,0.17209396263613,0.165897074214189,0.178472799308157
two_wave,HRS,M0,0.277321200106721,0.174750255333975,0.168479086367774,0.181203983149544
two_wave,HRS,M0,0.279700136168636,0.177437083853387,0.171089309646054,0.183968103587239
two_wave,HRS,M0,0.282079072230551,0.180154468907555,0.17372694334089,0.186766047162347
two_wave,HRS,M0,0.284458008292466,0.182902424618071,0.176391134674891,0.189598740448737
two_wave,HRS,M0,0.28683694435438,0.185680958327782,0.179080984696912,0.192467143517426
two_wave,HRS,M0,0.289215880416295,0.18849007041694,0.18179555546565,0.195372242120095
two_wave,HRS,M0,0.29159481647821,0.191329754122744,0.184533878488032,0.198315038625173
two_wave,HRS,M0,0.293973752540125,0.194199995362326,0.187294964300971,0.201296541818097
two_wave,HRS,M0,0.29635268860204,0.197100772559301,0.190077813001511,0.204317755760984
two_wave,HRS,M0,0.298731624663955,0.200032056473956,0.192881425448415,0.207379667989011
two_wave,HRS,M0,0.301110560725869,0.202993810037204,0.195704814786277,0.210483237392776
two_wave,HRS,M0,0.303489496787784,0.205985988188414,0.198547017890334,0.21362938218894
two_wave,HRS,M0,0.305868432849699,0.209008537717246,0.201407106303955,0.216818968407661
two_wave,HRS,M0,0.308247368911614,0.212061397109619,0.204284196246842,0.220052799319336
two_wave,HRS,M0,0.310626304973529,0.215144496397961,0.207177457311856,0.223331606183347
two_wave,HRS,M0,0.313005241035444,0.218257757015866,0.210086119539448,0.22665604063047
two_wave,HRS,M0,0.315384177097358,0.221401091657342,0.213009478654115,0.230026668895224
two_wave,HRS,M0,0.317763113159273,0.22457440414076,0.21594689935704,0.233443968004716
two_wave,HRS,M0,0.320142049221188,0.227777589277712,0.218897816681645,0.236908323918029
two_wave,HRS,M0,0.322520985283103,0.231010532746892,0.221861735522769,0.240420031506237
two_wave,HRS,M0,0.324899921345018,0.234273110973203,0.224838228536416,0.243979296176908
two_wave,HRS,M0,0.327278857406933,0.237565191012239,0.2278269326693,0.247586236884756
two_wave,HRS,M0,0.329657793468847,0.24088663044031,0.230827544613246,0.251240890234217
two_wave,HRS,M0,0.332036729530762,0.244237277250193,0.23383981548987,0.254943215369454
two_wave,HRS,M0,0.334415665592677,0.24761696975276,0.236863545059313,0.25869309935891
two_wave,HRS,M0,0.336794601654592,0.251025536484681,0.239898575718487,0.262490362809874
two_wave,HRS,M0,0.339173537716507,0.254462796122342,0.242944786514992,0.266334765487845
two_wave,HRS,M0,0.341552473778422,0.257928557402173,0.246002087358198,0.270226011760128
two_wave,HRS,M0,0.343931409840336,0.261422619047543,0.249070413563601,0.274163755728489
two_wave,HRS,M0,0.346310345902251,0.264944769702384,0.252149720823988,0.278147605958294
two_wave,HRS,M0,0.348689281964166,0.268494787871718,0.255239980663447,0.282177129748997
two_wave,HRS,M0,0.351068218026081,0.272072441869243,0.258341176399087,0.286251856922068
two_wave,HRS,M0,0.353447154087996,0.275677489772129,0.261453299610764,0.290371283126938
two_wave,HRS,M0,0.355826090149911,0.279309679383186,0.264576347100889,0.294534872683818
two_wave,HRS,M0,0.358205026211825,0.282968748200551,0.267710318313756,0.298742060994783
two_wave,HRS,M0,0.36058396227374,0.286654423395024,0.270855213175972,0.302992256562418
two_wave,HRS,M0,0.362962898335655,0.290366421795214,0.274011030315447,0.307284842659358
two_wave,HRS,M1,0.0190322273809247,0.011360345789672,0.0097854164098092,0.0131853794272553
two_wave,HRS,M1,0.0224860716480142,0.013179751506737,0.0115282578646807,0.0150642261818785
two_wave,HRS,M1,0.0259399159151037,0.0151110069288447,0.013399550359809,0.0170372843025033
two_wave,HRS,M1,0.0293937601821932,0.0171564715470273,0.0154018120843711,0.0191071522257096
two_wave,HRS,M1,0.0328476044492828,0.0193185949338265,0.017537158790258,0.0212770715187751
two_wave,HRS,M1,0.0363014487163723,0.0215998420709293,0.0198070901658579,0.0235509583804963
two_wave,HRS,M1,0.0397552929834618,0.0240026648391829,0.0222122272501378,0.0259335945865562
two_wave,HRS,M1,0.0432091372505513,0.0265294892195854,0.0247519674196586,0.0284309395082319
two_wave,HRS,M1,0.0466629815176409,0.0291827078409801,0.0274240469857538,0.0310505482123418
two_wave,HRS,M1,0.0501168257847304,0.0319646741515533,0.0302240516300054,0.0338020461988918
two_wave,HRS,M1,0.0535706700518199,0.0348774327491408,0.0331447450892199,0.0366972611287196
two_wave,HRS,M1,0.0570245143189094,0.037915413181851,0.0361689031905653,0.0397427804954222
two_wave,HRS,M1,0.060478358585999,0.0410647454074228,0.0392724067639163,0.042935228259262
two_wave,HRS,M1,0.0639322028530885,0.0443114717652649,0.0424364168204209,0.0462653731677371
two_wave,HRS,M1,0.067386047120178,0.0476419428762291,0.045648805208236,0.0497175721357145
two_wave,HRS,M1,0.0708398913872675,0.0510428013675443,0.048903047595874,0.0532709361719497
two_wave,HRS,M1,0.0742937356543571,0.0545009961995589,0.0521960018265875,0.0569016690067252
two_wave,HRS,M1,0.0777475799214466,0.058003812851709,0.0555258407635779,0.0605852765796655
two_wave,HRS,M1,0.0812014241885361,0.0615389103369494,0.0588907373148552,0.0642980293923555
two_wave,HRS,M1,0.0846552684556257,0.0650943594886119,0.062288235105542,0.0680177317344275
two_wave,HRS,M1,0.0881091127227152,0.0686586791391096,0.0657150159819218,0.0717240791317072
two_wave,HRS,M1,0.0915629569898047,0.0722223543724946,0.0691672909187371,0.0754014268236012
two_wave,HRS,M1,0.0950168012568942,0.0757824017234049,0.0726421813216196,0.0790467985511269
two_wave,HRS,M1,0.0984706455239838,0.0793376934157543,0.076136396288254,0.0826615514932213
two_wave,HRS,M1,0.101924489791073,0.0828873350807994,0.0796460314684414,0.0862481864765063
two_wave,HRS,M1,0.105378334058163,0.0864306304607817,0.0831667777343475,0.0898100248417432
two_wave,HRS,M1,0.108832178325252,0.089967051624609,0.086694068094088,0.0933509710208206
two_wave,HRS,M1,0.112286022592342,0.0934962137719945,0.0902232013598942,0.0968753175715806
two_wave,HRS,M1,0.115739866859431,0.0970178538696036,0.0937494676249383,0.100387563772782
two_wave,HRS,M1,0.119193711126521,0.100531812496928,0.097268291380137,0.103892228841948
two_wave,HRS,M1,0.12264755539361,0.1040380183883,0.100775399096027,0.107393650448033
two_wave,HRS,M1,0.1261013996607,0.107536475245817,0.104267007338866,0.11089577043701
two_wave,HRS,M1,0.12955524392779,0.111027250469997,0.107740015371959,0.114401922203619
two_wave,HRS,M1,0.133009088194879,0.114510465513949,0.111192175735642,0.117914644920752
two_wave,HRS,M1,0.136462932461969,0.117986287615253,0.114622212199924,0.121435554195748
two_wave,HRS,M1,0.139916776729058,0.121454922699591,0.118029860386951,0.124965293027702
two_wave,HRS,M1,0.143370620996148,0.124916609283102,0.12141582170217,0.128503571765331
two_wave,HRS,M1,0.146824465263237,0.128371613227733,0.124781640379161,0.132049286733158
two_wave,HRS,M1,0.150278309530327,0.131820221797257,0.128129526564822,0.135600691355551
two_wave,HRS,M1,0.153732153797416,0.13526256497499,0.131461866075235,0.139155540911713
two_wave,HRS,M1,0.157185998064506,0.138698450344567,0.134780566500126,0.142711436753378
two_wave,HRS,M1,0.160639842331595,0.142127672193786,0.138087285059285,0.146266217741811
two_wave,HRS,M1,0.164093686598685,0.145550049595511,0.141383470003868,0.149817993316692
two_wave,HRS,M1,0.167547530865774,0.148965424272258,0.14467036638266,0.153365132369276
two_wave,HRS,M1,0.171001375132864,0.15237365866431,0.147949030220118,0.156906244193109
two_wave,HRS,M1,0.174455219399953,0.155774634179404,0.151220346727288,0.160440155842237
two_wave,HRS,M1,0.177909063667043,0.159168249604701,0.15448504967366,0.163965888725305
two_wave,HRS,M1,0.181362907934132,0.162554419664086,0.157743740194245,0.167482636122461
two_wave,HRS,M1,0.184816752201222,0.165933073705835,0.160996904104167,0.170989742518197
two_wave,HRS,M1,0.188270596468311,0.169304154507417,0.164244927310894,0.174486685129062
two_wave,HRS,M1,0.191724440735401,0.172667617185729,0.167488109228974,0.177973057693776
two_wave,HRS,M1,0.19517828500249,0.176023428202372,0.170726674279245,0.181448556418944
two_wave,HRS,M1,0.19863212926958,0.179371564454725,0.173960781643756,0.184912967886962
two_wave,HRS,M1,0.20208597353667,0.182712012444592,0.177190533483389,0.18836615869912
two_wave,HRS,M1,0.205539817803759,0.186044767517094,0.180415981830273,0.191808066623879
two_wave,HRS,M1,0.208993662070849,0.189369833163217,0.183637134355979,0.195238693033154
two_wave,HRS,M1,0.212447506337938,0.192687220380185,0.186853959197795,0.198658096429725
two_wave,HRS,M1,0.215901350605028,0.195996947084356,0.190066389004312,0.202066386891389
two_wave,HRS,M1,0.219355194872117,0.199299037571944,0.193274324340809,0.205463721279468
two_wave,HRS,M1,0.222809039139207,0.202593522023294,0.196477636575856,0.208850299079511
two_wave,HRS,M1,0.226262883406296,0.205880436046907,0.199676170353778,0.212226358759786
two_wave,HRS,M1,0.229716727673386,0.209159820259739,0.20286974574319,0.215592174548544
two_wave,HRS,M1,0.233170571940475,0.212431719900679,0.206058160139545,0.218948053544094
two_wave,HRS,M1,0.236624416207565,0.215696184474385,0.209241189989259,0.222294333082835
two_wave,HRS,M1,0.240078260474654,0.218953267422911,0.212418592394203,0.225631378299865
two_wave,HRS,M1,0.243532104741744,0.222203025822844,0.215590106647724,0.228959579824974
two_wave,HRS,M1,0.246985949008833,0.225445520105834,0.21875545574668,0.232279351564054
two_wave,HRS,M1,0.250439793275923,0.228680813800614,0.221914347917824,0.235591128522599
two_wave,HRS,M1,0.253893637543012,0.231908973294786,0.225066478191103,0.238895364634172
two_wave,HRS,M1,0.257347481810102,0.235130067614798,0.228211530046694,0.242192530562874
two_wave,HRS,M1,0.260801326077192,0.23834416822266,0.23134917715678,0.245483111454968
two_wave,HRS,M1,0.264255170344281,0.241551348828115,0.234479085237092,0.248767604621217
two_wave,HRS,M1,0.267709014611371,0.244751685215037,0.237600914016841,0.252046517138084
two_wave,HRS,M1,0.27116285887846,0.247945255080995,0.240714319329094,0.255320363362854
two_wave,HRS,M1,0.27461670314555,0.251132137888961,0.243818955316767,0.258589662364846
two_wave,HRS,M1,0.278070547412639,0.254312414730254,0.246914476742376,0.261854935282094
two_wave,HRS,M1,0.281524391679729,0.257486168197883,0.250000541382855,0.265116702619991
two_wave,HRS,M1,0.284978235946818,0.26065348226952,0.253076812484113,0.26837548151514
two_wave,HRS,M1,0.288432080213908,0.263814442199392,0.256142961244039,0.271631782993801
two_wave,HRS,M1,0.291885924480997,0.266969134418451,0.259198669287684,0.274886109259507
two_wave,HRS,M1,0.295339768748087,0.270117646442221,0.262243631094486,0.278138951048347
two_wave,HRS,M1,0.298793613015176,0.273260066785783,0.265277556335145,0.281390785092853
two_wave,HRS,M1,0.302247457282266,0.276396484885372,0.268300172075186,0.284642071736116
two_wave,HRS,M1,0.305701301549355,0.279526991026158,0.271311224803462,0.287893252736604
two_wave,HRS,M1,0.309155145816445,0.282651676275743,0.274310482246999,0.291144749301156
two_wave,HRS,M1,0.312608990083534,0.285770632423013,0.277297734938358,0.294396960378914
two_wave,HRS,M1,0.316062834350624,0.288883951921955,0.280272797508068,0.297650261242648
two_wave,HRS,M1,0.319516678617713,0.291991727840128,0.283235509682204,0.300905002376533
two_wave,HRS,M1,0.322970522884803,0.295094053811451,0.286185736973444,0.304161508681178
two_wave,HRS,M1,0.326424367151892,0.298191023993048,0.289123371062625,0.307420078998146
two_wave,HRS,M1,0.329878211418982,0.301282733025861,0.292048329876253,0.310680985947787
two_wave,HRS,M1,0.333332055686072,0.304369275998808,0.294960557373406,0.313944476066313
two_wave,HRS,M1,0.336785899953161,0.307450748416237,0.297860023062426,0.317210770221085
two_wave,HRS,M1,0.340239744220251,0.31052724616849,0.300746721273617,0.320480064277357
two_wave,HRS,M1,0.34369358848734,0.313598865505363,0.303620670218532,0.323752529985388
two_wave,HRS,M1,0.34714743275443,0.316665703012291,0.306481910869335,0.327028316053926
two_wave,HRS,M1,0.350601277021519,0.319727855589095,0.30933050569318,0.330307549374722
two_wave,HRS,M1,0.354055121288609,0.322785420431128,0.312166537276599,0.333590336362635
two_wave,HRS,M1,0.357508965555698,0.325838495012684,0.314990106873806,0.336876764377085
two_wave,HRS,M1,0.360962809822788,0.328887177072536,0.317801332910688,0.340166903192701
two_wave,HRS,M1,0.364416654089877,0.331931564601477,0.320600349473401,0.343460806489941
two_wave,HRS,M1,0.367870498356967,0.334971755831759,0.323387304807153,0.346758513339802
two_wave,HRS,M1,0.371324342624056,0.338007849228315,0.326162359847022,0.350060049660501
two_wave,HRS,M1,0.374778186891146,0.341039943481671,0.328925686798946,0.353365429627729
two_wave,HRS,M1,0.378232031158235,0.344068137502463,0.331677467785283,0.356674657023846
two_wave,HRS,M1,0.381685875425325,0.347092530417462,0.334417893565863,0.359987726514891
two_wave,HRS,M1,0.385139719692414,0.350113221567049,0.337147162342218,0.363304624847501
two_wave,HRS,M1,0.388593563959504,0.35313031050405,0.339865478649827,0.366625331960743
two_wave,HRS,M1,0.392047408226593,0.35614389699388,0.342573052340732,0.369949822010309
two_wave,HRS,M1,0.395501252493683,0.359154081015921,0.3452700976568,0.373278064304663
two_wave,HRS,M1,0.398955096760773,0.362160962766095,0.347956832392186,0.376610024154428
two_wave,HRS,M1,0.402408941027862,0.365164642660569,0.350633477142243,0.379945663637649
two_wave,HRS,M1,0.405862785294952,0.368165221340539,0.353300254635043,0.383284942284631
two_wave,HRS,M1,0.409316629562041,0.371162799678074,0.355957389141028,0.386627817686745
two_wave,HRS,M1,0.412770473829131,0.374157478782947,0.358605105955723,0.389974246034141
two_wave,HRS,M1,0.41622431809622,0.377149360010451,0.361243630950256,0.393324182587566
two_wave,HRS,M1,0.41967816236331,0.380138544970135,0.363873190184264,0.396677582089594
two_wave,HRS,M1,0.423132006630399,0.383125135535458,0.366494009575816,0.400034399120585
two_wave,HRS,M1,0.426585850897489,0.386109233854312,0.369106314623105,0.403394588404537
two_wave,HRS,M1,0.430039695164578,0.389090942360409,0.371710330172887,0.406758105069807
two_wave,ELSA,M0,0.0857476802219348,0.062809788150204,0.0526190162491825,0.0748183486953223
two_wave,ELSA,M0,0.0875435059452134,0.0623048734290659,0.0531181461106574,0.07295801453399
two_wave,ELSA,M0,0.0893393316684919,0.0618217066499658,0.0535677087598959,0.0712517760429105
two_wave,ELSA,M0,0.0911351573917704,0.0613673451090466,0.053957110999631,0.0697202680588748
two_wave,ELSA,M0,0.092930983115049,0.0609478569104404,0.0542748464488818,0.0683819811232343
two_wave,ELSA,M0,0.0947268088383275,0.0605684673472157,0.0545099403250715,0.0672524743931327
two_wave,ELSA,M0,0.096522634561606,0.0602336908684788,0.0546547346972574,0.0663421617915029
two_wave,ELSA,M0,0.0983184602848846,0.059947449335765,0.0547087745257126,0.0656529172184279
two_wave,ELSA,M0,0.100114286008163,0.0597131775074601,0.0546822610216456,0.0651750401733869
two_wave,ELSA,M0,0.101910111731442,0.0595339168200176,0.0545967183608024,0.0648869444412321
two_wave,ELSA,M0,0.10370593745472,0.0594123985893254,0.0544818110964737,0.0647586413369788
two_wave,ELSA,M0,0.105501763177999,0.059351117757618,0.0543699569696679,0.0647573813814494
two_wave,ELSA,M0,0.107297588901277,0.0593523982780128,0.0542915549875565,0.0648526425783287
two_wave,ELSA,M0,0.109093414624556,0.0594184511728116,0.0542723883091719,0.0650189131313397
two_wave,ELSA,M0,0.110889240347834,0.0595514262324692,0.0543330259173349,0.0652364512855637
two_wave,ELSA,M0,0.112685066071113,0.0597534582462636,0.0544893240521417,0.0654909272723267
two_wave,ELSA,M0,0.114480891794391,0.0600267085778908,0.0547532463824819,0.0657727336701277
two_wave,ELSA,M0,0.11627671751767,0.0603734028226364,0.0551335506423188,0.0660764211409191
two_wave,ELSA,M0,0.118072543240948,0.0607958652094943,0.0556361126491676,0.0664004927794609
two_wave,ELSA,M0,0.119868368964227,0.0612963715311172,0.0562632285917788,0.066747919671419
two_wave,ELSA,M0,0.121664194687506,0.0618738361784922,0.0570037738144638,0.0671303483450739
two_wave,ELSA,M0,0.123460020410784,0.0625242728151074,0.057835256678823,0.0675661897924697
two_wave,ELSA,M0,0.125255846134063,0.0632439753283571,0.0587336781898008,0.0680755791151391
two_wave,ELSA,M0,0.127051671857341,0.0640295803088539,0.0596747481574163,0.0686790000278471
two_wave,ELSA,M0,0.12884749758062,0.0648780141145761,0.0606356802372436,0.0693952330899511
two_wave,ELSA,M0,0.130643323303898,0.0657864473727401,0.0615979910019774,0.0702383876529395
two_wave,ELSA,M0,0.132439149027177,0.0667522557602844,0.0625506000262873,0.0712147052503289
two_wave,ELSA,M0,0.134234974750455,0.0677729861087266,0.0634918128895211,0.0723205410042559
two_wave,ELSA,M0,0.136030800473734,0.0688463270452519,0.0644290228989092,0.07354267850332
two_wave,ELSA,M0,0.137826626197012,0.0699700835169591,0.0653762993447616,0.074860803618128
two_wave,ELSA,M0,0.139622451920291,0.071142154655384,0.0663511873050431,0.0762508069575615
two_wave,ELSA,M0,0.141418277643569,0.0723605148782123,0.0673720126934981,0.0776876180283605
two_wave,ELSA,M0,0.143214103366848,0.0736235095626828,0.0684542112816893,0.079149998511584
two_wave,ELSA,M0,0.145009929090126,0.0749304168263247,0.0696050250096392,0.0806279389688435
two_wave,ELSA,M0,0.146805754813405,0.0762807077159452,0.0708274773982136,0.0821166936604707
two_wave,ELSA,M0,0.148601580536684,0.0776738834297169,0.0721222871631813,0.0836143040715542
two_wave,ELSA,M0,0.150397406259962,0.0791094696806477,0.0734885803272621,0.0851207835790623
two_wave,ELSA,M0,0.152193231983241,0.0805870115960384,0.0749243349051522,0.0866375834600301
two_wave,ELSA,M0,0.153989057706519,0.0821060690943213,0.0764266545277558,0.0881672420117603
two_wave,ELSA,M0,0.155784883429798,0.0836662126886953,0.0779919362855952,0.0897131499613578
two_wave,ELSA,M0,0.157580709153076,0.0852670196738126,0.0796159770899241,0.0912793865853445
two_wave,ELSA,M0,0.159376534876355,0.0869080706576408,0.0812940502260793,0.0928705937990459
two_wave,ELSA,M0,0.161172360599633,0.0885889464056451,0.0830209768428319,0.0944918625828151
two_wave,ELSA,M0,0.162968186322912,0.0903092249687542,0.0847912134589427,0.0961486099198302
two_wave,ELSA,M0,0.16476401204619,0.0920684790702758,0.086598973914044,0.0978464271933514
two_wave,ELSA,M0,0.166559837769469,0.0938662737301174,0.0884384002312659,0.0995908850484108
two_wave,ELSA,M0,0.168355663492747,0.0957021641074121,0.090303789348464,0.101387287312706
two_wave,ELSA,M0,0.170151489216026,0.0975756935450084,0.0921898702023511,0.103240379107983
two_wave,ELSA,M0,0.171947314939304,0.099486391801313,0.094092109002753,0.105154030981359
two_wave,ELSA,M0,0.173743140662583,0.101433773456727,0.0960070038847156,0.107130937575739
two_wave,ELSA,M0,0.175538966385862,0.103417336483415,0.0979323205307896,0.109172378984915
two_wave,ELSA,M0,0.17733479210914,0.105436560968434,0.0998672244857471,0.111278088832347
two_wave,ELSA,M0,0.179130617832419,0.10749090798136,0.101812285221397,0.113446253794127
two_wave,ELSA,M0,0.180926443555697,0.109579818578488,0.103769355278103,0.115673641029301
two_wave,ELSA,M0,0.182722269278976,0.11170271841276,0.105741354247262,0.117955834985515
two_wave,ELSA,M0,0.184518095002254,0.113859289466119,0.107731929464952,0.120288167297201
two_wave,ELSA,M0,0.186313920725533,0.116049602523814,0.109744720074792,0.122666793790465
two_wave,ELSA,M0,0.188109746448811,0.118273752190403,0.111782963026669,0.1250883571753
two_wave,ELSA,M0,0.18990557217209,0.120531825280857,0.11384947814529,0.127549935309035
two_wave,ELSA,M0,0.191701397895368,0.12282390049612,0.115946688113363,0.130049018854356
two_wave,ELSA,M0,0.193497223618647,0.125150048107482,0.118076649663644,0.132583477822543
two_wave,ELSA,M0,0.195293049341925,0.127510329649704,0.120241089051165,0.135151523921323
two_wave,ELSA,M0,0.197088875065204,0.129904797622842,0.122441437424556,0.137751673080246
two_wave,ELSA,M0,0.198884700788483,0.132333495202768,0.124678863601675,0.140382710641217
two_wave,ELSA,M0,0.200680526511761,0.134796455960422,0.126954303033398,0.143043660424105
two_wave,ELSA,M0,0.20247635223504,0.137293703589848,0.129268482544674,0.145733758072896
two_wave,ELSA,M0,0.204272177958318,0.139825251645093,0.131621940913128,0.148452428617488
two_wave,ELSA,M0,0.206068003681597,0.142391103286092,0.134015045596984,0.151199267935344
two_wave,ELSA,M0,0.207863829404875,0.144991251033656,0.13644800603992,0.153974027682058
two_wave,ELSA,M0,0.209659655128154,0.147625676533709,0.138920884017813,0.156776603223092
two_wave,ELSA,M0,0.211455480851432,0.15029435033094,0.141433601488137,0.159607024103622
two_wave,ELSA,M0,0.213251306574711,0.152997231652056,0.143985946379955,0.162465446616777
two_wave,ELSA,M0,0.215047132297989,0.1557342681988,0.146577576734353,0.165352148059027
two_wave,ELSA,M0,0.216842958021268,0.158505395950952,0.149208023579333,0.168267522287749
two_wave,ELSA,M0,0.218638783744546,0.161310538979514,0.151876692903074,0.171212076216418
two_wave,ELSA,M0,0.220434609467825,0.164149609270279,0.154582867076449,0.174186426896282
two_wave,ELSA,M0,0.222230435191103,0.167022506558009,0.157325706069053,0.177191298840258
two_wave,ELSA,M0,0.224026260914382,0.169929118171437,0.160104248801361,0.180227521246731
two_wave,ELSA,M0,0.225822086637661,0.172869318889302,0.162917414976242,0.183296024780592
two_wave,ELSA,M0,0.227617912360939,0.175842970807647,0.165764007732553,0.186397837569549
two_wave,ELSA,M0,0.229413738084218,0.178849923218581,0.168642717457791,0.189534080079733
two_wave,ELSA,M0,0.231209563807496,0.181890012500727,0.171552127081094,0.192705958550455
two_wave,ELSA,M0,0.233005389530775,0.184963062021546,0.174490719137386,0.195914756698697
two_wave,ELSA,M0,0.234801215254053,0.188068882051754,0.177456884843469,0.199161825453977
two_wave,ELSA,M0,0.236597040977332,0.191207269692008,0.180448935353867,0.202448570557421
two_wave,ELSA,M0,0.23839286670061,0.194378008812047,0.183465115266366,0.205776437956814
two_wave,ELSA,M0,0.240188692423889,0.197580870002467,0.186503618325586,0.209146897051117
two_wave,ELSA,M0,0.241984518147167,0.200815610539276,0.18956260513217,0.212561421978739
two_wave,ELSA,M0,0.243780343870446,0.20408197436139,0.192640222514055,0.216021471295061
two_wave,ELSA,M0,0.245576169593724,0.207379692061197,0.195734624067183,0.219528466533831
two_wave,ELSA,M0,0.247371995317003,0.210708480888312,0.198843991241379,0.223083770278717
two_wave,ELSA,M0,0.249167821040282,0.21406804476663,0.201966554249078,0.22668866446935
two_wave,ELSA,M0,0.25096364676356,0.217458074324758,0.205100612024773,0.230344329715974
two_wave,ELSA,M0,0.252759472486839,0.220878246939903,0.208244550471711,0.23405182638818
two_wave,ELSA,M0,0.254555298210117,0.22432822679528,0.211396858302927,0.237812078172531
two_wave,ELSA,M0,0.256351123933396,0.227807664951049,0.214556139911855,0.241625858665738
two_wave,ELSA,M0,0.258146949656674,0.231316199428832,0.217721124881042,0.245493781396645
two_wave,ELSA,M0,0.259942775379953,0.234853455309772,0.220890673937869,0.249416293469826
two_wave,ELSA,M0,0.261738601103231,0.238419044846148,0.224063781372109,0.253393672817559
two_wave,ELSA,M0,0.26353442682651,0.242012567586464,0.227239574120816,0.257426028856178
two_wave,ELSA,M0,0.265330252549788,0.245633610513981,0.230417307884047,0.261513306184619
two_wave,ELSA,M0,0.267126078273067,0.249281748198587,0.233596360748817,0.265655290848996
two_wave,ELSA,M0,0.268921903996345,0.252956542961904,0.236776224863745,0.269851618631748
two_wave,ELSA,M0,0.270717729719624,0.2566575450555,0.239956496724815,0.274101784805826
two_wave,ELSA,M0,0.272513555442902,0.260384292852066,0.243136866610118,0.278405154816726
two_wave,ELSA,M0,0.274309381166181,0.264136313049371,0.2463171076482,0.282760975408243
two_wave,ELSA,M0,0.27610520688946,0.267913120886815,0.249497064931449,0.287168385780784
two_wave,ELSA,M0,0.277901032612738,0.271714220374352,0.252676645003178,0.291626428453674
two_wave,ELSA,M0,0.279696858336017,0.275539104533558,0.255855805963366,0.296134059586356
two_wave,ELSA,M0,0.281492684059295,0.27938725565058,0.259034548359755,0.300690158591406
two_wave,ELSA,M0,0.283288509782574,0.283258145540683,0.262212906962541,0.305293536940543
two_wave,ELSA,M0,0.285084335505852,0.287151235824105,0.265390943464188,0.309942946121286
two_wave,ELSA,M0,0.286880161229131,0.291065978212892,0.268568740101501,0.314637084746039
two_wave,ELSA,M0,0.288675986952409,0.295001814808382,0.271746394164472,0.319374604847824
two_wave,ELSA,M0,0.290471812675688,0.298958178408968,0.274924013333999,0.324154117419
two_wave,ELSA,M0,0.292267638398966,0.302934492827772,0.278101711776909,0.328974197262795
two_wave,ELSA,M0,0.294063464122245,0.306930173219841,0.281279606919795,0.333833387234127
two_wave,ELSA,M0,0.295859289845523,0.310944626418438,0.284457816821537,0.338730201947637
two_wave,ELSA,M0,0.297655115568802,0.314977251280011,0.287636458066321,0.343663131028654
two_wave,ELSA,M0,0.299450941292081,0.319027439037395,0.290815644103526,0.348630641978082
two_wave,ELSA,M1,0.0141235358825516,0.0230425803845852,0.0157139540469987,0.0336721836899285
two_wave,ELSA,M1,0.0169908996935795,0.0230229790107315,0.0177347429893074,0.0298401844455228
two_wave,ELSA,M1,0.0198582635046074,0.0234832858574783,0.0195722730682193,0.0281533719368505
two_wave,ELSA,M1,0.0227256273156353,0.0243732612254465,0.021181451253948,0.0280322671346666
two_wave,ELSA,M1,0.0255929911266632,0.0256618480292935,0.0226310933189072,0.0290864023314464
two_wave,ELSA,M1,0.0284603549376911,0.027337099288,0.0241576842244448,0.0309217007257319
two_wave,ELSA,M1,0.031327718748719,0.0294025637907978,0.0259951439177951,0.0332413819375481
two_wave,ELSA,M1,0.034195082559747,0.0318741616926382,0.0282882563905787,0.0358978344758958
two_wave,ELSA,M1,0.0370624463707749,0.0347719777491751,0.0311151146970949,0.0388413912510314
two_wave,ELSA,M1,0.0399298101818028,0.0380599790335249,0.0344277278209235,0.0420587537799549
two_wave,ELSA,M1,0.0427971739928307,0.0416732786006629,0.0381059809579841,0.0455587121901787
two_wave,ELSA,M1,0.0456645378038586,0.0455538559195306,0.0420225504050143,0.0493666176226688
two_wave,ELSA,M1,0.0485319016148865,0.0496470071547364,0.0460571703621726,0.0535009543406901
two_wave,ELSA,M1,0.0513992654259144,0.0538994967177844,0.050122381283389,0.057943884331402
two_wave,ELSA,M1,0.0542666292369423,0.0582589581930135,0.0541799593086807,0.0626247158732276
two_wave,ELSA,M1,0.0571339930479702,0.0626739644916425,0.0582307394183902,0.0674319490472547
two_wave,ELSA,M1,0.0600013568589981,0.0670965012224213,0.062291764821969,0.0722432881388194
two_wave,ELSA,M1,0.062868720670026,0.0715051198534676,0.0663841809523834,0.0769885172615328
two_wave,ELSA,M1,0.065736084481054,0.0758960957959777,0.070519845123048,0.0816462145134928
two_wave,ELSA,M1,0.0686034482920819,0.0802668533103714,0.0746998566909596,0.0862100753168052
two_wave,ELSA,M1,0.0714708121031098,0.0846155080450646,0.0789190829258721,0.0906826236326201
two_wave,ELSA,M1,0.0743381759141377,0.0889407374595857,0.083168700504174,0.0950718232979862
two_wave,ELSA,M1,0.0772055397251656,0.0932416752240201,0.0874376448671561,0.0993890116518181
two_wave,ELSA,M1,0.0800729035361935,0.0975178249931779,0.0917135344145479,0.103647534687511
two_wave,ELSA,M1,0.0829402673472214,0.101768989872861,0.095983382632536,0.107861727649281
two_wave,ELSA,M1,0.0858076311582493,0.105995214625954,0.100234275479279,0.11204602998537
two_wave,ELSA,M1,0.0886749949692772,0.110196738246561,0.104454103575476,0.116214118936387
two_wave,ELSA,M1,0.0915423587803051,0.114373954992237,0.108632359029467,0.120378031854715
two_wave,ELSA,M1,0.094409722591333,0.118527382332422,0.112760923942348,0.124547334954641
two_wave,ELSA,M1,0.097277086402361,0.122657634565051,0.116834709835884,0.128728467757344
two_wave,ELSA,M1,0.100144450213389,0.126765401088553,0.120851990800902,0.132924411848381
two_wave,ELSA,M1,0.103011814024417,0.130851411904031,0.124814326041277,0.137134747857315
two_wave,ELSA,M1,0.105879177835445,0.134915881328952,0.12872566815696,0.141355476853755
two_wave,ELSA,M1,0.108746541646473,0.138958403259143,0.132590554888228,0.14558074872877
two_wave,ELSA,M1,0.111613905457501,0.142978605799832,0.13641340750643,0.149804958955547
two_wave,ELSA,M1,0.114481269268528,0.146976185327896,0.140198339794774,0.154023005110115
two_wave,ELSA,M1,0.117348633079556,0.150950899062644,0.143949054586562,0.158230369619849
two_wave,ELSA,M1,0.120215996890584,0.154902558477443,0.147668804263053,0.162423140708576
two_wave,ELSA,M1,0.123083360701612,0.158831023446772,0.151360393945909,0.166597992570795
two_wave,ELSA,M1,0.12595072451264,0.16273619703805,0.155026209849021,0.170752142103804
two_wave,ELSA,M1,0.128818088323668,0.166618020870046,0.158668260096141,0.17488329470802
two_wave,ELSA,M1,0.131685452134696,0.170476470970214,0.162288219694339,0.178989587302596
two_wave,ELSA,M1,0.134552815945724,0.1743115540723,0.165887474715496,0.183069533359353
two_wave,ELSA,M1,0.137420179756752,0.178123304303214,0.169467163060996,0.187121972451109
two_wave,ELSA,M1,0.14028754356778,0.181911780214708,0.173028210666767,0.191146025342619
two_wave,ELSA,M1,0.143154907378807,0.185677062121028,0.176571362884761,0.195141054785972
two_wave,ELSA,M1,0.146022271189835,0.189419249708545,0.180097211256131,0.199106631714191
two_wave,ELSA,M1,0.148889635000863,0.193138459887523,0.183606216121573,0.203042506306449
two_wave,ELSA,M1,0.151756998811891,0.196834824859808,0.187098725597848,0.206948583323436
two_wave,ELSA,M1,0.154624362622919,0.200508490379333,0.190574991452294,0.210824901116412
two_wave,ELSA,M1,0.157491726433947,0.204159614185059,0.194035182369144,0.214671613758306
two_wave,ELSA,M1,0.160359090244975,0.207788364588308,0.197479395046355,0.218488975806446
two_wave,ELSA,M1,0.163226454056003,0.211394919198552,0.200907663502366,0.222277329271223
two_wave,ELSA,M1,0.166093817867031,0.214979463773477,0.204319966915527,0.226037092426488
two_wave,ELSA,M1,0.168961181678059,0.218542191180747,0.207716236267942,0.22976875015279
two_wave,ELSA,M1,0.171828545489087,0.222083300460274,0.211096360021161,0.233472845552694
two_wave,ELSA,M1,0.174695909300114,0.225602995977012,0.214460189013437,0.237149972618536
two_wave,ELSA,M1,0.177563273111142,0.22910148665537,0.217807540736614,0.240800769767709
two_wave,ELSA,M1,0.18043063692217,0.232578985287288,0.221138203124236,0.244425914089725
two_wave,ELSA,M1,0.183298000733198,0.236035707906853,0.224451937960391,0.248026116173842
two_wave,ELSA,M1,0.186165364544226,0.239471873225078,0.227748484000287,0.251602115406723
two_wave,ELSA,M1,0.189032728355254,0.242887702119105,0.231027559877933,0.255154675647153
two_wave,ELSA,M1,0.191900092166282,0.246283417170715,0.234288866862915,0.258684581199993
two_wave,ELSA,M1,0.19476745597731,0.249659242249501,0.237532091516653,0.26219263302469
two_wave,ELSA,M1,0.197634819788338,0.253015402136552,0.240756908288257,0.265679645125349
two_wave,ELSA,M1,0.200502183599366,0.256352122184898,0.243962982080855,0.26914644107986
two_wave,ELSA,M1,0.203369547410394,0.259669628013335,0.24714997081083,0.272593850675171
two_wave,ELSA,M1,0.206236911221421,0.262968145230564,0.250317527974532,0.276022706624619
two_wave,ELSA,M1,0.209104275032449,0.266247899186912,0.253465305229757,0.279433841351507
two_wave,ELSA,M1,0.211971638843477,0.269509114751102,0.256592954992404,0.282828083830735
two_wave,ELSA,M1,0.214839002654505,0.272752016109844,0.259700133042374,0.286206256487426
two_wave,ELSA,M1,0.217706366465533,0.275976826588177,0.262786501126987,0.289569172157938
two_wave,ELSA,M1,0.220573730276561,0.279183768488725,0.265851729544953,0.292917631124466
two_wave,ELSA,M1,0.223441094087589,0.282373062948156,0.268895499689548,0.296252418239412
two_wave,ELSA,M1,0.226308457898617,0.285544929809339,0.271917506526026,0.299574300159758
two_wave,ELSA,M1,0.229175821709645,0.288699587507792,0.274917460975687,0.302884022714767
two_wave,ELSA,M1,0.232043185520673,0.291837252971164,0.277895092177536,0.306182308432211
two_wave,ELSA,M1,0.234910549331701,0.294958141530592,0.280850149598023,0.309469854249118
two_wave,ELSA,M1,0.237777913142729,0.298062466842889,0.283782404960209,0.312747329432515
two_wave,ELSA,M1,0.240645276953756,0.301150440822613,0.286691653965621,0.316015373734035
two_wave,ELSA,M1,0.243512640764784,0.304222273583135,0.289577717785092,0.319274595799433
two_wave,ELSA,M1,0.246380004575812,0.307278173385919,0.292440444298911,0.322525571850353
two_wave,ELSA,M1,0.24924736838684,0.310318346597285,0.295279709071357,0.325768844651087
two_wave,ELSA,M1,0.252114732197868,0.313342997651998,0.298095416050077,0.329004922767914
two_wave,ELSA,M1,0.254982096008896,0.316352329023076,0.300887497986453,0.332234280123102
two_wave,ELSA,M1,0.257849459819924,0.319346541197256,0.303655916578903,0.335457355839997
two_wave,ELSA,M1,0.260716823630952,0.32232583265563,0.306400662346691,0.338674554370181
two_wave,ELSA,M1,0.26358418744198,0.325290399858972,0.309121754247056,0.341886245888534
two_wave,ELSA,M1,0.266451551253008,0.328240437237346,0.311819239053173,0.345092766937502
two_wave,ELSA,M1,0.269318915064035,0.331176137183592,0.314493190514334,0.348294421298056
two_wave,ELSA,M1,0.272186278875063,0.334097690050362,0.317143708322899,0.351491481061831
two_wave,ELSA,M1,0.275053642686091,0.33700528415035,0.319770916914683,0.35468418787684
two_wave,ELSA,M1,0.277921006497119,0.339899105759443,0.322374964130795,0.35787275433796
two_wave,ELSA,M1,0.280788370308147,0.342779339122512,0.324956019769305,0.361057365493036
two_wave,ELSA,M1,0.283655734119175,0.345646166461591,0.327514274054763,0.364238180435933
two_wave,ELSA,M1,0.286523097930203,0.348499767986222,0.330049936052485,0.367415333958987
two_wave,ELSA,M1,0.289390461741231,0.351340321905752,0.332563232052873,0.370588938239062
two_wave,ELSA,M1,0.292257825552259,0.354168004443388,0.33505440394889,0.373759084533544
two_wave,ELSA,M1,0.295125189363287,0.356982989851844,0.337523707627411,0.376925844865144
two_wave,ELSA,M1,0.297992553174315,0.359785450430407,0.339971411392501,0.380089273677024
two_wave,ELSA,M1,0.300859916985343,0.362575556543283,0.342397794435961,0.383249409442526
two_wave,ELSA,M1,0.30372728079637,0.365353476639078,0.344803145367782,0.386406276216557
two_wave,ELSA,M1,0.306594644607398,0.36811937727131,0.347187760816519,0.389559885118282
two_wave,ELSA,M1,0.309462008418426,0.370873423119806,0.349551944107142,0.392710235737315
two_wave,ELSA,M1,0.312329372229454,0.373615777012915,0.351896004021671,0.395857317457855
two_wave,ELSA,M1,0.315196736040482,0.376346599950418,0.354220253645882,0.399001110697252
two_wave,ELSA,M1,0.31806409985151,0.379066051127055,0.356525009303576,0.40214158805731
two_wave,ELSA,M1,0.320931463662538,0.381774287956592,0.358810589578417,0.405278715388165
two_wave,ELSA,M1,0.323798827473566,0.384471466096351,0.361077314422041,0.408412452765843
two_wave,ELSA,M1,0.326666191284594,0.387157739472142,0.363325504346126,0.411542755385699
two_wave,ELSA,M1,0.329533555095622,0.38983326030353,0.365555479695276,0.41466957437474
two_wave,ELSA,M1,0.332400918906649,0.392498179129382,0.367767559996972,0.417792857526468
two_wave,ELSA,M1,0.335268282717677,0.395152644833647,0.369962063384381,0.420912549962364
two_wave,ELSA,M1,0.338135646528705,0.397796804671328,0.372139306087529,0.424028594724408
two_wave,ELSA,M1,0.341003010339733,0.400430804294586,0.374299601988178,0.427140933303224
two_wave,ELSA,M1,0.343870374150761,0.40305478777896,0.376443262233702,0.430249506106498
two_wave,ELSA,M1,0.346737737961789,0.405668897649651,0.378570594905254,0.433354252872292
two_wave,ELSA,M1,0.349605101772817,0.408273274907852,0.38068190473568,0.43645511303179
two_wave,ELSA,M1,0.352472465583845,0.410868059057087,0.382777492872713,0.439552026025857
two_wave,ELSA,M1,0.355339829394873,0.413453388129534,0.384857656683255,0.44264493157961
two_wave,MHAS,M0,0.0796292764325541,0.0501297695981011,0.0328276943542489,0.0758359941312077
two_wave,MHAS,M0,0.0809667380015529,0.0529383366029813,0.0360580567536697,0.0770890062752652
two_wave,MHAS,M0,0.0823041995705517,0.0558405157777182,0.039491691555859,0.0784049770799604
two_wave,MHAS,M0,0.0836416611395505,0.0588274172898485,0.0431060417657249,0.0798044020217959
two_wave,MHAS,M0,0.0849791227085493,0.0618890858356613,0.0468698638970169,0.0813105667671577
two_wave,MHAS,M0,0.086316584277548,0.0650145379119104,0.0507424827957263,0.08295003515803
two_wave,MHAS,M0,0.0876540458465468,0.0681918173623608,0.0546736593471518,0.0847527036731107
two_wave,MHAS,M0,0.0889915074155456,0.0714080681714326,0.0586047336603057,0.0867507784679081
two_wave,MHAS,M0,0.0903289689845444,0.0746496231159922,0.0624720285393567,0.0889756999947143
two_wave,MHAS,M0,0.0916664305535432,0.0779021065583823,0.0662134512326007,0.0914520767258297
two_wave,MHAS,M0,0.093003892122542,0.0811505493851057,0.069778099526229,0.0941888106503262
two_wave,MHAS,M0,0.0943413536915408,0.0843795138786452,0.0731362144681667,0.0971700507497636
two_wave,MHAS,M0,0.0956788152605396,0.0875732261632049,0.0762847569388518,0.100350666964979
two_wave,MHAS,M0,0.0970162768295383,0.0907157137929206,0.0792452520307349,0.103659563919273
two_wave,MHAS,M0,0.0983537383985371,0.0937909460534311,0.0820552188131488,0.107009476299048
two_wave,MHAS,M0,0.0996911999675359,0.0967829746207677,0.0847579076636333,0.110308482346218
two_wave,MHAS,M0,0.101028661536535,0.0996760723581589,0.0873942781408532,0.113469263001296
two_wave,MHAS,M0,0.102366123105534,0.102454868221635,0.0899982482063257,0.116415040524546
two_wave,MHAS,M0,0.103703584674532,0.10510447647749,0.0925941944317614,0.119083187270964
two_wave,MHAS,M0,0.105041046243531,0.107612057464997,0.0951944126272483,0.121432130349495
two_wave,MHAS,M0,0.10637850781253,0.109980631778583,0.0977908828500451,0.123481883759496
two_wave,MHAS,M0,0.107715969381529,0.112223128153838,0.100359183230984,0.125294240083198
two_wave,MHAS,M0,0.109053430950527,0.114353319897595,0.10286522092373,0.126942879624818
two_wave,MHAS,M0,0.110390892519526,0.116385487650812,0.105268153755817,0.12850828640941
two_wave,MHAS,M0,0.111728354088525,0.118334238718303,0.107524980105236,0.130071760500699
two_wave,MHAS,M0,0.113065815657524,0.120214359941337,0.109597883022985,0.131707110436398
two_wave,MHAS,M0,0.114403277226523,0.122040701176956,0.111463738665028,0.133470563285993
two_wave,MHAS,M0,0.115740738795521,0.123828086333027,0.113122630300053,0.135391997905879
two_wave,MHAS,M0,0.11707820036452,0.125591248928527,0.114601006777833,0.137471811599157
two_wave,MHAS,M0,0.118415661933519,0.12734478926311,0.115947627444781,0.139685231376582
two_wave,MHAS,M0,0.119753123502518,0.129103150456075,0.117224849224908,0.141991472427405
two_wave,MHAS,M0,0.121090585071517,0.130880610827524,0.118499724577995,0.14434323906958
two_wave,MHAS,M0,0.122428046640515,0.132691276992888,0.119837723761319,0.146693702131354
two_wave,MHAS,M0,0.123765508209514,0.134545118816755,0.121288475662526,0.14900499433399
two_wave,MHAS,M0,0.125102969778513,0.136442466811717,0.122867324123445,0.151258828073789
two_wave,MHAS,M0,0.126440431347512,0.13838226341765,0.124577486641582,0.153448643970101
two_wave,MHAS,M0,0.127777892916511,0.14036347129299,0.126416512933573,0.155575108625144
two_wave,MHAS,M0,0.129115354485509,0.142385069817148,0.128378071972811,0.157643928220676
two_wave,MHAS,M0,0.130452816054508,0.144446051962546,0.13045303210758,0.159664427509961
two_wave,MHAS,M0,0.131790277623507,0.146545421503008,0.13263011673147,0.16164860517108
two_wave,MHAS,M0,0.133127739192506,0.148682190528917,0.134896319742594,0.163610475573021
two_wave,MHAS,M0,0.134465200761504,0.15085537724263,0.137237206738469,0.165565566026231
two_wave,MHAS,M0,0.135802662330503,0.153064004010433,0.139637196084365,0.167530471023208
two_wave,MHAS,M0,0.137140123899502,0.155307095649686,0.142079896776503,0.169522382722431
two_wave,MHAS,M0,0.138477585468501,0.157583677931945,0.14454856683408,0.171558530564764
two_wave,MHAS,M0,0.1398150470375,0.159892776284628,0.14702673647905,0.173655482761999
two_wave,MHAS,M0,0.141152508606498,0.162233414675474,0.149499005429505,0.175828297642204
two_wave,MHAS,M0,0.142489970175497,0.164604614665402,0.151951969477623,0.178089567248306
two_wave,MHAS,M0,0.143827431744496,0.16700539461665,0.154375166376195,0.180448460943703
two_wave,MHAS,M0,0.145164893313495,0.169434769044159,0.156761878598185,0.182909929409807
two_wave,MHAS,M0,0.146502354882494,0.171891748099148,0.159109622149818,0.185474237944601
two_wave,MHAS,M0,0.147839816451492,0.174375337174645,0.161420204865606,0.188136943838966
two_wave,MHAS,M0,0.149177278020491,0.176884552047089,0.163699349214325,0.190889352721624
two_wave,MHAS,M0,0.15051473958949,0.179418795721043,0.165955779262252,0.193720312075908
two_wave,MHAS,M0,0.151852201158489,0.181977880636741,0.168198766983808,0.196618976999306
two_wave,MHAS,M0,0.153189662727487,0.184561633958577,0.170436797551654,0.199575438354601
two_wave,MHAS,M0,0.154527124296486,0.18716987763128,0.172677405244706,0.202580841421002
two_wave,MHAS,M0,0.155864585865485,0.189802428300022,0.174927136013876,0.205627416549341
two_wave,MHAS,M0,0.157202047434484,0.192459097239888,0.177191575323263,0.208708444839389
two_wave,MHAS,M0,0.158539509003483,0.195139690294409,0.179475414349856,0.211818185736043
two_wave,MHAS,M0,0.159876970572481,0.19784400782288,0.181782534564606,0.214951786503477
two_wave,MHAS,M0,0.16121443214148,0.200571844656205,0.184116097294092,0.218105186961874
two_wave,MHAS,M0,0.162551893710479,0.203322990061023,0.186478630106101,0.221275027628929
two_wave,MHAS,M0,0.163889355279478,0.206097227711888,0.188872105617232,0.224458565655028
two_wave,MHAS,M0,0.165226816848477,0.208894335671282,0.191298010799018,0.227653600463968
two_wave,MHAS,M0,0.166564278417475,0.211714086377268,0.193757406379153,0.23085840949216
two_wave,MHAS,M0,0.167901739986474,0.21455624663857,0.19625097679409,0.234071693560704
two_wave,MHAS,M0,0.169239201555473,0.217420577636909,0.198779071582759,0.237292530982151
two_wave,MHAS,M0,0.170576663124472,0.220306834936409,0.201341739285596,0.240520339330255
two_wave,MHAS,M0,0.17191412469347,0.223214768499904,0.203938754940348,0.243754843774484
two_wave,MHAS,M0,0.173251586262469,0.226144122711966,0.206569642217321,0.24699605093061
two_wave,MHAS,M0,0.174589047831468,0.229094636408518,0.209233691155064,0.250244227261001
two_wave,MHAS,M0,0.175926509400467,0.232066042912846,0.211929972367744,0.253499881148572
two_wave,MHAS,M0,0.177263970969466,0.235058070077866,0.214657348510982,0.256763747853369
two_wave,MHAS,M0,0.178601432538464,0.238070440334503,0.217414483719705,0.260036776634486
two_wave,MHAS,M0,0.179938894107463,0.241102870746008,0.220199851671405,0.263320119380592
two_wave,MHAS,M0,0.181276355676462,0.244155073068087,0.223011742880053,0.266615120140942
two_wave,MHAS,M0,0.182613817245461,0.247226753814676,0.225848271787176,0.269923304987802
two_wave,MHAS,M0,0.18395127881446,0.250317614329228,0.228707384183532,0.273246371674695
two_wave,MHAS,M0,0.185288740383458,0.253427350861348,0.23158686546288,0.276586178587062
two_wave,MHAS,M0,0.186626201952457,0.256555654648649,0.234484350173598,0.279944732517996
two_wave,MHAS,M0,0.187963663521456,0.259702212003658,0.237397333289133,0.283324174846717
two_wave,MHAS,M0,0.189301125090455,0.262866704405643,0.240323183559454,0.286726765756471
two_wave,MHAS,M0,0.190638586659454,0.266048808597199,0.243259159228492,0.29015486620598
two_wave,MHAS,M0,0.191976048228452,0.269248196685448,0.246202426303714,0.293610917467504
two_wave,MHAS,M0,0.193313509797451,0.272464536247699,0.2491500794425,0.297097418166298
two_wave,MHAS,M0,0.19465097136645,0.275697490441414,0.252099165377145,0.300616898899134
two_wave,MHAS,M0,0.195988432935449,0.278946718118333,0.255046708640961,0.304171894669097
two_wave,MHAS,M0,0.197325894504447,0.282211873942595,0.257989739190151,0.307764915541672
two_wave,MHAS,M0,0.198663356073446,0.285492608512694,0.260925321351467,0.311398416091943
two_wave,MHAS,M0,0.200000817642445,0.288788568487134,0.263850583378008,0.315074764360358
two_wave,MHAS,M0,0.201338279211444,0.292099396713588,0.266762746779919,0.318796211150176
two_wave,MHAS,M0,0.202675740780443,0.295424732361437,0.269659154527287,0.322564860569165
two_wave,MHAS,M0,0.204013202349441,0.298764211057501,0.272537297210151,0.32638264273047
two_wave,MHAS,M0,0.20535066391844,0.302117465024808,0.275394836291083,0.330251289477024
two_wave,MHAS,M0,0.206688125487439,0.305484123224237,0.2782296236985,0.334172313881093
two_wave,MHAS,M0,0.208025587056438,0.308863811498869,0.281039717175841,0.338146994103506
two_wave,MHAS,M0,0.209363048625437,0.31225615272088,0.283823391008951,0.342176361989837
two_wave,MHAS,M0,0.210700510194435,0.315660766940799,0.286579141982631,0.346261196552061
two_wave,MHAS,M0,0.212037971763434,0.319077271538985,0.289305690646857,0.350402022254551
two_wave,MHAS,M0,0.213375433332433,0.322505281379129,0.292001978183837,0.354599111812501
two_wave,MHAS,M0,0.214712894901432,0.325944408963628,0.294667159342627,0.358852493035109
two_wave,MHAS,M0,0.216050356470431,0.329394264590663,0.297300592037499,0.363161959116276
two_wave,MHAS,M0,0.217387818039429,0.332854456512799,0.299901824284557,0.367527081697046
two_wave,MHAS,M0,0.218725279608428,0.336324591096948,0.302470579179214,0.371947225995758
two_wave,MHAS,M0,0.220062741177427,0.339804272985524,0.305006738600452,0.376421567318339
two_wave,MHAS,M0,0.221400202746426,0.343293105258622,0.307510326275367,0.380949108313409
two_wave,MHAS,M0,0.222737664315424,0.346790689597053,0.309981490759534,0.385528696414613
two_wave,MHAS,M0,0.224075125884423,0.350296626446062,0.312420488795879,0.390159041005243
two_wave,MHAS,M0,0.225412587453422,0.353810515179577,0.314827669416385,0.394838729938343
two_wave,MHAS,M0,0.226750049022421,0.357331954264807,0.317203459054747,0.39956624514149
two_wave,MHAS,M0,0.22808751059142,0.36086054142704,0.319548347849661,0.404339977123651
two_wave,MHAS,M0,0.229424972160418,0.364395873814473,0.321862877241347,0.409158238278401
two_wave,MHAS,M0,0.230762433729417,0.367937548162911,0.324147628899804,0.414019274941626
two_wave,MHAS,M0,0.232099895298416,0.371485160960184,0.326403214972668,0.41892127821233
two_wave,MHAS,M0,0.233437356867415,0.375038308610119,0.32863026960253,0.42386239358288
two_wave,MHAS,M0,0.234774818436414,0.378596587595918,0.330829441636896,0.428840729451585
two_wave,MHAS,M0,0.236112280005412,0.382159594642792,0.333001388436948,0.433854364607292
two_wave,MHAS,M0,0.237449741574411,0.385726926879692,0.335146770681994,0.438901354784782
two_wave,MHAS,M0,0.23878720314341,0.389298182000007,0.337266248063407,0.443979738392687
two_wave,MHAS,M1,0.0462732490195546,0.0308407561651691,0.0162175554361129,0.0578738640465744
two_wave,MHAS,M1,0.0518727195502496,0.0325121166898823,0.0191206054061284,0.0547590519010128
two_wave,MHAS,M1,0.0574721900809446,0.0342437645661256,0.0220627439540588,0.052787011406783
two_wave,MHAS,M1,0.0630716606116396,0.0360478696700265,0.0249970727768567,0.0517248690133289
two_wave,MHAS,M1,0.0686711311423346,0.0379336359059207,0.0278764378515729,0.0514272967050083
two_wave,MHAS,M1,0.0742706016730297,0.0399086026019904,0.0306572804359935,0.051802465906318
two_wave,MHAS,M1,0.0798700722037247,0.0419793753311313,0.0333076353473609,0.052785547308284
two_wave,MHAS,M1,0.0854695427344197,0.0441520537867392,0.0358176431074617,0.0543165481679167
two_wave,MHAS,M1,0.0910690132651147,0.0464324915878084,0.0382065312748636,0.0563258017424902
two_wave,MHAS,M1,0.0966684837958097,0.0488264592365683,0.0405197238177267,0.0587318753382904
two_wave,MHAS,M1,0.102267954326505,0.0513397493667197,0.0428170057153493,0.0614500383591427
two_wave,MHAS,M1,0.1078674248572,0.0539782465329772,0.045159485549854,0.0644029825044015
two_wave,MHAS,M1,0.113466895387895,0.0567479745625474,0.047601519064722,0.0675272797422547
two_wave,MHAS,M1,0.11906636591859,0.0596551292730983,0.05018815018597,0.070774797770497
two_wave,MHAS,M1,0.124665836449285,0.0627061013244881,0.0529556893794306,0.074111307191674
two_wave,MHAS,M1,0.13026530697998,0.0659074921539428,0.0559331931212868,0.077514419224727
two_wave,MHAS,M1,0.135864777510675,0.0692661248286187,0.0591436100115084,0.0809720217348856
two_wave,MHAS,M1,0.14146424804137,0.0727890435566838,0.0626040276739492,0.0844817195173641
two_wave,MHAS,M1,0.147063718572065,0.0764772586553023,0.0663142062645175,0.0880509759387074
two_wave,MHAS,M1,0.15266318910276,0.0803144199391474,0.0702368801000003,0.0916952786863969
two_wave,MHAS,M1,0.158262659633455,0.0842813736748887,0.0743235091557698,0.0954358436470107
two_wave,MHAS,M1,0.16386213016415,0.0883590634216013,0.0785205834738177,0.0992974474191498
two_wave,MHAS,M1,0.169461600694845,0.0925284038098246,0.0827719317716073,0.103305364885995
two_wave,MHAS,M1,0.17506107122554,0.096770221906667,0.0870227967634098,0.107480922266459
two_wave,MHAS,M1,0.180660541756235,0.101065247721169,0.0912253187684549,0.111835935704706
two_wave,MHAS,M1,0.18626001228693,0.105394140178858,0.0953439579086443,0.116367438834181
two_wave,MHAS,M1,0.191859482817625,0.109737538201646,0.0993587521845365,0.121054748990968
two_wave,MHAS,M1,0.19745895334832,0.114076128889773,0.103265051078714,0.125860187685797
two_wave,MHAS,M1,0.203058423879015,0.118390726543367,0.107070152762115,0.130732988275144
two_wave,MHAS,M1,0.20865789440971,0.122662357589762,0.110788609218843,0.135614592177554
two_wave,MHAS,M1,0.214257364940405,0.126872347530656,0.114437932324045,0.1404435705952
two_wave,MHAS,M1,0.2198568354711,0.131002406874603,0.118035536879116,0.145159310135698
two_wave,MHAS,M1,0.225456306001795,0.135037095789882,0.121597069466846,0.149709455557026
two_wave,MHAS,M1,0.23105577653249,0.138974738235221,0.125135334015771,0.154075163712247
two_wave,MHAS,M1,0.236655247063185,0.14281865132833,0.128658417099141,0.158254316390395
two_wave,MHAS,M1,0.24225471759388,0.14657247058534,0.132170476847854,0.16225038034912
two_wave,MHAS,M1,0.247854188124575,0.150240078725952,0.135672821592508,0.166070906107421
two_wave,MHAS,M1,0.25345365865527,0.153825549295517,0.139164635150631,0.169726457503079
two_wave,MHAS,M1,0.259053129185965,0.157333099328948,0.142643468049848,0.173229835410095
two_wave,MHAS,M1,0.26465259971666,0.160767049869609,0.146105578307728,0.176595504438117
two_wave,MHAS,M1,0.270252070247355,0.16413179328979,0.149546180511855,0.179839156751146
two_wave,MHAS,M1,0.27585154077805,0.16743176648386,0.152959646252476,0.18297736343142
two_wave,MHAS,M1,0.281451011308745,0.170671429119376,0.156339689549946,0.186027273894946
two_wave,MHAS,M1,0.28705048183944,0.173855246234815,0.159679565125687,0.189006330343916
two_wave,MHAS,M1,0.292649952370135,0.176987674565391,0.162972302763956,0.19193196950595
two_wave,MHAS,M1,0.29824942290083,0.180073152060935,0.166210995279463,0.194821290261415
two_wave,MHAS,M1,0.303848893431525,0.183116090132824,0.169389148635579,0.197690675293843
two_wave,MHAS,M1,0.30944836396222,0.18612086823115,0.172501089222159,0.200555368937362
two_wave,MHAS,M1,0.315047834492915,0.189091830409586,0.175542405638449,0.203429031501751
two_wave,MHAS,M1,0.32064730502361,0.19203328358446,0.178510383689979,0.206323309378059
two_wave,MHAS,M1,0.326246775554305,0.194949497237347,0.181404379567436,0.20924747430157
two_wave,MHAS,M1,0.331846246085,0.197844704347497,0.184226074060983,0.212208187548734
two_wave,MHAS,M1,0.337445716615695,0.200723103372631,0.186979564232949,0.215209431518048
two_wave,MHAS,M1,0.34304518714639,0.203588861124344,0.189671276308738,0.21825262401385
two_wave,MHAS,M1,0.348644657677085,0.206446116408383,0.192309716389835,0.221336897881374
two_wave,MHAS,M1,0.35424412820778,0.209298982554145,0.194905100871695,0.224459500019562
two_wave,MHAS,M1,0.359843598738475,0.212150660537102,0.19746778884144,0.227615642696815
two_wave,MHAS,M1,0.36544306926917,0.215001997521283,0.200005475405836,0.230798563897919
two_wave,MHAS,M1,0.371042539799865,0.217853457440098,0.202524780421915,0.234001895623833
two_wave,MHAS,M1,0.37664201033056,0.220705501530455,0.205031629973707,0.2372200326115
two_wave,MHAS,M1,0.382241480861255,0.22355858886038,0.207531269332823,0.240448115121949
two_wave,MHAS,M1,0.38784095139195,0.226413176846391,0.210028300559278,0.243681987468302
two_wave,MHAS,M1,0.393440421922645,0.229269721762237,0.21252673353726,0.246918143458068
two_wave,MHAS,M1,0.39903989245334,0.232128679240555,0.215030042409555,0.250153666757994
two_wave,MHAS,M1,0.404639362984035,0.234990504768943,0.217541222069133,0.253386171497588
two_wave,MHAS,M1,0.41023883351473,0.237855654181913,0.220062841437811,0.256613746358363
two_wave,MHAS,M1,0.415838304045425,0.240724584150133,0.222597091741178,0.25983490391864
two_wave,MHAS,M1,0.42143777457612,0.24359775266838,0.225145828982285,0.263048536032406
two_wave,MHAS,M1,0.427037245106815,0.246475619543565,0.227710610444664,0.266253875394275
two_wave,MHAS,M1,0.43263671563751,0.249358646884213,0.230292725425717,0.26945046307375
two_wave,MHAS,M1,0.438236186168205,0.252247299592756,0.232893220599413,0.272638121605417
two_wave,MHAS,M1,0.4438356566989,0.25514204586202,0.235512920495279,0.27581693313493
two_wave,MHAS,M1,0.449435127229595,0.258043357677285,0.238152443602703,0.278987222099794
two_wave,MHAS,M1,0.45503459776029,0.260951711325311,0.240812214595189,0.282149541939292
two_wave,MHAS,M1,0.460634068290985,0.263867587911778,0.243492473137872,0.285304665360223
two_wave,MHAS,M1,0.46623353882168,0.26679147388858,0.246193279705658,0.288453577721917
two_wave,MHAS,M1,0.471833009352375,0.269723861592491,0.248914518806592,0.291597473137482
two_wave,MHAS,M1,0.47743247988307,0.272665249796748,0.25165589998026,0.294737752913773
two_wave,MHAS,M1,0.483031950413765,0.275616144277173,0.254416956927052,0.297876025967193
two_wave,MHAS,M1,0.48863142094446,0.27857705839449,0.257197045122607,0.301014110854471
two_wave,MHAS,M1,0.494230891475155,0.281548513694625,0.259995338283516,0.304154039046415
two_wave,MHAS,M1,0.49983036200585,0.284531040528796,0.262810824075345,0.307298059048011
two_wave,MHAS,M1,0.505429832536545,0.287525178695367,0.265642299491585,0.310448640931257
two_wave,MHAS,M1,0.51102930306724,0.290531478105479,0.268488366380401,0.313608480799118
two_wave,MHAS,M1,0.516628773597935,0.293550499474665,0.271347427652017,0.316780504643456
two_wave,MHAS,M1,0.52222824412863,0.296582815042724,0.274217684758661,0.319967871000978
two_wave,MHAS,M1,0.527827714659325,0.299629009324334,0.277097137094402,0.323173971756102
two_wave,MHAS,M1,0.53342718519002,0.302689679893014,0.279983584005347,0.326402430396803
two_wave,MHAS,M1,0.539026655720715,0.305765438201242,0.282874630120395,0.329657097009906
two_wave,MHAS,M1,0.54462612625141,0.308856910439753,0.285767694696574,0.33294203931873
two_wave,MHAS,M1,0.550225596782105,0.311964738439236,0.288660025607585,0.336261529131481
two_wave,MHAS,M1,0.5558250673128,0.315089580617928,0.291548718477332,0.339620023695819
two_wave,MHAS,M1,0.561424537843495,0.318232112978856,0.294430741263259,0.343022141652033
two_wave,MHAS,M1,0.56702400837419,0.321393030160797,0.29730296432498,0.346472633546722
two_wave,MHAS,M1,0.572623478904886,0.324573046547347,0.300162195679052,0.349976347203516
two_wave,MHAS,M1,0.57822294943558,0.327772897438878,0.303005220759616,0.353538188628575
two_wave,MHAS,M1,0.583822419966275,0.330993340292554,0.305828845607957,0.357163079525216
two_wave,MHAS,M1,0.58942189049697,0.33423515603605,0.308629942043362,0.360855912862715
two_wave,MHAS,M1,0.595021361027665,0.33749915046111,0.311405493070275,0.364621508241624
two_wave,MHAS,M1,0.600620831558361,0.340786155703642,0.314152636598256,0.368464568976365
two_wave,MHAS,M1,0.606220302089055,0.344097031817684,0.316868705527359,0.372389642839651
two_wave,MHAS,M1,0.61181977261975,0.347432668451237,0.319551262399136,0.376401088265525
two_wave,MHAS,M1,0.617419243150445,0.350793986632762,0.32219812712615,0.380503047494995
two_wave,MHAS,M1,0.623018713681141,0.354181940677986,0.324807396759485,0.384699427701428
two_wave,MHAS,M1,0.628618184211836,0.357597520227611,0.327377456783421,0.388993890602927
two_wave,MHAS,M1,0.63421765474253,0.361041752427595,0.329906983977378,0.393389850517759
two_wave,MHAS,M1,0.639817125273225,0.364515704264901,0.332394941395511,0.397890480308291
two_wave,MHAS,M1,0.64541659580392,0.368020485072917,0.334840566432772,0.402498724240129
two_wave,MHAS,M1,0.651016066334616,0.371557249222273,0.337243353239399,0.407217316489669
two_wave,MHAS,M1,0.656615536865311,0.375127199014511,0.339603030901082,0.412048803877543
two_wave,MHAS,M1,0.662215007396006,0.378731587797942,0.341919538826482,0.416995571380614
two_wave,MHAS,M1,0.6678144779267,0.382371723327209,0.344193000698846,0.422059869059633
two_wave,MHAS,M1,0.673413948457395,0.386048971390515,0.346423698184214,0.427243839203435
two_wave,MHAS,M1,0.679013418988091,0.389764759731271,0.348612045377396,0.432549542701348
two_wave,MHAS,M1,0.684612889518786,0.39352058229403,0.350758564737909,0.437978983883991
two_wave,MHAS,M1,0.690212360049481,0.397318003828202,0.352863865045106,0.44353413329503
two_wave,MHAS,M1,0.695811830580175,0.401158664887117,0.354928621701309,0.449216948056422
two_wave,MHAS,M1,0.701411301110871,0.405044287264658,0.356953559543505,0.455029389657421
two_wave,MHAS,M1,0.707010771641566,0.408976679917081,0.35893943819184,0.460973439129582
two_wave,MHAS,M1,0.712610242172261,0.412957745423759,0.360887039866216,0.46705110966659
one_wave,CHARLS,M0,0.0623568784901734,0.115750266516767,0.096046394072478,0.138875365396648
one_wave,CHARLS,M0,0.0642325897932704,0.12356240073342,0.105607149928405,0.144078621549967
one_wave,CHARLS,M0,0.0661083010963675,0.131526393689241,0.115337707772703,0.149603056612268
one_wave,CHARLS,M0,0.0679840123994646,0.139561078042424,0.124949439468953,0.155577614798393
one_wave,CHARLS,M0,0.0698597237025616,0.147583075977466,0.134125214316647,0.162138417582791
one_wave,CHARLS,M0,0.0717354350056587,0.155508306455414,0.142596812804299,0.169357956081557
one_wave,CHARLS,M0,0.0736111463087557,0.163253517108503,0.150251889372467,0.177145664986545
one_wave,CHARLS,M0,0.0754868576118528,0.170737754779109,0.157167869805645,0.185221786919895
one_wave,CHARLS,M0,0.0773625689149499,0.177883706764264,0.163527272683845,0.193209400142608
one_wave,CHARLS,M0,0.0792382802180469,0.184618864527342,0.169512293621497,0.200746280048142
one_wave,CHARLS,M0,0.081113991521144,0.190876481323062,0.175255396375591,0.20753955010064
one_wave,CHARLS,M0,0.082989702824241,0.196596313308073,0.1808320385889,0.213376889420966
one_wave,CHARLS,M0,0.0848654141273381,0.201731449325784,0.186261173978758,0.218142186022929
one_wave,CHARLS,M0,0.0867411254304352,0.206314656756215,0.191493037646789,0.221968520541387
one_wave,CHARLS,M0,0.0886168367335322,0.210427721007847,0.196427171903549,0.225146579139136
one_wave,CHARLS,M0,0.0904925480366293,0.214151691312812,0.200939092243987,0.227985196418681
one_wave,CHARLS,M0,0.0923682593397263,0.217564785897684,0.204909113954476,0.230775229754619
one_wave,CHARLS,M0,0.0942439706428234,0.220741597154576,0.20827184948364,0.233737526322364
one_wave,CHARLS,M0,0.0961196819459204,0.223752667786282,0.211067171519563,0.236971576071652
one_wave,CHARLS,M0,0.0979953932490175,0.226664342953056,0.213448279313018,0.240448551340507
one_wave,CHARLS,M0,0.0998711045521146,0.229538822966827,0.215635982801321,0.244059120630002
one_wave,CHARLS,M0,0.101746815855212,0.232426929908189,0.217845506878048,0.247675297097466
one_wave,CHARLS,M0,0.103622527158309,0.235337462100163,0.220179678037647,0.251202607572712
one_wave,CHARLS,M0,0.105498238461406,0.23826602642823,0.222672172212892,0.254594254440547
one_wave,CHARLS,M0,0.107373949764503,0.241208476575053,0.225329559339645,0.25783394534217
one_wave,CHARLS,M0,0.1092496610676,0.244160901020303,0.228142910147732,0.260923344056732
one_wave,CHARLS,M0,0.111125372370697,0.247119605154547,0.23109430478749,0.263874813266504
one_wave,CHARLS,M0,0.113001083673794,0.250081095540708,0.234160482414303,0.266707187362107
one_wave,CHARLS,M0,0.114876794976891,0.25304206600501,0.237314952612651,0.26944322238856
one_wave,CHARLS,M0,0.116752506279988,0.255999385289604,0.240529323354076,0.272107942052853
one_wave,CHARLS,M0,0.118628217583085,0.258950086040963,0.243774290582329,0.274727412957885
one_wave,CHARLS,M0,0.120503928886182,0.261891354943116,0.247020567865359,0.277327652695754
one_wave,CHARLS,M0,0.122379640189279,0.264820523834084,0.250239930838981,0.279933481278689
one_wave,CHARLS,M0,0.124255351492376,0.267735061668504,0.253406457898893,0.282567222225077
one_wave,CHARLS,M0,0.126131062795473,0.270632567210118,0.256497936114395,0.285247274218138
one_wave,CHARLS,M0,0.12800677409857,0.273510762355303,0.259497270179167,0.287986707162468
one_wave,CHARLS,M0,0.129882485401668,0.276367486003576,0.262393621717153,0.290792148414452
one_wave,CHARLS,M0,0.131758196704765,0.279200688403507,0.265182981416394,0.293663251022101
one_wave,CHARLS,M0,0.133633908007862,0.28200844914372,0.267868021185836,0.296592937405386
one_wave,CHARLS,M0,0.135509619310959,0.284789881707408,0.27045822724934,0.299569128995769
one_wave,CHARLS,M0,0.137385330614056,0.287545374665915,0.272966503724179,0.302578830833439
one_wave,CHARLS,M0,0.139261041917153,0.290275392843734,0.275405070018071,0.30560998712989
one_wave,CHARLS,M0,0.14113675322025,0.292980390357095,0.277784961937406,0.308651803006232
one_wave,CHARLS,M0,0.143012464523347,0.295660810884667,0.280115896904168,0.311694870127726
one_wave,CHARLS,M0,0.144888175826444,0.298317087933776,0.282406262488641,0.314731169858968
one_wave,CHARLS,M0,0.146763887129541,0.300949645101806,0.284663184787485,0.317753997338661
one_wave,CHARLS,M0,0.148639598432638,0.303558896332539,0.286892640913484,0.320757842142042
one_wave,CHARLS,M0,0.150515309735735,0.306145246167207,0.289099589863942,0.323738251203802
one_wave,CHARLS,M0,0.152391021038832,0.30870908999013,0.291288105142957,0.326691690571102
one_wave,CHARLS,M0,0.154266732341929,0.311250814268821,0.293461499535838,0.329615415537862
one_wave,CHARLS,M0,0.156142443645026,0.313770796788485,0.295622437292863,0.332507353856754
one_wave,CHARLS,M0,0.158018154948123,0.316269406880882,0.297773032063174,0.335366003645703
one_wave,CHARLS,M0,0.15989386625122,0.318747005647544,0.299914930717824,0.338190345810982
one_wave,CHARLS,M0,0.161769577554318,0.32120394617735,0.302049384143723,0.340979769869602
one_wave,CHARLS,M0,0.163645288857415,0.323640573758505,0.304177306500885,0.343734011646008
one_wave,CHARLS,M0,0.165521000160512,0.326057226084965,0.306299324536275,0.34645310122
one_wave,CHARLS,M0,0.167396711463609,0.328454233457373,0.308415818481994,0.349137319570889
one_wave,CHARLS,M0,0.169272422766706,0.330831918978585,0.310526955921256,0.35178716250949
one_wave,CHARLS,M0,0.171148134069803,0.333190598743871,0.312632719833459,0.35440331066386
one_wave,CHARLS,M0,0.1730238453729,0.335530582025885,0.314732931857408,0.356986604458884
one_wave,CHARLS,M0,0.174899556675997,0.337852171454496,0.316827271653158,0.359538023190198
one_wave,CHARLS,M0,0.176775267979094,0.340155663191608,0.318915293103639,0.36205866743385
one_wave,CHARLS,M0,0.178650979282191,0.342441347101045,0.320996437978409,0.364549744153475
one_wave,CHARLS,M0,0.180526690585288,0.344709506913642,0.323070047582266,0.367012553967708
one_wave,CHARLS,M0,0.182402401888385,0.346960420387645,0.32513537282889,0.369448480124371
one_wave,CHARLS,M0,0.184278113191482,0.349194359464532,0.32719158311153,0.371858978797319
one_wave,CHARLS,M0,0.186153824494579,0.351411590420373,0.329237774286319,0.374245570379278
one_wave,CHARLS,M0,0.188029535797676,0.353612374012853,0.331272976036681,0.376609831492092
one_wave,CHARLS,M0,0.189905247100773,0.355796965624062,0.333296158847286,0.378953387476721
one_wave,CHARLS,M0,0.191780958403871,0.357965615399176,0.335306240781072,0.381277905161016
one_wave,CHARLS,M0,0.193656669706968,0.360118568381136,0.337302094221441,0.3835850857355
one_wave,CHARLS,M0,0.195532381010065,0.362256064641445,0.339282552712393,0.385876657597382
one_wave,CHARLS,M0,0.197408092313162,0.364378339407182,0.341246418000884,0.38815436905209
one_wave,CHARLS,M0,0.199283803616259,0.366485623184362,0.343192467357486,0.390419980790457
one_wave,CHARLS,M0,0.201159514919356,0.368578141877722,0.345119461222661,0.392675258088886
one_wave,CHARLS,M0,0.203035226222453,0.370656116907063,0.347026151196684,0.394921962709631
one_wave,CHARLS,M0,0.20491093752555,0.372719765320234,0.348911288361417,0.397161844508581
one_wave,CHARLS,M0,0.206786648828647,0.374769299902865,0.350773631892277,0.399396632788139
one_wave,CHARLS,M0,0.208662360131744,0.376804929284947,0.352611957889631,0.401628027462343
one_wave,CHARLS,M0,0.210538071434841,0.378826858044355,0.354425068331446,0.403857690129021
one_wave,CHARLS,M0,0.212413782737938,0.380835286807394,0.356211800024671,0.406087235168486
one_wave,CHARLS,M0,0.214289494041035,0.382830412346488,0.357971033412787,0.408318221008553
one_wave,CHARLS,M0,0.216165205344132,0.384812427675064,0.35970170108255,0.410552141710335
one_wave,CHARLS,M0,0.218040916647229,0.386781522139747,0.361402795805369,0.412790419037106
one_wave,CHARLS,M0,0.219916627950326,0.388737881509926,0.363073377948693,0.415034395168745
one_wave,CHARLS,M0,0.221792339253423,0.390681688064792,0.364712582100847,0.417285326216453
one_wave,CHARLS,M0,0.223668050556521,0.392613120677909,0.366319622768583,0.419544376676755
one_wave,CHARLS,M0,0.225543761859618,0.394532354899408,0.367893799029741,0.421812614940825
one_wave,CHARLS,M0,0.227419473162715,0.396439563035865,0.36943449805251,0.424091009946242
one_wave,CHARLS,M0,0.229295184465812,0.398334914227948,0.370941197426222,0.426380429024956
one_wave,CHARLS,M0,0.231170895768909,0.400218574525886,0.372413466284483,0.4286816369655
one_wave,CHARLS,M0,0.233046607072006,0.402090706962853,0.373850965237572,0.430995296271474
one_wave,CHARLS,M0,0.234922318375103,0.403951471626295,0.375253445165398,0.433321968564045
one_wave,CHARLS,M0,0.2367980296782,0.4058010257273,0.376620744953072,0.435662117045568
one_wave,CHARLS,M0,0.238673740981297,0.407639523668049,0.377952788276826,0.438016109915806
one_wave,CHARLS,M0,0.240549452284394,0.409467117107415,0.37924957956759,0.440384224612752
one_wave,CHARLS,M0,0.242425163587491,0.411283955024769,0.380511199292484,0.442766652737154
one_wave,CHARLS,M0,0.244300874890588,0.413090183782039,0.381737798700853,0.445163505513564
one_wave,CHARLS,M0,0.246176586193685,0.41488594718409,0.382929594181554,0.447574819640682
one_wave,CHARLS,M0,0.248052297496782,0.416671386537465,0.384086861372872,0.450000563389178
one_wave,CHARLS,M0,0.249928008799879,0.418446640707538,0.385209929156601,0.452440642815026
one_wave,CHARLS,M0,0.251803720102976,0.420211846174144,0.386299173654612,0.454894907969696
one_wave,CHARLS,M0,0.253679431406073,0.4219671370857,0.387355012330774,0.457363159003986
one_wave,CHARLS,M0,0.255555142709171,0.4237126453119,0.388377898284441,0.459845152079009
one_wave,CHARLS,M0,0.257430854012268,0.425448500495004,0.389368314804819,0.462340605014763
one_wave,CHARLS,M0,0.259306565315365,0.427174830099763,0.390326770239121,0.464849202623148
one_wave,CHARLS,M0,0.261182276618462,0.428891759462041,0.391253793212146,0.467370601687608
one_wave,CHARLS,M0,0.263057987921559,0.43059941183615,0.392149928221122,0.469904435565359
one_wave,CHARLS,M0,0.264933699224656,0.432297908440954,0.393015731617662,0.472450318400242
one_wave,CHARLS,M0,0.266809410527753,0.433987368504767,0.3938517679785,0.475007848944363
one_wave,CHARLS,M0,0.26868512183085,0.435667909309092,0.394658606858416,0.477576613995025
one_wave,CHARLS,M0,0.270560833133947,0.437339646231227,0.395436819912222,0.480156191459983
one_wave,CHARLS,M0,0.272436544437044,0.439002692785776,0.396186978367776,0.482746153068952
one_wave,CHARLS,M0,0.274312255740141,0.440657160665098,0.396909650828559,0.485346066752801
one_wave,CHARLS,M0,0.276187967043238,0.442303159778721,0.397605401382079,0.48795549871408
one_wave,CHARLS,M0,0.278063678346335,0.44394079829176,0.398274787989211,0.490574015213747
one_wave,CHARLS,M0,0.279939389649432,0.445570182662358,0.398918361129193,0.493201184099338
one_wave,CHARLS,M0,0.281815100952529,0.447191417678191,0.39953666267532,0.495836576099508
one_wave,CHARLS,M0,0.283690812255626,0.448804606492045,0.400130224977161,0.498479765909103
one_wave,CHARLS,M0,0.285566523558723,0.450409850656524,0.400699570126306,0.501130333087752
one_wave,CHARLS,M1,0.0283929660479411,0.0797717583752937,0.0576278074897896,0.109436562258169
one_wave,CHARLS,M1,0.0321046672499018,0.0859183760071318,0.0669889948897282,0.109568559844961
one_wave,CHARLS,M1,0.0358163684518626,0.0919127157136288,0.0758345155101135,0.110990370445789
one_wave,CHARLS,M1,0.0395280696538234,0.0978005017986793,0.0839348356004561,0.113672486258679
one_wave,CHARLS,M1,0.0432397708557841,0.103614855405932,0.0911513476568158,0.11756210961003
one_wave,CHARLS,M1,0.0469514720577449,0.10938046101632,0.0975230750767512,0.122483867363351
one_wave,CHARLS,M1,0.0506631732597056,0.115116150878616,0.103280352793398,0.12811453196258
one_wave,CHARLS,M1,0.0543748744616664,0.120836573677621,0.108730830318519,0.134087359280709
one_wave,CHARLS,M1,0.0580865756636272,0.126553308992495,0.114136347931641,0.140107469517162
one_wave,CHARLS,M1,0.0617982768655879,0.132275633453882,0.119671242284587,0.145987431017196
one_wave,CHARLS,M1,0.0655099780675487,0.138011060794805,0.125432536838269,0.151632274742664
one_wave,CHARLS,M1,0.0692216792695095,0.143765730930076,0.131456612435106,0.157019061831619
one_wave,CHARLS,M1,0.0729333804714702,0.149547461150707,0.137714947571327,0.162205384393714
one_wave,CHARLS,M1,0.076645081673431,0.155375905636524,0.144087191190968,0.167376097589102
one_wave,CHARLS,M1,0.0803567828753918,0.16127168767247,0.15042897206076,0.172737029092682
one_wave,CHARLS,M1,0.0840684840773525,0.167252524042937,0.156619172907548,0.17845504888728
one_wave,CHARLS,M1,0.0877801852793133,0.173333753418923,0.162597466814562,0.184622660410264
one_wave,CHARLS,M1,0.091491886481274,0.179528750541336,0.168387250808026,0.191237914101061
one_wave,CHARLS,M1,0.0952035876832348,0.185849250732583,0.174082206191483,0.198220791570259
one_wave,CHARLS,M1,0.0989152888851956,0.192305604380937,0.179808281466584,0.20545395400456
one_wave,CHARLS,M1,0.102626990087156,0.198906976432223,0.185690283592762,0.21281852728065
one_wave,CHARLS,M1,0.106338691289117,0.205660696936823,0.19183347164114,0.220213005410309
one_wave,CHARLS,M1,0.110050392491078,0.212555847931657,0.198275981964204,0.227572226163339
one_wave,CHARLS,M1,0.113762093693039,0.219565508916735,0.204992112011033,0.23486888221396
one_wave,CHARLS,M1,0.117473794894999,0.226663952399588,0.211942509728521,0.242093811332051
one_wave,CHARLS,M1,0.12118549609696,0.233827153789053,0.219081655582872,0.24924834499131
one_wave,CHARLS,M1,0.124897197298921,0.241032622196929,0.226360827451148,0.256340286895913
one_wave,CHARLS,M1,0.128608898500882,0.248259275332616,0.2337298541718,0.263381447646185
one_wave,CHARLS,M1,0.132320599702842,0.255487345507202,0.241138436134313,0.270385861246746
one_wave,CHARLS,M1,0.136032300904803,0.262698307258609,0.248537455606463,0.277368190041692
one_wave,CHARLS,M1,0.139744002106764,0.269874819664329,0.255880492245815,0.28434204986437
one_wave,CHARLS,M1,0.143455703308725,0.277000678295399,0.263125582075074,0.291318177435505
one_wave,CHARLS,M1,0.147167404510685,0.284060773170801,0.270237066952544,0.298302563038908
one_wave,CHARLS,M1,0.150879105712646,0.291041050124431,0.277187204392965,0.305294856099929
one_wave,CHARLS,M1,0.154590806914607,0.297928473788038,0.283957130820773,0.312287433817864
one_wave,CHARLS,M1,0.158302508116568,0.304710990988069,0.290536874543078,0.319265424321249
one_wave,CHARLS,M1,0.162014209318529,0.311377493799526,0.296924380769309,0.32620771336182
one_wave,CHARLS,M1,0.165725910520489,0.317919258005174,0.303125080693296,0.333090355332531
one_wave,CHARLS,M1,0.16943761172245,0.324335856080233,0.309153898367723,0.339896556431185
one_wave,CHARLS,M1,0.173149312924411,0.330629497286018,0.315026760027324,0.34661396659285
one_wave,CHARLS,M1,0.176861014126372,0.33680245954307,0.320757692088355,0.353232435440407
one_wave,CHARLS,M1,0.180572715328332,0.342857070629517,0.32635883273166,0.359743940575303
one_wave,CHARLS,M1,0.184284416530293,0.34879569296851,0.33184056814211,0.366142400800323
one_wave,CHARLS,M1,0.187996117732254,0.354620710480578,0.337211726305431,0.372423438155004
one_wave,CHARLS,M1,0.191707818934215,0.360334517250611,0.342479786059528,0.378584130388201
one_wave,CHARLS,M1,0.195419520136175,0.365939507788809,0.347651077445664,0.384622777202664
one_wave,CHARLS,M1,0.199131221338136,0.371438068691093,0.352730961785338,0.390538691282472
one_wave,CHARLS,M1,0.202842922540097,0.376832571527559,0.357723987433776,0.396332017642491
one_wave,CHARLS,M1,0.206554623742058,0.382125366807896,0.362634021306793,0.402003580743254
one_wave,CHARLS,M1,0.210266324944018,0.38731877889066,0.367464358294692,0.407554756844201
one_wave,CHARLS,M1,0.213978026145979,0.392415101719101,0.37221781145428,0.412987368333689
one_wave,CHARLS,M1,0.21768972734794,0.397416595280202,0.376896785980168,0.418303596703231
one_wave,CHARLS,M1,0.221401428549901,0.402325482695884,0.381503339742771,0.423505911082968
one_wave,CHARLS,M1,0.225113129751862,0.407143947866179,0.386039232836402,0.428597009631758
one_wave,CHARLS,M1,0.228824830953822,0.411874133593714,0.390505968209411,0.433579771476033
one_wave,CHARLS,M1,0.232536532155783,0.416518140127302,0.394904825098895,0.4384572172673
one_wave,CHARLS,M1,0.236248233357744,0.421078024069839,0.399236886685807,0.443232476758628
one_wave,CHARLS,M1,0.239959934559705,0.425555797602279,0.403503063127129,0.447908762080732
one_wave,CHARLS,M1,0.243671635761665,0.429953427981219,0.407704110908153,0.452489345630963
one_wave,CHARLS,M1,0.247383336963626,0.434272837272741,0.411840649283972,0.456977541679256
one_wave,CHARLS,M1,0.251095038165587,0.438515902289639,0.415913174439021,0.461376690950503
one_wave,CHARLS,M1,0.254806739367548,0.442684454703121,0.419922071880407,0.465690147569281
one_wave,CHARLS,M1,0.258518440569508,0.44678028130361,0.423867627489429,0.469921267856086
one_wave,CHARLS,M1,0.262230141771469,0.450805124388292,0.427750037581273,0.474073400549222
one_wave,CHARLS,M1,0.26594184297343,0.45476068225586,0.431569418261354,0.478149878097353
one_wave,CHARLS,M1,0.269653544175391,0.458648609791241,0.435325814314878,0.482154008727877
one_wave,CHARLS,M1,0.273365245377351,0.462470519125258,0.439019207821203,0.486089069048614
one_wave,CHARLS,M1,0.277076946579312,0.466227980356032,0.442649526644478,0.489958296986867
one_wave,CHARLS,M1,0.280788647781273,0.469922522320591,0.446216652915037,0.493764884912591
one_wave,CHARLS,M1,0.284500348983234,0.473555633406609,0.449720431581174,0.497511972832332
one_wave,CHARLS,M1,0.288212050185194,0.477128762395479,0.453160679077334,0.501202641578581
one_wave,CHARLS,M1,0.291923751387155,0.48064331932908,0.456537192122191,0.504839905955693
one_wave,CHARLS,M1,0.295635452589116,0.484100676393563,0.459849756628615,0.508426707838389
one_wave,CHARLS,M1,0.299347153791077,0.487502168814421,0.463098156677543,0.5119659092519
one_wave,CHARLS,M1,0.303058854993038,0.490849095757823,0.466282183480026,0.515460285493173
one_wave,CHARLS,M1,0.306770556194998,0.494142721233926,0.469401644227204,0.518912518379455
one_wave,CHARLS,M1,0.310482257396959,0.497384274998473,0.472456370707648,0.522325189732845
one_wave,CHARLS,M1,0.31419395859892,0.500574953449504,0.47544622755672,0.52570077522609
one_wave,CHARLS,M1,0.317905659800881,0.503715920516487,0.478371119994089,0.529041638724866
one_wave,CHARLS,M1,0.321617361002841,0.506808308539598,0.481231000904284,0.532350027264496
one_wave,CHARLS,M1,0.325329062204802,0.509853219137218,0.484025877121391,0.535628066793961
one_wave,CHARLS,M1,0.329040763406763,0.512851724060055,0.486755814792761,0.53887775880741
one_wave,CHARLS,M1,0.332752464608724,0.515804866030572,0.489420943717175,0.542100977963611
one_wave,CHARLS,M1,0.336464165810684,0.518713659566639,0.492021460579461,0.545299470768123
one_wave,CHARLS,M1,0.340175867012645,0.52157909178855,0.494557631034315,0.548474855362807
one_wave,CHARLS,M1,0.343887568214606,0.524402123208731,0.497029790625476,0.551628622434559
one_wave,CHARLS,M1,0.347599269416567,0.527183688503635,0.499438344560281,0.55476213722172
one_wave,CHARLS,M1,0.351310970618527,0.529924697267435,0.501783766392164,0.557876642564581
one_wave,CHARLS,M1,0.355022671820488,0.532626034747299,0.504066595692904,0.560973262917475
one_wave,CHARLS,M1,0.358734373022449,0.535288562560077,0.506287434821102,0.56405300921565
one_wave,CHARLS,M1,0.36244607422441,0.537913119390384,0.508446944912231,0.567116784471506
one_wave,CHARLS,M1,0.366157775426371,0.540500521670082,0.510545841228193,0.570165389962403
one_wave,CHARLS,M1,0.369869476628331,0.543051564239297,0.51258488801055,0.573199531866255
one_wave,CHARLS,M1,0.373581177830292,0.545567020989094,0.514564892981682,0.576219828201161
one_wave,CHARLS,M1,0.377292879032253,0.548047645486052,0.516486701632914,0.579226815930707
one_wave,CHARLS,M1,0.381004580234214,0.550494171578964,0.518351191428879,0.582220958106427
one_wave,CHARLS,M1,0.384716281436174,0.552907313987967,0.520159266044315,0.585202650932103
one_wave,CHARLS,M1,0.388427982638135,0.555287768876405,0.521911849734053,0.588172230650082
one_wave,CHARLS,M1,0.392139683840096,0.557636214405763,0.523609881920301,0.591129980166495
one_wave,CHARLS,M1,0.395851385042057,0.559953311274032,0.52525431206438,0.594076135349264
one_wave,CHARLS,M1,0.399563086244017,0.562239703237878,0.526846094873576,0.597010890949296
one_wave,CHARLS,M1,0.403274787445978,0.564496017618996,0.528386185878397,0.599934406110679
one_wave,CHARLS,M1,0.406986488647939,0.566722865795034,0.529875537401638,0.602846809449574
one_wave,CHARLS,M1,0.4106981898499,0.568920843675491,0.531315094928545,0.605748203693603
one_wave,CHARLS,M1,0.41440989105186,0.571090532162994,0.532705793877194,0.608638669883757
one_wave,CHARLS,M1,0.418121592253821,0.573232497600339,0.534048556759861,0.611518271149117
one_wave,CHARLS,M1,0.421833293455782,0.575347292203708,0.535344290719686,0.614387056071183
one_wave,CHARLS,M1,0.425544994657743,0.577435454482467,0.536593885422105,0.617245061659427
one_wave,CHARLS,M1,0.429256695859704,0.579497509645923,0.537798211277118,0.620092315963005
one_wave,CHARLS,M1,0.432968397061664,0.581533969997446,0.538958117966439,0.622928840345677
one_wave,CHARLS,M1,0.436680098263625,0.583545335316342,0.540074433248483,0.625754651451937
one_wave,CHARLS,M1,0.440391799465586,0.58553209322785,0.541147962013975,0.628569762892576
one_wave,CHARLS,M1,0.444103500667547,0.58749471956164,0.542179485565487,0.631374186677313
one_wave,CHARLS,M1,0.447815201869507,0.58943367869919,0.543169761095176,0.634167934421162
one_wave,CHARLS,M1,0.451526903071468,0.591349423910383,0.544119521336363,0.636951018349776
one_wave,CHARLS,M1,0.455238604273429,0.593242397679694,0.545029474366208,0.639723452127405
one_wave,CHARLS,M1,0.45895030547539,0.595113032022306,0.545900303538456,0.642485251529303
one_wave,CHARLS,M1,0.46266200667735,0.596961748790482,0.54673266752706,0.645236434978608
one_wave,CHARLS,M1,0.466373707879311,0.598788959970546,0.547527200463286,0.647977023965868
one_wave,CHARLS,M1,0.470085409081272,0.60059506797076,0.548284512150676,0.650707043367576
one_wave,HRS,M0,0.0949244156627402,0.0735428736163571,0.0672959925535094,0.0803196973326336
one_wave,HRS,M0,0.0976347379669479,0.0740676865659841,0.0683658701177816,0.080204103983566
one_wave,HRS,M0,0.100345060271156,0.0745856128639384,0.0693943500764558,0.0801317848067032
one_wave,HRS,M0,0.103055382575363,0.0750994703813786,0.0703734920372934,0.0801154733532077
one_wave,HRS,M0,0.105765704879571,0.0756117728556689,0.0712952871218756,0.080167036022277
one_wave,HRS,M0,0.108476027183779,0.0761247690633348,0.0721524623486658,0.0802968426441949
one_wave,HRS,M0,0.111186349487986,0.076640476827116,0.0729398739359278,0.0805125241723801
one_wave,HRS,M0,0.113896671792194,0.0771607125745967,0.0736563194303194,0.0808172903004449
one_wave,HRS,M0,0.116606994096402,0.0776871170642511,0.0743061026385776,0.0812084756418602
one_wave,HRS,M0,0.11931731640061,0.0782211778070946,0.0748994095476614,0.0816772587173481
one_wave,HRS,M0,0.122027638704817,0.0787642486368428,0.0754510277976999,0.0822100233944987
one_wave,HRS,M0,0.124737961009025,0.0793175668169591,0.0759779484767808,0.0827908259862107
one_wave,HRS,M0,0.127448283313233,0.0798822680177862,0.0764969588596926,0.0834038611323073
one_wave,HRS,M0,0.13015860561744,0.0804593994497846,0.0770230182055639,0.0840351358796631
one_wave,HRS,M0,0.132868927921648,0.0810499313986124,0.0775685420754877,0.0846732278315382
one_wave,HRS,M0,0.135579250225856,0.0816547673733661,0.0781433123562196,0.0853094113328964
one_wave,HRS,M0,0.138289572530063,0.0822747530498921,0.0787546693307066,0.0859374963446967
one_wave,HRS,M0,0.140999894834271,0.0829106841659504,0.0794077384408664,0.0865536282153382
one_wave,HRS,M0,0.143710217138479,0.0835633135035018,0.0801055450244568,0.0871561957984535
one_wave,HRS,M0,0.146420539442687,0.0842333637448413,0.080848911081296,0.0877459693271423
one_wave,HRS,M0,0.149130861746894,0.0849223350353642,0.0816346660528289,0.0883296733363491
one_wave,HRS,M0,0.151841184051102,0.085633208911538,0.082454825026717,0.0889222363514312
one_wave,HRS,M0,0.15455150635531,0.0863689914669951,0.0833003115571795,0.0895396757994086
one_wave,HRS,M0,0.157261828659517,0.0871325474269365,0.0841620124070432,0.0901976028392587
one_wave,HRS,M0,0.159972150963725,0.0879266209353408,0.0850317420989118,0.090910262666167
one_wave,HRS,M0,0.162682473267933,0.0887538547950764,0.0859035087129724,0.0916892909994199
one_wave,HRS,M0,0.165392795572141,0.0896168082824066,0.08677481842481,0.0925424448287304
one_wave,HRS,M0,0.168103117876348,0.0905179736548175,0.0876475293280445,0.0934727934152911
one_wave,HRS,M0,0.170813440180556,0.0914597914666745,0.0885278316352243,0.0944787897844957
one_wave,HRS,M0,0.173523762484764,0.0924446648015512,0.0894253427892493,0.0955552321454181
one_wave,HRS,M0,0.176234084788971,0.0934749725236178,0.0903517377725127,0.0966946934284562
one_wave,HRS,M0,0.178944407093179,0.0945530816435587,0.0913194355312458,0.0978888969100437
one_wave,HRS,M0,0.181654729397387,0.0956813588873683,0.0923406480539114,0.0991297305948924
one_wave,HRS,M0,0.184365051701594,0.0968617586334594,0.0934258719106851,0.100410010253151
one_wave,HRS,M0,0.187075374005802,0.0980936764149469,0.0945785053737206,0.101724816439523
one_wave,HRS,M0,0.18978569631001,0.0993756187414148,0.0957982481941483,0.103071350160513
one_wave,HRS,M0,0.192496018614218,0.100706190686538,0.0970837294036554,0.104448180378578
one_wave,HRS,M0,0.195206340918425,0.102084085327441,0.0984328618636257,0.105854843687836
one_wave,HRS,M0,0.197916663222633,0.103508072639462,0.0998430643329705,0.107291579550148
one_wave,HRS,M0,0.200626985526841,0.104976989607953,0.101311402165785,0.108759152718212
one_wave,HRS,M0,0.203337307831048,0.106489731407715,0.102834678193335,0.11025873047405
one_wave,HRS,M0,0.206047630135256,0.10804524352163,0.104409495214591,0.111791792576133
one_wave,HRS,M0,0.208757952439464,0.109642514687819,0.106032305216802,0.113360058221896
one_wave,HRS,M0,0.211468274743672,0.111280570579735,0.107699456570364,0.114965418300913
one_wave,HRS,M0,0.214178597047879,0.112958468136455,0.109407247832055,0.116609863899523
one_wave,HRS,M0,0.216888919352087,0.114675290471397,0.111151994495466,0.118295404375347
one_wave,HRS,M0,0.219599241656295,0.11643014229705,0.112930112271103,0.120023971128003
one_wave,HRS,M0,0.222309563960502,0.118222145811353,0.114738216750685,0.121797306963077
one_wave,HRS,M0,0.22501988626471,0.120050436998218,0.11657323458024,0.123616845711757
one_wave,HRS,M0,0.227730208568918,0.12191416230066,0.118432516216971,0.125483591847553
one_wave,HRS,M0,0.230440530873126,0.123812475630069,0.120313936389356,0.127398013821384
one_wave,HRS,M0,0.233150853177333,0.125744535679571,0.122215967231521,0.129359966004964
one_wave,HRS,M0,0.235861175481541,0.127709503513244,0.124137711862471,0.131368651349584
one_wave,HRS,M0,0.238571497785749,0.129706540406228,0.126078892632027,0.133422630429996
one_wave,HRS,M0,0.241281820089956,0.131734805913635,0.128039796441319,0.135519874368563
one_wave,HRS,M0,0.243992142394164,0.133793456148627,0.130021186739997,0.137657851950032
one_wave,HRS,M0,0.246702464698372,0.135881789599465,0.13202428281687,0.139833847791872
one_wave,HRS,M0,0.249412787002579,0.137999739602396,0.134050816157829,0.142045910021721
one_wave,HRS,M0,0.252123109306787,0.14014741217643,0.136102468334012,0.144292492183746
one_wave,HRS,M0,0.254833431610995,0.142324913251649,0.138180728990738,0.146572247811843
one_wave,HRS,M0,0.257543753915203,0.144532348334185,0.140286903423724,0.148884021715803
one_wave,HRS,M0,0.26025407621941,0.146769822184971,0.142422124956474,0.151226836523939
one_wave,HRS,M0,0.262964398523618,0.14903743850823,0.144587369504203,0.153599877085507
one_wave,HRS,M0,0.265674720827826,0.15133529964884,0.146783470554549,0.156002474498039
one_wave,HRS,M0,0.268385043132033,0.153663506297785,0.149011133461899,0.158434090858606
one_wave,HRS,M0,0.271095365436241,0.156022157204994,0.151270948436918,0.160894305353696
one_wave,HRS,M0,0.273805687740449,0.158411348898936,0.153563401942717,0.163382801972865
one_wave,HRS,M0,0.276516010044656,0.160831175412395,0.155888886420492,0.165899358920305
one_wave,HRS,M0,0.279226332348864,0.163281728013934,0.158247708394446,0.168443839671779
one_wave,HRS,M0,0.281936654653072,0.165763094944577,0.160640095076128,0.171016185554323
one_wave,HRS,M0,0.28464697695728,0.168275361159313,0.163066199622565,0.173616409692126
one_wave,HRS,M0,0.287357299261487,0.170818608073066,0.1655261052152,0.176244592149613
one_wave,HRS,M0,0.290067621565695,0.173392913310809,0.168019828127399,0.17890087610217
one_wave,HRS,M0,0.292777943869903,0.17599835046155,0.170547319943497,0.181585464869993
one_wave,HRS,M0,0.29548826617411,0.178634988835945,0.173108469085914,0.184298619657104
one_wave,HRS,M0,0.298198588478318,0.181302893227333,0.175703101801055,0.187040657843613
one_wave,HRS,M0,0.300908910782526,0.184002123676006,0.178330982750764,0.189811951683339
one_wave,HRS,M0,0.303619233086734,0.186732735236588,0.180991815354473,0.19261292726073
one_wave,HRS,M0,0.306329555390941,0.189494777748369,0.183685242027691,0.195444063560609
one_wave,HRS,M0,0.309039877695149,0.192288295608524,0.186410844464725,0.198305891502173
one_wave,HRS,M0,0.311750199999357,0.19511332754813,0.189168144116375,0.201198992785907
one_wave,HRS,M0,0.314460522303564,0.197969906410926,0.191956603015776,0.204123998399787
one_wave,HRS,M0,0.317170844607772,0.2008580589348,0.19477562510569,0.207081586631078
one_wave,HRS,M0,0.31988116691198,0.203777805535964,0.197624558216794,0.210072480433923
one_wave,HRS,M0,0.322591489216187,0.20672916009585,0.200502696836598,0.213097444012875
one_wave,HRS,M0,0.325301811520395,0.209712129750732,0.203409285790794,0.216157278500489
one_wave,HRS,M0,0.328012133824603,0.212726714684105,0.206343524931179,0.219252816634788
one_wave,HRS,M0,0.330722456128811,0.215772907921901,0.209304574885909,0.222384916380898
one_wave,HRS,M0,0.333432778433018,0.21885069513058,0.212291563878504,0.225554453490565
one_wave,HRS,M0,0.336143100737226,0.221960054418188,0.215303595563073,0.228762313052252
one_wave,HRS,M0,0.338853423041434,0.225100956138477,0.218339757757507,0.232009380150338
one_wave,HRS,M0,0.341563745345641,0.228273362698185,0.221399131888391,0.235296529819982
one_wave,HRS,M0,0.344274067649849,0.231477228367593,0.224480802897063,0.238624616548577
one_wave,HRS,M0,0.346984389954057,0.234712499094488,0.227583869302383,0.241994463628696
one_wave,HRS,M0,0.349694712258265,0.23797911232166,0.230707453078973,0.245406852704202
one_wave,HRS,M0,0.352405034562472,0.241276996808081,0.233850708995744,0.248862513865294
one_wave,HRS,M0,0.35511535686668,0.244606072453923,0.237012833071587,0.252362116636138
one_wave,HRS,M0,0.357825679170888,0.247966250129568,0.240193069843919,0.255906262160052
one_wave,HRS,M0,0.360536001475095,0.251357431508776,0.243390718208177,0.259495476824795
one_wave,HRS,M0,0.363246323779303,0.254779508906205,0.246605135666695,0.263130207490252
one_wave,HRS,M0,0.365956646083511,0.258232365119432,0.249835740915421,0.266810818390771
one_wave,HRS,M0,0.368666968387718,0.261715873275695,0.253082014787702,0.270537589693739
one_wave,HRS,M0,0.371377290691926,0.265229896683517,0.256343499657248,0.274310717613047
one_wave,HRS,M0,0.374087612996134,0.268774288689436,0.259619797470478,0.278130315908112
one_wave,HRS,M0,0.376797935300342,0.272348892540016,0.262910566627247,0.281996418550315
one_wave,HRS,M0,0.379508257604549,0.275953541249363,0.266215517956719,0.285908983310945
one_wave,HRS,M0,0.382218579908757,0.279588057472337,0.269534410042811,0.289867896017162
one_wave,HRS,M0,0.384928902212965,0.28325225338368,0.272867044143901,0.29387297523219
one_wave,HRS,M0,0.387639224517172,0.28694593056326,0.276213258928473,0.297923977139001
one_wave,HRS,M0,0.39034954682138,0.290668879887652,0.279572925216607,0.302020600438518
one_wave,HRS,M0,0.393059869125588,0.294420881428263,0.282945940880975,0.306162491109648
one_wave,HRS,M0,0.395770191429796,0.29820170435621,0.286332226023933,0.310349246915474
one_wave,HRS,M0,0.398480513734003,0.302011106854174,0.289731718512342,0.314580421574967
one_wave,HRS,M0,0.401190836038211,0.305848836035427,0.293144369920582,0.318855528550659
one_wave,HRS,M0,0.403901158342419,0.309714627870249,0.296570141906102,0.323174044428909
one_wave,HRS,M0,0.406611480646626,0.313608207119938,0.300009003020899,0.327535411890285
one_wave,HRS,M0,0.409321802950834,0.317529287278618,0.303460925946546,0.331939042283346
one_wave,HRS,M0,0.412032125255042,0.321477570523048,0.306925885129207,0.336384317826311
one_wave,HRS,M0,0.414742447559249,0.325452747670622,0.310403854783788,0.340870593468298
one_wave,HRS,M0,0.417452769863457,0.329454498145749,0.313894807232363,0.345397198445883
one_wave,HRS,M1,0.021366996775359,0.0135006404748373,0.011960909555408,0.0152355249560143
one_wave,HRS,M1,0.0259827268485919,0.0157011191005115,0.0140854306645655,0.0174988478814283
one_wave,HRS,M1,0.0305984569218247,0.0180345811339474,0.0163559331841671,0.0198820303729755
one_wave,HRS,M1,0.0352141869950576,0.0205033796808932,0.0187754870239102,0.022386660914322
one_wave,HRS,M1,0.0398299170682905,0.0231104947503627,0.0213470722999342,0.0250158650550219
one_wave,HRS,M1,0.0444456471415234,0.0258591273686683,0.0240732550745874,0.0277737140814447
one_wave,HRS,M1,0.0490613772147563,0.0287525495246981,0.0269559471998691,0.0306651209753163
one_wave,HRS,M1,0.0536771072879892,0.0317940422509396,0.0299961524023954,0.0336959494623451
one_wave,HRS,M1,0.0582928373612221,0.0349868665380866,0.0331936700932916,0.0368732408319691
one_wave,HRS,M1,0.062908567434455,0.0383342469449926,0.0365467706689248,0.0402054991354378
one_wave,HRS,M1,0.0675242975076879,0.0418393583690508,0.0400519121757018,0.0437029434693309
one_wave,HRS,M1,0.0721400275809208,0.0455006202300256,0.0436989120620283,0.0473729330272111
one_wave,HRS,M1,0.0767557576541537,0.0493017690550273,0.0474625980942878,0.0512083763592226
one_wave,HRS,M1,0.0813714877273866,0.0532242718070367,0.0513185432718424,0.0551966525458929
one_wave,HRS,M1,0.0859872178006194,0.0572501902913346,0.0552473301684922,0.0593211002087668
one_wave,HRS,M1,0.0906029478738523,0.061362095946399,0.0592344330014316,0.0635610197228258
one_wave,HRS,M1,0.0952186779470852,0.0655430476318554,0.0632690949584424,0.0678928048475434
one_wave,HRS,M1,0.0998344080203181,0.0697766041250456,0.0673428504630511,0.0722914955037438
one_wave,HRS,M1,0.104450138093551,0.0740468542412849,0.0714482830038318,0.076732125456225
one_wave,HRS,M1,0.109065868166784,0.0783384541294933,0.0755782331888084,0.0811906283935749
one_wave,HRS,M1,0.113681598240017,0.0826366653541826,0.0797253902999632,0.0856443558305507
one_wave,HRS,M1,0.11829732831325,0.0869273899261897,0.0838821147671312,0.090072351582048
one_wave,HRS,M1,0.122913058386483,0.0911978343656507,0.0880407369724512,0.0944564177561568
one_wave,HRS,M1,0.127528788459715,0.095442845421345,0.0921972400967441,0.0987902717136979
one_wave,HRS,M1,0.132144518532948,0.0996620355825385,0.0963496080215129,0.103075352286145
one_wave,HRS,M1,0.136760248606181,0.103855371741412,0.100495439266453,0.107314237155081
one_wave,HRS,M1,0.141375978679414,0.108023056882973,0.104632065015432,0.111510259672766
one_wave,HRS,M1,0.145991708752647,0.112165486787535,0.108756656923745,0.115667295227602
one_wave,HRS,M1,0.15060743882588,0.116283214124083,0.112866312110071,0.119789591157196
one_wave,HRS,M1,0.155223168899113,0.120376918644438,0.116958132695968,0.123881618913255
one_wave,HRS,M1,0.159838898972346,0.124447382424233,0.121029311120794,0.127947934055376
one_wave,HRS,M1,0.164454629045579,0.128495469287434,0.125077227382028,0.131993035331348
one_wave,HRS,M1,0.169070359118812,0.132522107705613,0.129099559056608,0.136021219886352
one_wave,HRS,M1,0.173686089192044,0.136528276588549,0.133094399099208,0.140036437901385
one_wave,HRS,M1,0.178301819265277,0.140514993484842,0.137060370645485,0.144042156051948
one_wave,HRS,M1,0.18291754933851,0.144483304794471,0.140996723917576,0.14804124357033
one_wave,HRS,M1,0.187533279411743,0.148434277663381,0.144903399655908,0.152035895579773
one_wave,HRS,M1,0.192149009484976,0.152368993286084,0.148781047325964,0.156027604715698
one_wave,HRS,M1,0.196764739558209,0.156288541388157,0.152630994003269,0.160017184533357
one_wave,HRS,M1,0.201380469631442,0.160194015698442,0.156455168911112,0.16400483924255
one_wave,HRS,M1,0.205996199704675,0.164086510251994,0.160255995999108,0.167990266987582
one_wave,HRS,M1,0.210611929777908,0.167967116385722,0.164036270501638,0.171972780403671
one_wave,HRS,M1,0.21522765985114,0.171836736557352,0.167798786337508,0.175951312399073
one_wave,HRS,M1,0.219843389924373,0.175695604300821,0.171545477187899,0.179924328247855
one_wave,HRS,M1,0.224459119997606,0.179543813128163,0.175277913401911,0.18389038627148
one_wave,HRS,M1,0.229074850070839,0.183381469400512,0.1789974877992,0.187848255809849
one_wave,HRS,M1,0.233690580144072,0.187208691003453,0.182705425566411,0.191796903965381
one_wave,HRS,M1,0.238306310217305,0.191025606163176,0.186402797947151,0.19573547889136
one_wave,HRS,M1,0.242922040290538,0.194832352387636,0.190090537427035,0.199663291887217
one_wave,HRS,M1,0.247537770363771,0.198629075518908,0.193769452940268,0.203579799742698
one_wave,HRS,M1,0.252153500437004,0.202415928884605,0.19744024423137,0.207484588169348
one_wave,HRS,M1,0.256769230510236,0.206193072537712,0.201103514923106,0.211377356743504
one_wave,HRS,M1,0.261384960583469,0.209960672575456,0.204759784112414,0.215257905517007
one_wave,HRS,M1,0.266000690656702,0.213718900528943,0.208409496481308,0.219126123289148
one_wave,HRS,M1,0.270616420729935,0.217467932816248,0.212053031003282,0.222981977441907
one_wave,HRS,M1,0.275232150803168,0.221207950252498,0.215690708372875,0.226825505195354
one_wave,HRS,M1,0.279847880876401,0.224939137611199,0.219322797304437,0.23065680612331
one_wave,HRS,M1,0.284463610949634,0.228661683231741,0.222949519847796,0.234476035769232
one_wave,HRS,M1,0.289079341022867,0.232375778668528,0.226571055860969,0.238283400211079
one_wave,HRS,M1,0.2936950710961,0.236081618377727,0.230187546768325,0.242079151436874
one_wave,HRS,M1,0.298310801169332,0.239779399438035,0.233799098719294,0.245863583406943
one_wave,HRS,M1,0.302926531242565,0.24346932130225,0.237405785249755,0.249637028692741
one_wave,HRS,M1,0.307542261315798,0.247151585576811,0.241007649536183,0.253399855594989
one_wave,HRS,M1,0.312157991389031,0.250826395826714,0.244604706322111,0.257152465655131
one_wave,HRS,M1,0.316773721462264,0.254493957403534,0.248196943587364,0.260895291483812
one_wave,HRS,M1,0.321389451535497,0.25815447729449,0.251784324022923,0.264628794838334
one_wave,HRS,M1,0.32600518160873,0.261808163990714,0.255366786367807,0.268353464887911
one_wave,HRS,M1,0.330620911681963,0.265455227373073,0.258944246659082,0.272069816611423
one_wave,HRS,M1,0.335236641755196,0.269095878614059,0.262516599441413,0.275778389277347
one_wave,HRS,M1,0.339852371828429,0.272730330094418,0.266083718978605,0.279479744959996
one_wave,HRS,M1,0.344468101901661,0.276358795333321,0.269645460505685,0.283174467050327
one_wave,HRS,M1,0.349083831974894,0.279981488930995,0.273201661556402,0.286863158723642
one_wave,HRS,M1,0.353699562048127,0.283598626522867,0.276752143396976,0.29054644133076
one_wave,HRS,M1,0.35831529212136,0.287210424744331,0.280296712592597,0.294224952683851
one_wave,HRS,M1,0.362931022194593,0.290817101205379,0.283835162728211,0.297899345213299
one_wave,HRS,M1,0.367546752267826,0.294418874474386,0.287367276299429,0.301570283977851
one_wave,HRS,M1,0.372162482341059,0.298015964070425,0.290892826783025,0.305238444516894
one_wave,HRS,M1,0.376778212414292,0.301608590463562,0.294411580889207,0.308904510541106
one_wave,HRS,M1,0.381393942487525,0.305196975082613,0.297923300990023,0.312569171465744
one_wave,HRS,M1,0.386009672560757,0.308781340329939,0.301427747709838,0.316233119799371
one_wave,HRS,M1,0.39062540263399,0.312361909602862,0.304924682655227,0.319897048409535
one_wave,HRS,M1,0.395241132707223,0.315938907321366,0.308413871253162,0.323561647695531
one_wave,HRS,M1,0.399856862780456,0.319512558961769,0.311895085658447,0.327227602706351
one_wave,HRS,M1,0.404472592853689,0.323083091096098,0.315368107684505,0.330895590248944
one_wave,HRS,M1,0.409088322926922,0.326650731436923,0.318832731706215,0.334566276037324
one_wave,HRS,M1,0.413704053000155,0.330215708887468,0.322288767480096,0.338240311936623
one_wave,HRS,M1,0.418319783073388,0.333778253596802,0.325736042825941,0.341918333357399
one_wave,HRS,M1,0.422935513146621,0.337338597019987,0.32917440611536,0.345600956854264
one_wave,HRS,M1,0.427551243219853,0.340896971983054,0.332603728516535,0.349288777979089
one_wave,HRS,M1,0.432166973293086,0.344453612752725,0.336023905950792,0.352982369432821
one_wave,HRS,M1,0.436782703366319,0.348008755110806,0.339434860724984,0.356682279551614
one_wave,HRS,M1,0.441398433439552,0.351562636433205,0.342836542813711,0.360389031152995
one_wave,HRS,M1,0.446014163512785,0.355115495773564,0.346228930776488,0.364103120756736
one_wave,HRS,M1,0.450629893586018,0.358667573951479,0.349612032306512,0.367825018183662
one_wave,HRS,M1,0.455245623659251,0.362219113645352,0.352985884418876,0.371555166524411
one_wave,HRS,M1,0.459861353732484,0.365770359489885,0.356350553296517,0.375293982459809
one_wave,HRS,M1,0.464477083805717,0.369321558178295,0.35970613382118,0.379041856905569
one_wave,HRS,M1,0.469092813878949,0.372872958569301,0.363052748823907,0.382799155946821
one_wave,HRS,M1,0.473708543952182,0.376424811799003,0.366390548094901,0.386566222022687
one_wave,HRS,M1,0.478324274025415,0.379977371397732,0.369719707195759,0.390343375318026
one_wave,HRS,M1,0.482940004098648,0.383530893412029,0.373040426118358,0.394130915318197
one_wave,HRS,M1,0.487555734171881,0.387085636531884,0.376352927834102,0.397929122483325
one_wave,HRS,M1,0.492171464245114,0.390641862223409,0.379657456775159,0.401738260000678
one_wave,HRS,M1,0.496787194318347,0.394199834867135,0.382954277286026,0.405558575577057
one_wave,HRS,M1,0.50140292439158,0.397759821902124,0.38624367207965,0.409390303237305
one_wave,HRS,M1,0.506018654464813,0.40132209397615,0.389525940727612,0.413233665099768
one_wave,HRS,M1,0.510634384538045,0.404886925102167,0.392801398209036,0.417088873104419
one_wave,HRS,M1,0.515250114611278,0.40845459282136,0.396070373537972,0.420956130674361
one_wave,HRS,M1,0.519865844684511,0.412025378373058,0.399333208484368,0.424835634296058
one_wave,HRS,M1,0.524481574757744,0.415599566871826,0.402590256399453,0.428727575007984
one_wave,HRS,M1,0.529097304830977,0.419177447492095,0.4058418811526,0.432632139791241
one_wave,HRS,M1,0.53371303490421,0.422759313660681,0.40908845618337,0.436549512859016
one_wave,HRS,M1,0.538328764977443,0.4263454632576,0.412330363669805,0.440479876844543
one_wave,HRS,M1,0.542944495050676,0.429936198825612,0.41556799381174,0.444423413889507
one_wave,HRS,M1,0.547560225123909,0.433531827788951,0.41880174422624,0.448380306636597
one_wave,HRS,M1,0.552175955197142,0.437132662681729,0.42203201945098,0.452350739131255
one_wave,HRS,M1,0.556791685270374,0.44073902138656,0.425259230550512,0.456334897638606
one_wave,HRS,M1,0.561407415343607,0.444351227383965,0.428483794819831,0.460332971382174
one_wave,HRS,M1,0.56602314541684,0.447969610013174,0.43170613557938,0.464345153211319
one_wave,HRS,M1,0.570638875490073,0.451594504744978,0.434926682055611,0.468371640204458
one_wave,ELSA,M0,0.101090516892689,0.0776017327537261,0.0679349511441116,0.0885134187381877
one_wave,ELSA,M0,0.103234570419294,0.0777624571262086,0.0689161594089672,0.0876374122317468
one_wave,ELSA,M0,0.105378623945899,0.0779250268058876,0.0698463386785633,0.0868508777272978
one_wave,ELSA,M0,0.107522677472505,0.078093606453104,0.0707136014454497,0.0861724020939975
one_wave,ELSA,M0,0.10966673099911,0.0782719591740426,0.0715057555723508,0.0856193726909657
one_wave,ELSA,M0,0.111810784525716,0.0784634926800616,0.0722116052330694,0.0852069420805331
one_wave,ELSA,M0,0.113954838052321,0.0786713012755387,0.0728231441565089,0.0849460744205235
one_wave,ELSA,M0,0.116098891578927,0.0788982039527685,0.0733383492660785,0.0848409663869123
one_wave,ELSA,M0,0.118242945105532,0.0791467788860712,0.0737635457106987,0.0848868731633386
one_wave,ELSA,M0,0.120386998632137,0.0794193946191967,0.0741139486024644,0.0850697360633851
one_wave,ELSA,M0,0.122531052158743,0.079718238233939,0.074411735354066,0.0853682599481803
one_wave,ELSA,M0,0.124675105685348,0.0800453407763172,0.0746824822357118,0.0857576089275735
one_wave,ELSA,M0,0.126819159211954,0.0804026002017107,0.0749516020748749,0.0862130854981501
one_wave,ELSA,M0,0.128963212738559,0.0807918020834052,0.0752419419133458,0.0867126362938546
one_wave,ELSA,M0,0.131107266265165,0.0812146383111715,0.0755727291314926,0.0872379978094117
one_wave,ELSA,M0,0.13325131979177,0.0816727239884678,0.0759594593214434,0.0877748905461484
one_wave,ELSA,M0,0.135395373318376,0.0821676127191826,0.0764142260452321,0.088312763028851
one_wave,ELSA,M0,0.137539426844981,0.0827008104578096,0.0769461313118863,0.0888444482970393
one_wave,ELSA,M0,0.139683480371586,0.0832737880808303,0.0775615657051197,0.0893659452330654
one_wave,ELSA,M0,0.141827533898192,0.0838879928219564,0.0782642316190374,0.0898764524271119
one_wave,ELSA,M0,0.143971587424797,0.0845448637758925,0.0790547612647436,0.0903788197772098
one_wave,ELSA,M0,0.146115640951403,0.0852462996411484,0.0799266075149234,0.0908850811231334
one_wave,ELSA,M0,0.148259694478008,0.0859950080779107,0.0808641432025526,0.0914190481539867
one_wave,ELSA,M0,0.150403748004614,0.0867937477296454,0.081849809181277,0.0920063879552445
one_wave,ELSA,M0,0.152547801531219,0.0876452574588623,0.0828658162877689,0.0926725072561609
one_wave,ELSA,M0,0.154691855057824,0.0885522731391735,0.0838958345793384,0.0934407954086797
one_wave,ELSA,M0,0.15683590858443,0.0895175435063836,0.0849274085216111,0.0943301909665012
one_wave,ELSA,M0,0.158979962111035,0.0905438451656258,0.0859545564226401,0.0953526038594816
one_wave,ELSA,M0,0.161124015637641,0.0916339968451704,0.0869794976354846,0.0965112418997812
one_wave,ELSA,M0,0.163268069164246,0.0927908729806525,0.0880125952428878,0.0978007478051931
one_wave,ELSA,M0,0.165412122690852,0.0940174167062154,0.0890705282865213,0.0992091279360577
one_wave,ELSA,M0,0.167556176217457,0.095316652321576,0.0901736293310459,0.100720533333514
one_wave,ELSA,M0,0.169700229744063,0.0966916972963296,0.0913434568204928,0.102317820892992
one_wave,ELSA,M0,0.171844283270668,0.0981457738649616,0.0926011494835791,0.103984345445589
one_wave,ELSA,M0,0.173988336797273,0.0996819947429757,0.0939659450499496,0.10570519086036
one_wave,ELSA,M0,0.176132390323879,0.101300273986504,0.0954462188957108,0.107470720038875
one_wave,ELSA,M0,0.178276443850484,0.102998119122622,0.0970409343057076,0.10927674830734
one_wave,ELSA,M0,0.18042049737709,0.104773082059166,0.0987467952673767,0.111121794131885
one_wave,ELSA,M0,0.182564550903695,0.10662279794034,0.100559044719028,0.113006257984746
one_wave,ELSA,M0,0.184708604430301,0.108544962967804,0.102471837195555,0.11493192975257
one_wave,ELSA,M0,0.186852657956906,0.110537314771904,0.104478459767586,0.116901664565095
one_wave,ELSA,M0,0.188996711483511,0.112597615054049,0.106571472812175,0.118919153324683
one_wave,ELSA,M0,0.191140765010117,0.114723634263858,0.108742821149281,0.120988735643398
one_wave,ELSA,M0,0.193284818536722,0.116913138110155,0.110983954539246,0.123115214771031
one_wave,ELSA,M0,0.195428872063328,0.119163875734441,0.113285989323097,0.125303641579347
one_wave,ELSA,M0,0.197572925589933,0.12147356940002,0.115639935410003,0.127559042456985
one_wave,ELSA,M0,0.199716979116539,0.123839905570292,0.118037000615376,0.12988607833517
one_wave,ELSA,M0,0.201861032643144,0.126260527266546,0.120468964811744,0.132288641731997
one_wave,ELSA,M0,0.204005086169749,0.128733027609444,0.122928590570037,0.134769424581985
one_wave,ELSA,M0,0.206149139696355,0.131254944459664,0.125410011859446,0.137329514795328
one_wave,ELSA,M0,0.20829319322296,0.133823756082454,0.127909029572848,0.139968092339413
one_wave,ELSA,M0,0.210437246749566,0.136436877768198,0.130423252393807,0.142682285915955
one_wave,ELSA,M0,0.212581300276171,0.1390916593471,0.132952054350082,0.145467218494496
one_wave,ELSA,M0,0.214725353802777,0.141785385229992,0.135496365173648,0.14831622860159
one_wave,ELSA,M0,0.216869407329382,0.144515987112247,0.138058796251898,0.151222203259134
one_wave,ELSA,M0,0.219013460855988,0.147283173114756,0.140643501329551,0.154180060900356
one_wave,ELSA,M0,0.221157514382593,0.150086922613656,0.143254387569203,0.157185547884854
one_wave,ELSA,M0,0.223301567909198,0.152927203309253,0.145894847995647,0.160234936190562
one_wave,ELSA,M0,0.225445621435804,0.155803970987044,0.148567776268806,0.163325006308575
one_wave,ELSA,M0,0.227589674962409,0.158717169288938,0.151275600756273,0.166453010916467
one_wave,ELSA,M0,0.229733728489015,0.161666729494856,0.154020327282264,0.169616629947595
one_wave,ELSA,M0,0.23187778201562,0.16465257031488,0.156803583638077,0.172813923966459
one_wave,ELSA,M0,0.234021835542226,0.167674597692147,0.159626661794318,0.176043289905795
one_wave,ELSA,M0,0.236165889068831,0.170732704616671,0.162490555734356,0.17930342124254
one_wave,ELSA,M0,0.238309942595436,0.17382677095033,0.165395994093599,0.18259327342534
one_wave,ELSA,M0,0.240453996122042,0.176956663263197,0.168343467538779,0.185912034617196
one_wave,ELSA,M0,0.242598049648647,0.180122234681459,0.171333251228596,0.189259101410224
one_wave,ELSA,M0,0.244742103175253,0.183323324747137,0.174365422891271,0.192634058975756
one_wave,ELSA,M0,0.246886156701858,0.18655975928981,0.17743987712495,0.196036665043036
one_wave,ELSA,M0,0.249030210228464,0.189831350310594,0.180556336531165,0.199466837095867
one_wave,ELSA,M0,0.251174263755069,0.193137895878553,0.183714360265112,0.202924642203378
one_wave,ELSA,M0,0.253318317281674,0.196479180039787,0.186913350550155,0.206410288937704
one_wave,ELSA,M0,0.25546237080828,0.199854972739376,0.190152557669042,0.20992412086659
one_wave,ELSA,M0,0.257606424334885,0.203265029756391,0.193431083916182,0.213466611137321
one_wave,ELSA,M0,0.259750477861491,0.206709092652159,0.196747886975606,0.217038357688276
one_wave,ELSA,M0,0.261894531388096,0.210186888731948,0.200101783177119,0.220640078636782
one_wave,ELSA,M0,0.264038584914702,0.213698131020258,0.203491451075928,0.224272607399248
one_wave,ELSA,M0,0.266182638441307,0.217242518249856,0.206915435794748,0.22793688710606
one_wave,ELSA,M0,0.268326691967912,0.220819734864697,0.210372154556823,0.23163396388433
one_wave,ELSA,M0,0.270470745494518,0.224429451036868,0.213859903817497,0.235364978602554
one_wave,ELSA,M0,0.272614799021123,0.228071322697649,0.217376868364262,0.23913115670895
one_wave,ELSA,M0,0.274758852547729,0.231744991582795,0.220921132694441,0.242933795856124
one_wave,ELSA,M0,0.276902906074334,0.235450085292108,0.224490694890402,0.24677425109396
one_wave,ELSA,M0,0.27904695960094,0.239186217363359,0.228083483091592,0.250653917533282
one_wave,ELSA,M0,0.281191013127545,0.242952987360595,0.231697374511273,0.254574210534199
one_wave,ELSA,M0,0.283335066654151,0.246749980976847,0.235330216769084,0.258536543649811
one_wave,ELSA,M0,0.285479120180756,0.250576770151248,0.238979851119308,0.262542304747128
one_wave,ELSA,M0,0.287623173707361,0.254432913200512,0.242644136965319,0.266592830916378
one_wave,ELSA,M0,0.289767227233967,0.258317954964753,0.24632097688348,0.270689382947061
one_wave,ELSA,M0,0.291911280760572,0.262231426967567,0.250008341256513,0.274833120272174
one_wave,ELSA,M0,0.294055334287178,0.266172847590278,0.253704291556884,0.279025077341464
one_wave,ELSA,M0,0.296199387813783,0.270141722260246,0.257407001338664,0.28326614236647
one_wave,ELSA,M0,0.298343441340389,0.274137543653099,0.261114774095981,0.28755703928035
one_wave,ELSA,M0,0.300487494866994,0.278159791908723,0.264826057320689,0.291898313580778
one_wave,ELSA,M0,0.302631548393599,0.282207934860835,0.268539452323544,0.296290322492391
one_wave,ELSA,M0,0.304775601920205,0.286281428279932,0.272253719646284,0.300733229621961
one_wave,ELSA,M0,0.30691965544681,0.290379716129377,0.275967780156957,0.305227004014297
one_wave,ELSA,M0,0.309063708973416,0.294502230834394,0.279680712159635,0.309771423277933
one_wave,ELSA,M0,0.311207762500021,0.298648393563663,0.28339174503983,0.314366080259202
one_wave,ELSA,M0,0.313351816026627,0.302817614523258,0.28710025009514,0.319010392614907
one_wave,ELSA,M0,0.315495869553232,0.307009293262569,0.290805729262856,0.323703614571315
one_wave,ELSA,M0,0.317639923079838,0.311222818991903,0.294507802457382,0.328444850155904
one_wave,ELSA,M0,0.319783976606443,0.315457570911374,0.298206194181301,0.333233067236987
one_wave,ELSA,M0,0.321928030133048,0.319712918550718,0.301900719989396,0.33806711179071
one_wave,ELSA,M0,0.324072083659654,0.323988222119622,0.305591273279746,0.342945721919762
one_wave,ELSA,M0,0.326216137186259,0.32828283286815,0.309277812773983,0.347867541260008
one_wave,ELSA,M0,0.328360190712865,0.332596093456818,0.312960350940408,0.352831131519348
one_wave,ELSA,M0,0.33050424423947,0.336927338335872,0.316638943516471,0.357834983990068
one_wave,ELSA,M0,0.332648297766076,0.341275894133288,0.320313680205307,0.362877529957516
one_wave,ELSA,M0,0.334792351292681,0.345641080050999,0.323984676556182,0.367957149992568
one_wave,ELSA,M0,0.336936404819286,0.350022208268856,0.327652066990425,0.373072182163364
one_wave,ELSA,M0,0.339080458345892,0.354418584355795,0.331315998901083,0.378220929234927
one_wave,ELSA,M0,0.341224511872497,0.358829507687678,0.334976627733816,0.383401664945821
one_wave,ELSA,M0,0.343368565399103,0.363254271871275,0.338634112945876,0.388612639461432
one_wave,ELSA,M0,0.345512618925708,0.367692165173817,0.342288614736938,0.393852084106373
one_wave,ELSA,M0,0.347656672452314,0.372142470957576,0.345940291448007,0.399118215475906
one_wave,ELSA,M0,0.349800725978919,0.376604468118883,0.349589297530567,0.404409239020129
one_wave,ELSA,M0,0.351944779505524,0.381077431531019,0.353235781996419,0.409723352186298
one_wave,ELSA,M0,0.35408883303213,0.385560632490394,0.35687988726792,0.415058747195253
one_wave,ELSA,M0,0.356232886558735,0.390053339165418,0.360521748357969,0.42041361351816
one_wave,ELSA,M1,0.0154107201642307,0.0189535989392789,0.013275195193975,0.0269944645126762
one_wave,ELSA,M1,0.0194006671883999,0.0218604119051034,0.0172483574161178,0.0276709646239651
one_wave,ELSA,M1,0.023390614212569,0.0247988819843898,0.0210971527303434,0.0291307921598838
one_wave,ELSA,M1,0.0273805612367382,0.0278443364726711,0.0246727200879131,0.0314105260690882
one_wave,ELSA,M1,0.0313705082609073,0.0310416157576317,0.0279496790740617,0.0344634712819795
one_wave,ELSA,M1,0.0353604552850765,0.0344215019258167,0.0311136600161967,0.038067199232627
one_wave,ELSA,M1,0.0393504023092456,0.0380076806117387,0.0344066328635081,0.0419692377515331
one_wave,ELSA,M1,0.0433403493334148,0.0418200152229895,0.0379921973104159,0.0460150491157618
one_wave,ELSA,M1,0.0473302963575839,0.0458727932898988,0.0419504466046631,0.0501426830948583
one_wave,ELSA,M1,0.051320243381753,0.0501506249808067,0.0462465896132651,0.0543654444136695
one_wave,ELSA,M1,0.0553101904059222,0.0546263347356584,0.0507906091068723,0.0587338116673585
one_wave,ELSA,M1,0.0593001374300913,0.0592757370976123,0.0554871654990496,0.0633056483163622
one_wave,ELSA,M1,0.0632900844542605,0.0640767650122712,0.0602516148482204,0.068127154647253
one_wave,ELSA,M1,0.0672800314784296,0.0690089027446244,0.0650302898683314,0.0732118704280793
one_wave,ELSA,M1,0.0712699785025988,0.0740528618576984,0.0698116301422823,0.0785300059532103
one_wave,ELSA,M1,0.0752599255267679,0.079190395672799,0.0746175723976232,0.084018013777407
one_wave,ELSA,M1,0.0792498725509371,0.0844042049322633,0.0794844884349109,0.0895987894144184
one_wave,ELSA,M1,0.0832398195751062,0.0896796113842198,0.0844427490866584,0.0952074740261751
one_wave,ELSA,M1,0.0872297665992754,0.0950062670613947,0.0895012178223884,0.100812430281284
one_wave,ELSA,M1,0.0912197136234445,0.10037480482631,0.0946566867184993,0.106397753725273
one_wave,ELSA,M1,0.0952096606476137,0.105776355894455,0.0998996346303783,0.111955783306358
one_wave,ELSA,M1,0.0991996076717828,0.111202532506763,0.105216876107513,0.117483995981977
one_wave,ELSA,M1,0.103189554695952,0.116645411666439,0.110593058304057,0.122983188133328
one_wave,ELSA,M1,0.107179501720121,0.122097519438945,0.116011578027766,0.128456333832198
one_wave,ELSA,M1,0.11116944874429,0.127551815516758,0.121455230070249,0.13390778175787
one_wave,ELSA,M1,0.115159395768459,0.133001677882339,0.126906758947496,0.139342599012394
one_wave,ELSA,M1,0.119149342792629,0.138440887488272,0.13234940726723,0.144765954244252
one_wave,ELSA,M1,0.123139289816798,0.143863612928469,0.137767497630968,0.150182492571665
one_wave,ELSA,M1,0.127129236840967,0.149264395108976,0.143147033754835,0.155595708773956
one_wave,ELSA,M1,0.131119183865136,0.154638131947782,0.148476259403955,0.161007374344582
one_wave,ELSA,M1,0.135109130889305,0.159980063144766,0.153746083185815,0.166417106070763
one_wave,ELSA,M1,0.139099077913474,0.165285755068419,0.15895027984079,0.17182216235894
one_wave,ELSA,M1,0.143089024937643,0.170551085807338,0.164085420162818,0.177217512900522
one_wave,ELSA,M1,0.147078971961813,0.175772300538411,0.169150617406876,0.182596232275654
one_wave,ELSA,M1,0.151068918985982,0.18094743345702,0.174148268708865,0.187951640072568
one_wave,ELSA,M1,0.155058866010151,0.186076166236378,0.179082605478817,0.193278538133966
one_wave,ELSA,M1,0.15904881303432,0.191158360733347,0.183957661446861,0.198572332413609
one_wave,ELSA,M1,0.163038760058489,0.19619398304046,0.188777115861559,0.203829033694162
one_wave,ELSA,M1,0.167028707082658,0.201183090638323,0.193544259304701,0.209045261629493
one_wave,ELSA,M1,0.171018654106827,0.206125821038624,0.19826199488917,0.214218216732866
one_wave,ELSA,M1,0.175008601130997,0.211022381735124,0.202932860523606,0.219345634253967
one_wave,ELSA,M1,0.178998548155166,0.215873041304271,0.207559061911344,0.224425729947375
one_wave,ELSA,M1,0.182988495179335,0.220678121517856,0.212142509459918,0.229457144264504
one_wave,ELSA,M1,0.186978442203504,0.225437990347907,0.216684854960632,0.234438888851378
one_wave,ELSA,M1,0.190968389227673,0.230153055759315,0.221187525768527,0.239370297393401
one_wave,ELSA,M1,0.194958336251842,0.234823760198873,0.225651755427393,0.244250981659989
one_wave,ELSA,M1,0.198948283276011,0.239450575700747,0.230078610422891,0.249080792886518
one_wave,ELSA,M1,0.202938230300181,0.24403399953828,0.234469013164202,0.253859788233878
one_wave,ELSA,M1,0.20692817732435,0.248574550360513,0.238823761507453,0.25858820187105
one_wave,ELSA,M1,0.210918124348519,0.253072764759225,0.243143545223,0.263266420153002
one_wave,ELSA,M1,0.214908071372688,0.257529194218776,0.247428959826553,0.267894960362283
one_wave,ELSA,M1,0.218898018396857,0.261944402406583,0.25168051817427,0.272474452514874
one_wave,ELSA,M1,0.222887965421026,0.266318962767037,0.255898660184428,0.27700562377931
one_wave,ELSA,M1,0.226877912445196,0.270653456385905,0.260083761004597,0.281489285111389
one_wave,ELSA,M1,0.230867859469365,0.274948470096072,0.264236137899828,0.285926319758826
one_wave,ELSA,M1,0.234857806493534,0.279204594798716,0.268356056097196,0.290317673337921
one_wave,ELSA,M1,0.238847753517703,0.283422423976982,0.272443733786588,0.294664345226551
one_wave,ELSA,M1,0.242837700541872,0.287602552381711,0.276499346446973,0.298967381054393
one_wave,ELSA,M1,0.246827647566041,0.291745574871058,0.280523030641444,0.30322786610259
one_wave,ELSA,M1,0.25081759459021,0.295852085387833,0.284514887402371,0.307446919451727
one_wave,ELSA,M1,0.25480754161438,0.299922676060115,0.288474985309571,0.311625688739641
one_wave,ELSA,M1,0.258797488638549,0.303957936412281,0.292403363348756,0.315765345409984
one_wave,ELSA,M1,0.262787435662718,0.30795845267494,0.296300033624114,0.3198670803492
one_wave,ELSA,M1,0.266777382686887,0.311924807183506,0.300164983987178,0.323932099824255
one_wave,ELSA,M1,0.270767329711056,0.315857577856199,0.303998180633656,0.327961621646603
one_wave,ELSA,M1,0.274757276735225,0.319757337743258,0.307799570710323,0.331956871499827
one_wave,ELSA,M1,0.278747223759394,0.323624654639987,0.31156908496494,0.335919079379606
one_wave,ELSA,M1,0.282737170783564,0.327460090757015,0.315306640463495,0.339849476105298
one_wave,ELSA,M1,0.286727117807733,0.331264202441861,0.319012143390373,0.343749289872727
one_wave,ELSA,M1,0.290717064831902,0.335037539946459,0.322685491938585,0.347619742827818
one_wave,ELSA,M1,0.294707011856071,0.338780647235886,0.326326579288694,0.351462047650565
one_wave,ELSA,M1,0.29869695888024,0.342494061833994,0.329935296666736,0.35527740414832
one_wave,ELSA,M1,0.302686905904409,0.346178314702073,0.333511536463419,0.359066995866577
one_wave,ELSA,M1,0.306676852928578,0.349833930147114,0.337055195389272,0.362831986733959
one_wave,ELSA,M1,0.310666799952748,0.353461425756505,0.340566177633594,0.366573517765817
one_wave,ELSA,M1,0.314656746976917,0.357061312356401,0.344044397989204,0.370292703857521
one_wave,ELSA,M1,0.318646694001086,0.360634093991208,0.347489784900413,0.373990630703768
one_wave,ELSA,M1,0.322636641025255,0.364180267921927,0.350902283388656,0.377668351883886
one_wave,ELSA,M1,0.326626588049424,0.367700324641306,0.354281857808895,0.381326886154984
one_wave,ELSA,M1,0.330616535073593,0.371194747903973,0.357628494390587,0.384967214994648
one_wave,ELSA,M1,0.334606482097763,0.374664014769867,0.360942203519532,0.388590280432809
one_wave,ELSA,M1,0.338596429121932,0.378108595659498,0.364223021721387,0.392196983208364
one_wave,ELSA,M1,0.342586376146101,0.3815289544197,0.367471013313807,0.395788181280332
one_wave,ELSA,M1,0.34657632317027,0.384925548398637,0.370686271701737,0.399364688716084
one_wave,ELSA,M1,0.350566270194439,0.388298828529021,0.373868920299126,0.402927274970768
one_wave,ELSA,M1,0.354556217218608,0.391649239418531,0.377019113069599,0.406476664563036
one_wave,ELSA,M1,0.358546164242777,0.394977219446579,0.380137034688212,0.410013537142853
one_wave,ELSA,M1,0.362536111266947,0.39828320086663,0.383222900335623,0.413538527938179
one_wave,ELSA,M1,0.366526058291116,0.401567609913367,0.386276955144593,0.417052228558925
one_wave,ELSA,M1,0.370516005315285,0.40483086691408,0.389299473326216,0.420555188129293
one_wave,ELSA,M1,0.374505952339454,0.40807338640371,0.392290757009441,0.42404791471361
one_wave,ELSA,M1,0.378495899363623,0.411295577243035,0.395251134832067,0.427530876996286
one_wave,ELSA,M1,0.382485846387792,0.414497842739572,0.398180960324412,0.431004506173633
one_wave,ELSA,M1,0.386475793411961,0.417680580770766,0.401080610128311,0.434469198013989
one_wave,ELSA,M1,0.390465740436131,0.420844183909135,0.40395048209402,0.437925315042716
one_wave,ELSA,M1,0.3944556874603,0.42398903954905,0.406790993296238,0.441373188810164
one_wave,ELSA,M1,0.398445634484469,0.427115530034871,0.409602578007975,0.444813122203218
one_wave,ELSA,M1,0.402435581508638,0.430224032790195,0.412385685667664,0.448245391764495
one_wave,ELSA,M1,0.406425528532807,0.433314920448018,0.415140778870933,0.45167024998729
one_wave,ELSA,M1,0.410415475556976,0.436388560981615,0.417868331414143,0.455087927558746
one_wave,ELSA,M1,0.414405422581145,0.439445317835982,0.420568826412302,0.458498635528291
one_wave,ELSA,M1,0.418395369605315,0.442485550059716,0.423242754509528,0.461902567382873
one_wave,ELSA,M1,0.422385316629484,0.445509612437209,0.425890612195943,0.465299901014856
one_wave,ELSA,M1,0.426375263653653,0.448517855621073,0.428512900240944,0.468690800572425
one_wave,ELSA,M1,0.430365210677822,0.451510626264716,0.431110122249212,0.472075418185993
one_wave,ELSA,M1,0.434355157701991,0.454488267155018,0.433682783342662,0.47545389556726
one_wave,ELSA,M1,0.43834510472616,0.457451117345055,0.43623138896886,0.478826365480315
one_wave,ELSA,M1,0.442335051750329,0.460399512286853,0.438756443834199,0.482192953086438
one_wave,ELSA,M1,0.446324998774499,0.463333783964157,0.441258450958292,0.485553777166097
one_wave,ELSA,M1,0.450314945798668,0.466254261025204,0.443737910844682,0.488908951223045
one_wave,ELSA,M1,0.454304892822837,0.469161268915519,0.44619532076188,0.492258584476521
one_wave,ELSA,M1,0.458294839847006,0.472055130010751,0.44863117412807,0.495602782748261
one_wave,ELSA,M1,0.462284786871175,0.474936163749579,0.451045959992339,0.49894164925152
one_wave,ELSA,M1,0.466274733895344,0.477804686766726,0.453440162605085,0.502275285289528
one_wave,ELSA,M1,0.470264680919514,0.480661013026136,0.455814261070243,0.505603790870861
one_wave,ELSA,M1,0.474254627943683,0.48350545395437,0.458168729072071,0.508927265249072
one_wave,ELSA,M1,0.478244574967852,0.486338318574275,0.460504034669481,0.512245807393759
one_wave,ELSA,M1,0.482234521992021,0.489159913639031,0.462820640151235,0.515559516399881
one_wave,ELSA,M1,0.48622446901619,0.491970543766619,0.465119001945696,0.5188684918418
one_wave,ELSA,M1,0.490214416040359,0.49477051157484,0.467399570579254,0.522172834078117
one_wave,MHAS,M0,0.0981422873970787,0.0724892570241682,0.0579417811460821,0.0903389239304117
one_wave,MHAS,M0,0.0997480872226083,0.0741636358320002,0.0605298824971087,0.0905722009554921
one_wave,MHAS,M0,0.101353887048138,0.0758539976035991,0.0631493190865153,0.0908667538105733
one_wave,MHAS,M0,0.102959686873667,0.0775652531159039,0.0657845356524261,0.0912496008550123
one_wave,MHAS,M0,0.104565486699197,0.0793023015468914,0.0684172448287567,0.0917485919325108
one_wave,MHAS,M0,0.106171286524727,0.0810700339543256,0.0710263828929518,0.0923926778721114
one_wave,MHAS,M0,0.107777086350256,0.0828733387727713,0.073588666323073,0.0932115912020994
one_wave,MHAS,M0,0.109382886175786,0.0847171089513461,0.0760803157257849,0.094234366824713
one_wave,MHAS,M0,0.110988686001315,0.0866062504094374,0.0784805273890893,0.0954861189978926
one_wave,MHAS,M0,0.112594485826845,0.0885456915349842,0.0807766689706393,0.0969830957391953
one_wave,MHAS,M0,0.114200285652374,0.0905403934904033,0.0829697370849906,0.0987274713179731
one_wave,MHAS,M0,0.115806085477904,0.0925953611253789,0.0850772796424432,0.100704673031671
one_wave,MHAS,M0,0.117411885303434,0.0947156543240765,0.0871316651577478,0.102885359563523
one_wave,MHAS,M0,0.119017685128963,0.0969063996374205,0.0891744524272151,0.105231297380226
one_wave,MHAS,M0,0.120623484954493,0.0991728020693932,0.0912498736843061,0.107702122153132
one_wave,MHAS,M0,0.122229284780022,0.101520156900323,0.0934000072815622,0.110260409394469
one_wave,MHAS,M0,0.123835084605552,0.10395386144023,0.0956623084526524,0.112874386057557
one_wave,MHAS,M0,0.125440884431081,0.106479426611882,0.098068814336892,0.115518967204839
one_wave,MHAS,M0,0.127046684256611,0.109102488266517,0.100646016752081,0.11817612444429
one_wave,MHAS,M0,0.128652484082141,0.111828661249319,0.103414206284491,0.120835498242063
one_wave,MHAS,M0,0.13025828390767,0.114656432573669,0.106370632781793,0.123498462158733
one_wave,MHAS,M0,0.1318640837332,0.117574035815056,0.109482543909605,0.126178809337086
one_wave,MHAS,M0,0.133469883558729,0.120568628926234,0.112708752129437,0.128896998251683
one_wave,MHAS,M0,0.135075683384259,0.123627009180438,0.116002299582,0.131678230707811
one_wave,MHAS,M0,0.136681483209788,0.126735598858618,0.119312524675233,0.13454994491675
one_wave,MHAS,M0,0.138287283035318,0.129880447308862,0.122589101277839,0.137537487439646
one_wave,MHAS,M0,0.139893082860848,0.133047247748711,0.125788195325627,0.140657808322704
one_wave,MHAS,M0,0.141498882686377,0.136221367236429,0.128879239223554,0.143912668752127
one_wave,MHAS,M0,0.143104682511907,0.139387888267017,0.131849320111635,0.14728435458196
one_wave,MHAS,M0,0.144710482337436,0.14253166046628,0.134702806810905,0.15073625952675
one_wave,MHAS,M0,0.146316282162966,0.145637360872205,0.137456691276901,0.154217849773084
one_wave,MHAS,M0,0.147922081988496,0.14868956131546,0.140134404681647,0.157671236496698
one_wave,MHAS,M0,0.149527881814025,0.15167291786016,0.142760639849143,0.161037054228472
one_wave,MHAS,M0,0.151133681639555,0.154579593694391,0.145357947434248,0.164273819235172
one_wave,MHAS,M0,0.152739481465084,0.157413782837517,0.147943024520443,0.16737173001323
one_wave,MHAS,M0,0.154345281290614,0.16018098584159,0.150526166391448,0.170330899097999
one_wave,MHAS,M0,0.155951081116143,0.162886916343076,0.153113135549241,0.173157030102307
one_wave,MHAS,M0,0.157556880941673,0.165537458428218,0.155706488048057,0.175859846659798
one_wave,MHAS,M0,0.159162680767203,0.168138629271666,0.158306436756112,0.178452015441531
one_wave,MHAS,M0,0.160768480592732,0.170696546692904,0.160911423030727,0.180948390302397
one_wave,MHAS,M0,0.162374280418262,0.173217401265074,0.163518515728092,0.183365456800797
one_wave,MHAS,M0,0.163980080243791,0.175707432609979,0.166123722257299,0.185720890326901
one_wave,MHAS,M0,0.165585880069321,0.178172909519118,0.16872227625063,0.188033161112031
one_wave,MHAS,M0,0.16719167989485,0.180620113551717,0.171308954114434,0.190321131686528
one_wave,MHAS,M0,0.16879747972038,0.183055325775374,0.173878461731069,0.19260360339652
one_wave,MHAS,M0,0.17040327954591,0.18548481633192,0.176425916404758,0.194898784858726
one_wave,MHAS,M0,0.172009079371439,0.187914836529395,0.178947422609896,0.197223681884258
one_wave,MHAS,M0,0.173614879196969,0.190351613179935,0.181440702547007,0.19959344608781
one_wave,MHAS,M0,0.175220679022498,0.192801344922217,0.183905701664074,0.202020760384215
one_wave,MHAS,M0,0.176826478848028,0.195270200285519,0.186345061899862,0.204515367113225
one_wave,MHAS,M0,0.178432278673557,0.197764317269986,0.188764360160834,0.20708383991119
one_wave,MHAS,M0,0.180038078499087,0.200289804234211,0.191172053595419,0.209729656521145
one_wave,MHAS,M0,0.181643878324617,0.202852070621622,0.193578469415184,0.212452892837547
one_wave,MHAS,M0,0.183249678150146,0.205452452974748,0.195991345410422,0.215248005854689
one_wave,MHAS,M0,0.184855477975676,0.208090768789193,0.198416741749156,0.218108124438642
one_wave,MHAS,M0,0.186461277801205,0.210766830031294,0.200860147129918,0.221026982962093
one_wave,MHAS,M0,0.188067077626735,0.213480445095209,0.203326412705101,0.223998988613635
one_wave,MHAS,M0,0.189672877452264,0.216231418183483,0.205819739108401,0.227019230586995
one_wave,MHAS,M0,0.191278677277794,0.219019548720262,0.208343700293841,0.230083452656174
one_wave,MHAS,M0,0.192884477103324,0.221844630795626,0.210901288669878,0.233188004637073
one_wave,MHAS,M0,0.194490276928853,0.224706452639714,0.213494970090612,0.236329784159294
one_wave,MHAS,M0,0.196096076754383,0.227604796125399,0.216126741049185,0.239506176390212
one_wave,MHAS,M0,0.197701876579912,0.230539436298441,0.218798183418173,0.242714996354982
one_wave,MHAS,M0,0.199307676405442,0.233510140934124,0.221510514231927,0.245954436347262
one_wave,MHAS,M0,0.200913476230972,0.236516670119496,0.224264629431471,0.249223019500836
one_wave,MHAS,M0,0.202519276056501,0.239558775860438,0.227061141372813,0.252519559713134
one_wave,MHAS,M0,0.204125075882031,0.242636201712838,0.229900410401417,0.255843127610649
one_wave,MHAS,M0,0.20573087570756,0.245748682437252,0.232782571051103,0.259193021991606
one_wave,MHAS,M0,0.20733667553309,0.248895943676477,0.235707553530019,0.26256874607762
one_wave,MHAS,M0,0.208942475358619,0.252077701655536,0.238675101173697,0.26596998788945
one_wave,MHAS,M0,0.210548275184149,0.255293662903619,0.241684784516984,0.269396604090823
one_wave,MHAS,M0,0.212154075009679,0.258543523997572,0.244736012588152,0.272848606693371
one_wave,MHAS,M0,0.213759874835208,0.261826971326581,0.247828041974637,0.276326152070189
one_wave,MHAS,M0,0.215365674660738,0.265143680877697,0.250959984158547,0.27982953177725
one_wave,MHAS,M0,0.216971474486267,0.268493318041933,0.254130811575234,0.283359164727323
one_wave,MHAS,M0,0.218577274311797,0.271875537440646,0.257339362810775,0.286915590298813
one_wave,MHAS,M0,0.220183074137326,0.275289982771956,0.260584347323895,0.29049946199273
one_wave,MHAS,M0,0.221788873962856,0.278736286676982,0.263864350052872,0.294111541276265
one_wave,MHAS,M0,0.223394673788386,0.282214070625674,0.267177836246338,0.297752691273446
one_wave,MHAS,M0,0.225000473613915,0.285722944822044,0.270523156835757,0.301423869984737
one_wave,MHAS,M0,0.226606273439445,0.289262508128597,0.273898554643879,0.305126122741202
one_wave,MHAS,M0,0.228212073264974,0.29283234800979,0.27730217169453,0.308860573627987
one_wave,MHAS,M0,0.229817873090504,0.296432040494314,0.280732057851779,0.312628415649464
one_wave,MHAS,M0,0.231423672916033,0.300061150156037,0.284186180968206,0.316430899456772
one_wave,MHAS,M0,0.233029472741563,0.303719230113415,0.287662438660957,0.320269320519772
one_wave,MHAS,M0,0.234635272567093,0.307405822047183,0.291158671759738,0.324145004700031
one_wave,MHAS,M0,0.236241072392622,0.311120456236138,0.294672679383826,0.328059292268642
one_wave,MHAS,M0,0.237846872218152,0.314862651610806,0.298202235508203,0.332013520509754
one_wave,MHAS,M0,0.239452672043681,0.318631915824799,0.301745106776806,0.336009005152808
one_wave,MHAS,M0,0.241058471869211,0.322427745343624,0.305299071220274,0.340047020977179
one_wave,MHAS,M0,0.24266427169474,0.326249625550724,0.308861937444426,0.344128782024019
one_wave,MHAS,M0,0.24427007152027,0.330097030870505,0.312431563782902,0.348255421922951
one_wave,MHAS,M0,0.2458758713458,0.333969424908094,0.316005876861043,0.35242797488753
one_wave,MHAS,M0,0.247481671171329,0.337866260605541,0.319582889005042,0.356647357946431
one_wave,MHAS,M0,0.249087470996859,0.341786980414191,0.323160713954279,0.360914354953347
one_wave,MHAS,M0,0.250693270822388,0.345731016482915,0.326737580395895,0.36522960285736
one_wave,MHAS,M0,0.252299070647918,0.349697790861866,0.330311842935063,0.369593580621031
one_wave,MHAS,M0,0.253904870473447,0.353686715721441,0.33388199023456,0.374006601053222
one_wave,MHAS,M0,0.255510670298977,0.35769719358607,0.337446650192706,0.378468805688011
one_wave,MHAS,M0,0.257116470124507,0.361728617582459,0.34100459216768,0.382980162702024
one_wave,MHAS,M0,0.258722269950036,0.365780371701904,0.344554726386928,0.387540467731593
one_wave,MHAS,M0,0.260328069775566,0.369851831076243,0.348096100792913,0.39214934733846
one_wave,MHAS,M0,0.261933869601095,0.373942362267031,0.351627895663366,0.396806264785651
one_wave,MHAS,M0,0.263539669426625,0.378051323567478,0.355149416401697,0.401510527727428
one_wave,MHAS,M0,0.265145469252155,0.38217806531668,0.358660084920683,0.406261297389572
one_wave,MHAS,M0,0.266751269077684,0.38632193022567,0.362159430042374,0.411057598816217
one_wave,MHAS,M0,0.268357068903214,0.390482253714775,0.365647077313851,0.415898331782514
one_wave,MHAS,M0,0.269962868728743,0.394658364261759,0.369122738597827,0.42078228201284
one_wave,MHAS,M0,0.271568668554273,0.398849583760235,0.372586201745126,0.425708132395997
one_wave,MHAS,M0,0.273174468379802,0.403055227887774,0.376037320598639,0.430674473946006
one_wave,MHAS,M0,0.274780268205332,0.407274606483163,0.379476005520231,0.435679816315045
one_wave,MHAS,M0,0.276386068030862,0.411507023932234,0.38290221457707,0.440722597719815
one_wave,MHAS,M0,0.277991867856391,0.415751779561665,0.386315945474509,0.445801194191711
one_wave,MHAS,M0,0.279597667681921,0.42000816804017,0.38971722828053,0.45091392810313
one_wave,MHAS,M0,0.28120346750745,0.424275479786445,0.393106118952315,0.456059075956372
one_wave,MHAS,M0,0.28280926733298,0.428553001383281,0.396482693648791,0.461234875448196
one_wave,MHAS,M0,0.284415067158509,0.43284001599718,0.399847043793261,0.466439531842536
one_wave,MHAS,M0,0.286020866984039,0.437135803802874,0.403199271836707,0.471671223697237
one_wave,MHAS,M0,0.287626666809569,0.441439642412087,0.406539487664009,0.476928107998846
one_wave,MHAS,M0,0.289232466635098,0.445750807305901,0.409867805581126,0.482208324763472
one_wave,MHAS,M1,0.0341119183539311,0.0230613265767716,0.0145450469876273,0.0363798971947334
one_wave,MHAS,M1,0.0401900705792668,0.0262503370731465,0.0180890455133579,0.0379514666215665
one_wave,MHAS,M1,0.0462682228046025,0.0293964961799313,0.0216899812188525,0.0397299604791921
one_wave,MHAS,M1,0.0523463750299382,0.0325176755535153,0.0252952941040541,0.0417139580833794
one_wave,MHAS,M1,0.0584245272552739,0.0356266908160563,0.0288606138465172,0.0439072884137166
one_wave,MHAS,M1,0.0645026794806097,0.0387331326927071,0.0323503657332275,0.0463149517816875
one_wave,MHAS,M1,0.0705808317059454,0.0418444312297558,0.0357405328890692,0.0489378695805489
one_wave,MHAS,M1,0.0766589839312811,0.0449665113155394,0.0390221285445224,0.0517676428848664
one_wave,MHAS,M1,0.0827371361566168,0.048104215690301,0.0422027221733249,0.0547837530326258
one_wave,MHAS,M1,0.0888152883819526,0.0512615885286238,0.045303951673093,0.0579551169714804
one_wave,MHAS,M1,0.0948934406072883,0.0544420717058402,0.0483556888410873,0.0612452265368075
one_wave,MHAS,M1,0.100971592832624,0.0576486443549956,0.0513897066615205,0.064617953969065
one_wave,MHAS,M1,0.10704974505796,0.0608839244315404,0.0544352234268904,0.0680416018405314
one_wave,MHAS,M1,0.113127897283295,0.0641502441342171,0.0575168323883432,0.0714906564583138
one_wave,MHAS,M1,0.119206049508631,0.0674497069100113,0.0606540981937308,0.0749459408571562
one_wave,MHAS,M1,0.125284201733967,0.0707842312168399,0.0638619181006799,0.0783940532127599
one_wave,MHAS,M1,0.131362353959303,0.0741555845883552,0.0671510317068919,0.0818266951523729
one_wave,MHAS,M1,0.137440506184638,0.0775654104792457,0.070528357082424,0.0852402033548822
one_wave,MHAS,M1,0.143518658409974,0.081015249656025,0.0739969993662442,0.0886354318157485
one_wave,MHAS,M1,0.14959681063531,0.0845061353791366,0.0775546481748144,0.092018552150878
one_wave,MHAS,M1,0.155674962860645,0.0880354954765925,0.0811845912310629,0.0954044960751413
one_wave,MHAS,M1,0.161753115085981,0.0915991061831969,0.0848626686538615,0.0988125461511734
one_wave,MHAS,M1,0.167831267311317,0.0951929206697826,0.0885637795996241,0.102262590044394
one_wave,MHAS,M1,0.173909419536653,0.0988130587448089,0.0922633271251073,0.105773573307624
one_wave,MHAS,M1,0.179987571761988,0.102455787447404,0.0959391372766517,0.109361534887892
one_wave,MHAS,M1,0.186065723987324,0.106117505601815,0.0995736620563331,0.113037413741053
one_wave,MHAS,M1,0.19214387621266,0.109794731379273,0.103155890692902,0.116805184105137
one_wave,MHAS,M1,0.198222028437996,0.113484092159688,0.106682282868942,0.120660992967649
one_wave,MHAS,M1,0.204300180663331,0.117182316163088,0.110156355111034,0.124593659320965
one_wave,MHAS,M1,0.210378332888667,0.120886225450007,0.113587134247951,0.128586314649589
one_wave,MHAS,M1,0.216456485114003,0.124592729985241,0.116987109792583,0.132618547967624
one_wave,MHAS,M1,0.222534637339338,0.128298822530244,0.120370319490328,0.136668417667168
one_wave,MHAS,M1,0.228612789564674,0.132001574182557,0.123750917836327,0.140713977862984
one_wave,MHAS,M1,0.23469094179001,0.13569813042097,0.127142276671105,0.144734268352145
one_wave,MHAS,M1,0.240769094015346,0.139385708989511,0.130556495237317,0.148709892867755
one_wave,MHAS,M1,0.246847246240681,0.143062552536358,0.134002817414262,0.152626850932224
one_wave,MHAS,M1,0.252925398466017,0.146729558146167,0.137484889927616,0.156483071217408
one_wave,MHAS,M1,0.259003550691353,0.150388070122097,0.14100372665158,0.16028044025239
one_wave,MHAS,M1,0.265081702916688,0.154039432867407,0.144558818709157,0.164022596992221
one_wave,MHAS,M1,0.271159855142024,0.157684989696184,0.148148507253735,0.167714485105765
one_wave,MHAS,M1,0.27723800736736,0.161326082073933,0.15177023263044,0.171362043222093
one_wave,MHAS,M1,0.283316159592696,0.16496404921747,0.155420704882153,0.174971985918181
one_wave,MHAS,M1,0.289394311818031,0.168600227995711,0.159096026901716,0.178551642238273
one_wave,MHAS,M1,0.295472464043367,0.172235953082927,0.162791793217747,0.182108827143643
one_wave,MHAS,M1,0.301550616268703,0.175872557324367,0.166503182564978,0.185651726378779
one_wave,MHAS,M1,0.307628768494038,0.179511372281006,0.170225059531655,0.189188778311755
one_wave,MHAS,M1,0.313706920719374,0.183153728925942,0.17395209840299,0.192728538661143
one_wave,MHAS,M1,0.31978507294471,0.186800958469723,0.177678939606439,0.196279516888526
one_wave,MHAS,M1,0.325863225170046,0.190454393295902,0.181400384771542,0.199849977558495
one_wave,MHAS,M1,0.331941377395381,0.194115367991453,0.185111629538331,0.203447706956496
one_wave,MHAS,M1,0.338019529620717,0.197785220459514,0.18880852389135,0.20707975470441
one_wave,MHAS,M1,0.344097681846053,0.201465293104267,0.192487839304805,0.21075217068338
one_wave,MHAS,M1,0.350175834071389,0.205156934079767,0.196147513184219,0.2144697664392
one_wave,MHAS,M1,0.356253986296724,0.208861498596244,0.199786837585303,0.218235933805548
one_wave,MHAS,M1,0.36233213852206,0.212580350278787,0.20340656372994,0.222052548987474
one_wave,MHAS,M1,0.368410290747396,0.216314862574567,0.207008906485044,0.225919977740564
one_wave,MHAS,M1,0.374488442972731,0.220066420205779,0.210597450375426,0.229837179908205
one_wave,MHAS,M1,0.380566595198067,0.223836420666365,0.214176975341352,0.233801894966717
one_wave,MHAS,M1,0.386644747423403,0.227626275761326,0.21775323123854,0.23781087946337
one_wave,MHAS,M1,0.392722899648739,0.231437300771319,0.221332453822237,0.241860187004915
one_wave,MHAS,M1,0.398801051874074,0.235270239978271,0.224919893305482,0.245945749780481
one_wave,MHAS,M1,0.40487920409941,0.239125656269654,0.228520045046067,0.250063932278844
one_wave,MHAS,M1,0.410957356324746,0.243004120191862,0.232136956807198,0.254211592126103
one_wave,MHAS,M1,0.417035508550082,0.246906210588363,0.235774248481563,0.258386059779867
one_wave,MHAS,M1,0.423113660775417,0.25083251514621,0.239435142594199,0.262585107382487
one_wave,MHAS,M1,0.429191813000753,0.25478363095086,0.24312249973874,0.266806912801209
one_wave,MHAS,M1,0.435269965226089,0.258760165050907,0.246838854868078,0.271050022926623
one_wave,MHAS,M1,0.441348117451424,0.262762735034236,0.250586451885376,0.275313318776604
one_wave,MHAS,M1,0.44742626967676,0.266791969617231,0.254367275082989,0.27959598385206
one_wave,MHAS,M1,0.453504421902096,0.270848509248589,0.258183076724034,0.283897476444279
one_wave,MHAS,M1,0.459582574127431,0.274933006729414,0.262035400539071,0.288217506116506
one_wave,MHAS,M1,0.465660726352767,0.279046127851247,0.265925601196596,0.292556014296667
one_wave,MHAS,M1,0.471738878578103,0.283188552053782,0.269854859963469,0.296913158761229
one_wave,MHAS,M1,0.477817030803439,0.287360973104058,0.273824196846499,0.301289301715457
one_wave,MHAS,M1,0.483895183028774,0.29156409979899,0.277834479532171,0.305685001150043
one_wave,MHAS,M1,0.48997333525411,0.295798656693218,0.28188642944039,0.31010100515546
one_wave,MHAS,M1,0.496051487479446,0.30006538485429,0.285980625195134,0.314538248888751
one_wave,MHAS,M1,0.502129639704782,0.304365042647369,0.290117503800064,0.318997853902599
one_wave,MHAS,M1,0.508207791930117,0.308698406551707,0.294297359796894,0.323481129557026
one_wave,MHAS,M1,0.514285944155453,0.313066272011328,0.298520342683301,0.327989576235359
one_wave,MHAS,M1,0.520364096380789,0.317469454322442,0.302786452878314,0.332524890075187
one_wave,MHAS,M1,0.526442248606124,0.321908789560331,0.307095536548744,0.337088968899622
one_wave,MHAS,M1,0.53252040083146,0.326385135548596,0.311447279651583,0.341683918993005
one_wave,MHAS,M1,0.538598553056796,0.330899372873857,0.315841201604979,0.346312062307767
one_wave,MHAS,M1,0.544676705282132,0.335452405949221,0.320276649073534,0.350975943616171
one_wave,MHAS,M1,0.550754857507467,0.34004516413007,0.324752790439797,0.355678337034731
one_wave,MHAS,M1,0.556833009732803,0.344678602885989,0.329268611628006,0.36042225125513
one_wave,MHAS,M1,0.562911161958139,0.349353705032931,0.33382291404023,0.365210932721525
one_wave,MHAS,M1,0.568989314183474,0.354071482030052,0.338414315447153,0.370047865912265
one_wave,MHAS,M1,0.57506746640881,0.358832975346002,0.343041254729823,0.374936769830136
one_wave,MHAS,M1,0.581145618634146,0.363639257899825,0.347702001374994,0.379881589799169
one_wave,MHAS,M1,0.587223770859482,0.368491435582068,0.352394670563282,0.38488648372969
one_wave,MHAS,M1,0.593301923084817,0.37339064886219,0.357117244534929,0.389955802167978
one_wave,MHAS,M1,0.599380075310153,0.378338074488826,0.36186760065629,0.395094061708789
one_wave,MHAS,M1,0.605458227535489,0.383334927290111,0.36664354623606,0.400305911723543
one_wave,MHAS,M1,0.611536379760825,0.388382462081864,0.371442859664903,0.405596094832537
one_wave,MHAS,M1,0.61761453198616,0.393481975692153,0.376263336908549,0.410969402093634
one_wave,MHAS,M1,0.623692684211496,0.398634809111567,0.381102841827521,0.416430624437254
one_wave,MHAS,M1,0.629770836436832,0.403842349779375,0.38595935829942,0.421984502375214
one_wave,MHAS,M1,0.635848988662167,0.409106034016757,0.390831041762372,0.427635676368984
one_wave,MHAS,M1,0.641927140887503,0.414427349619364,0.39571626765222,0.433388640389663
one_wave,MHAS,M1,0.648005293112839,0.419807838622694,0.400613674316857,0.439247701092081
one_wave,MHAS,M1,0.654083445338175,0.425249100255142,0.405522198364389,0.445216944653141
one_wave,MHAS,M1,0.66016159756351,0.430752794095092,0.410441100998019,0.451300212729615
one_wave,MHAS,M1,0.666239749788846,0.436320643450177,0.415369984630702,0.457501088251905
one_wave,MHAS,M1,0.672317902014182,0.441954438978742,0.420308799854568,0.463822890990085
one_wave,MHAS,M1,0.678396054239518,0.447656042575735,0.425257843559905,0.470268682110896
one_wave,MHAS,M1,0.684474206464853,0.453427391547736,0.430217749571662,0.476841276373735
one_wave,MHAS,M1,0.690552358690189,0.459270503104639,0.43518947354663,0.483543260241479
one_wave,MHAS,M1,0.696630510915525,0.465187479198642,0.440174274039039,0.49037701402112
one_wave,MHAS,M1,0.70270866314086,0.471180511744873,0.445173691616575,0.497344736179282
one_wave,MHAS,M1,0.708786815366196,0.477251888262079,0.450189527736484,0.504448468155378
one_wave,MHAS,M1,0.714864967591532,0.48340399797653,0.455223824825808,0.511690118267169
one_wave,MHAS,M1,0.720943119816868,0.489639338437721,0.460278848703297,0.519071483617785
one_wave,MHAS,M1,0.727021272042203,0.495960522700684,0.465357074176455,0.526594269226769
one_wave,MHAS,M1,0.733099424267539,0.502370287136913,0.470461174376317,0.534260103890016
one_wave,MHAS,M1,0.739177576492875,0.508871499944227,0.47559401417297,0.542070552507021
one_wave,MHAS,M1,0.74525572871821,0.515467170435555,0.480758647853769,0.550027124791923
one_wave,MHAS,M1,0.751333880943546,0.52216045919789,0.485958321143214,0.558131280408694
one_wave,MHAS,M1,0.757412033168882,0.528954689225792,0.49119647759331,0.566384430646502
