cohort,outer_split,method,calibration_fraction_total_persons,inner_attempts,inner_successes,fit_success_rate,total_persons,evaluation_persons,evaluation_records,evaluation_events,median_calibration_persons,median_calibration_records,median_calibration_events,median_calibration_event_persons,median_auc,median_brier,median_delta_brier_vs_raw,median_citl,median_abs_citl,median_slope,median_abs_slope_error,proportion_abs_citl_le_0_20,proportion_brier_within_plus_0_001,proportion_brier_improved,descriptive_tolerance_met
CHARLS,1,intercept_and_slope,0.05,100,100,1.0,3915,1566,1566,321,195.0,195.0,39.0,39.0,0.6669606776013712,0.1535527702378095,-0.0079754496139486,0.0103640040857507,0.1285377286089851,0.9775571811524908,0.208904606564633,0.76,1.0,1.0,False
CHARLS,1,intercept_and_slope,0.1,100,100,1.0,3915,1566,1566,321,391.0,391.0,78.0,78.0,0.6669606776013712,0.1526848422474405,-0.0088433776043176,0.034472066612374,0.0759103492374942,0.997036524544566,0.1494627234778872,0.89,1.0,1.0,False
CHARLS,1,intercept_and_slope,0.2,100,100,1.0,3915,1566,1566,321,783.0,783.0,157.0,157.0,0.6669606776013712,0.152443022356373,-0.0090851974953851,0.0357475860475471,0.0495456369717284,1.0142060081736015,0.1073608660455994,0.99,1.0,1.0,False
CHARLS,1,intercept_and_slope,0.3,100,100,1.0,3915,1566,1566,321,1174.0,1174.0,233.0,233.0,0.6669606776013712,0.1523631831605246,-0.0091650366912335,0.0359876523311764,0.0417386852010197,1.0011098573222,0.051776801963299,1.0,1.0,1.0,True
CHARLS,1,intercept_and_slope,0.4,100,100,1.0,3915,1566,1566,321,1566.0,1566.0,311.5,311.5,0.6669606776013712,0.1522974264230998,-0.0092307934286583,0.0316285864866576,0.0354042935720467,0.9778485117701642,0.0452215482615347,1.0,1.0,1.0,True
CHARLS,1,intercept_and_slope,0.5,100,100,1.0,3915,1566,1566,321,1957.0,1957.0,388.5,388.5,0.6669606776013712,0.1522826595555201,-0.009245560296238,0.0388350996244575,0.0388350996244575,0.990059766080398,0.0256575301684832,1.0,1.0,1.0,True
CHARLS,1,intercept_and_slope,0.6,100,100,1.0,3915,1566,1566,321,2349.0,2349.0,466.0,466.0,0.6669606776013712,0.1522632327160805,-0.0092649871356776,0.0392606716041413,0.0392606716041413,0.9840486638571884,0.0159513361428115,1.0,1.0,1.0,True
CHARLS,1,intercept_only,0.05,100,100,1.0,3915,1566,1566,321,195.0,195.0,39.0,39.0,0.6669606776013712,0.1527519764244535,-0.0087762434273046,0.0144978500646221,0.1280415894323071,0.8465022734251885,0.1534977265748115,0.76,1.0,1.0,False
CHARLS,1,intercept_only,0.1,100,100,1.0,3915,1566,1566,321,391.0,391.0,78.0,78.0,0.6669606776013712,0.1524790255869853,-0.0090491942647728,0.0355364109941892,0.0776230603017289,0.8465022734251885,0.1534977265748115,0.89,1.0,1.0,True
CHARLS,1,intercept_only,0.2,100,100,1.0,3915,1566,1566,321,783.0,783.0,157.0,157.0,0.6669606776013712,0.1523876145115683,-0.0091406053401898,0.0356537881852333,0.0496883327061841,0.8465022734251885,0.1534977265748115,0.99,1.0,1.0,True
CHARLS,1,intercept_only,0.3,100,100,1.0,3915,1566,1566,321,1174.0,1174.0,233.0,233.0,0.6669606776013712,0.152367569510993,-0.0091606503407652,0.0361475246700577,0.0420447586764628,0.8465022734251885,0.1534977265748115,1.0,1.0,1.0,True
CHARLS,1,intercept_only,0.4,100,100,1.0,3915,1566,1566,321,1566.0,1566.0,311.5,311.5,0.6669606776013712,0.1523586749259875,-0.0091695449257706,0.0328616285179564,0.034446101223707,0.8465022734251885,0.1534977265748115,1.0,1.0,1.0,True
CHARLS,1,intercept_only,0.5,100,100,1.0,3915,1566,1566,321,1957.0,1957.0,388.5,388.5,0.6669606776013712,0.1523494736974395,-0.0091787461543186,0.0388862303008429,0.0388862303008429,0.8465022734251885,0.1534977265748115,1.0,1.0,1.0,True
CHARLS,1,intercept_only,0.6,100,100,1.0,3915,1566,1566,321,2349.0,2349.0,466.0,466.0,0.6669606776013712,0.1523444549636753,-0.0091837648880828,0.0393882765367308,0.0393882765367308,0.8465022734251885,0.1534977265748115,1.0,1.0,1.0,True
CHARLS,1,none,0.0,1,1,1.0,3915,1566,1566,321,0.0,0.0,0.0,0.0,0.6669606776013712,0.1615282198517582,0.0,0.7699757061839316,0.7699757061839316,0.8465022734251885,0.1534977265748115,0.0,1.0,1.0,False
CHARLS,2,intercept_and_slope,0.05,100,100,1.0,3915,1566,1566,307,195.0,195.0,40.0,40.0,0.6663902637168737,0.1473527706263317,-0.0073389260806997,-0.0122385374022853,0.1214657573506793,1.118318779497462,0.2159159399697874,0.76,1.0,1.0,False
CHARLS,2,intercept_and_slope,0.1,100,100,1.0,3915,1566,1566,307,391.0,391.0,80.0,80.0,0.6663902637168737,0.1466354090633347,-0.0080562876436968,-0.0022019792138618,0.0729995199563163,1.0489660807753018,0.1096976098294479,0.94,1.0,1.0,False
CHARLS,2,intercept_and_slope,0.2,100,100,1.0,3915,1566,1566,307,783.0,783.0,160.0,160.0,0.6663902637168737,0.1466561649427246,-0.0080355317643068,-0.0090478028598916,0.0683689213771116,1.073381268074788,0.0881148368238134,1.0,1.0,1.0,True
CHARLS,2,intercept_and_slope,0.3,100,100,1.0,3915,1566,1566,307,1174.0,1174.0,238.5,238.5,0.6663902637168737,0.1465388778740812,-0.0081528188329502,-0.0027613572860458,0.0387420290924468,1.066759466848898,0.0796448354287736,1.0,1.0,1.0,True
CHARLS,2,intercept_and_slope,0.4,100,100,1.0,3915,1566,1566,307,1566.0,1566.0,320.0,320.0,0.6663902637168737,0.1464897367263569,-0.0082019599806745,-0.0124806302598398,0.0260556439839593,1.0771917250308791,0.0771917250308791,1.0,1.0,1.0,True
CHARLS,2,intercept_and_slope,0.5,100,100,1.0,3915,1566,1566,307,1957.0,1957.0,400.5,400.5,0.6663902637168737,0.1464786475481706,-0.0082130491588608,-0.0104173859470045,0.0161104926794674,1.0865594165243528,0.0865594165243528,1.0,1.0,1.0,True
CHARLS,2,intercept_and_slope,0.6,100,100,1.0,3915,1566,1566,307,2349.0,2349.0,480.0,480.0,0.6663902637168737,0.1464665989434281,-0.0082250977636034,-0.0095121681491392,0.0095121681491392,1.0837869771150723,0.0837869771150725,1.0,1.0,1.0,True
CHARLS,2,intercept_only,0.05,100,100,1.0,3915,1566,1566,307,195.0,195.0,40.0,40.0,0.6663902637168737,0.1465190681220544,-0.008172628584977,-0.0006806917932457,0.1282875331224357,0.8966304956743499,0.10336950432565,0.76,1.0,1.0,False
CHARLS,2,intercept_only,0.1,100,100,1.0,3915,1566,1566,307,391.0,391.0,80.0,80.0,0.6663902637168737,0.1463056955567437,-0.0083860011502877,-0.0030977459106419,0.0715557549798689,0.8966304956743499,0.10336950432565,0.92,1.0,1.0,True
CHARLS,2,intercept_only,0.2,100,100,1.0,3915,1566,1566,307,783.0,783.0,160.0,160.0,0.6663902637168737,0.1463039950951626,-0.0083877016118689,-0.0022517537745807,0.0703882863336038,0.8966304956743499,0.10336950432565,0.99,1.0,1.0,True
CHARLS,2,intercept_only,0.3,100,100,1.0,3915,1566,1566,307,1174.0,1174.0,238.5,238.5,0.6663902637168737,0.1462015691318001,-0.0084901275752313,0.008003664794406,0.0386364126491647,0.8966304956743499,0.10336950432565,1.0,1.0,1.0,True
CHARLS,2,intercept_only,0.4,100,100,1.0,3915,1566,1566,307,1566.0,1566.0,320.0,320.0,0.6663902637168737,0.1461971355358109,-0.0084945611712205,-0.0047162763845375,0.0256531731321994,0.8966304956743499,0.10336950432565,1.0,1.0,1.0,True
CHARLS,2,intercept_only,0.5,100,100,1.0,3915,1566,1566,307,1957.0,1957.0,400.5,400.5,0.6663902637168737,0.1461838234146002,-0.0085078732924313,-0.0026345335969896,0.0152958728903483,0.8966304956743499,0.10336950432565,1.0,1.0,1.0,True
CHARLS,2,intercept_only,0.6,100,100,1.0,3915,1566,1566,307,2349.0,2349.0,480.0,480.0,0.6663902637168737,0.146183183586065,-0.0085085131209665,-0.0021852332200696,0.0021852332200696,0.8966304956743499,0.10336950432565,1.0,1.0,1.0,True
CHARLS,2,none,0.0,1,1,1.0,3915,1566,1566,307,0.0,0.0,0.0,0.0,0.6663902637168737,0.1546916967070315,0.0,0.7450778322123802,0.7450778322123802,0.8966304956743499,0.10336950432565,0.0,1.0,1.0,False
CHARLS,3,intercept_and_slope,0.05,100,100,1.0,3915,1566,1566,314,195.0,195.0,39.5,39.5,0.6551174172279767,0.151292178029524,-0.0070907004593809,-0.0160782728209324,0.1099718709327753,0.954551532927755,0.1913089102025176,0.72,0.98,0.97,False
CHARLS,3,intercept_and_slope,0.1,100,100,1.0,3915,1566,1566,314,391.0,391.0,79.0,79.0,0.6551174172279767,0.1508044850038368,-0.007578393485068,-0.0142613468070652,0.0855298192663459,0.9939180640037576,0.1621590506720271,0.88,1.0,1.0,False
CHARLS,3,intercept_and_slope,0.2,100,100,1.0,3915,1566,1566,314,783.0,783.0,157.0,157.0,0.6551174172279767,0.1503334299920332,-0.0080494484968717,-0.0054965237844242,0.048253216405511,0.9781922230009972,0.0853531141461753,0.99,1.0,1.0,True
CHARLS,3,intercept_and_slope,0.3,100,100,1.0,3915,1566,1566,314,1174.0,1174.0,238.0,238.0,0.6551174172279767,0.1502785699137992,-0.0081043085751056,-0.0179581026266085,0.0347407096865176,0.95078847167875,0.0696939984580445,1.0,1.0,1.0,True
CHARLS,3,intercept_and_slope,0.4,100,100,1.0,3915,1566,1566,314,1566.0,1566.0,316.0,316.0,0.6551174172279767,0.1502190714610183,-0.0081638070278865,-0.0104712427337104,0.0289577575884786,0.9586051389819552,0.0532881970443772,1.0,1.0,1.0,True
CHARLS,3,intercept_and_slope,0.5,100,100,1.0,3915,1566,1566,314,1957.0,1957.0,394.0,394.0,0.6551174172279767,0.1501898836843741,-0.0081929948045307,-0.010362358380774,0.0151940971913021,0.9529786191670307,0.0492801719500912,1.0,1.0,1.0,True
CHARLS,3,intercept_and_slope,0.6,100,100,1.0,3915,1566,1566,314,2349.0,2349.0,473.0,473.0,0.6551174172279767,0.1501738401212595,-0.0082090383676453,-0.0121013908203755,0.0121013908203755,0.951633147929727,0.048366852070273,1.0,1.0,1.0,True
CHARLS,3,intercept_only,0.05,100,100,1.0,3915,1566,1566,314,195.0,195.0,39.5,39.5,0.6551174172279767,0.1505263792420981,-0.0078564992468068,-0.0215250790703892,0.1227618358243318,0.8295735755387394,0.1704264244612605,0.73,0.99,0.99,False
CHARLS,3,intercept_only,0.1,100,100,1.0,3915,1566,1566,314,391.0,391.0,79.0,79.0,0.6551174172279767,0.1504551899087275,-0.0079276885801773,-0.0139228811831258,0.0829348597521948,0.8295735755387394,0.1704264244612605,0.87,1.0,1.0,True
CHARLS,3,intercept_only,0.2,100,100,1.0,3915,1566,1566,314,783.0,783.0,157.0,157.0,0.6551174172279767,0.1503055865503895,-0.0080772919385154,-0.0037523928192667,0.048048130498268,0.8295735755387394,0.1704264244612605,0.99,1.0,1.0,True
CHARLS,3,intercept_only,0.3,100,100,1.0,3915,1566,1566,314,1174.0,1174.0,238.0,238.0,0.6551174172279767,0.1503139943901722,-0.0080688840987326,-0.0175149365112184,0.0348303787390454,0.8295735755387394,0.1704264244612605,1.0,1.0,1.0,True
CHARLS,3,intercept_only,0.4,100,100,1.0,3915,1566,1566,314,1566.0,1566.0,316.0,316.0,0.6551174172279767,0.1502899135603216,-0.0080929649285833,-0.011918170870702,0.0290236314781149,0.8295735755387394,0.1704264244612605,1.0,1.0,1.0,True
CHARLS,3,intercept_only,0.5,100,100,1.0,3915,1566,1566,314,1957.0,1957.0,394.0,394.0,0.6551174172279767,0.1502868190422373,-0.0080960594466676,-0.0108653822152352,0.016091344803479,0.8295735755387394,0.1704264244612605,1.0,1.0,1.0,True
CHARLS,3,intercept_only,0.6,100,100,1.0,3915,1566,1566,314,2349.0,2349.0,473.0,473.0,0.6551174172279767,0.1502918829682075,-0.0080909955206973,-0.0129512950168156,0.0129512950168156,0.8295735755387394,0.1704264244612605,1.0,1.0,1.0,True
CHARLS,3,none,0.0,1,1,1.0,3915,1566,1566,314,0.0,0.0,0.0,0.0,0.6551174172279767,0.1583828784889049,0.0,0.7386244908164672,0.7386244908164672,0.8295735755387394,0.1704264244612605,0.0,1.0,1.0,False
CHARLS,4,intercept_and_slope,0.05,100,100,1.0,3915,1566,1566,307,195.0,195.0,41.0,41.0,0.6528732539397123,0.1505175444563282,-0.0063483416820667,-0.065608262988518,0.1297253865205763,0.9290574663954398,0.2506903331499027,0.69,1.0,1.0,False
CHARLS,4,intercept_and_slope,0.1,100,100,1.0,3915,1566,1566,307,391.0,391.0,81.5,81.5,0.6528732539397123,0.1497632420158624,-0.0071026441225325,-0.0699950900737743,0.0816746926813971,0.9015235968687524,0.1706768885634429,0.93,1.0,1.0,False
CHARLS,4,intercept_and_slope,0.2,100,100,1.0,3915,1566,1566,307,783.0,783.0,163.5,163.5,0.6528732539397123,0.1495422017080296,-0.0073236844303652,-0.0711364365039736,0.074138204727899,0.9300564020700453,0.1036475087044132,0.97,1.0,1.0,False
CHARLS,4,intercept_and_slope,0.3,100,100,1.0,3915,1566,1566,307,1174.0,1174.0,239.0,239.0,0.6528732539397123,0.1494415684725301,-0.0074243176658648,-0.0401335016514339,0.0535112295244093,0.9183882441694738,0.0889996021777908,1.0,1.0,1.0,True
CHARLS,4,intercept_and_slope,0.4,100,100,1.0,3915,1566,1566,307,1566.0,1566.0,320.5,320.5,0.6528732539397123,0.1494106286724212,-0.0074552574659737,-0.0489369449280547,0.0496977492939698,0.924770589785974,0.0752294102140261,1.0,1.0,1.0,True
CHARLS,4,intercept_and_slope,0.5,100,100,1.0,3915,1566,1566,307,1957.0,1957.0,401.0,401.0,0.6528732539397123,0.149385943475881,-0.0074799426625139,-0.0523313597111505,0.0523313597111505,0.9188701952943286,0.0811298047056715,1.0,1.0,1.0,True
CHARLS,4,intercept_and_slope,0.6,100,100,1.0,3915,1566,1566,307,2349.0,2349.0,480.0,480.0,0.6528732539397123,0.149372125343502,-0.0074937607948928,-0.0498874213891319,0.0498874213891319,0.9195440315713774,0.0804559684286225,1.0,1.0,1.0,True
CHARLS,4,intercept_only,0.05,100,100,1.0,3915,1566,1566,307,195.0,195.0,41.0,41.0,0.6528732539397123,0.1500183686621864,-0.0068475174762084,-0.0658461450062404,0.1278103559838449,0.8109447394473877,0.1890552605526123,0.68,1.0,0.99,False
CHARLS,4,intercept_only,0.1,100,100,1.0,3915,1566,1566,307,391.0,391.0,81.5,81.5,0.6528732539397123,0.149808746976177,-0.0070571391622179,-0.0665744954639339,0.0778510789563529,0.8109447394473877,0.1890552605526123,0.92,1.0,1.0,True
CHARLS,4,intercept_only,0.2,100,100,1.0,3915,1566,1566,307,783.0,783.0,163.5,163.5,0.6528732539397123,0.1498323649670724,-0.0070335211713224,-0.0692028207859561,0.0732133363446161,0.8109447394473877,0.1890552605526123,0.97,1.0,1.0,True
CHARLS,4,intercept_only,0.3,100,100,1.0,3915,1566,1566,307,1174.0,1174.0,239.0,239.0,0.6528732539397123,0.1496835454233969,-0.007182340714998,-0.0389456239990767,0.053737055342914,0.8109447394473877,0.1890552605526123,1.0,1.0,1.0,True
CHARLS,4,intercept_only,0.4,100,100,1.0,3915,1566,1566,307,1566.0,1566.0,320.5,320.5,0.6528732539397123,0.1497217979292336,-0.0071440882091612,-0.0483573329629719,0.0489269988344812,0.8109447394473877,0.1890552605526123,1.0,1.0,1.0,True
CHARLS,4,intercept_only,0.5,100,100,1.0,3915,1566,1566,307,1957.0,1957.0,401.0,401.0,0.6528732539397123,0.1497380235735376,-0.0071278625648572,-0.0520480520045959,0.0520480520045959,0.8109447394473877,0.1890552605526123,1.0,1.0,1.0,True
CHARLS,4,intercept_only,0.6,100,100,1.0,3915,1566,1566,307,2349.0,2349.0,480.0,480.0,0.6528732539397123,0.1497295354590869,-0.007136350679308,-0.0501379305008589,0.0501379305008589,0.8109447394473877,0.1890552605526123,1.0,1.0,1.0,True
CHARLS,4,none,0.0,1,1,1.0,3915,1566,1566,307,0.0,0.0,0.0,0.0,0.6528732539397123,0.1568658861383949,0.0,0.716185714082124,0.716185714082124,0.8109447394473877,0.1890552605526123,0.0,1.0,1.0,False
CHARLS,5,intercept_and_slope,0.05,100,100,1.0,3915,1566,1566,302,195.0,195.0,41.0,41.0,0.6641653219046022,0.1461888175659343,-0.0059218804588217,-0.1044453751236963,0.1501082297384885,1.0720382840988698,0.189915003746502,0.62,0.99,0.98,False
CHARLS,5,intercept_and_slope,0.1,100,100,1.0,3915,1566,1566,302,391.0,391.0,80.0,80.0,0.6641653219046022,0.1454746540724903,-0.0066360439522657,-0.0652286306809714,0.0787206903468547,1.04485008456955,0.1351678500550691,0.84,1.0,1.0,False
CHARLS,5,intercept_and_slope,0.2,100,100,1.0,3915,1566,1566,302,783.0,783.0,162.0,162.0,0.6641653219046022,0.145163293844816,-0.00694740417994,-0.0799173288250132,0.0799173288250132,1.0641909953482012,0.0994314973164266,0.97,1.0,1.0,True
CHARLS,5,intercept_and_slope,0.3,100,100,1.0,3915,1566,1566,302,1174.0,1174.0,242.0,242.0,0.6641653219046022,0.145104691400942,-0.0070060066238139,-0.0747291163280163,0.0747291163280163,1.0618241004103717,0.0776416007628929,0.98,1.0,1.0,True
CHARLS,5,intercept_and_slope,0.4,100,100,1.0,3915,1566,1566,302,1566.0,1566.0,325.0,325.0,0.6641653219046022,0.1451277863012404,-0.0069829117235156,-0.0844779862632453,0.0844779862632453,1.0829841902075188,0.0852566103746671,1.0,1.0,1.0,True
CHARLS,5,intercept_and_slope,0.5,100,100,1.0,3915,1566,1566,302,1957.0,1957.0,404.0,404.0,0.6641653219046022,0.1450736194439283,-0.0070370785808276,-0.0807075760567205,0.0807075760567205,1.0765027669447362,0.0765027669447362,1.0,1.0,1.0,True
CHARLS,5,intercept_and_slope,0.6,100,100,1.0,3915,1566,1566,302,2349.0,2349.0,485.0,485.0,0.6641653219046022,0.1450405320392073,-0.0070701659855486,-0.0806483217717879,0.0806483217717879,1.0720072459209258,0.0720072459209257,1.0,1.0,1.0,True
CHARLS,5,intercept_only,0.05,100,100,1.0,3915,1566,1566,302,195.0,195.0,41.0,41.0,0.6641653219046022,0.1454465067800436,-0.0066641912447124,-0.1016115373566407,0.1533745544952241,0.8906148371768504,0.1093851628231495,0.59,0.99,0.99,False
CHARLS,5,intercept_only,0.1,100,100,1.0,3915,1566,1566,302,391.0,391.0,80.0,80.0,0.6641653219046022,0.1449791778914838,-0.0071315201332722,-0.0694402992008019,0.0813876600390644,0.8906148371768504,0.1093851628231495,0.84,1.0,1.0,True
CHARLS,5,intercept_only,0.2,100,100,1.0,3915,1566,1566,302,783.0,783.0,162.0,162.0,0.6641653219046022,0.1450080675865036,-0.0071026304382523,-0.0777665272368494,0.0777665272368494,0.8906148371768504,0.1093851628231495,0.97,1.0,1.0,True
CHARLS,5,intercept_only,0.3,100,100,1.0,3915,1566,1566,302,1174.0,1174.0,242.0,242.0,0.6641653219046022,0.1450022751897392,-0.0071084228350167,-0.0766043441986979,0.0766043441986979,0.8906148371768504,0.1093851628231495,0.98,1.0,1.0,True
CHARLS,5,intercept_only,0.4,100,100,1.0,3915,1566,1566,302,1566.0,1566.0,325.0,325.0,0.6641653219046022,0.1450439448706298,-0.0070667531541261,-0.0846529535838282,0.0846529535838282,0.8906148371768504,0.1093851628231495,1.0,1.0,1.0,True
CHARLS,5,intercept_only,0.5,100,100,1.0,3915,1566,1566,302,1957.0,1957.0,404.0,404.0,0.6641653219046022,0.1450188600663884,-0.0070918379583675,-0.0798892285104964,0.0798892285104964,0.8906148371768504,0.1093851628231495,1.0,1.0,1.0,True
CHARLS,5,intercept_only,0.6,100,100,1.0,3915,1566,1566,302,2349.0,2349.0,485.0,485.0,0.6641653219046022,0.1450219743519718,-0.0070887236727841,-0.0804932926498176,0.0804932926498176,0.8906148371768504,0.1093851628231495,1.0,1.0,1.0,True
CHARLS,5,none,0.0,1,1,1.0,3915,1566,1566,302,0.0,0.0,0.0,0.0,0.6641653219046022,0.152110698024756,0.0,0.6975320641386096,0.6975320641386096,0.8906148371768504,0.1093851628231495,0.0,1.0,1.0,False
CHARLS,6,intercept_and_slope,0.05,100,100,1.0,3915,1566,1566,305,195.0,195.0,41.0,41.0,0.6757179443844984,0.1465306668866279,-0.0067638067495179,-0.0808074423001442,0.1432556742014316,1.140509146943176,0.238830598587279,0.68,1.0,0.97,False
CHARLS,6,intercept_and_slope,0.1,100,100,1.0,3915,1566,1566,305,391.0,391.0,80.0,80.0,0.6757179443844984,0.1460595803304397,-0.0072348933057061,-0.0443646781157645,0.0876504713092807,1.1723983674208034,0.1996177652831908,0.88,1.0,1.0,False
CHARLS,6,intercept_and_slope,0.2,100,100,1.0,3915,1566,1566,305,783.0,783.0,162.0,162.0,0.6757179443844984,0.1457861369637037,-0.0075083366724421,-0.0689986022697324,0.0716007751198446,1.1653417389805705,0.1656980184124117,0.97,1.0,1.0,False
CHARLS,6,intercept_and_slope,0.3,100,100,1.0,3915,1566,1566,305,1174.0,1174.0,242.0,242.0,0.6757179443844984,0.1456580550867547,-0.0076364185493912,-0.0639360899456391,0.0639360899456391,1.1319752759172497,0.1319752759172495,1.0,1.0,1.0,False
CHARLS,6,intercept_and_slope,0.4,100,100,1.0,3915,1566,1566,305,1566.0,1566.0,322.0,322.0,0.6757179443844984,0.1456579445007226,-0.0076365291354232,-0.0621765985943253,0.0621765985943253,1.148870763672308,0.148870763672308,1.0,1.0,1.0,False
CHARLS,6,intercept_and_slope,0.5,100,100,1.0,3915,1566,1566,305,1957.0,1957.0,402.0,402.0,0.6757179443844984,0.1456313664617186,-0.0076631071744272,-0.0571470927848502,0.0571470927848502,1.156619982357319,0.1566199823573191,1.0,1.0,1.0,False
CHARLS,6,intercept_and_slope,0.6,100,100,1.0,3915,1566,1566,305,2349.0,2349.0,482.0,482.0,0.6757179443844984,0.145616127033419,-0.0076783466027268,-0.0569173695233627,0.0569173695233627,1.161301120888058,0.1613011208880579,1.0,1.0,1.0,False
CHARLS,6,intercept_only,0.05,100,100,1.0,3915,1566,1566,305,195.0,195.0,41.0,41.0,0.6757179443844984,0.1458044802045669,-0.007489993431579,-0.0814694434542549,0.1415304319248709,0.9341417980952134,0.0658582019047866,0.66,1.0,1.0,False
CHARLS,6,intercept_only,0.1,100,100,1.0,3915,1566,1566,305,391.0,391.0,80.0,80.0,0.6757179443844984,0.1454814567860844,-0.0078130168500614,-0.0426550011911869,0.0876374591150756,0.9341417980952134,0.0658582019047866,0.88,1.0,1.0,True
CHARLS,6,intercept_only,0.2,100,100,1.0,3915,1566,1566,305,783.0,783.0,162.0,162.0,0.6757179443844984,0.1454304261340007,-0.0078640475021452,-0.0670918469750235,0.0675770305668245,0.9341417980952134,0.0658582019047866,0.96,1.0,1.0,True
CHARLS,6,intercept_only,0.3,100,100,1.0,3915,1566,1566,305,1174.0,1174.0,242.0,242.0,0.6757179443844984,0.145421825027359,-0.0078726486087868,-0.0652911506435352,0.0652911506435352,0.9341417980952134,0.0658582019047866,1.0,1.0,1.0,True
CHARLS,6,intercept_only,0.4,100,100,1.0,3915,1566,1566,305,1566.0,1566.0,322.0,322.0,0.6757179443844984,0.1454080161092323,-0.0078864575269135,-0.0618145804154451,0.0618145804154451,0.9341417980952134,0.0658582019047866,1.0,1.0,1.0,True
CHARLS,6,intercept_only,0.5,100,100,1.0,3915,1566,1566,305,1957.0,1957.0,402.0,402.0,0.6757179443844984,0.1453852077179956,-0.0079092659181502,-0.0556840052938326,0.0556840052938326,0.9341417980952134,0.0658582019047866,1.0,1.0,1.0,True
CHARLS,6,intercept_only,0.6,100,100,1.0,3915,1566,1566,305,2349.0,2349.0,482.0,482.0,0.6757179443844984,0.145388127904059,-0.0079063457320869,-0.0565009418594611,0.0565009418594611,0.9341417980952134,0.0658582019047866,1.0,1.0,1.0,True
CHARLS,6,none,0.0,1,1,1.0,3915,1566,1566,305,0.0,0.0,0.0,0.0,0.6757179443844984,0.1532944736361459,0.0,0.7122182388267629,0.7122182388267629,0.9341417980952134,0.0658582019047866,0.0,1.0,1.0,False
CHARLS,7,intercept_and_slope,0.05,100,100,1.0,3915,1566,1566,301,195.0,195.0,40.0,40.0,0.6604362270691897,0.1474600460095033,-0.0058513870019466,-0.0748344890469248,0.1294218657671296,0.9681832531089224,0.1882063777833919,0.66,1.0,1.0,False
CHARLS,7,intercept_and_slope,0.1,100,100,1.0,3915,1566,1566,301,391.0,391.0,79.0,79.0,0.6604362270691897,0.146743465265629,-0.0065679677458209,-0.060276076121215,0.0908678032257238,0.934363398757874,0.1509241684425831,0.84,1.0,1.0,False
CHARLS,7,intercept_and_slope,0.2,100,100,1.0,3915,1566,1566,301,783.0,783.0,162.0,162.0,0.6604362270691897,0.1465099386397053,-0.0068014943717445,-0.079626717463748,0.0838579008783658,0.987470228022141,0.1023247420445865,0.96,1.0,1.0,False
CHARLS,7,intercept_and_slope,0.3,100,100,1.0,3915,1566,1566,301,1174.0,1174.0,241.5,241.5,0.6604362270691897,0.1463334660035267,-0.0069779670079231,-0.07198544488834,0.07198544488834,0.9619050517189782,0.0502191939858331,0.98,1.0,1.0,True
CHARLS,7,intercept_and_slope,0.4,100,100,1.0,3915,1566,1566,301,1566.0,1566.0,323.0,323.0,0.6604362270691897,0.1463404358158283,-0.0069709971956216,-0.0766179257924562,0.0766179257924562,0.9736966657004048,0.0437516689208461,1.0,1.0,1.0,True
CHARLS,7,intercept_and_slope,0.5,100,100,1.0,3915,1566,1566,301,1957.0,1957.0,405.5,405.5,0.6604362270691897,0.1463428891973018,-0.0069685438141481,-0.0830039940544166,0.0830039940544166,0.9642829218527844,0.0374464569572414,1.0,1.0,1.0,True
CHARLS,7,intercept_and_slope,0.6,100,100,1.0,3915,1566,1566,301,2349.0,2349.0,486.0,486.0,0.6604362270691897,0.1463277525547667,-0.0069836804566832,-0.0798602948604797,0.0798602948604797,0.966489164734623,0.033510835265377,1.0,1.0,1.0,True
CHARLS,7,intercept_only,0.05,100,100,1.0,3915,1566,1566,301,195.0,195.0,40.0,40.0,0.6604362270691897,0.1466850181374176,-0.0066264148740323,-0.0623985485737399,0.1231346570220131,0.8364172287479185,0.1635827712520815,0.65,1.0,1.0,False
CHARLS,7,intercept_only,0.1,100,100,1.0,3915,1566,1566,301,391.0,391.0,79.0,79.0,0.6604362270691897,0.1465542522286572,-0.0067571807827927,-0.0576345759426982,0.0903911629285528,0.8364172287479185,0.1635827712520815,0.85,1.0,1.0,True
CHARLS,7,intercept_only,0.2,100,100,1.0,3915,1566,1566,301,783.0,783.0,162.0,162.0,0.6604362270691897,0.1465797845909336,-0.0067316484205163,-0.0784789235850743,0.0831735908576329,0.8364172287479185,0.1635827712520815,0.96,1.0,1.0,True
CHARLS,7,intercept_only,0.3,100,100,1.0,3915,1566,1566,301,1174.0,1174.0,241.5,241.5,0.6604362270691897,0.1465369824524396,-0.0067744505590103,-0.0704181016605971,0.0704181016605971,0.8364172287479185,0.1635827712520815,0.98,1.0,1.0,True
CHARLS,7,intercept_only,0.4,100,100,1.0,3915,1566,1566,301,1566.0,1566.0,323.0,323.0,0.6604362270691897,0.1465684734101828,-0.0067429596012671,-0.076406897971167,0.076406897971167,0.8364172287479185,0.1635827712520815,1.0,1.0,1.0,True
CHARLS,7,intercept_only,0.5,100,100,1.0,3915,1566,1566,301,1957.0,1957.0,405.5,405.5,0.6604362270691897,0.1465985169899624,-0.0067129160214874,-0.081819340128568,0.081819340128568,0.8364172287479185,0.1635827712520815,1.0,1.0,1.0,True
CHARLS,7,intercept_only,0.6,100,100,1.0,3915,1566,1566,301,2349.0,2349.0,486.0,486.0,0.6604362270691897,0.1465866939712218,-0.0067247390402281,-0.0797233650126354,0.0797233650126354,0.8364172287479185,0.1635827712520815,1.0,1.0,1.0,True
CHARLS,7,none,0.0,1,1,1.0,3915,1566,1566,301,0.0,0.0,0.0,0.0,0.6604362270691897,0.1533114330114499,0.0,0.6980138361899064,0.6980138361899064,0.8364172287479185,0.1635827712520815,0.0,1.0,1.0,False
CHARLS,8,intercept_and_slope,0.05,100,100,1.0,3915,1566,1566,336,195.0,195.0,37.0,37.0,0.6423465931087883,0.1614409302493146,-0.0088369725971242,0.181546050661208,0.181546050661208,0.7839314063993006,0.251378683270118,0.55,1.0,1.0,False
CHARLS,8,intercept_and_slope,0.1,100,100,1.0,3915,1566,1566,336,391.0,391.0,76.0,76.0,0.6423465931087883,0.1604996579401408,-0.009778244906298,0.1197196011291728,0.1197831508687467,0.8177830636733563,0.2059100864724153,0.75,1.0,1.0,False
CHARLS,8,intercept_and_slope,0.2,100,100,1.0,3915,1566,1566,336,783.0,783.0,149.5,149.5,0.6423465931087883,0.1603395770563126,-0.0099383257901262,0.1496059466593936,0.1496059466593936,0.7875673257066382,0.2124326742933618,0.78,1.0,1.0,False
CHARLS,8,intercept_and_slope,0.3,100,100,1.0,3915,1566,1566,336,1174.0,1174.0,227.0,227.0,0.6423465931087883,0.1601686310484664,-0.0101092717979724,0.1209782239463583,0.1209782239463583,0.8191427129002001,0.1808572870997998,0.88,1.0,1.0,False
CHARLS,8,intercept_and_slope,0.4,100,100,1.0,3915,1566,1566,336,1566.0,1566.0,301.0,301.0,0.6423465931087883,0.160166834694318,-0.0101110681521207,0.1322785690071661,0.1322785690071661,0.8093612976636446,0.1906387023363553,0.97,1.0,1.0,False
CHARLS,8,intercept_and_slope,0.5,100,100,1.0,3915,1566,1566,336,1957.0,1957.0,373.5,373.5,0.6423465931087883,0.1601478406063893,-0.0101300622400494,0.1391135474835797,0.1391135474835797,0.8165050205251231,0.1834949794748769,1.0,1.0,1.0,False
CHARLS,8,intercept_and_slope,0.6,100,100,1.0,3915,1566,1566,336,2349.0,2349.0,451.0,451.0,0.6423465931087883,0.1601058587090355,-0.0101720441374033,0.1354164999184378,0.1354164999184378,0.8137556047947799,0.18624439520522,1.0,1.0,1.0,False
CHARLS,8,intercept_only,0.05,100,100,1.0,3915,1566,1566,336,195.0,195.0,37.0,37.0,0.6423465931087883,0.1606937801494271,-0.0095841226970117,0.1769187572054092,0.1769187572054092,0.7541645873021405,0.2458354126978594,0.54,1.0,1.0,False
CHARLS,8,intercept_only,0.1,100,100,1.0,3915,1566,1566,336,391.0,391.0,76.0,76.0,0.6423465931087883,0.1602793939902254,-0.0099985088562134,0.1182010632413256,0.123228857720989,0.7541645873021405,0.2458354126978594,0.74,1.0,1.0,False
CHARLS,8,intercept_only,0.2,100,100,1.0,3915,1566,1566,336,783.0,783.0,149.5,149.5,0.6423465931087883,0.1603332281661402,-0.0099446746802985,0.1508103932705478,0.1508103932705478,0.7541645873021405,0.2458354126978594,0.77,1.0,1.0,False
CHARLS,8,intercept_only,0.3,100,100,1.0,3915,1566,1566,336,1174.0,1174.0,227.0,227.0,0.6423465931087883,0.1602201303049095,-0.0100577725415292,0.1209057949855946,0.1209057949855946,0.7541645873021405,0.2458354126978594,0.88,1.0,1.0,False
CHARLS,8,intercept_only,0.4,100,100,1.0,3915,1566,1566,336,1566.0,1566.0,301.0,301.0,0.6423465931087883,0.1602553504817691,-0.0100225523646697,0.1314720601517883,0.1314720601517883,0.7541645873021405,0.2458354126978594,0.96,1.0,1.0,False
CHARLS,8,intercept_only,0.5,100,100,1.0,3915,1566,1566,336,1957.0,1957.0,373.5,373.5,0.6423465931087883,0.1602864066836611,-0.0099914961627777,0.1397426071833687,0.1397426071833687,0.7541645873021405,0.2458354126978594,1.0,1.0,1.0,False
CHARLS,8,intercept_only,0.6,100,100,1.0,3915,1566,1566,336,2349.0,2349.0,451.0,451.0,0.6423465931087883,0.1602723006474883,-0.0100056021989504,0.1360869903126919,0.1360869903126919,0.7541645873021405,0.2458354126978594,1.0,1.0,1.0,False
CHARLS,8,none,0.0,1,1,1.0,3915,1566,1566,336,0.0,0.0,0.0,0.0,0.6423465931087883,0.1702779028464388,0.0,0.826586349960066,0.826586349960066,0.7541645873021405,0.2458354126978594,0.0,1.0,1.0,False
CHARLS,9,intercept_and_slope,0.05,100,100,1.0,3915,1566,1566,307,195.0,195.0,40.0,40.0,0.6515783427724294,0.1487296084871839,-0.0068362754168593,-0.0183947654952473,0.1237404334832225,0.8913376215768483,0.2093382185085256,0.71,1.0,1.0,False
CHARLS,9,intercept_and_slope,0.1,100,100,1.0,3915,1566,1566,307,391.0,391.0,78.0,78.0,0.6515783427724294,0.1483261291383671,-0.007239754765676,0.0066044912702966,0.0852238789954463,0.9379013637001108,0.153689809000485,0.92,1.0,1.0,False
CHARLS,9,intercept_and_slope,0.2,100,100,1.0,3915,1566,1566,307,783.0,783.0,158.5,158.5,0.6515783427724294,0.147949189585722,-0.0076166943183211,-0.0047050707194843,0.0443147875551594,0.9429709946036132,0.106832695737756,1.0,1.0,1.0,False
CHARLS,9,intercept_and_slope,0.3,100,100,1.0,3915,1566,1566,307,1174.0,1174.0,240.0,240.0,0.6515783427724294,0.1478831600620788,-0.0076827238419643,-0.0166649915056897,0.0356271951386675,0.9515914247436206,0.0689646537201823,1.0,1.0,1.0,True
CHARLS,9,intercept_and_slope,0.4,100,100,1.0,3915,1566,1566,307,1566.0,1566.0,320.0,320.0,0.6515783427724294,0.1478389646928649,-0.0077269192111783,-0.0172496712793204,0.0301393355289729,0.941207144239592,0.0644393228158061,1.0,1.0,1.0,True
CHARLS,9,intercept_and_slope,0.5,100,100,1.0,3915,1566,1566,307,1957.0,1957.0,398.0,398.0,0.6515783427724294,0.1478200592515579,-0.0077458246524852,-0.0173170409720813,0.0197612611659308,0.94774811306458,0.05225188693542,1.0,1.0,1.0,True
CHARLS,9,intercept_and_slope,0.6,100,100,1.0,3915,1566,1566,307,2349.0,2349.0,480.0,480.0,0.6515783427724294,0.1477999327809173,-0.0077659511231258,-0.0170217776910012,0.0170217776910012,0.9463399800697324,0.0536600199302675,1.0,1.0,1.0,True
CHARLS,9,intercept_only,0.05,100,100,1.0,3915,1566,1566,307,195.0,195.0,40.0,40.0,0.6515783427724294,0.1482898313753047,-0.0072760525287384,-0.000829661391046,0.124294466554517,0.8260764913164189,0.173923508683581,0.7,1.0,0.99,False
CHARLS,9,intercept_only,0.1,100,100,1.0,3915,1566,1566,307,391.0,391.0,78.0,78.0,0.6515783427724294,0.1480188558811671,-0.0075470280228761,0.0065723955090886,0.0913322243400557,0.8260764913164189,0.173923508683581,0.91,1.0,1.0,True
CHARLS,9,intercept_only,0.2,100,100,1.0,3915,1566,1566,307,783.0,783.0,158.5,158.5,0.6515783427724294,0.1479303545485445,-0.0076355293554987,-0.0011428120216559,0.0411440152007906,0.8260764913164189,0.173923508683581,1.0,1.0,1.0,True
CHARLS,9,intercept_only,0.3,100,100,1.0,3915,1566,1566,307,1174.0,1174.0,240.0,240.0,0.6515783427724294,0.1479223502150328,-0.0076435336890104,-0.011312004163636,0.037255637573698,0.8260764913164189,0.173923508683581,1.0,1.0,1.0,True
CHARLS,9,intercept_only,0.4,100,100,1.0,3915,1566,1566,307,1566.0,1566.0,320.0,320.0,0.6515783427724294,0.1479252073964159,-0.0076406765076273,-0.0127198070431267,0.0289859917212408,0.8260764913164189,0.173923508683581,1.0,1.0,1.0,True
CHARLS,9,intercept_only,0.5,100,100,1.0,3915,1566,1566,307,1957.0,1957.0,398.0,398.0,0.6515783427724294,0.1479278392489681,-0.0076380446550751,-0.0136516936986116,0.017023860172398,0.8260764913164189,0.173923508683581,1.0,1.0,1.0,True
CHARLS,9,intercept_only,0.6,100,100,1.0,3915,1566,1566,307,2349.0,2349.0,480.0,480.0,0.6515783427724294,0.147924332817769,-0.0076415510862741,-0.0124059792206703,0.0124059792206703,0.8260764913164189,0.173923508683581,1.0,1.0,1.0,True
CHARLS,9,none,0.0,1,1,1.0,3915,1566,1566,307,0.0,0.0,0.0,0.0,0.6515783427724294,0.1555658839040432,0.0,0.7388776297629549,0.7388776297629549,0.8260764913164189,0.173923508683581,0.0,1.0,1.0,False
CHARLS,10,intercept_and_slope,0.05,100,100,1.0,3915,1566,1566,330,195.0,195.0,38.5,38.5,0.6511253309796999,0.1590203579762619,-0.0085015807433332,0.053723083093193,0.1127340855015925,0.763707444780267,0.2621738355643193,0.76,1.0,1.0,False
CHARLS,10,intercept_and_slope,0.1,100,100,1.0,3915,1566,1566,330,391.0,391.0,76.0,76.0,0.6511253309796999,0.1585736534315792,-0.0089482852880158,0.0709763558737046,0.089455885002206,0.814118612706392,0.2008974692997311,0.84,1.0,1.0,False
CHARLS,10,intercept_and_slope,0.2,100,100,1.0,3915,1566,1566,330,783.0,783.0,151.0,151.0,0.6511253309796999,0.1583937520727723,-0.0091281866468228,0.088007425900537,0.0981723495306103,0.824406870818468,0.1808775643434359,0.89,1.0,1.0,False
CHARLS,10,intercept_and_slope,0.3,100,100,1.0,3915,1566,1566,330,1174.0,1174.0,226.0,226.0,0.6511253309796999,0.1581753112248047,-0.0093466274947903,0.0896974629167464,0.0896974629167464,0.8101029484845448,0.1898970515154552,0.98,1.0,1.0,False
CHARLS,10,intercept_and_slope,0.4,100,100,1.0,3915,1566,1566,330,1566.0,1566.0,305.0,305.0,0.6511253309796999,0.1580615307471484,-0.0094604079724467,0.0791884467942703,0.0791884467942703,0.81594265257248,0.1840573474275199,0.99,1.0,1.0,False
CHARLS,10,intercept_and_slope,0.5,100,100,1.0,3915,1566,1566,330,1957.0,1957.0,380.0,380.0,0.6511253309796999,0.1580766525353006,-0.0094452861842945,0.0799935049891287,0.0799935049891287,0.8091016731913613,0.1908983268086387,1.0,1.0,1.0,False
CHARLS,10,intercept_and_slope,0.6,100,100,1.0,3915,1566,1566,330,2349.0,2349.0,457.0,457.0,0.6511253309796999,0.1580625281780227,-0.0094594105415723,0.0761079605071042,0.0761079605071042,0.8101378455857103,0.1898621544142896,1.0,1.0,1.0,False
CHARLS,10,intercept_only,0.05,100,100,1.0,3915,1566,1566,330,195.0,195.0,38.5,38.5,0.6511253309796999,0.1586216662182132,-0.0089002725013818,0.0536769282863368,0.1047766811242734,0.7532517237130407,0.2467482762869592,0.76,1.0,1.0,False
CHARLS,10,intercept_only,0.1,100,100,1.0,3915,1566,1566,330,391.0,391.0,76.0,76.0,0.6511253309796999,0.1584008678552551,-0.0091210708643399,0.0642170977199989,0.0861389225534505,0.7532517237130407,0.2467482762869592,0.85,1.0,1.0,True
CHARLS,10,intercept_only,0.2,100,100,1.0,3915,1566,1566,330,783.0,783.0,151.0,151.0,0.6511253309796999,0.1584101146004467,-0.0091118241191483,0.0884402360621761,0.0985926281676527,0.7532517237130407,0.2467482762869592,0.89,1.0,1.0,True
CHARLS,10,intercept_only,0.3,100,100,1.0,3915,1566,1566,330,1174.0,1174.0,226.0,226.0,0.6511253309796999,0.1583690493799606,-0.0091528893396345,0.0888805593424746,0.0888805593424746,0.7532517237130407,0.2467482762869592,0.97,1.0,1.0,True
CHARLS,10,intercept_only,0.4,100,100,1.0,3915,1566,1566,330,1566.0,1566.0,305.0,305.0,0.6511253309796999,0.1583384279596787,-0.0091835107599163,0.0759553835767012,0.0759553835767012,0.7532517237130407,0.2467482762869592,0.99,1.0,1.0,True
CHARLS,10,intercept_only,0.5,100,100,1.0,3915,1566,1566,330,1957.0,1957.0,380.0,380.0,0.6511253309796999,0.1583341657690135,-0.0091877729505815,0.0783190693698778,0.0783190693698778,0.7532517237130407,0.2467482762869592,1.0,1.0,1.0,True
CHARLS,10,intercept_only,0.6,100,100,1.0,3915,1566,1566,330,2349.0,2349.0,457.0,457.0,0.6511253309796999,0.1583291662784649,-0.0091927724411302,0.0745550170098416,0.0745550170098416,0.7532517237130407,0.2467482762869592,1.0,1.0,1.0,True
CHARLS,10,none,0.0,1,1,1.0,3915,1566,1566,330,0.0,0.0,0.0,0.0,0.6511253309796999,0.1675219387195951,0.0,0.7905646037949666,0.7905646037949666,0.7532517237130407,0.2467482762869592,0.0,1.0,1.0,False
CHARLS,11,intercept_and_slope,0.05,100,100,1.0,3915,1566,1566,316,195.0,195.0,38.5,38.5,0.6677455696202531,0.1508116777084214,-0.0083640517040308,0.0545295600540741,0.1040480112258902,1.1125033062850485,0.2214161334825453,0.75,1.0,1.0,False
CHARLS,11,intercept_and_slope,0.1,100,100,1.0,3915,1566,1566,316,391.0,391.0,78.0,78.0,0.6677455696202531,0.1504021370221567,-0.0087735923902955,0.0282385366971923,0.0803376198202842,1.109226916222684,0.1460703417512204,0.88,1.0,1.0,False
CHARLS,11,intercept_and_slope,0.2,100,100,1.0,3915,1566,1566,316,783.0,783.0,157.5,157.5,0.6677455696202531,0.1501330543373398,-0.0090426750751124,0.0188631131299211,0.0446081055302324,1.118489295429808,0.1348816120047369,0.98,1.0,1.0,False
CHARLS,11,intercept_and_slope,0.3,100,100,1.0,3915,1566,1566,316,1174.0,1174.0,235.0,235.0,0.6677455696202531,0.1501074844719204,-0.0090682449405318,0.0311705967904246,0.0361718975022427,1.1218202695708452,0.1218202695708452,1.0,1.0,1.0,False
CHARLS,11,intercept_and_slope,0.4,100,100,1.0,3915,1566,1566,316,1566.0,1566.0,313.5,313.5,0.6677455696202531,0.1500914562341979,-0.0090842731782543,0.0319074688305857,0.0356963280697347,1.1237041812114734,0.1237041812114734,1.0,1.0,1.0,False
CHARLS,11,intercept_and_slope,0.5,100,100,1.0,3915,1566,1566,316,1957.0,1957.0,392.5,392.5,0.6677455696202531,0.1500359618095083,-0.0091397676029439,0.0264638349816625,0.0264638349816625,1.1101705415938072,0.1101705415938072,1.0,1.0,1.0,False
CHARLS,11,intercept_and_slope,0.6,100,100,1.0,3915,1566,1566,316,2349.0,2349.0,471.0,471.0,0.6677455696202531,0.1500634405383697,-0.0091122888740825,0.0271618265053599,0.0271618265053599,1.1273723045287336,0.1273723045287336,1.0,1.0,1.0,False
CHARLS,11,intercept_only,0.05,100,100,1.0,3915,1566,1566,316,195.0,195.0,38.5,38.5,0.6677455696202531,0.1500502310194194,-0.0091254983930329,0.0553791756215659,0.1165774971349516,0.9196350675154484,0.0803649324845516,0.77,1.0,1.0,False
CHARLS,11,intercept_only,0.1,100,100,1.0,3915,1566,1566,316,391.0,391.0,78.0,78.0,0.6677455696202531,0.1499392279075647,-0.0092365015048875,0.0269698053762729,0.0839856132141802,0.9196350675154484,0.0803649324845516,0.84,1.0,1.0,True
CHARLS,11,intercept_only,0.2,100,100,1.0,3915,1566,1566,316,783.0,783.0,157.5,157.5,0.6677455696202531,0.1498449665198898,-0.0093307628925624,0.0229957425605223,0.0493213034003174,0.9196350675154484,0.0803649324845516,0.98,1.0,1.0,True
CHARLS,11,intercept_only,0.3,100,100,1.0,3915,1566,1566,316,1174.0,1174.0,235.0,235.0,0.6677455696202531,0.1498093811750294,-0.0093663482374228,0.0373279260797582,0.0386900595186212,0.9196350675154484,0.0803649324845516,1.0,1.0,1.0,True
CHARLS,11,intercept_only,0.4,100,100,1.0,3915,1566,1566,316,1566.0,1566.0,313.5,313.5,0.6677455696202531,0.1498058962277522,-0.0093698331847,0.0400239315343825,0.0425901130545845,0.9196350675154484,0.0803649324845516,1.0,1.0,1.0,True
CHARLS,11,intercept_only,0.5,100,100,1.0,3915,1566,1566,316,1957.0,1957.0,392.5,392.5,0.6677455696202531,0.1497917628538581,-0.0093839665585942,0.0334898882097266,0.0334898882097266,0.9196350675154484,0.0803649324845516,1.0,1.0,1.0,True
CHARLS,11,intercept_only,0.6,100,100,1.0,3915,1566,1566,316,2349.0,2349.0,471.0,471.0,0.6677455696202531,0.1497882574011413,-0.0093874720113109,0.0337955129864622,0.0337955129864622,0.9196350675154484,0.0803649324845516,1.0,1.0,1.0,True
CHARLS,11,none,0.0,1,1,1.0,3915,1566,1566,316,0.0,0.0,0.0,0.0,0.6677455696202531,0.1591757294124522,0.0,0.7666596098838873,0.7666596098838873,0.9196350675154484,0.0803649324845516,0.0,1.0,1.0,False
CHARLS,12,intercept_and_slope,0.05,100,100,1.0,3915,1566,1566,303,195.0,195.0,40.0,40.0,0.6640744834578469,0.1470430729452416,-0.0060911219331084,-0.0881281221436393,0.1518374353684042,0.9991103403468437,0.2087646717444042,0.64,0.98,0.97,False
CHARLS,12,intercept_and_slope,0.1,100,100,1.0,3915,1566,1566,303,391.0,391.0,80.0,80.0,0.6640744834578469,0.1465040380129955,-0.0066301568653546,-0.0806646391322349,0.1000824555862067,1.027911483548589,0.161760181059827,0.86,1.0,1.0,False
CHARLS,12,intercept_and_slope,0.2,100,100,1.0,3915,1566,1566,303,783.0,783.0,163.0,163.0,0.6640744834578469,0.1463772536559933,-0.0067569412223567,-0.0933102639167164,0.0947958285752178,1.0582030535893874,0.1082307883364566,0.89,1.0,1.0,False
CHARLS,12,intercept_and_slope,0.3,100,100,1.0,3915,1566,1566,303,1174.0,1174.0,241.0,241.0,0.6640744834578469,0.1461430481049519,-0.0069911467733981,-0.0758971955857025,0.0758971955857025,1.036610663314817,0.0789865393347765,0.99,1.0,1.0,True
CHARLS,12,intercept_and_slope,0.4,100,100,1.0,3915,1566,1566,303,1566.0,1566.0,323.0,323.0,0.6640744834578469,0.146158652268257,-0.006975542610093,-0.0814947292446102,0.0814947292446102,1.053723768063061,0.0619694341594155,1.0,1.0,1.0,True
CHARLS,12,intercept_and_slope,0.5,100,100,1.0,3915,1566,1566,303,1957.0,1957.0,403.0,403.0,0.6640744834578469,0.1461067600099541,-0.0070274348683959,-0.0819552554035213,0.0819552554035213,1.0361072038992991,0.0387603486481445,1.0,1.0,1.0,True
CHARLS,12,intercept_and_slope,0.6,100,100,1.0,3915,1566,1566,303,2349.0,2349.0,484.0,484.0,0.6640744834578469,0.1460956319519158,-0.0070385629264343,-0.0829726628472592,0.0829726628472592,1.0343059540006545,0.0343059540006542,1.0,1.0,1.0,True
CHARLS,12,intercept_only,0.05,100,100,1.0,3915,1566,1566,303,195.0,195.0,40.0,40.0,0.6640744834578469,0.1464279593388421,-0.006706235539508,-0.0876076872870076,0.1505494894734777,0.8723086366292067,0.1276913633707933,0.64,1.0,1.0,False
CHARLS,12,intercept_only,0.1,100,100,1.0,3915,1566,1566,303,391.0,391.0,80.0,80.0,0.6640744834578469,0.1462022634019492,-0.0069319314764009,-0.0754080450187231,0.1003757207641153,0.8723086366292067,0.1276913633707933,0.85,1.0,1.0,False
CHARLS,12,intercept_only,0.2,100,100,1.0,3915,1566,1566,303,783.0,783.0,163.0,163.0,0.6640744834578469,0.1462795159198622,-0.0068546789584878,-0.0933263631299757,0.0940300499745906,0.8723086366292067,0.1276913633707933,0.9,1.0,1.0,True
CHARLS,12,intercept_only,0.3,100,100,1.0,3915,1566,1566,303,1174.0,1174.0,241.0,241.0,0.6640744834578469,0.1461695050984788,-0.0069646897798713,-0.0733576196652619,0.0751542593069757,0.8723086366292067,0.1276913633707933,0.99,1.0,1.0,True
CHARLS,12,intercept_only,0.4,100,100,1.0,3915,1566,1566,303,1566.0,1566.0,323.0,323.0,0.6640744834578469,0.1462111092953538,-0.0069230855829962,-0.0813686795157106,0.0813686795157106,0.8723086366292067,0.1276913633707933,1.0,1.0,1.0,True
CHARLS,12,intercept_only,0.5,100,100,1.0,3915,1566,1566,303,1957.0,1957.0,403.0,403.0,0.6640744834578469,0.146220822031712,-0.006913372846638,-0.0831501907049703,0.0831501907049703,0.8723086366292067,0.1276913633707933,1.0,1.0,1.0,True
CHARLS,12,intercept_only,0.6,100,100,1.0,3915,1566,1566,303,2349.0,2349.0,484.0,484.0,0.6640744834578469,0.1462247876531823,-0.0069094072251678,-0.0838697228545174,0.0838697228545174,0.8723086366292067,0.1276913633707933,1.0,1.0,1.0,True
CHARLS,12,none,0.0,1,1,1.0,3915,1566,1566,303,0.0,0.0,0.0,0.0,0.6640744834578469,0.1531341948783501,0.0,0.6956531633148852,0.6956531633148852,0.8723086366292067,0.1276913633707933,0.0,1.0,1.0,False
CHARLS,13,intercept_and_slope,0.05,100,100,1.0,3915,1566,1566,313,195.0,195.0,40.0,40.0,0.6553995650056478,0.1520422825330591,-0.007234686678226,-0.0146098368839554,0.1421166054364524,0.963915509762438,0.1857009122993091,0.66,1.0,0.99,False
CHARLS,13,intercept_and_slope,0.1,100,100,1.0,3915,1566,1566,313,391.0,391.0,78.5,78.5,0.6553995650056478,0.1514458800015772,-0.0078310892097079,0.0024667183954321,0.0762928324940659,0.9327390298940884,0.1543525704641787,0.87,1.0,1.0,False
CHARLS,13,intercept_and_slope,0.2,100,100,1.0,3915,1566,1566,313,783.0,783.0,160.0,160.0,0.6553995650056478,0.1511313620395295,-0.0081456071717556,-0.0209586349734879,0.0517876660080643,0.9313461789881956,0.1021004284488547,1.0,1.0,1.0,False
CHARLS,13,intercept_and_slope,0.3,100,100,1.0,3915,1566,1566,313,1174.0,1174.0,237.0,237.0,0.6553995650056478,0.1510316435971472,-0.0082453256141378,-0.0118579696066612,0.035314158143593,0.9471465931370976,0.0676109337815165,1.0,1.0,1.0,True
CHARLS,13,intercept_and_slope,0.4,100,100,1.0,3915,1566,1566,313,1566.0,1566.0,316.0,316.0,0.6553995650056478,0.1510111486704812,-0.0082658205408039,-0.0065254818574658,0.0301858894719049,0.9107798960300048,0.0915746033094052,1.0,1.0,1.0,True
CHARLS,13,intercept_and_slope,0.5,100,100,1.0,3915,1566,1566,313,1957.0,1957.0,394.0,394.0,0.6553995650056478,0.1509641197718016,-0.0083128494394835,-0.0063495885115455,0.0135638705697707,0.929971154053627,0.070028845946373,1.0,1.0,1.0,True
CHARLS,13,intercept_and_slope,0.6,100,100,1.0,3915,1566,1566,313,2349.0,2349.0,474.0,474.0,0.6553995650056478,0.1509559233512914,-0.0083210458599937,-0.0061216825840148,0.0061216825840148,0.9245168567743678,0.0754831432256322,1.0,1.0,1.0,True
CHARLS,13,intercept_only,0.05,100,100,1.0,3915,1566,1566,313,195.0,195.0,40.0,40.0,0.6553995650056478,0.1517022045322562,-0.0075747646790289,-0.0129937775096258,0.1358977515618505,0.8139247000417494,0.1860752999582505,0.66,1.0,1.0,False
CHARLS,13,intercept_only,0.1,100,100,1.0,3915,1566,1566,313,391.0,391.0,78.5,78.5,0.6553995650056478,0.151336328305709,-0.0079406409055761,0.006696644764651,0.0753286032509313,0.8139247000417494,0.1860752999582505,0.87,1.0,1.0,True
CHARLS,13,intercept_only,0.2,100,100,1.0,3915,1566,1566,313,783.0,783.0,160.0,160.0,0.6553995650056478,0.1512595275749302,-0.0080174416363549,-0.0212369902958513,0.0523079621585115,0.8139247000417494,0.1860752999582505,1.0,1.0,1.0,True
CHARLS,13,intercept_only,0.3,100,100,1.0,3915,1566,1566,313,1174.0,1174.0,237.0,237.0,0.6553995650056478,0.1512019877803523,-0.0080749814309328,-0.0113078992710662,0.0360401990162194,0.8139247000417494,0.1860752999582505,1.0,1.0,1.0,True
CHARLS,13,intercept_only,0.4,100,100,1.0,3915,1566,1566,313,1566.0,1566.0,316.0,316.0,0.6553995650056478,0.1511865404375835,-0.0080904287737016,-0.0057804513468337,0.0299733255677709,0.8139247000417494,0.1860752999582505,1.0,1.0,1.0,True
CHARLS,13,intercept_only,0.5,100,100,1.0,3915,1566,1566,313,1957.0,1957.0,394.0,394.0,0.6553995650056478,0.1511806984681216,-0.0080962707431635,-0.0046858414104595,0.0154269852798255,0.8139247000417494,0.1860752999582505,1.0,1.0,1.0,True
CHARLS,13,intercept_only,0.6,100,100,1.0,3915,1566,1566,313,2349.0,2349.0,474.0,474.0,0.6553995650056478,0.1511807328741805,-0.0080962363371046,-0.0047028481881353,0.0047028481881353,0.8139247000417494,0.1860752999582505,1.0,1.0,1.0,True
CHARLS,13,none,0.0,1,1,1.0,3915,1566,1566,313,0.0,0.0,0.0,0.0,0.6553995650056478,0.1592769692112851,0.0,0.7435804730083097,0.7435804730083097,0.8139247000417494,0.1860752999582505,0.0,1.0,1.0,False
CHARLS,14,intercept_and_slope,0.05,100,100,1.0,3915,1566,1566,313,195.0,195.0,40.0,40.0,0.6839113284666322,0.1485141816073176,-0.0074423963935639,-0.053678010067381,0.1188530652223214,1.2289332425399655,0.2593701641800551,0.74,0.97,0.97,False
CHARLS,14,intercept_and_slope,0.1,100,100,1.0,3915,1566,1566,313,391.0,391.0,80.0,80.0,0.6839113284666322,0.1482075558164084,-0.0077490221844731,-0.0337324771152532,0.0993521412856968,1.2512027804885597,0.2665839498341957,0.86,1.0,1.0,False
CHARLS,14,intercept_and_slope,0.2,100,100,1.0,3915,1566,1566,313,783.0,783.0,158.5,158.5,0.6839113284666322,0.1477618442528229,-0.0081947337480586,-0.0243455557903907,0.0519656557986259,1.2163320323937672,0.216332032393767,0.99,1.0,1.0,False
CHARLS,14,intercept_and_slope,0.3,100,100,1.0,3915,1566,1566,313,1174.0,1174.0,235.0,235.0,0.6839113284666322,0.1477233848185413,-0.0082331931823402,-0.0197916863352073,0.0352660066292788,1.2190974500276706,0.2190974500276705,1.0,1.0,1.0,False
CHARLS,14,intercept_and_slope,0.4,100,100,1.0,3915,1566,1566,313,1566.0,1566.0,315.0,315.0,0.6839113284666322,0.1476375317538436,-0.0083190462470378,-0.0237837304714517,0.0300720645962065,1.2106385213636868,0.2106385213636866,1.0,1.0,1.0,False
CHARLS,14,intercept_and_slope,0.5,100,100,1.0,3915,1566,1566,313,1957.0,1957.0,395.5,395.5,0.6839113284666322,0.1476389612678376,-0.0083176167330439,-0.0283557530803393,0.0289099741358669,1.2175820072365608,0.2175820072365609,1.0,1.0,1.0,False
CHARLS,14,intercept_and_slope,0.6,100,100,1.0,3915,1566,1566,313,2349.0,2349.0,474.0,474.0,0.6839113284666322,0.14762959675517,-0.0083269812457114,-0.0272712034097997,0.0272712034097997,1.2224431909097844,0.2224431909097843,1.0,1.0,1.0,False
CHARLS,14,intercept_only,0.05,100,100,1.0,3915,1566,1566,313,195.0,195.0,40.0,40.0,0.6839113284666322,0.1475505535245766,-0.0084060244763049,-0.052219265714765,0.1165622174318805,0.9598481892047837,0.0401518107952163,0.72,1.0,1.0,False
CHARLS,14,intercept_only,0.1,100,100,1.0,3915,1566,1566,313,391.0,391.0,80.0,80.0,0.6839113284666322,0.1474812287903603,-0.0084753492105212,-0.040128269973538,0.1054397157313744,0.9598481892047837,0.0401518107952163,0.83,1.0,1.0,False
CHARLS,14,intercept_only,0.2,100,100,1.0,3915,1566,1566,313,783.0,783.0,158.5,158.5,0.6839113284666322,0.1472589944140924,-0.0086975835867891,-0.026399714274707,0.0553327244672282,0.9598481892047837,0.0401518107952163,0.98,1.0,1.0,True
CHARLS,14,intercept_only,0.3,100,100,1.0,3915,1566,1566,313,1174.0,1174.0,235.0,235.0,0.6839113284666322,0.1472266120197095,-0.008729965981172,-0.0219022510810791,0.0396026245104657,0.9598481892047837,0.0401518107952163,1.0,1.0,1.0,True
CHARLS,14,intercept_only,0.4,100,100,1.0,3915,1566,1566,313,1566.0,1566.0,315.0,315.0,0.6839113284666322,0.1472247879956917,-0.0087317900051898,-0.0285959395883126,0.0335086496697205,0.9598481892047837,0.0401518107952163,1.0,1.0,1.0,True
CHARLS,14,intercept_only,0.5,100,100,1.0,3915,1566,1566,313,1957.0,1957.0,395.5,395.5,0.6839113284666322,0.147226895843488,-0.0087296821573935,-0.0316651150219828,0.0319332199353915,0.9598481892047837,0.0401518107952163,1.0,1.0,1.0,True
CHARLS,14,intercept_only,0.6,100,100,1.0,3915,1566,1566,313,2349.0,2349.0,474.0,474.0,0.6839113284666322,0.1472257705971326,-0.0087308074037488,-0.031097269153869,0.031097269153869,0.9598481892047837,0.0401518107952163,1.0,1.0,1.0,True
CHARLS,14,none,0.0,1,1,1.0,3915,1566,1566,313,0.0,0.0,0.0,0.0,0.6839113284666322,0.1559565780008815,0.0,0.7277199082975553,0.7277199082975553,0.9598481892047837,0.0401518107952163,0.0,1.0,1.0,False
CHARLS,15,intercept_and_slope,0.05,100,100,1.0,3915,1566,1566,320,195.0,195.0,39.0,39.0,0.662581510834671,0.1536536983950354,-0.0077707548944797,-0.0017908057519559,0.1063777133401324,0.9671062590029832,0.1938340503200805,0.79,0.99,0.99,False
CHARLS,15,intercept_and_slope,0.1,100,100,1.0,3915,1566,1566,320,391.0,391.0,76.0,76.0,0.662581510834671,0.1530758857083004,-0.0083485675812147,0.0377010558771577,0.0855994352723368,0.8792931744883159,0.1461477705625775,0.89,1.0,1.0,False
CHARLS,15,intercept_and_slope,0.2,100,100,1.0,3915,1566,1566,320,783.0,783.0,153.0,153.0,0.662581510834671,0.1528569477256221,-0.0085675055638931,0.0251248191130037,0.0501363716953602,0.913686346905848,0.1178667551962105,0.96,1.0,1.0,False
CHARLS,15,intercept_and_slope,0.3,100,100,1.0,3915,1566,1566,320,1174.0,1174.0,233.0,233.0,0.662581510834671,0.1527353390346191,-0.008689114254896,0.0188669794808647,0.0365144681385665,0.919602932918036,0.0849526493278348,1.0,1.0,1.0,True
CHARLS,15,intercept_and_slope,0.4,100,100,1.0,3915,1566,1566,320,1566.0,1566.0,311.0,311.0,0.662581510834671,0.1526944545072003,-0.0087299987823149,0.0102122838965057,0.0224294144939217,0.914154030706704,0.0858459692932959,1.0,1.0,1.0,True
CHARLS,15,intercept_and_slope,0.5,100,100,1.0,3915,1566,1566,320,1957.0,1957.0,390.0,390.0,0.662581510834671,0.1526574398517662,-0.008767013437749,0.0105790638010555,0.0181682655474887,0.926139134295283,0.0738608657047169,1.0,1.0,1.0,True
CHARLS,15,intercept_and_slope,0.6,100,100,1.0,3915,1566,1566,320,2349.0,2349.0,467.0,467.0,0.662581510834671,0.152640954081007,-0.0087834992085081,0.012790856615967,0.012790856615967,0.9250583425257202,0.0749416574742798,1.0,1.0,1.0,True
CHARLS,15,intercept_only,0.05,100,100,1.0,3915,1566,1566,320,195.0,195.0,39.0,39.0,0.662581510834671,0.1531806101305156,-0.0082438431589996,-0.0076824273266819,0.107411363578038,0.8161850351142076,0.1838149648857924,0.79,0.99,0.99,False
CHARLS,15,intercept_only,0.1,100,100,1.0,3915,1566,1566,320,391.0,391.0,76.0,76.0,0.662581510834671,0.1529962496667855,-0.0084282036227296,0.0328471564470494,0.08798055430891,0.8161850351142076,0.1838149648857924,0.88,1.0,1.0,True
CHARLS,15,intercept_only,0.2,100,100,1.0,3915,1566,1566,320,783.0,783.0,153.0,153.0,0.662581510834671,0.1528984324721068,-0.0085260208174083,0.0200906905294852,0.0515365245568888,0.8161850351142076,0.1838149648857924,0.96,1.0,1.0,True
CHARLS,15,intercept_only,0.3,100,100,1.0,3915,1566,1566,320,1174.0,1174.0,233.0,233.0,0.662581510834671,0.1528851625143961,-0.0085392907751191,0.0138629311774345,0.035898243228936,0.8161850351142076,0.1838149648857924,1.0,1.0,1.0,True
CHARLS,15,intercept_only,0.4,100,100,1.0,3915,1566,1566,320,1566.0,1566.0,311.0,311.0,0.662581510834671,0.1528761561572762,-0.008548297132239,0.0071336193404283,0.0233082684920729,0.8161850351142076,0.1838149648857924,1.0,1.0,1.0,True
CHARLS,15,intercept_only,0.5,100,100,1.0,3915,1566,1566,320,1957.0,1957.0,390.0,390.0,0.662581510834671,0.1528693065127548,-0.0085551467767604,0.0076699357327358,0.0174809347065424,0.8161850351142076,0.1838149648857924,1.0,1.0,1.0,True
CHARLS,15,intercept_only,0.6,100,100,1.0,3915,1566,1566,320,2349.0,2349.0,467.0,467.0,0.662581510834671,0.1528668049001713,-0.0085576483893438,0.0094635567832694,0.0094635567832694,0.8161850351142076,0.1838149648857924,1.0,1.0,1.0,True
CHARLS,15,none,0.0,1,1,1.0,3915,1566,1566,320,0.0,0.0,0.0,0.0,0.662581510834671,0.1614244532895152,0.0,0.7520575841565429,0.7520575841565429,0.8161850351142076,0.1838149648857924,0.0,1.0,1.0,False
CHARLS,16,intercept_and_slope,0.05,100,100,1.0,3915,1566,1566,286,195.0,195.0,42.0,42.0,0.6702961101398601,0.141949739565233,-0.0041641343027817,-0.1913298590379533,0.196022993690735,1.036588951443886,0.2320699805535416,0.53,0.98,0.94,False
CHARLS,16,intercept_and_slope,0.1,100,100,1.0,3915,1566,1566,286,391.0,391.0,81.0,81.0,0.6702961101398601,0.1411308190208318,-0.0049830548471829,-0.1509563437331497,0.1509563437331497,1.0873435907601072,0.1417154923749273,0.6,1.0,0.98,False
CHARLS,16,intercept_and_slope,0.2,100,100,1.0,3915,1566,1566,286,783.0,783.0,169.0,169.0,0.6702961101398601,0.1411756175854656,-0.0049382562825491,-0.1895972562118715,0.1895972562118715,1.0774776333839928,0.0991733271256823,0.57,1.0,1.0,False
CHARLS,16,intercept_and_slope,0.3,100,100,1.0,3915,1566,1566,286,1174.0,1174.0,249.5,249.5,0.6702961101398601,0.1409884470824615,-0.0051254267855532,-0.1797695936106465,0.1797695936106465,1.053787110267967,0.0756265707930934,0.65,1.0,1.0,False
CHARLS,16,intercept_and_slope,0.4,100,100,1.0,3915,1566,1566,286,1566.0,1566.0,335.0,335.0,0.6702961101398601,0.1409976494345162,-0.0051162244334985,-0.1852633302918248,0.1852633302918248,1.074095816414451,0.0740958164144509,0.7,1.0,1.0,False
CHARLS,16,intercept_and_slope,0.5,100,100,1.0,3915,1566,1566,286,1957.0,1957.0,417.0,417.0,0.6702961101398601,0.1409549637987707,-0.005158910069244,-0.1802843954751766,0.1802843954751766,1.071633121354509,0.0716331213545089,0.77,1.0,1.0,False
CHARLS,16,intercept_and_slope,0.6,100,100,1.0,3915,1566,1566,286,2349.0,2349.0,501.0,501.0,0.6702961101398601,0.1409493842083903,-0.0051644896596244,-0.1806918123676068,0.1806918123676068,1.0656214828669446,0.0656214828669445,1.0,1.0,1.0,False
CHARLS,16,intercept_only,0.05,100,100,1.0,3915,1566,1566,286,195.0,195.0,42.0,42.0,0.6702961101398601,0.1414099413739361,-0.0047039324940787,-0.1961632514118991,0.1974545066395251,0.887740365504551,0.1122596344954489,0.51,1.0,0.98,False
CHARLS,16,intercept_only,0.1,100,100,1.0,3915,1566,1566,286,391.0,391.0,81.0,81.0,0.6702961101398601,0.1410167453167964,-0.0050971285512183,-0.1561330677651142,0.1561330677651142,0.887740365504551,0.1122596344954489,0.6,0.98,0.98,False
CHARLS,16,intercept_only,0.2,100,100,1.0,3915,1566,1566,286,783.0,783.0,169.0,169.0,0.6702961101398601,0.1413093730328239,-0.0048045008351907,-0.1872663208582606,0.1872663208582606,0.887740365504551,0.1122596344954489,0.57,1.0,1.0,False
CHARLS,16,intercept_only,0.3,100,100,1.0,3915,1566,1566,286,1174.0,1174.0,249.5,249.5,0.6702961101398601,0.1412319875020225,-0.0048818863659922,-0.1795664502838992,0.1795664502838992,0.887740365504551,0.1122596344954489,0.65,1.0,1.0,False
CHARLS,16,intercept_only,0.4,100,100,1.0,3915,1566,1566,286,1566.0,1566.0,335.0,335.0,0.6702961101398601,0.141287048967487,-0.0048268249005277,-0.1850799123401311,0.1850799123401311,0.887740365504551,0.1122596344954489,0.7,1.0,1.0,False
CHARLS,16,intercept_only,0.5,100,100,1.0,3915,1566,1566,286,1957.0,1957.0,417.0,417.0,0.6702961101398601,0.1412279303014433,-0.0048859435665714,-0.1791540654603318,0.1791540654603318,0.887740365504551,0.1122596344954489,0.78,1.0,1.0,False
CHARLS,16,intercept_only,0.6,100,100,1.0,3915,1566,1566,286,2349.0,2349.0,501.0,501.0,0.6702961101398601,0.1412382587597913,-0.0048756151082234,-0.1802040837742911,0.1802040837742911,0.887740365504551,0.1122596344954489,1.0,1.0,1.0,False
CHARLS,16,none,0.0,1,1,1.0,3915,1566,1566,286,0.0,0.0,0.0,0.0,0.6702961101398601,0.1461138738680147,0.0,0.6357847697893669,0.6357847697893669,0.887740365504551,0.1122596344954489,0.0,1.0,1.0,False
CHARLS,17,intercept_and_slope,0.05,100,100,1.0,3915,1566,1566,313,195.0,195.0,40.0,40.0,0.6769032277804834,0.1498479883339808,-0.0075181345439014,-0.0296859477263407,0.1323950661724464,1.103029930640822,0.2116676696489281,0.67,0.98,0.97,False
CHARLS,17,intercept_and_slope,0.1,100,100,1.0,3915,1566,1566,313,391.0,391.0,77.0,77.0,0.6769032277804834,0.1491907836487443,-0.0081753392291379,0.0233640462750418,0.0867016454763671,1.1820224990701855,0.1991498638095007,0.91,1.0,1.0,False
CHARLS,17,intercept_and_slope,0.2,100,100,1.0,3915,1566,1566,313,783.0,783.0,155.0,155.0,0.6769032277804834,0.1488291810076105,-0.0085369418702717,0.0139346839825661,0.0476212106840658,1.1458729098222828,0.1458729098222828,0.99,1.0,1.0,False
CHARLS,17,intercept_and_slope,0.3,100,100,1.0,3915,1566,1566,313,1174.0,1174.0,236.5,236.5,0.6769032277804834,0.1487573608770678,-0.0086087620008144,-0.0053768255500098,0.0413408467779852,1.151206489046686,0.1512064890466861,1.0,1.0,1.0,False
CHARLS,17,intercept_and_slope,0.4,100,100,1.0,3915,1566,1566,313,1566.0,1566.0,314.0,314.0,0.6769032277804834,0.1487148055821111,-0.0086513172957711,-0.0031747002034779,0.0253955534031628,1.1546730552468012,0.154673055246801,1.0,1.0,1.0,False
CHARLS,17,intercept_and_slope,0.5,100,100,1.0,3915,1566,1566,313,1957.0,1957.0,393.0,393.0,0.6769032277804834,0.1487073373262559,-0.0086587855516263,-0.0034169900508698,0.0167130386136009,1.1605848497770483,0.1605848497770484,1.0,1.0,1.0,False
CHARLS,17,intercept_and_slope,0.6,100,100,1.0,3915,1566,1566,313,2349.0,2349.0,474.0,474.0,0.6769032277804834,0.148674686947456,-0.0086914359304262,-0.0084692072142558,0.0084692072142558,1.1509592263235608,0.1509592263235608,1.0,1.0,1.0,False
CHARLS,17,intercept_only,0.05,100,100,1.0,3915,1566,1566,313,195.0,195.0,40.0,40.0,0.6769032277804834,0.1490426359130583,-0.0083234869648238,-0.0250884964526101,0.1351923574724376,0.9282051270101368,0.071794872989863,0.66,0.99,0.98,False
CHARLS,17,intercept_only,0.1,100,100,1.0,3915,1566,1566,313,391.0,391.0,77.0,77.0,0.6769032277804834,0.1487519389373344,-0.0086141839405478,0.0245867108947603,0.0901965246754233,0.9282051270101368,0.071794872989863,0.89,1.0,1.0,True
CHARLS,17,intercept_only,0.2,100,100,1.0,3915,1566,1566,313,783.0,783.0,155.0,155.0,0.6769032277804834,0.1486028496960229,-0.0087632731818594,0.0161847677263199,0.0488914894620237,0.9282051270101368,0.071794872989863,0.99,1.0,1.0,True
CHARLS,17,intercept_only,0.3,100,100,1.0,3915,1566,1566,313,1174.0,1174.0,236.5,236.5,0.6769032277804834,0.1485855935848566,-0.0087805292930256,-0.0052059711947279,0.0399783586816855,0.9282051270101368,0.071794872989863,1.0,1.0,1.0,True
CHARLS,17,intercept_only,0.4,100,100,1.0,3915,1566,1566,313,1566.0,1566.0,314.0,314.0,0.6769032277804834,0.1485578665345737,-0.0088082563433085,-0.0015819677196964,0.0251712553547883,0.9282051270101368,0.071794872989863,1.0,1.0,1.0,True
CHARLS,17,intercept_only,0.5,100,100,1.0,3915,1566,1566,313,1957.0,1957.0,393.0,393.0,0.6769032277804834,0.1485450230639898,-0.0088210998138924,-0.0016283482968616,0.0173865626027342,0.9282051270101368,0.071794872989863,1.0,1.0,1.0,True
CHARLS,17,intercept_only,0.6,100,100,1.0,3915,1566,1566,313,2349.0,2349.0,474.0,474.0,0.6769032277804834,0.1485490979307367,-0.0088170249471455,-0.0075303415949984,0.0075303415949984,0.9282051270101368,0.071794872989863,1.0,1.0,1.0,True
CHARLS,17,none,0.0,1,1,1.0,3915,1566,1566,313,0.0,0.0,0.0,0.0,0.6769032277804834,0.1573661228778823,0.0,0.7418748361501619,0.7418748361501619,0.9282051270101368,0.071794872989863,0.0,1.0,1.0,False
CHARLS,18,intercept_and_slope,0.05,100,100,1.0,3915,1566,1566,319,195.0,195.0,39.0,39.0,0.6564532307003894,0.1542102636273644,-0.0080030847130721,0.0220992084461116,0.1025094694293457,0.9148564428689796,0.2349978536947398,0.79,0.99,0.99,False
CHARLS,18,intercept_and_slope,0.1,100,100,1.0,3915,1566,1566,319,391.0,391.0,77.5,77.5,0.6564532307003894,0.1537339168312793,-0.0084794315091572,0.0358495901885358,0.1021172304598743,0.9077937782540896,0.1551472209330215,0.81,1.0,1.0,False
CHARLS,18,intercept_and_slope,0.2,100,100,1.0,3915,1566,1566,319,783.0,783.0,157.0,157.0,0.6564532307003894,0.1533957206037788,-0.0088176277366577,0.0271079149780119,0.0620248756735103,0.911724697864554,0.1058223570063105,0.99,1.0,1.0,False
CHARLS,18,intercept_and_slope,0.3,100,100,1.0,3915,1566,1566,319,1174.0,1174.0,235.0,235.0,0.6564532307003894,0.1533120203165823,-0.0089013280238543,0.0234615466045769,0.0358625871085636,0.8987650707514199,0.1023274949634292,1.0,1.0,1.0,False
CHARLS,18,intercept_and_slope,0.4,100,100,1.0,3915,1566,1566,319,1566.0,1566.0,314.0,314.0,0.6564532307003894,0.153267624914725,-0.0089457234257116,0.0243818073896957,0.0309454398578946,0.9098605425862852,0.0919890277649534,1.0,1.0,1.0,True
CHARLS,18,intercept_and_slope,0.5,100,100,1.0,3915,1566,1566,319,1957.0,1957.0,389.0,389.0,0.6564532307003894,0.1532505716749848,-0.0089627766654517,0.0315493357637404,0.0321447854972761,0.9028965662251408,0.0971034337748593,1.0,1.0,1.0,True
CHARLS,18,intercept_and_slope,0.6,100,100,1.0,3915,1566,1566,319,2349.0,2349.0,468.0,468.0,0.6564532307003894,0.1532373873242194,-0.0089759610162172,0.0292178279511101,0.0292178279511101,0.8993452245385481,0.1006547754614518,1.0,1.0,1.0,False
CHARLS,18,intercept_only,0.05,100,100,1.0,3915,1566,1566,319,195.0,195.0,39.0,39.0,0.6564532307003894,0.1537623638642852,-0.0084509844761514,0.0196437035226859,0.1076921767353243,0.8008497903176431,0.1991502096823568,0.8,0.99,0.98,False
CHARLS,18,intercept_only,0.1,100,100,1.0,3915,1566,1566,319,391.0,391.0,77.5,77.5,0.6564532307003894,0.1536869044622779,-0.0085264438781587,0.0401467355466939,0.1015142059820717,0.8008497903176431,0.1991502096823568,0.79,1.0,1.0,False
CHARLS,18,intercept_only,0.2,100,100,1.0,3915,1566,1566,319,783.0,783.0,157.0,157.0,0.6564532307003894,0.1535172103237124,-0.0086961380167242,0.0272136934617,0.0617007090856209,0.8008497903176431,0.1991502096823568,0.99,1.0,1.0,True
CHARLS,18,intercept_only,0.3,100,100,1.0,3915,1566,1566,319,1174.0,1174.0,235.0,235.0,0.6564532307003894,0.1534745545631666,-0.00873879377727,0.0238206162220485,0.035963615645592,0.8008497903176431,0.1991502096823568,1.0,1.0,1.0,True
CHARLS,18,intercept_only,0.4,100,100,1.0,3915,1566,1566,319,1566.0,1566.0,314.0,314.0,0.6564532307003894,0.1534630928352494,-0.0087502555051871,0.0250224624201728,0.0318365744230307,0.8008497903176431,0.1991502096823568,1.0,1.0,1.0,True
CHARLS,18,intercept_only,0.5,100,100,1.0,3915,1566,1566,319,1957.0,1957.0,389.0,389.0,0.6564532307003894,0.1534492846618293,-0.0087640636786072,0.0319275175210958,0.0330048986306639,0.8008497903176431,0.1991502096823568,1.0,1.0,1.0,True
CHARLS,18,intercept_only,0.6,100,100,1.0,3915,1566,1566,319,2349.0,2349.0,468.0,468.0,0.6564532307003894,0.1534447940475504,-0.0087685542928861,0.0298698972367822,0.0298698972367822,0.8008497903176431,0.1991502096823568,1.0,1.0,1.0,True
CHARLS,18,none,0.0,1,1,1.0,3915,1566,1566,319,0.0,0.0,0.0,0.0,0.6564532307003894,0.1622133483404366,0.0,0.7642474006341511,0.7642474006341511,0.8008497903176431,0.1991502096823568,0.0,1.0,1.0,False
CHARLS,19,intercept_and_slope,0.05,100,100,1.0,3915,1566,1566,315,195.0,195.0,39.0,39.0,0.6506832629134788,0.1529701733826324,-0.0079065933923169,0.0599535248530892,0.1490808182016272,0.8244931590297098,0.2351463917070067,0.69,1.0,1.0,False
CHARLS,19,intercept_and_slope,0.1,100,100,1.0,3915,1566,1566,315,391.0,391.0,79.0,79.0,0.6506832629134788,0.1523690997126317,-0.0085076670623176,0.0677248091407179,0.098668841982151,0.8912470795018087,0.1597874626994778,0.85,1.0,1.0,False
CHARLS,19,intercept_and_slope,0.2,100,100,1.0,3915,1566,1566,315,783.0,783.0,157.0,157.0,0.6506832629134788,0.1520567471219374,-0.0088200196530119,0.0551424916386448,0.0609577589871411,0.8984701998573512,0.1114296477305873,0.96,1.0,1.0,False
CHARLS,19,intercept_and_slope,0.3,100,100,1.0,3915,1566,1566,315,1174.0,1174.0,237.5,237.5,0.6506832629134788,0.1519428479455423,-0.008933918829407,0.048782440026231,0.048782440026231,0.9076784940398892,0.0923215059601107,1.0,1.0,1.0,True
CHARLS,19,intercept_and_slope,0.4,100,100,1.0,3915,1566,1566,315,1566.0,1566.0,316.0,316.0,0.6506832629134788,0.1519338746447268,-0.0089428921302225,0.0441605115056382,0.0441605115056382,0.8842098109659515,0.1157901890340484,1.0,1.0,1.0,False
CHARLS,19,intercept_and_slope,0.5,100,100,1.0,3915,1566,1566,315,1957.0,1957.0,393.0,393.0,0.6506832629134788,0.1519121249531732,-0.0089646418217762,0.0490371714655462,0.0490371714655462,0.895995117810559,0.1040048821894409,1.0,1.0,1.0,False
CHARLS,19,intercept_and_slope,0.6,100,100,1.0,3915,1566,1566,315,2349.0,2349.0,472.0,472.0,0.6506832629134788,0.1518997426873827,-0.0089770240875667,0.0501806352943486,0.0501806352943486,0.8910984330168763,0.1089015669831237,1.0,1.0,1.0,False
CHARLS,19,intercept_only,0.05,100,100,1.0,3915,1566,1566,315,195.0,195.0,39.0,39.0,0.6506832629134788,0.1524279809262907,-0.0084487858486586,0.0672051299611036,0.1478813506452425,0.7966746965289069,0.2033253034710931,0.69,1.0,1.0,False
CHARLS,19,intercept_only,0.1,100,100,1.0,3915,1566,1566,315,391.0,391.0,79.0,79.0,0.6506832629134788,0.1522315130916078,-0.0086452536833415,0.0705736054108648,0.1018060000877898,0.7966746965289069,0.2033253034710931,0.84,1.0,1.0,False
CHARLS,19,intercept_only,0.2,100,100,1.0,3915,1566,1566,315,783.0,783.0,157.0,157.0,0.6506832629134788,0.1521035071168867,-0.0087732596580626,0.0612000007411194,0.0690180449916015,0.7966746965289069,0.2033253034710931,0.95,1.0,1.0,True
CHARLS,19,intercept_only,0.3,100,100,1.0,3915,1566,1566,315,1174.0,1174.0,237.5,237.5,0.6506832629134788,0.1520783200699786,-0.0087984467049707,0.053395623807811,0.053395623807811,0.7966746965289069,0.2033253034710931,1.0,1.0,1.0,True
CHARLS,19,intercept_only,0.4,100,100,1.0,3915,1566,1566,315,1566.0,1566.0,316.0,316.0,0.6506832629134788,0.1520748047721547,-0.0088019620027946,0.051570777995724,0.051570777995724,0.7966746965289069,0.2033253034710931,1.0,1.0,1.0,True
CHARLS,19,intercept_only,0.5,100,100,1.0,3915,1566,1566,315,1957.0,1957.0,393.0,393.0,0.6506832629134788,0.1520644574739675,-0.0088123093009818,0.0555619901112124,0.0555619901112124,0.7966746965289069,0.2033253034710931,1.0,1.0,1.0,True
CHARLS,19,intercept_only,0.6,100,100,1.0,3915,1566,1566,315,2349.0,2349.0,472.0,472.0,0.6506832629134788,0.1520622348680322,-0.0088145319069171,0.0569374446961147,0.0569374446961147,0.7966746965289069,0.2033253034710931,1.0,1.0,1.0,True
CHARLS,19,none,0.0,1,1,1.0,3915,1566,1566,315,0.0,0.0,0.0,0.0,0.6506832629134788,0.1608767667749494,0.0,0.7806928503306314,0.7806928503306314,0.7966746965289069,0.2033253034710931,0.0,1.0,1.0,False
CHARLS,20,intercept_and_slope,0.05,100,100,1.0,3915,1566,1566,326,195.0,195.0,38.0,38.0,0.6555511577280824,0.1580981830728302,-0.0083528253432721,0.0853216734683991,0.1232220996954217,0.8457248925761878,0.2442474002476186,0.69,1.0,1.0,False
CHARLS,20,intercept_and_slope,0.1,100,100,1.0,3915,1566,1566,326,391.0,391.0,76.0,76.0,0.6555511577280824,0.157493710293806,-0.0089572981222964,0.0972749053803429,0.1069496668442373,0.83261747462745,0.1949706126365755,0.73,1.0,1.0,False
CHARLS,20,intercept_and_slope,0.2,100,100,1.0,3915,1566,1566,326,783.0,783.0,154.0,154.0,0.6555511577280824,0.1570547915956311,-0.0093962168204713,0.0809726146633982,0.0809726146633982,0.8511821118807019,0.1488178881192981,0.98,1.0,1.0,False
CHARLS,20,intercept_and_slope,0.3,100,100,1.0,3915,1566,1566,326,1174.0,1174.0,230.0,230.0,0.6555511577280824,0.1569963475268866,-0.0094546608892157,0.08074694769009,0.08074694769009,0.8488695628399848,0.1511304371600151,0.98,1.0,1.0,False
CHARLS,20,intercept_and_slope,0.4,100,100,1.0,3915,1566,1566,326,1566.0,1566.0,305.0,305.0,0.6555511577280824,0.1569809269672531,-0.0094700814488493,0.0923130358348088,0.0923130358348088,0.838683564193562,0.1613164358064379,1.0,1.0,1.0,False
CHARLS,20,intercept_and_slope,0.5,100,100,1.0,3915,1566,1566,326,1957.0,1957.0,384.0,384.0,0.6555511577280824,0.1569157076313903,-0.0095353007847121,0.084320441591961,0.084320441591961,0.8516058023773303,0.1483941976226697,1.0,1.0,1.0,False
CHARLS,20,intercept_and_slope,0.6,100,100,1.0,3915,1566,1566,326,2349.0,2349.0,461.0,461.0,0.6555511577280824,0.1569072063870373,-0.0095438020290651,0.0821423687129634,0.0821423687129634,0.8436783207325417,0.1563216792674583,1.0,1.0,1.0,False
CHARLS,20,intercept_only,0.05,100,100,1.0,3915,1566,1566,326,195.0,195.0,38.0,38.0,0.6555511577280824,0.1575952341340115,-0.0088557742820908,0.0903307785627912,0.1229606394161663,0.7717782024572679,0.228221797542732,0.71,1.0,1.0,False
CHARLS,20,intercept_only,0.1,100,100,1.0,3915,1566,1566,326,391.0,391.0,76.0,76.0,0.6555511577280824,0.1574887779544083,-0.0089622304616941,0.1024443803263651,0.1071465386809714,0.7717782024572679,0.228221797542732,0.74,1.0,1.0,False
CHARLS,20,intercept_only,0.2,100,100,1.0,3915,1566,1566,326,783.0,783.0,154.0,154.0,0.6555511577280824,0.1572925268422166,-0.0091584815738858,0.0776357406703815,0.0776357406703815,0.7717782024572679,0.228221797542732,0.98,1.0,1.0,True
CHARLS,20,intercept_only,0.3,100,100,1.0,3915,1566,1566,326,1174.0,1174.0,230.0,230.0,0.6555511577280824,0.1572758133558054,-0.009175195060297,0.0828023991766259,0.0828023991766259,0.7717782024572679,0.228221797542732,0.98,1.0,1.0,True
CHARLS,20,intercept_only,0.4,100,100,1.0,3915,1566,1566,326,1566.0,1566.0,305.0,305.0,0.6555511577280824,0.1572791769994465,-0.0091718314166558,0.0932055879393084,0.0932055879393084,0.7717782024572679,0.228221797542732,1.0,1.0,1.0,True
CHARLS,20,intercept_only,0.5,100,100,1.0,3915,1566,1566,326,1957.0,1957.0,384.0,384.0,0.6555511577280824,0.1572616765422222,-0.0091893318738802,0.0854950449520023,0.0854950449520023,0.7717782024572679,0.228221797542732,1.0,1.0,1.0,True
CHARLS,20,intercept_only,0.6,100,100,1.0,3915,1566,1566,326,2349.0,2349.0,461.0,461.0,0.6555511577280824,0.1572576557122708,-0.0091933527038316,0.0833164361159811,0.0833164361159811,0.7717782024572679,0.228221797542732,1.0,1.0,1.0,True
CHARLS,20,none,0.0,1,1,1.0,3915,1566,1566,326,0.0,0.0,0.0,0.0,0.6555511577280824,0.1664510084161024,0.0,0.7960296528137423,0.7960296528137423,0.7717782024572679,0.228221797542732,0.0,1.0,1.0,False
CHARLS,21,intercept_and_slope,0.05,100,100,1.0,3915,1566,1566,345,195.0,195.0,35.0,35.0,0.6549929376016332,0.162551829917256,-0.0105298622310466,0.2108956264304698,0.2136685244107228,0.9314321591621172,0.1753202998587488,0.46,0.99,0.99,False
CHARLS,21,intercept_and_slope,0.1,100,100,1.0,3915,1566,1566,345,391.0,391.0,75.0,75.0,0.6549929376016332,0.1617605498963406,-0.011321142251962,0.1520048574948669,0.1520048574948669,0.9655993324713612,0.1789569867927537,0.69,1.0,1.0,False
CHARLS,21,intercept_and_slope,0.2,100,100,1.0,3915,1566,1566,345,783.0,783.0,147.0,147.0,0.6549929376016332,0.1619455343974244,-0.0111361577508782,0.191844698967204,0.191844698967204,0.967774999412926,0.0850051123456487,0.54,1.0,1.0,False
CHARLS,21,intercept_and_slope,0.3,100,100,1.0,3915,1566,1566,345,1174.0,1174.0,222.0,222.0,0.6549929376016332,0.1616983437511973,-0.0113833483971053,0.1776142978714211,0.1776142978714211,0.958537733756022,0.0614343239828191,0.7,1.0,1.0,False
CHARLS,21,intercept_and_slope,0.4,100,100,1.0,3915,1566,1566,345,1566.0,1566.0,293.5,293.5,0.6549929376016332,0.1617720497461406,-0.011309642402162,0.1827983969032598,0.1827983969032598,0.9565385757215628,0.0491652561704297,0.65,1.0,1.0,False
CHARLS,21,intercept_and_slope,0.5,100,100,1.0,3915,1566,1566,345,1957.0,1957.0,371.0,371.0,0.6549929376016332,0.1616770680042285,-0.0114046241440741,0.1711092282631122,0.1711092282631122,0.9653920150947926,0.0368027548098394,0.81,1.0,1.0,False
CHARLS,21,intercept_and_slope,0.6,100,100,1.0,3915,1566,1566,345,2349.0,2349.0,442.0,442.0,0.6549929376016332,0.1617042483437872,-0.0113774438045154,0.1799427128846401,0.1799427128846401,0.9561993751279448,0.0438006248720551,1.0,1.0,1.0,False
CHARLS,21,intercept_only,0.05,100,100,1.0,3915,1566,1566,345,195.0,195.0,35.0,35.0,0.6549929376016332,0.1618442978766546,-0.011237394271648,0.2050469591916036,0.2104632336125964,0.8306611317674332,0.1693388682325668,0.47,1.0,1.0,False
CHARLS,21,intercept_only,0.1,100,100,1.0,3915,1566,1566,345,391.0,391.0,75.0,75.0,0.6549929376016332,0.1613567635843514,-0.0117249285639513,0.1490283864509404,0.1490283864509404,0.8306611317674332,0.1693388682325668,0.69,1.0,1.0,False
CHARLS,21,intercept_only,0.2,100,100,1.0,3915,1566,1566,345,783.0,783.0,147.0,147.0,0.6549929376016332,0.1615999200315792,-0.0114817721167234,0.1888017347372691,0.1888017347372691,0.8306611317674332,0.1693388682325668,0.53,1.0,1.0,False
CHARLS,21,intercept_only,0.3,100,100,1.0,3915,1566,1566,345,1174.0,1174.0,222.0,222.0,0.6549929376016332,0.1615199023243399,-0.0115617898239627,0.1777302498360436,0.1777302498360436,0.8306611317674332,0.1693388682325668,0.69,1.0,1.0,False
CHARLS,21,intercept_only,0.4,100,100,1.0,3915,1566,1566,345,1566.0,1566.0,293.5,293.5,0.6549929376016332,0.1615496967591044,-0.0115319953891983,0.1819400717444166,0.1819400717444166,0.8306611317674332,0.1693388682325668,0.65,1.0,1.0,False
CHARLS,21,intercept_only,0.5,100,100,1.0,3915,1566,1566,345,1957.0,1957.0,371.0,371.0,0.6549929376016332,0.1614724634731777,-0.0116092286751249,0.1707918388728349,0.1707918388728349,0.8306611317674332,0.1693388682325668,0.81,1.0,1.0,False
CHARLS,21,intercept_only,0.6,100,100,1.0,3915,1566,1566,345,2349.0,2349.0,442.0,442.0,0.6549929376016332,0.1615326974037449,-0.0115489947445578,0.1795534762643445,0.1795534762643445,0.8306611317674332,0.1693388682325668,1.0,1.0,1.0,False
CHARLS,21,none,0.0,1,1,1.0,3915,1566,1566,345,0.0,0.0,0.0,0.0,0.6549929376016332,0.1730816921483027,0.0,0.8511648504418652,0.8511648504418652,0.8306611317674332,0.1693388682325668,0.0,1.0,1.0,False
CHARLS,22,intercept_and_slope,0.05,100,100,1.0,3915,1566,1566,320,195.0,195.0,39.0,39.0,0.656058136035313,0.1534991594977761,-0.0076370154161841,-0.0049043306864871,0.1211106445088433,0.8903554614912721,0.2237299861241622,0.77,0.98,0.98,False
CHARLS,22,intercept_and_slope,0.1,100,100,1.0,3915,1566,1566,320,391.0,391.0,78.0,78.0,0.656058136035313,0.1529209046398816,-0.0082152702740786,0.0093584028515622,0.0804467244476825,1.0011367489788094,0.1345890409226882,0.88,1.0,1.0,False
CHARLS,22,intercept_and_slope,0.2,100,100,1.0,3915,1566,1566,320,783.0,783.0,157.0,157.0,0.656058136035313,0.1525370104528176,-0.0085991644611426,0.0027348842652811,0.0473492900364021,1.017361523843947,0.0932392435070482,0.99,1.0,1.0,True
CHARLS,22,intercept_and_slope,0.3,100,100,1.0,3915,1566,1566,320,1174.0,1174.0,234.0,234.0,0.656058136035313,0.1524495644927117,-0.0086866104212485,0.0066063199399184,0.0384281455311163,0.9924512698227536,0.0637536088119152,1.0,1.0,1.0,True
CHARLS,22,intercept_and_slope,0.4,100,100,1.0,3915,1566,1566,320,1566.0,1566.0,310.0,310.0,0.656058136035313,0.1524055363914071,-0.0087306385225531,0.014379584521237,0.023089701529824,0.998632097899402,0.0321343057616877,1.0,1.0,1.0,True
CHARLS,22,intercept_and_slope,0.5,100,100,1.0,3915,1566,1566,320,1957.0,1957.0,389.0,389.0,0.656058136035313,0.1523809821278812,-0.0087551927860791,0.0092965893235472,0.0175514788340113,0.997394716816767,0.0236778072653766,1.0,1.0,1.0,True
CHARLS,22,intercept_and_slope,0.6,100,100,1.0,3915,1566,1566,320,2349.0,2349.0,467.0,467.0,0.656058136035313,0.1523615370672506,-0.0087746378467096,0.0098616719779316,0.0098616719779316,0.9919463834982566,0.0080536165017434,1.0,1.0,1.0,True
CHARLS,22,intercept_only,0.05,100,100,1.0,3915,1566,1566,320,195.0,195.0,39.0,39.0,0.656058136035313,0.1528631631594948,-0.0082730117544653,-0.0098019125952847,0.1152463868327215,0.8502727300213031,0.1497272699786969,0.75,0.99,0.99,False
CHARLS,22,intercept_only,0.1,100,100,1.0,3915,1566,1566,320,391.0,391.0,78.0,78.0,0.656058136035313,0.1526248628878986,-0.0085113120260616,0.0030488717017829,0.0737529735370222,0.8502727300213031,0.1497272699786969,0.88,1.0,1.0,True
CHARLS,22,intercept_only,0.2,100,100,1.0,3915,1566,1566,320,783.0,783.0,157.0,157.0,0.656058136035313,0.1525370058115914,-0.0085991691023688,0.0003802628908742,0.051731974323199,0.8502727300213031,0.1497272699786969,0.98,1.0,1.0,True
CHARLS,22,intercept_only,0.3,100,100,1.0,3915,1566,1566,320,1174.0,1174.0,234.0,234.0,0.656058136035313,0.1525049790709412,-0.008631195843019,0.0023544479164923,0.0399931171333533,0.8502727300213031,0.1497272699786969,1.0,1.0,1.0,True
CHARLS,22,intercept_only,0.4,100,100,1.0,3915,1566,1566,320,1566.0,1566.0,310.0,310.0,0.656058136035313,0.1524737375208918,-0.0086624373930684,0.0111230860522125,0.0232916547549409,0.8502727300213031,0.1497272699786969,1.0,1.0,1.0,True
CHARLS,22,intercept_only,0.5,100,100,1.0,3915,1566,1566,320,1957.0,1957.0,389.0,389.0,0.656058136035313,0.1524748169224849,-0.0086613579914753,0.0065806911951063,0.017374053927188,0.8502727300213031,0.1497272699786969,1.0,1.0,1.0,True
CHARLS,22,intercept_only,0.6,100,100,1.0,3915,1566,1566,320,2349.0,2349.0,467.0,467.0,0.656058136035313,0.1524736533936959,-0.0086625215202643,0.006196924698274,0.006196924698274,0.8502727300213031,0.1497272699786969,1.0,1.0,1.0,True
CHARLS,22,none,0.0,1,1,1.0,3915,1566,1566,320,0.0,0.0,0.0,0.0,0.656058136035313,0.1611361749139603,0.0,0.7500933653265051,0.7500933653265051,0.8502727300213031,0.1497272699786969,0.0,1.0,1.0,False
CHARLS,23,intercept_and_slope,0.05,100,100,1.0,3915,1566,1566,300,195.0,195.0,40.0,40.0,0.6319246972090574,0.1501382920789468,-0.0043139526280093,-0.0581718048921552,0.125635305323483,0.6627515532816349,0.3462109410784921,0.7,0.91,0.9,False
CHARLS,23,intercept_and_slope,0.1,100,100,1.0,3915,1566,1566,300,391.0,391.0,81.5,81.5,0.6319246972090574,0.149515704908495,-0.0049365397984611,-0.1008430110509053,0.1161706052071337,0.7506581932450437,0.2557699635946617,0.76,0.98,0.97,False
CHARLS,23,intercept_and_slope,0.2,100,100,1.0,3915,1566,1566,300,783.0,783.0,163.0,163.0,0.6319246972090574,0.14916388507991,-0.0052883596270461,-0.0986105997790873,0.0986105997790873,0.7266855493032467,0.2733144506967533,0.94,1.0,1.0,False
CHARLS,23,intercept_and_slope,0.3,100,100,1.0,3915,1566,1566,300,1174.0,1174.0,242.0,242.0,0.6319246972090574,0.1491424578371749,-0.0053097868697812,-0.0885423930756507,0.089366347124521,0.7242971310423203,0.2757028689576797,0.95,1.0,1.0,False
CHARLS,23,intercept_and_slope,0.4,100,100,1.0,3915,1566,1566,300,1566.0,1566.0,324.5,324.5,0.6319246972090574,0.1491768872360607,-0.0052753574708953,-0.0986456841199238,0.0986456841199238,0.7233601213243142,0.2766398786756858,1.0,1.0,1.0,False
CHARLS,23,intercept_and_slope,0.5,100,100,1.0,3915,1566,1566,300,1957.0,1957.0,405.0,405.0,0.6319246972090574,0.1490243940040782,-0.0054278507028778,-0.0961469372145006,0.0961469372145006,0.7339093379805558,0.2660906620194442,1.0,1.0,1.0,False
CHARLS,23,intercept_and_slope,0.6,100,100,1.0,3915,1566,1566,300,2349.0,2349.0,487.0,487.0,0.6319246972090574,0.1490527996694761,-0.0053994450374799,-0.096556871574584,0.096556871574584,0.729714665407114,0.2702853345928859,1.0,1.0,1.0,False
CHARLS,23,intercept_only,0.05,100,100,1.0,3915,1566,1566,300,195.0,195.0,40.0,40.0,0.6319246972090574,0.1490838432521153,-0.0053684014548407,-0.0542925696131848,0.1140171243350778,0.6983276816264478,0.3016723183735522,0.73,1.0,0.98,False
CHARLS,23,intercept_only,0.1,100,100,1.0,3915,1566,1566,300,391.0,391.0,81.5,81.5,0.6319246972090574,0.1493005030887864,-0.0051517416181696,-0.0966044779755801,0.1193087001266607,0.6983276816264478,0.3016723183735522,0.76,0.99,0.96,False
CHARLS,23,intercept_only,0.2,100,100,1.0,3915,1566,1566,300,783.0,783.0,163.0,163.0,0.6319246972090574,0.1493138727391663,-0.0051383719677897,-0.0982506478410598,0.0982506478410598,0.6983276816264478,0.3016723183735522,0.94,1.0,1.0,True
CHARLS,23,intercept_only,0.3,100,100,1.0,3915,1566,1566,300,1174.0,1174.0,242.0,242.0,0.6319246972090574,0.1492398568779158,-0.0052123878290402,-0.0889180437879257,0.0889180437879257,0.6983276816264478,0.3016723183735522,0.95,1.0,1.0,True
CHARLS,23,intercept_only,0.4,100,100,1.0,3915,1566,1566,300,1566.0,1566.0,324.5,324.5,0.6319246972090574,0.1493286904441847,-0.0051235542627714,-0.1000527855351467,0.1000527855351467,0.6983276816264478,0.3016723183735522,1.0,1.0,1.0,False
CHARLS,23,intercept_only,0.5,100,100,1.0,3915,1566,1566,300,1957.0,1957.0,405.0,405.0,0.6319246972090574,0.1492975820972741,-0.0051546626096819,-0.096245020036395,0.096245020036395,0.6983276816264478,0.3016723183735522,1.0,1.0,1.0,True
CHARLS,23,intercept_only,0.6,100,100,1.0,3915,1566,1566,300,2349.0,2349.0,487.0,487.0,0.6319246972090574,0.1493016230023146,-0.0051506217046415,-0.0967461576663259,0.0967461576663259,0.6983276816264478,0.3016723183735522,1.0,1.0,1.0,True
CHARLS,23,none,0.0,1,1,1.0,3915,1566,1566,300,0.0,0.0,0.0,0.0,0.6319246972090574,0.1544522447069561,0.0,0.6876766839479646,0.6876766839479646,0.6983276816264478,0.3016723183735522,0.0,1.0,1.0,False
CHARLS,24,intercept_and_slope,0.05,100,100,1.0,3915,1566,1566,314,195.0,195.0,39.0,39.0,0.6594200870963147,0.1508392014845136,-0.0074869126186405,0.018054163884643,0.1074044878629277,0.9987194226567742,0.1708052080746525,0.79,1.0,1.0,False
CHARLS,24,intercept_and_slope,0.1,100,100,1.0,3915,1566,1566,314,391.0,391.0,78.0,78.0,0.6594200870963147,0.1503814359603669,-0.0079446781427872,0.0145150684156809,0.0762046991196481,0.9548031678926328,0.136301826213243,0.87,1.0,1.0,False
CHARLS,24,intercept_and_slope,0.2,100,100,1.0,3915,1566,1566,314,783.0,783.0,157.5,157.5,0.6594200870963147,0.1501138456856047,-0.0082122684175494,0.0015339744996047,0.0528097354579446,0.9650924274274658,0.0761400801901867,0.99,1.0,1.0,True
CHARLS,24,intercept_and_slope,0.3,100,100,1.0,3915,1566,1566,314,1174.0,1174.0,237.0,237.0,0.6594200870963147,0.149965682751246,-0.0083604313519081,0.0031742950591265,0.0281098264637123,0.9311573449484942,0.0735606297510364,1.0,1.0,1.0,True
CHARLS,24,intercept_and_slope,0.4,100,100,1.0,3915,1566,1566,314,1566.0,1566.0,316.0,316.0,0.6594200870963147,0.149960753933118,-0.0083653601700361,0.0067960776887962,0.0213240497971999,0.9565351791179252,0.0529597698766771,1.0,1.0,1.0,True
CHARLS,24,intercept_and_slope,0.5,100,100,1.0,3915,1566,1566,314,1957.0,1957.0,392.0,392.0,0.6594200870963147,0.1499365814938868,-0.0083895326092673,0.0132486421801721,0.0200100190708665,0.9597677978730312,0.0414769248519066,1.0,1.0,1.0,True
CHARLS,24,intercept_and_slope,0.6,100,100,1.0,3915,1566,1566,314,2349.0,2349.0,473.0,473.0,0.6594200870963147,0.1499123817465126,-0.0084137323566415,0.0068489446441062,0.0068489446441062,0.9538357153253546,0.0461642846746453,1.0,1.0,1.0,True
CHARLS,24,intercept_only,0.05,100,100,1.0,3915,1566,1566,314,195.0,195.0,39.0,39.0,0.6594200870963147,0.1503617480864074,-0.0079643660167467,0.0205317995317838,0.1105975707407938,0.83085260680099,0.1691473931990099,0.77,1.0,1.0,False
CHARLS,24,intercept_only,0.1,100,100,1.0,3915,1566,1566,314,391.0,391.0,78.0,78.0,0.6594200870963147,0.1501493561627657,-0.0081767579403884,0.0151327547508082,0.0831626613552833,0.83085260680099,0.1691473931990099,0.87,1.0,1.0,True
CHARLS,24,intercept_only,0.2,100,100,1.0,3915,1566,1566,314,783.0,783.0,157.5,157.5,0.6594200870963147,0.1500899396345695,-0.0082361744685846,0.0050100635191594,0.0494830402380418,0.83085260680099,0.1691473931990099,0.99,1.0,1.0,True
CHARLS,24,intercept_only,0.3,100,100,1.0,3915,1566,1566,314,1174.0,1174.0,237.0,237.0,0.6594200870963147,0.1500149697520897,-0.0083111443510643,0.0052269370222828,0.0295455268013452,0.83085260680099,0.1691473931990099,1.0,1.0,1.0,True
CHARLS,24,intercept_only,0.4,100,100,1.0,3915,1566,1566,314,1566.0,1566.0,316.0,316.0,0.6594200870963147,0.1500073806856104,-0.0083187334175437,0.0079938921225673,0.0220576045299405,0.83085260680099,0.1691473931990099,1.0,1.0,1.0,True
CHARLS,24,intercept_only,0.5,100,100,1.0,3915,1566,1566,314,1957.0,1957.0,392.0,392.0,0.6594200870963147,0.1499973068073027,-0.0083288072958514,0.0143297600856861,0.021713616490049,0.83085260680099,0.1691473931990099,1.0,1.0,1.0,True
CHARLS,24,intercept_only,0.6,100,100,1.0,3915,1566,1566,314,2349.0,2349.0,473.0,473.0,0.6594200870963147,0.1500046137926701,-0.008321500310484,0.0085325793675513,0.0085325793675513,0.83085260680099,0.1691473931990099,1.0,1.0,1.0,True
CHARLS,24,none,0.0,1,1,1.0,3915,1566,1566,314,0.0,0.0,0.0,0.0,0.6594200870963147,0.1583261141031541,0.0,0.7515425118575279,0.7515425118575279,0.83085260680099,0.1691473931990099,0.0,1.0,1.0,False
CHARLS,25,intercept_and_slope,0.05,100,100,1.0,3915,1566,1566,305,195.0,195.0,39.0,39.0,0.6532039365062857,0.1500848712668792,-0.0061428322188076,-0.0501035154161668,0.145704247133251,0.8827121634211303,0.2345591252898973,0.67,0.97,0.96,False
CHARLS,25,intercept_and_slope,0.1,100,100,1.0,3915,1566,1566,305,391.0,391.0,80.0,80.0,0.6532039365062857,0.1494843748440975,-0.0067433286415894,-0.0591250849947051,0.0882445025115417,0.857226003681957,0.1906444779115325,0.87,1.0,1.0,False
CHARLS,25,intercept_and_slope,0.2,100,100,1.0,3915,1566,1566,305,783.0,783.0,160.5,160.5,0.6532039365062857,0.1491013367240082,-0.0071263667616787,-0.0521121380323867,0.0613725429563747,0.8921587465692434,0.1134668932190871,0.97,1.0,1.0,False
CHARLS,25,intercept_and_slope,0.3,100,100,1.0,3915,1566,1566,305,1174.0,1174.0,240.0,240.0,0.6532039365062857,0.1490838528778716,-0.0071438506078152,-0.0487374960739495,0.0516119640853592,0.8733808031146868,0.1266191968853132,1.0,1.0,1.0,False
CHARLS,25,intercept_and_slope,0.4,100,100,1.0,3915,1566,1566,305,1566.0,1566.0,322.0,322.0,0.6532039365062857,0.1490849977127973,-0.0071427057728895,-0.0524206222434599,0.0524206222434599,0.8686218813066499,0.1313781186933501,1.0,1.0,1.0,False
CHARLS,25,intercept_and_slope,0.5,100,100,1.0,3915,1566,1566,305,1957.0,1957.0,402.0,402.0,0.6532039365062857,0.1490530019952063,-0.0071747014904805,-0.0517553016167842,0.0517553016167842,0.8724841350740427,0.1275158649259573,1.0,1.0,1.0,False
CHARLS,25,intercept_and_slope,0.6,100,100,1.0,3915,1566,1566,305,2349.0,2349.0,482.0,482.0,0.6532039365062857,0.1490426536244117,-0.0071850498612752,-0.0527158154067487,0.0527158154067487,0.8715789455484245,0.1284210544515754,1.0,1.0,1.0,False
CHARLS,25,intercept_only,0.05,100,100,1.0,3915,1566,1566,305,195.0,195.0,39.0,39.0,0.6532039365062857,0.1497174114794314,-0.0065102920062554,-0.0449645063309385,0.1427409922971363,0.784496171759302,0.215503828240698,0.68,0.99,0.99,False
CHARLS,25,intercept_only,0.1,100,100,1.0,3915,1566,1566,305,391.0,391.0,80.0,80.0,0.6532039365062857,0.1495523653199458,-0.0066753381657411,-0.0596464568335179,0.0895675330296113,0.784496171759302,0.215503828240698,0.87,1.0,1.0,True
CHARLS,25,intercept_only,0.2,100,100,1.0,3915,1566,1566,305,783.0,783.0,160.5,160.5,0.6532039365062857,0.1494314105766344,-0.0067962929090525,-0.0512658390518173,0.0635676870082654,0.784496171759302,0.215503828240698,0.97,1.0,1.0,True
CHARLS,25,intercept_only,0.3,100,100,1.0,3915,1566,1566,305,1174.0,1174.0,240.0,240.0,0.6532039365062857,0.1494153069279429,-0.006812396557744,-0.0477375192956631,0.0511863566248761,0.784496171759302,0.215503828240698,1.0,1.0,1.0,True
CHARLS,25,intercept_only,0.4,100,100,1.0,3915,1566,1566,305,1566.0,1566.0,322.0,322.0,0.6532039365062857,0.1494332312349435,-0.0067944722507433,-0.0516592905705122,0.0516592905705122,0.784496171759302,0.215503828240698,1.0,1.0,1.0,True
CHARLS,25,intercept_only,0.5,100,100,1.0,3915,1566,1566,305,1957.0,1957.0,402.0,402.0,0.6532039365062857,0.1494317215757767,-0.0067959819099101,-0.0513354231225572,0.0513354231225572,0.784496171759302,0.215503828240698,1.0,1.0,1.0,True
CHARLS,25,intercept_only,0.6,100,100,1.0,3915,1566,1566,305,2349.0,2349.0,482.0,482.0,0.6532039365062857,0.1494352793748212,-0.0067924241108656,-0.0520968168574577,0.0520968168574577,0.784496171759302,0.215503828240698,1.0,1.0,1.0,True
CHARLS,25,none,0.0,1,1,1.0,3915,1566,1566,305,0.0,0.0,0.0,0.0,0.6532039365062857,0.1562277034856869,0.0,0.7148627049610482,0.7148627049610482,0.784496171759302,0.215503828240698,0.0,1.0,1.0,False
CHARLS,26,intercept_and_slope,0.05,100,100,1.0,3915,1566,1566,316,195.0,195.0,39.0,39.0,0.6884075949367089,0.1478031395050156,-0.0082692992572355,0.0556140521623433,0.1301235218933751,1.271093473832896,0.2723315845918866,0.7,0.99,0.99,False
CHARLS,26,intercept_and_slope,0.1,100,100,1.0,3915,1566,1566,316,391.0,391.0,77.0,77.0,0.6884075949367089,0.1475134558707188,-0.0085589828915323,0.059861433243238,0.0894893075566123,1.320193172775571,0.320193172775571,0.91,1.0,1.0,False
CHARLS,26,intercept_and_slope,0.2,100,100,1.0,3915,1566,1566,316,783.0,783.0,157.0,157.0,0.6884075949367089,0.147359112757203,-0.0087133260050482,0.0379885979365826,0.0599098292164452,1.3451552981244053,0.3451552981244054,0.99,1.0,1.0,False
CHARLS,26,intercept_and_slope,0.3,100,100,1.0,3915,1566,1566,316,1174.0,1174.0,236.0,236.0,0.6884075949367089,0.1470358258088251,-0.0090366129534261,0.0304124500335337,0.0399526827394202,1.326334895214672,0.326334895214672,1.0,1.0,1.0,False
CHARLS,26,intercept_and_slope,0.4,100,100,1.0,3915,1566,1566,316,1566.0,1566.0,313.5,313.5,0.6884075949367089,0.1473046624142093,-0.0087677763480418,0.0324165766930311,0.034457812212188,1.363673763198678,0.3636737631986779,1.0,1.0,1.0,False
CHARLS,26,intercept_and_slope,0.5,100,100,1.0,3915,1566,1566,316,1957.0,1957.0,392.0,392.0,0.6884075949367089,0.1471326043905619,-0.0089398343716892,0.0397668066860514,0.0397668066860514,1.336806403830338,0.336806403830338,1.0,1.0,1.0,False
CHARLS,26,intercept_and_slope,0.6,100,100,1.0,3915,1566,1566,316,2349.0,2349.0,471.0,471.0,0.6884075949367089,0.1471614590389498,-0.0089109797233013,0.0365169664660144,0.0365169664660144,1.3383326202976904,0.3383326202976904,1.0,1.0,1.0,False
CHARLS,26,intercept_only,0.05,100,100,1.0,3915,1566,1566,316,195.0,195.0,39.0,39.0,0.6884075949367089,0.1459941793082808,-0.0100782594539704,0.0644153458697446,0.1405746027983146,1.008386760887475,0.008386760887475,0.69,1.0,1.0,False
CHARLS,26,intercept_only,0.1,100,100,1.0,3915,1566,1566,316,391.0,391.0,77.0,77.0,0.6884075949367089,0.1457187523603552,-0.0103536864018959,0.0749756802873048,0.0936002670662052,1.008386760887475,0.008386760887475,0.88,1.0,1.0,True
CHARLS,26,intercept_only,0.2,100,100,1.0,3915,1566,1566,316,783.0,783.0,157.0,157.0,0.6884075949367089,0.1455927423646198,-0.0104796963976313,0.042065360801972,0.0633009813021609,1.008386760887475,0.008386760887475,0.99,1.0,1.0,True
CHARLS,26,intercept_only,0.3,100,100,1.0,3915,1566,1566,316,1174.0,1174.0,236.0,236.0,0.6884075949367089,0.1455460061974043,-0.0105264325648469,0.036722414635486,0.0444517181293489,1.008386760887475,0.008386760887475,1.0,1.0,1.0,True
CHARLS,26,intercept_only,0.4,100,100,1.0,3915,1566,1566,316,1566.0,1566.0,313.5,313.5,0.6884075949367089,0.1455488684393682,-0.0105235703228829,0.0435073861761755,0.0445035859129565,1.008386760887475,0.008386760887475,1.0,1.0,1.0,True
CHARLS,26,intercept_only,0.5,100,100,1.0,3915,1566,1566,316,1957.0,1957.0,392.0,392.0,0.6884075949367089,0.1455570502720852,-0.0105153884901659,0.0477382557714493,0.0477382557714493,1.008386760887475,0.008386760887475,1.0,1.0,1.0,True
CHARLS,26,intercept_only,0.6,100,100,1.0,3915,1566,1566,316,2349.0,2349.0,471.0,471.0,0.6884075949367089,0.1455523530208107,-0.0105200857414405,0.0458074128404199,0.0458074128404199,1.008386760887475,0.008386760887475,1.0,1.0,1.0,True
CHARLS,26,none,0.0,1,1,1.0,3915,1566,1566,316,0.0,0.0,0.0,0.0,0.6884075949367089,0.1560724387622512,0.0,0.7740208501209568,0.7740208501209568,1.008386760887475,0.008386760887475,0.0,1.0,1.0,False
CHARLS,27,intercept_and_slope,0.05,100,100,1.0,3915,1566,1566,321,195.0,195.0,38.0,38.0,0.6632286153961641,0.1535524657419469,-0.0084606103884447,0.0438248321604204,0.1221836914752929,1.0733242889965686,0.2400887207496903,0.67,1.0,1.0,False
CHARLS,27,intercept_and_slope,0.1,100,100,1.0,3915,1566,1566,321,391.0,391.0,78.0,78.0,0.6632286153961641,0.1530049606623919,-0.0090081154679998,0.0420331021649053,0.0834610789119234,1.0954149055150937,0.1544020205164034,0.8,1.0,1.0,False
CHARLS,27,intercept_and_slope,0.2,100,100,1.0,3915,1566,1566,321,783.0,783.0,155.5,155.5,0.6632286153961641,0.1525638110346969,-0.0094492650956947,0.0525430462161282,0.0613207789910622,1.0875866060224109,0.107273700805196,0.96,1.0,1.0,False
CHARLS,27,intercept_and_slope,0.3,100,100,1.0,3915,1566,1566,321,1174.0,1174.0,233.5,233.5,0.6632286153961641,0.1524528964012108,-0.0095601797291809,0.0501295072796809,0.05213877388221,1.0664052505894794,0.078336863227085,0.99,1.0,1.0,True
CHARLS,27,intercept_and_slope,0.4,100,100,1.0,3915,1566,1566,321,1566.0,1566.0,311.0,311.0,0.6632286153961641,0.1524080878619156,-0.009604988268476,0.0545940124034949,0.0565785762198772,1.0542662392103566,0.0561784912398777,1.0,1.0,1.0,True
CHARLS,27,intercept_and_slope,0.5,100,100,1.0,3915,1566,1566,321,1957.0,1957.0,389.0,389.0,0.6632286153961641,0.1524239289957806,-0.009589147134611,0.0514993905551272,0.0514993905551272,1.0605791444774608,0.0605791444774608,1.0,1.0,1.0,True
CHARLS,27,intercept_and_slope,0.6,100,100,1.0,3915,1566,1566,321,2349.0,2349.0,466.0,466.0,0.6632286153961641,0.1524234559483354,-0.0095896201820562,0.0526957312320323,0.0526957312320323,1.0616913284688048,0.0616913284688047,1.0,1.0,1.0,True
CHARLS,27,intercept_only,0.05,100,100,1.0,3915,1566,1566,321,195.0,195.0,38.0,38.0,0.6632286153961641,0.1525596584667999,-0.0094534176635917,0.0450179166750734,0.1179934891916799,0.8868761887268813,0.1131238112731186,0.66,1.0,1.0,False
CHARLS,27,intercept_only,0.1,100,100,1.0,3915,1566,1566,321,391.0,391.0,78.0,78.0,0.6632286153961641,0.1524398958936972,-0.0095731802366944,0.0473084142718735,0.0902264751738652,0.8868761887268813,0.1131238112731186,0.79,1.0,1.0,True
CHARLS,27,intercept_only,0.2,100,100,1.0,3915,1566,1566,321,783.0,783.0,155.5,155.5,0.6632286153961641,0.1522831364222607,-0.0097299397081309,0.0570426415052171,0.0623030808212949,0.8868761887268813,0.1131238112731186,0.94,1.0,1.0,True
CHARLS,27,intercept_only,0.3,100,100,1.0,3915,1566,1566,321,1174.0,1174.0,233.5,233.5,0.6632286153961641,0.1522485950847095,-0.0097644810456821,0.0570917911498148,0.0576788487085066,0.8868761887268813,0.1131238112731186,0.99,1.0,1.0,True
CHARLS,27,intercept_only,0.4,100,100,1.0,3915,1566,1566,321,1566.0,1566.0,311.0,311.0,0.6632286153961641,0.15223916598634,-0.0097739101440517,0.0604208109435692,0.0618566431414048,0.8868761887268813,0.1131238112731186,1.0,1.0,1.0,True
CHARLS,27,intercept_only,0.5,100,100,1.0,3915,1566,1566,321,1957.0,1957.0,389.0,389.0,0.6632286153961641,0.1522276736171219,-0.0097854025132697,0.0555055947635521,0.0555055947635521,0.8868761887268813,0.1131238112731186,1.0,1.0,1.0,True
CHARLS,27,intercept_only,0.6,100,100,1.0,3915,1566,1566,321,2349.0,2349.0,466.0,466.0,0.6632286153961641,0.1522297826728517,-0.0097832934575399,0.0567834812835949,0.0567834812835949,0.8868761887268813,0.1131238112731186,1.0,1.0,1.0,True
CHARLS,27,none,0.0,1,1,1.0,3915,1566,1566,321,0.0,0.0,0.0,0.0,0.6632286153961641,0.1620130761303917,0.0,0.7802465595234147,0.7802465595234147,0.8868761887268813,0.1131238112731186,0.0,1.0,1.0,False
CHARLS,28,intercept_and_slope,0.05,100,100,1.0,3915,1566,1566,351,195.0,195.0,36.0,36.0,0.664807194025301,0.1636377984774027,-0.0112366365436167,0.2036583057032701,0.2036583057032701,1.1566159077974685,0.2376941376891742,0.48,1.0,1.0,False
CHARLS,28,intercept_and_slope,0.1,100,100,1.0,3915,1566,1566,351,391.0,391.0,73.0,73.0,0.664807194025301,0.1631723083181222,-0.0117021267028973,0.2135275088032963,0.2135275088032963,1.0952292585787502,0.1584608165370949,0.44,1.0,1.0,False
CHARLS,28,intercept_and_slope,0.2,100,100,1.0,3915,1566,1566,351,783.0,783.0,145.0,145.0,0.664807194025301,0.1631791229800056,-0.0116953120410139,0.2294622426399527,0.2294622426399527,1.0464683219100128,0.1023381855213071,0.37,1.0,1.0,False
CHARLS,28,intercept_and_slope,0.3,100,100,1.0,3915,1566,1566,351,1174.0,1174.0,218.0,218.0,0.664807194025301,0.1630668790090613,-0.0118075560119582,0.2211466703976077,0.2211466703976077,1.0700369627902289,0.0767077549292363,0.28,1.0,1.0,False
CHARLS,28,intercept_and_slope,0.4,100,100,1.0,3915,1566,1566,351,1566.0,1566.0,291.0,291.0,0.664807194025301,0.1631229032282161,-0.0117515317928033,0.2225004007938732,0.2225004007938732,1.0807250637979875,0.0807250637979877,0.26,1.0,1.0,False
CHARLS,28,intercept_and_slope,0.5,100,100,1.0,3915,1566,1566,351,1957.0,1957.0,363.0,363.0,0.664807194025301,0.1631156373713412,-0.0117587976496783,0.223310301473947,0.223310301473947,1.088410008006901,0.088410008006901,0.19,1.0,1.0,False
CHARLS,28,intercept_and_slope,0.6,100,100,1.0,3915,1566,1566,351,2349.0,2349.0,436.0,436.0,0.664807194025301,0.1630676678035747,-0.0118067672174448,0.2222931409403216,0.2222931409403216,1.0791626199352509,0.0791626199352508,0.0,1.0,1.0,False
CHARLS,28,intercept_only,0.05,100,100,1.0,3915,1566,1566,351,195.0,195.0,36.0,36.0,0.664807194025301,0.1624899102239295,-0.0123845247970899,0.1969695420801979,0.1991033527356143,0.8902347564032135,0.1097652435967865,0.5,1.0,1.0,False
CHARLS,28,intercept_only,0.1,100,100,1.0,3915,1566,1566,351,391.0,391.0,73.0,73.0,0.664807194025301,0.1624481400012621,-0.0124262950197574,0.2095630918076028,0.2095630918076028,0.8902347564032135,0.1097652435967865,0.45,1.0,1.0,False
CHARLS,28,intercept_only,0.2,100,100,1.0,3915,1566,1566,351,783.0,783.0,145.0,145.0,0.664807194025301,0.1626440509260906,-0.0122303840949289,0.2305941676681994,0.2305941676681994,0.8902347564032135,0.1097652435967865,0.38,1.0,1.0,False
CHARLS,28,intercept_only,0.3,100,100,1.0,3915,1566,1566,351,1174.0,1174.0,218.0,218.0,0.664807194025301,0.1625559557110248,-0.0123184793099947,0.2214012211394163,0.2214012211394163,0.8902347564032135,0.1097652435967865,0.31,1.0,1.0,False
CHARLS,28,intercept_only,0.4,100,100,1.0,3915,1566,1566,351,1566.0,1566.0,291.0,291.0,0.664807194025301,0.1625592058879813,-0.0123152291330382,0.2217468578876483,0.2217468578876483,0.8902347564032135,0.1097652435967865,0.27,1.0,1.0,False
CHARLS,28,intercept_only,0.5,100,100,1.0,3915,1566,1566,351,1957.0,1957.0,363.0,363.0,0.664807194025301,0.1625713635328961,-0.0123030714881233,0.2230402100971309,0.2230402100971309,0.8902347564032135,0.1097652435967865,0.2,1.0,1.0,False
CHARLS,28,intercept_only,0.6,100,100,1.0,3915,1566,1566,351,2349.0,2349.0,436.0,436.0,0.664807194025301,0.1625624516227707,-0.0123119833982488,0.2220942752530449,0.2220942752530449,0.8902347564032135,0.1097652435967865,0.0,1.0,1.0,False
CHARLS,28,none,0.0,1,1,1.0,3915,1566,1566,351,0.0,0.0,0.0,0.0,0.664807194025301,0.1748744350210195,0.0,0.8754984935466682,0.8754984935466682,0.8902347564032135,0.1097652435967865,0.0,1.0,1.0,False
CHARLS,29,intercept_and_slope,0.05,100,100,1.0,3915,1566,1566,311,195.0,195.0,39.0,39.0,0.6776418441987676,0.1490175864096726,-0.0076352569624562,-0.0068204450077978,0.1147338093464654,1.1367529084423984,0.2270766141973706,0.76,1.0,1.0,False
CHARLS,29,intercept_and_slope,0.1,100,100,1.0,3915,1566,1566,311,391.0,391.0,78.0,78.0,0.6776418441987676,0.1486303897183102,-0.0080224536538185,-0.0059489024989606,0.0900327613088799,1.0824533153921914,0.1640032259364477,0.92,1.0,1.0,False
CHARLS,29,intercept_and_slope,0.2,100,100,1.0,3915,1566,1566,311,783.0,783.0,158.0,158.0,0.6776418441987676,0.1482574089369045,-0.0083954344352243,-0.0095434412242365,0.0492295443699341,1.1143523426811477,0.1274304957121304,1.0,1.0,1.0,False
CHARLS,29,intercept_and_slope,0.3,100,100,1.0,3915,1566,1566,311,1174.0,1174.0,237.0,237.0,0.6776418441987676,0.1482488949069003,-0.0084039484652284,-0.017591304779542,0.0418289484329302,1.144971185997263,0.1449711859972634,1.0,1.0,1.0,False
CHARLS,29,intercept_and_slope,0.4,100,100,1.0,3915,1566,1566,311,1566.0,1566.0,316.5,316.5,0.6776418441987676,0.1481861705098426,-0.0084666728622861,-0.0190224141226529,0.0292614711876217,1.1298217065732898,0.1298217065732899,1.0,1.0,1.0,False
CHARLS,29,intercept_and_slope,0.5,100,100,1.0,3915,1566,1566,311,1957.0,1957.0,397.0,397.0,0.6776418441987676,0.1481596167164771,-0.0084932266556516,-0.024307700801526,0.0252508250020946,1.1298267313006036,0.1298267313006036,1.0,1.0,1.0,False
CHARLS,29,intercept_and_slope,0.6,100,100,1.0,3915,1566,1566,311,2349.0,2349.0,476.0,476.0,0.6776418441987676,0.1481354405705319,-0.0085174028015968,-0.0226628630090404,0.0226628630090404,1.1246169902064618,0.1246169902064617,1.0,1.0,1.0,False
CHARLS,29,intercept_only,0.05,100,100,1.0,3915,1566,1566,311,195.0,195.0,39.0,39.0,0.6776418441987676,0.1482822314617838,-0.008370611910345,-0.0051632375544419,0.1063619342106522,0.916124957772494,0.0838750422275058,0.74,1.0,1.0,False
CHARLS,29,intercept_only,0.1,100,100,1.0,3915,1566,1566,311,391.0,391.0,78.0,78.0,0.6776418441987676,0.1482085072214291,-0.0084443361506996,-0.0112738289852079,0.0867707179628214,0.916124957772494,0.0838750422275058,0.91,1.0,1.0,True
CHARLS,29,intercept_only,0.2,100,100,1.0,3915,1566,1566,311,783.0,783.0,158.0,158.0,0.6776418441987676,0.1480615331164301,-0.0085913102556986,-0.0083885027765017,0.0494763444046151,0.916124957772494,0.0838750422275058,1.0,1.0,1.0,True
CHARLS,29,intercept_only,0.3,100,100,1.0,3915,1566,1566,311,1174.0,1174.0,237.0,237.0,0.6776418441987676,0.1480641024373384,-0.0085887409347903,-0.017744083103535,0.0428422887112824,0.916124957772494,0.0838750422275058,1.0,1.0,1.0,True
CHARLS,29,intercept_only,0.4,100,100,1.0,3915,1566,1566,311,1566.0,1566.0,316.5,316.5,0.6776418441987676,0.1480362788498603,-0.0086165645222684,-0.0182949587725824,0.0295905690794931,0.916124957772494,0.0838750422275058,1.0,1.0,1.0,True
CHARLS,29,intercept_only,0.5,100,100,1.0,3915,1566,1566,311,1957.0,1957.0,397.0,397.0,0.6776418441987676,0.148036767978296,-0.0086160753938328,-0.0235757805198321,0.0244110723697969,0.916124957772494,0.0838750422275058,1.0,1.0,1.0,True
CHARLS,29,intercept_only,0.6,100,100,1.0,3915,1566,1566,311,2349.0,2349.0,476.0,476.0,0.6776418441987676,0.1480346817439785,-0.0086181616281503,-0.0223608226527987,0.0223608226527987,0.916124957772494,0.0838750422275058,1.0,1.0,1.0,True
CHARLS,29,none,0.0,1,1,1.0,3915,1566,1566,311,0.0,0.0,0.0,0.0,0.6776418441987676,0.1566528433721288,0.0,0.7329396079136481,0.7329396079136481,0.916124957772494,0.0838750422275058,0.0,1.0,1.0,False
CHARLS,30,intercept_and_slope,0.05,100,100,1.0,3915,1566,1566,305,195.0,195.0,40.0,40.0,0.646182446926067,0.1492499085005834,-0.0063302989484067,-0.0193744828454202,0.1173431128881855,0.8881364684219317,0.1921509811109022,0.69,1.0,0.99,False
CHARLS,30,intercept_and_slope,0.1,100,100,1.0,3915,1566,1566,305,391.0,391.0,80.0,80.0,0.646182446926067,0.1486508714502064,-0.0069293359987836,-0.0274042986318815,0.0813406945223825,0.8886199621472521,0.1875342816555434,0.86,1.0,1.0,False
CHARLS,30,intercept_and_slope,0.2,100,100,1.0,3915,1566,1566,305,783.0,783.0,162.0,162.0,0.646182446926067,0.1482975181271927,-0.0072826893217973,-0.035962731162748,0.0519887627347266,0.8848955762250492,0.1280948175691988,0.99,1.0,1.0,False
CHARLS,30,intercept_and_slope,0.3,100,100,1.0,3915,1566,1566,305,1174.0,1174.0,240.5,240.5,0.646182446926067,0.1482511400597333,-0.0073290673892567,-0.0272862184810182,0.0447966292845979,0.8838184954958648,0.1176309277808577,1.0,1.0,1.0,False
CHARLS,30,intercept_and_slope,0.4,100,100,1.0,3915,1566,1566,305,1566.0,1566.0,321.0,321.0,0.646182446926067,0.1481890866092466,-0.0073911208397434,-0.0273172703224432,0.0300749445130644,0.8865177384354219,0.1134822615645781,1.0,1.0,1.0,False
CHARLS,30,intercept_and_slope,0.5,100,100,1.0,3915,1566,1566,305,1957.0,1957.0,403.0,403.0,0.646182446926067,0.148160552353179,-0.007419655095811,-0.0287177724033838,0.0291036404053094,0.8937247066828407,0.1062752933171592,1.0,1.0,1.0,False
CHARLS,30,intercept_and_slope,0.6,100,100,1.0,3915,1566,1566,305,2349.0,2349.0,482.0,482.0,0.646182446926067,0.1481549249882543,-0.0074252824607357,-0.0241843196545762,0.0241843196545762,0.8879105150518136,0.1120894849481863,1.0,1.0,1.0,False
CHARLS,30,intercept_only,0.05,100,100,1.0,3915,1566,1566,305,195.0,195.0,40.0,40.0,0.646182446926067,0.1485881007822678,-0.0069921066667223,-0.0104590243389235,0.1149024094069986,0.7941596743458098,0.2058403256541902,0.68,1.0,1.0,False
CHARLS,30,intercept_only,0.1,100,100,1.0,3915,1566,1566,305,391.0,391.0,80.0,80.0,0.646182446926067,0.1485321617291446,-0.0070480457198454,-0.026420178970421,0.0797834880825668,0.7941596743458098,0.2058403256541902,0.86,1.0,1.0,True
CHARLS,30,intercept_only,0.2,100,100,1.0,3915,1566,1566,305,783.0,783.0,162.0,162.0,0.646182446926067,0.1484803082015682,-0.0070998992474219,-0.0313862992316421,0.0506830700727904,0.7941596743458098,0.2058403256541902,0.99,1.0,1.0,True
CHARLS,30,intercept_only,0.3,100,100,1.0,3915,1566,1566,305,1174.0,1174.0,240.5,240.5,0.646182446926067,0.1484497775383997,-0.0071304299105903,-0.0234055525923422,0.0436329143902989,0.7941596743458098,0.2058403256541902,1.0,1.0,1.0,True
CHARLS,30,intercept_only,0.4,100,100,1.0,3915,1566,1566,305,1566.0,1566.0,321.0,321.0,0.646182446926067,0.1484500729860004,-0.0071301344629896,-0.0233510560824491,0.0278230067290442,0.7941596743458098,0.2058403256541902,1.0,1.0,1.0,True
CHARLS,30,intercept_only,0.5,100,100,1.0,3915,1566,1566,305,1957.0,1957.0,403.0,403.0,0.646182446926067,0.1484563606689803,-0.0071238467800097,-0.0252113751081732,0.0276397499557744,0.7941596743458098,0.2058403256541902,1.0,1.0,1.0,True
CHARLS,30,intercept_only,0.6,100,100,1.0,3915,1566,1566,305,2349.0,2349.0,482.0,482.0,0.646182446926067,0.1484375915292852,-0.0071426159197048,-0.0199861051945631,0.0199861051945631,0.7941596743458098,0.2058403256541902,1.0,1.0,1.0,True
CHARLS,30,none,0.0,1,1,1.0,3915,1566,1566,305,0.0,0.0,0.0,0.0,0.646182446926067,0.1555802074489901,0.0,0.7342486692775039,0.7342486692775039,0.7941596743458098,0.2058403256541902,0.0,1.0,1.0,False
ELSA,1,intercept_and_slope,0.05,100,100,1.0,8609,3443,12216,1203,430.0,1533.5,146.5,137.0,0.7549545655217869,0.0802982091660341,-0.0006956116089293,0.0227332217511476,0.0599553782056982,1.0791163971637667,0.0845325765410107,0.97,1.0,0.96,True
ELSA,1,intercept_and_slope,0.1,100,100,1.0,8609,3443,12216,1203,860.0,3067.0,295.0,272.0,0.7549545655217869,0.080260297963506,-0.0007335228114574,0.0284508879725269,0.0464233607491057,1.0756779450948306,0.0781597284117773,0.99,1.0,1.0,True
ELSA,1,intercept_and_slope,0.2,100,100,1.0,8609,3443,12216,1203,1721.0,6108.0,587.0,542.5,0.7549545655217869,0.080254585347536,-0.0007392354274273,0.0332987793484045,0.0382536567715167,1.0857877659389747,0.0857877659389747,1.0,1.0,1.0,True
ELSA,1,intercept_and_slope,0.3,100,100,1.0,8609,3443,12216,1203,2582.0,9204.5,884.0,820.0,0.7549545655217869,0.0802347553773249,-0.0007590653976384,0.0308932720584532,0.0308932720584532,1.0794454678589886,0.0794454678589886,1.0,1.0,1.0,True
ELSA,1,intercept_and_slope,0.4,100,100,1.0,8609,3443,12216,1203,3443.0,12259.0,1179.5,1091.0,0.7549545655217869,0.0802378623782608,-0.0007559583967026,0.0276265155904103,0.0276265155904103,1.0821795016514946,0.0821795016514946,1.0,1.0,1.0,True
ELSA,1,intercept_and_slope,0.5,100,100,1.0,8609,3443,12216,1203,4304.0,15318.0,1476.5,1366.0,0.7549545655217869,0.0802331708780768,-0.0007606498968866,0.0289855240778944,0.0289855240778944,1.0822554629892889,0.0822554629892888,1.0,1.0,1.0,True
ELSA,1,intercept_and_slope,0.6,100,100,1.0,8609,3443,12216,1203,5165.0,18391.0,1772.0,1640.0,0.7549545655217869,0.0802345541694087,-0.0007592666055547,0.0276637278669164,0.0276637278669164,1.0837413998769667,0.0837413998769667,1.0,1.0,1.0,True
ELSA,1,intercept_only,0.05,100,100,1.0,8609,3443,12216,1203,430.0,1533.5,146.5,137.0,0.7549545655217869,0.0803534918216903,-0.0006403289532731,0.0217410178984885,0.0608856789624909,1.1566440336652413,0.1566440336652412,0.97,1.0,0.99,True
ELSA,1,intercept_only,0.1,100,100,1.0,8609,3443,12216,1203,860.0,3067.0,295.0,272.0,0.7549545655217869,0.0803587373113588,-0.0006350834636045,0.0319637579056322,0.0446625619190626,1.1566440336652413,0.1566440336652412,1.0,1.0,1.0,True
ELSA,1,intercept_only,0.2,100,100,1.0,8609,3443,12216,1203,1721.0,6108.0,587.0,542.5,0.7549545655217869,0.0803594410802205,-0.0006343796947429,0.0323460008571514,0.036473418666919,1.1566440336652413,0.1566440336652412,1.0,1.0,1.0,True
ELSA,1,intercept_only,0.3,100,100,1.0,8609,3443,12216,1203,2582.0,9204.5,884.0,820.0,0.7549545655217869,0.0803561139181614,-0.000637706856802,0.030531874129698,0.030531874129698,1.1566440336652413,0.1566440336652412,1.0,1.0,1.0,True
ELSA,1,intercept_only,0.4,100,100,1.0,8609,3443,12216,1203,3443.0,12259.0,1179.5,1091.0,0.7549545655217869,0.0803500913184301,-0.0006437294565333,0.0271696105824828,0.0271696105824828,1.1566440336652413,0.1566440336652412,1.0,1.0,1.0,True
ELSA,1,intercept_only,0.5,100,100,1.0,8609,3443,12216,1203,4304.0,15318.0,1476.5,1366.0,0.7549545655217869,0.0803516417338816,-0.0006421790410818,0.0280464455061173,0.0280464455061173,1.1566440336652413,0.1566440336652412,1.0,1.0,1.0,True
ELSA,1,intercept_only,0.6,100,100,1.0,8609,3443,12216,1203,5165.0,18391.0,1772.0,1640.0,0.7549545655217869,0.0803493799962391,-0.0006444407787243,0.0267647405265756,0.0267647405265756,1.1566440336652413,0.1566440336652412,1.0,1.0,1.0,True
ELSA,1,none,0.0,1,1,1.0,8609,3443,12216,1203,0.0,0.0,0.0,0.0,0.7549545655217869,0.0809938207749634,0.0,0.2227872773146436,0.2227872773146436,1.1566440336652413,0.1566440336652412,0.0,1.0,1.0,False
ELSA,2,intercept_and_slope,0.05,100,100,1.0,8609,3443,12297,1203,430.0,1519.5,146.5,136.0,0.7483471179032168,0.0804568071061614,-0.0006356756805808,0.070293507469961,0.0800150023008515,0.99982582179998,0.0680752695084714,0.88,1.0,0.94,True
ELSA,2,intercept_and_slope,0.1,100,100,1.0,8609,3443,12297,1203,860.0,3042.5,296.0,274.0,0.7483471179032168,0.0803840950797095,-0.0007083877070327,0.0670329442836607,0.0674008681920254,1.007320337292017,0.0386368413586897,0.98,1.0,1.0,True
ELSA,2,intercept_and_slope,0.2,100,100,1.0,8609,3443,12297,1203,1721.0,6100.0,586.0,545.0,0.7483471179032168,0.0803891067149677,-0.0007033760717745,0.0684545832854877,0.0697299400692962,1.0205344318687135,0.0331601343541332,1.0,1.0,1.0,True
ELSA,2,intercept_and_slope,0.3,100,100,1.0,8609,3443,12297,1203,2582.0,9141.5,887.0,824.0,0.7483471179032168,0.0803662469046741,-0.0007262358820681,0.062585140940634,0.062585140940634,1.0134235885230527,0.0186103543259259,1.0,1.0,1.0,True
ELSA,2,intercept_and_slope,0.4,100,100,1.0,8609,3443,12297,1203,3443.0,12204.0,1181.0,1097.0,0.7483471179032168,0.080375342829128,-0.0007171399576142,0.0682559114203258,0.0682559114203258,1.0195921254290852,0.0205563729429976,1.0,1.0,1.0,True
ELSA,2,intercept_and_slope,0.5,100,100,1.0,8609,3443,12297,1203,4304.0,15253.5,1477.0,1370.0,0.7483471179032168,0.0803688597475003,-0.0007236230392419,0.0659090302826962,0.0659090302826962,1.0146193000035386,0.0153067632724918,1.0,1.0,1.0,True
ELSA,2,intercept_and_slope,0.6,100,100,1.0,8609,3443,12297,1203,5165.0,18311.0,1772.0,1644.0,0.7483471179032168,0.0803679200820767,-0.0007245627046654,0.0660389968830832,0.0660389968830832,1.0166122990717867,0.0166122990717867,1.0,1.0,1.0,True
ELSA,2,intercept_only,0.05,100,100,1.0,8609,3443,12297,1203,430.0,1519.5,146.5,136.0,0.7483471179032168,0.0804902411146073,-0.0006022416721349,0.0678374791789307,0.0764386743521284,1.1142041675078154,0.1142041675078153,0.88,1.0,0.97,True
ELSA,2,intercept_only,0.1,100,100,1.0,8609,3443,12297,1203,860.0,3042.5,296.0,274.0,0.7483471179032168,0.080470951642523,-0.0006215311442192,0.0586669190357673,0.0604454237769372,1.1142041675078154,0.1142041675078153,0.98,1.0,0.99,True
ELSA,2,intercept_only,0.2,100,100,1.0,8609,3443,12297,1203,1721.0,6100.0,586.0,545.0,0.7483471179032168,0.0804812261824798,-0.0006112566042623,0.0636335019262591,0.0648479010688786,1.1142041675078154,0.1142041675078153,1.0,1.0,1.0,True
ELSA,2,intercept_only,0.3,100,100,1.0,8609,3443,12297,1203,2582.0,9141.5,887.0,824.0,0.7483471179032168,0.0804674278278577,-0.0006250549588845,0.0569195406549323,0.0569195406549323,1.1142041675078154,0.1142041675078153,1.0,1.0,1.0,True
ELSA,2,intercept_only,0.4,100,100,1.0,8609,3443,12297,1203,3443.0,12204.0,1181.0,1097.0,0.7483471179032168,0.0804776194047501,-0.000614863381992,0.0619129311486327,0.0619129311486327,1.1142041675078154,0.1142041675078153,1.0,1.0,1.0,True
ELSA,2,intercept_only,0.5,100,100,1.0,8609,3443,12297,1203,4304.0,15253.5,1477.0,1370.0,0.7483471179032168,0.0804738180203274,-0.0006186647664147,0.0600738671300525,0.0600738671300525,1.1142041675078154,0.1142041675078153,1.0,1.0,1.0,True
ELSA,2,intercept_only,0.6,100,100,1.0,8609,3443,12297,1203,5165.0,18311.0,1772.0,1644.0,0.7483471179032168,0.080474037949418,-0.0006184448373241,0.0601810160155182,0.0601810160155182,1.1142041675078154,0.1142041675078153,1.0,1.0,1.0,True
ELSA,2,none,0.0,1,1,1.0,8609,3443,12297,1203,0.0,0.0,0.0,0.0,0.7483471179032168,0.0810924827867422,0.0,0.2428892510917115,0.2428892510917115,1.1142041675078154,0.1142041675078153,0.0,1.0,1.0,False
ELSA,3,intercept_and_slope,0.05,100,100,1.0,8609,3443,12220,1188,430.0,1531.5,148.0,136.0,0.7459676533280594,0.0798224902432776,-0.000472067699328,-0.0190663067917969,0.0628223277589557,1.0013459688552326,0.0710521186704462,0.96,1.0,0.9,True
ELSA,3,intercept_and_slope,0.1,100,100,1.0,8609,3443,12220,1188,860.0,3058.5,297.0,278.0,0.7459676533280594,0.0797407899924425,-0.000553767950163,-0.0087104303832241,0.0378925168864777,1.0090269390415854,0.0423955694209944,1.0,1.0,1.0,True
ELSA,3,intercept_and_slope,0.2,100,100,1.0,8609,3443,12220,1188,1721.0,6126.5,589.0,548.5,0.7459676533280594,0.0797111592766846,-0.0005833986659209,0.0023651569900319,0.0217012741459501,1.0126221488195069,0.0299144701381716,1.0,1.0,1.0,True
ELSA,3,intercept_and_slope,0.3,100,100,1.0,8609,3443,12220,1188,2582.0,9177.5,892.5,829.0,0.7459676533280594,0.0797054571530512,-0.0005891007895543,-0.0117891490131431,0.0188943950387307,1.0118644537212185,0.0219793703635423,1.0,1.0,1.0,True
ELSA,3,intercept_and_slope,0.4,100,100,1.0,8609,3443,12220,1188,3443.0,12256.0,1189.0,1104.5,0.7459676533280594,0.079699334364975,-0.0005952235776305,-0.0088863304342743,0.0143107528539887,1.00650264720751,0.0148743129734733,1.0,1.0,1.0,True
ELSA,3,intercept_and_slope,0.5,100,100,1.0,8609,3443,12220,1188,4304.0,15308.0,1489.0,1384.0,0.7459676533280594,0.07969634709824,-0.0005982108443655,-0.0101880694600947,0.0120462725476324,1.0076718758846792,0.0100016493887937,1.0,1.0,1.0,True
ELSA,3,intercept_and_slope,0.6,100,100,1.0,8609,3443,12220,1188,5165.0,18387.0,1787.0,1661.0,0.7459676533280594,0.0796943950025011,-0.0006001629401044,-0.0099450593764298,0.0099450593764298,1.0095626750850384,0.0095626750850382,1.0,1.0,1.0,True
ELSA,3,intercept_only,0.05,100,100,1.0,8609,3443,12220,1188,430.0,1531.5,148.0,136.0,0.7459676533280594,0.0798012690332546,-0.000493288909351,-0.0132339069956033,0.0607979589889575,1.108275276213409,0.1082752762134089,0.97,1.0,0.98,True
ELSA,3,intercept_only,0.1,100,100,1.0,8609,3443,12220,1188,860.0,3058.5,297.0,278.0,0.7459676533280594,0.0797801443982836,-0.000514413544322,-0.008768509945944,0.0351377429859542,1.108275276213409,0.1082752762134089,1.0,1.0,1.0,True
ELSA,3,intercept_only,0.2,100,100,1.0,8609,3443,12220,1188,1721.0,6126.5,589.0,548.5,0.7459676533280594,0.0797840004735065,-0.000510557469099,0.0022083418154127,0.0198374918771452,1.108275276213409,0.1082752762134089,1.0,1.0,1.0,True
ELSA,3,intercept_only,0.3,100,100,1.0,8609,3443,12220,1188,2582.0,9177.5,892.5,829.0,0.7459676533280594,0.0797730407538895,-0.000521517188716,-0.0107036252083398,0.018099474022136,1.108275276213409,0.1082752762134089,1.0,1.0,1.0,True
ELSA,3,intercept_only,0.4,100,100,1.0,8609,3443,12220,1188,3443.0,12256.0,1189.0,1104.5,0.7459676533280594,0.0797745049905065,-0.000520052952099,-0.0081678676883508,0.0137069867092666,1.108275276213409,0.1082752762134089,1.0,1.0,1.0,True
ELSA,3,intercept_only,0.5,100,100,1.0,8609,3443,12220,1188,4304.0,15308.0,1489.0,1384.0,0.7459676533280594,0.0797736155698956,-0.00052094237271,-0.0093659880470263,0.0114303726461919,1.108275276213409,0.1082752762134089,1.0,1.0,1.0,True
ELSA,3,intercept_only,0.6,100,100,1.0,8609,3443,12220,1188,5165.0,18387.0,1787.0,1661.0,0.7459676533280594,0.0797736832906899,-0.0005208746519156,-0.0092731311205659,0.0092731311205659,1.108275276213409,0.1082752762134089,1.0,1.0,1.0,True
ELSA,3,none,0.0,1,1,1.0,8609,3443,12220,1188,0.0,0.0,0.0,0.0,0.7459676533280594,0.0802945579426056,0.0,0.2012265956167534,0.2012265956167534,1.108275276213409,0.1082752762134089,0.0,1.0,1.0,False
ELSA,4,intercept_and_slope,0.05,100,100,1.0,8609,3443,12172,1195,430.0,1531.0,146.5,136.0,0.7430825121983852,0.0812860521155211,-0.0003511321465718,0.0188466033681719,0.0693923899741338,0.9353232975649208,0.0824809318549862,0.98,1.0,0.89,True
ELSA,4,intercept_and_slope,0.1,100,100,1.0,8609,3443,12172,1195,860.0,3072.5,296.5,275.5,0.7430825121983852,0.0811898896591168,-0.0004472946029761,0.0267904291896906,0.0428776147061319,0.95229548426114,0.0574636512867639,1.0,1.0,0.98,True
ELSA,4,intercept_and_slope,0.2,100,100,1.0,8609,3443,12172,1195,1721.0,6126.5,590.5,546.5,0.7430825121983852,0.0811600485728384,-0.0004771356892544,0.0216135710789434,0.0280443518177982,0.946139690861959,0.054707643204241,1.0,1.0,1.0,True
ELSA,4,intercept_and_slope,0.3,100,100,1.0,8609,3443,12172,1195,2582.0,9212.5,888.5,821.0,0.7430825121983852,0.0811503739073542,-0.0004868103547386,0.0261908974463649,0.0276791887026735,0.945896059291296,0.054103940708704,1.0,1.0,1.0,True
ELSA,4,intercept_and_slope,0.4,100,100,1.0,8609,3443,12172,1195,3443.0,12297.5,1186.0,1100.0,0.7430825121983852,0.0811502866988668,-0.0004868975632261,0.0213147703331504,0.0218174954045554,0.9429193800335416,0.0570806199664584,1.0,1.0,1.0,True
ELSA,4,intercept_and_slope,0.5,100,100,1.0,8609,3443,12172,1195,4304.0,15363.5,1480.0,1371.5,0.7430825121983852,0.0811477968304521,-0.0004893874316408,0.023821055238205,0.023821055238205,0.9438136544024218,0.0561863455975782,1.0,1.0,1.0,True
ELSA,4,intercept_and_slope,0.6,100,100,1.0,8609,3443,12172,1195,5165.0,18435.0,1780.0,1650.0,0.7430825121983852,0.0811447583433935,-0.0004924259186993,0.0213467268727148,0.0213467268727148,0.9451805530585472,0.0548194469414528,1.0,1.0,1.0,True
ELSA,4,intercept_only,0.05,100,100,1.0,8609,3443,12172,1195,430.0,1531.0,146.5,136.0,0.7430825121983852,0.081150253657142,-0.0004869306049508,0.0218964695904793,0.0662553639339876,1.0651453417009165,0.0651453417009164,0.98,1.0,0.98,True
ELSA,4,intercept_only,0.1,100,100,1.0,8609,3443,12172,1195,860.0,3072.5,296.5,275.5,0.7430825121983852,0.0811427005099163,-0.0004944837521766,0.0245729257632201,0.0419397571695516,1.0651453417009165,0.0651453417009164,1.0,1.0,1.0,True
ELSA,4,intercept_only,0.2,100,100,1.0,8609,3443,12172,1195,1721.0,6126.5,590.5,546.5,0.7430825121983852,0.0811290559087244,-0.0005081283533685,0.0214375657008945,0.0296750785857803,1.0651453417009165,0.0651453417009164,1.0,1.0,1.0,True
ELSA,4,intercept_only,0.3,100,100,1.0,8609,3443,12172,1195,2582.0,9212.5,888.5,821.0,0.7430825121983852,0.0811328931333625,-0.0005042911287303,0.0251463698632919,0.0270052253986511,1.0651453417009165,0.0651453417009164,1.0,1.0,1.0,True
ELSA,4,intercept_only,0.4,100,100,1.0,8609,3443,12172,1195,3443.0,12297.5,1186.0,1100.0,0.7430825121983852,0.0811282396481865,-0.0005089446139063,0.0206179489709427,0.0219882053936583,1.0651453417009165,0.0651453417009164,1.0,1.0,1.0,True
ELSA,4,intercept_only,0.5,100,100,1.0,8609,3443,12172,1195,4304.0,15363.5,1480.0,1371.5,0.7430825121983852,0.0811310063010916,-0.0005061779610013,0.0233591588054131,0.0233591588054131,1.0651453417009165,0.0651453417009164,1.0,1.0,1.0,True
ELSA,4,intercept_only,0.6,100,100,1.0,8609,3443,12172,1195,5165.0,18435.0,1780.0,1650.0,0.7430825121983852,0.081128473629907,-0.0005087106321859,0.0208551892126683,0.0208551892126683,1.0651453417009165,0.0651453417009164,1.0,1.0,1.0,True
ELSA,4,none,0.0,1,1,1.0,8609,3443,12172,1195,0.0,0.0,0.0,0.0,0.7430825121983852,0.0816371842620929,0.0,0.2193340671610506,0.2193340671610506,1.0651453417009165,0.0651453417009164,0.0,1.0,1.0,False
ELSA,5,intercept_and_slope,0.05,100,100,1.0,8609,3443,12334,1202,430.0,1522.5,149.0,140.0,0.7605384157318351,0.0793858810903723,-0.0006631531513211,0.0011434414980796,0.0595583331208404,1.1316393756114744,0.1316393756114744,0.98,1.0,0.95,False
ELSA,5,intercept_and_slope,0.1,100,100,1.0,8609,3443,12334,1202,860.0,3044.5,293.5,272.0,0.7605384157318351,0.0793244000927196,-0.0007246341489738,0.0215583743252142,0.0423552926079741,1.1023943720692049,0.1023943720692047,1.0,1.0,1.0,False
ELSA,5,intercept_and_slope,0.2,100,100,1.0,8609,3443,12334,1202,1721.0,6114.5,591.0,550.0,0.7605384157318351,0.0793201012400873,-0.0007289330016061,0.0211653704277839,0.0328945863634302,1.0960772084775785,0.0960772084775786,1.0,1.0,1.0,True
ELSA,5,intercept_and_slope,0.3,100,100,1.0,8609,3443,12334,1202,2582.0,9120.0,887.0,824.0,0.7605384157318351,0.0793107357908008,-0.0007382984508926,0.013330293512919,0.0168674235023137,1.1084672416691017,0.1084672416691014,1.0,1.0,1.0,False
ELSA,5,intercept_and_slope,0.4,100,100,1.0,8609,3443,12334,1202,3443.0,12169.0,1179.5,1098.0,0.7605384157318351,0.0792961231111389,-0.0007529111305545,0.0177043143442508,0.0198236053782604,1.0986489263506525,0.0986489263506524,1.0,1.0,1.0,True
ELSA,5,intercept_and_slope,0.5,100,100,1.0,8609,3443,12334,1202,4304.0,15225.0,1477.0,1375.0,0.7605384157318351,0.0793068449557007,-0.0007421892859927,0.0186211131808522,0.0186211131808522,1.1060197873201956,0.1060197873201955,1.0,1.0,1.0,False
ELSA,5,intercept_and_slope,0.6,100,100,1.0,8609,3443,12334,1202,5165.0,18274.0,1773.0,1649.0,0.7605384157318351,0.0793027285043503,-0.0007463057373431,0.0183654988197929,0.0183654988197929,1.1018643981041625,0.1018643981041625,1.0,1.0,1.0,False
ELSA,5,intercept_only,0.05,100,100,1.0,8609,3443,12334,1202,430.0,1522.5,149.0,140.0,0.7605384157318351,0.079392792995363,-0.0006562412463304,0.0021391785508294,0.0595932934721008,1.1673337571636015,0.1673337571636015,0.97,1.0,0.99,True
ELSA,5,intercept_only,0.1,100,100,1.0,8609,3443,12334,1202,860.0,3044.5,293.5,272.0,0.7605384157318351,0.0794134560047889,-0.0006355782369045,0.0208623470427263,0.0403412635666839,1.1673337571636015,0.1673337571636015,1.0,1.0,1.0,True
ELSA,5,intercept_only,0.2,100,100,1.0,8609,3443,12334,1202,1721.0,6114.5,591.0,550.0,0.7605384157318351,0.0794123761089597,-0.0006366581327337,0.0202230175709437,0.031184763147589,1.1673337571636015,0.1673337571636015,1.0,1.0,1.0,True
ELSA,5,intercept_only,0.3,100,100,1.0,8609,3443,12334,1202,2582.0,9120.0,887.0,824.0,0.7605384157318351,0.0793997340265177,-0.0006493002151757,0.0124053166559105,0.0162836568132686,1.1673337571636015,0.1673337571636015,1.0,1.0,1.0,True
ELSA,5,intercept_only,0.4,100,100,1.0,8609,3443,12334,1202,3443.0,12169.0,1179.5,1098.0,0.7605384157318351,0.0794072058918488,-0.0006418283498446,0.0171075818134994,0.0187678485835418,1.1673337571636015,0.1673337571636015,1.0,1.0,1.0,True
ELSA,5,intercept_only,0.5,100,100,1.0,8609,3443,12334,1202,4304.0,15225.0,1477.0,1375.0,0.7605384157318351,0.0794089310839346,-0.0006401031577588,0.0181598560721057,0.0181598560721057,1.1673337571636015,0.1673337571636015,1.0,1.0,1.0,True
ELSA,5,intercept_only,0.6,100,100,1.0,8609,3443,12334,1202,5165.0,18274.0,1773.0,1649.0,0.7605384157318351,0.0794081418499717,-0.0006408923917217,0.0176803382869401,0.0176803382869401,1.1673337571636015,0.1673337571636015,1.0,1.0,1.0,True
ELSA,5,none,0.0,1,1,1.0,8609,3443,12334,1202,0.0,0.0,0.0,0.0,0.7605384157318351,0.0800490342416934,0.0,0.2173252977006873,0.2173252977006873,1.1673337571636015,0.1673337571636015,0.0,1.0,1.0,False
ELSA,6,intercept_and_slope,0.05,100,100,1.0,8609,3443,12102,1157,430.0,1545.5,151.0,140.0,0.7487290305538852,0.078148978138389,-0.0005543887012239,-0.0248398186226821,0.0560144560752559,1.0231736954753197,0.0695955597135332,0.99,1.0,0.99,True
ELSA,6,intercept_and_slope,0.1,100,100,1.0,8609,3443,12102,1157,860.0,3077.5,301.5,280.5,0.7487290305538852,0.0780955400017079,-0.000607826837905,-0.0300637564753727,0.0448589375321006,1.0220928939292069,0.0519424837092652,1.0,1.0,1.0,True
ELSA,6,intercept_and_slope,0.2,100,100,1.0,8609,3443,12102,1157,1721.0,6162.5,605.0,561.5,0.7487290305538852,0.0780737800605415,-0.0006295867790714,-0.0141448074787992,0.0314247795664052,1.0317038224259567,0.0386428159528752,1.0,1.0,1.0,True
ELSA,6,intercept_and_slope,0.3,100,100,1.0,8609,3443,12102,1157,2582.0,9234.5,907.0,843.0,0.7487290305538852,0.078063732066431,-0.0006396347731819,-0.018339044329151,0.0206967264167289,1.033043901317117,0.0345211948926249,1.0,1.0,1.0,True
ELSA,6,intercept_and_slope,0.4,100,100,1.0,8609,3443,12102,1157,3443.0,12335.5,1211.0,1125.0,0.7487290305538852,0.0780566717199442,-0.0006466951196687,-0.0189991515383843,0.022487830616798,1.030038721180956,0.0300387211809559,1.0,1.0,1.0,True
ELSA,6,intercept_and_slope,0.5,100,100,1.0,8609,3443,12102,1157,4304.0,15416.5,1517.5,1409.0,0.7487290305538852,0.0780543316868309,-0.0006490351527819,-0.0227242128643128,0.0227242128643128,1.0304403267486753,0.0304403267486751,1.0,1.0,1.0,True
ELSA,6,intercept_and_slope,0.6,100,100,1.0,8609,3443,12102,1157,5165.0,18506.0,1818.0,1689.0,0.7487290305538852,0.0780532585237672,-0.0006501083158457,-0.0210002463589085,0.0210002463589085,1.0303644002398422,0.0303644002398422,1.0,1.0,1.0,True
ELSA,6,intercept_only,0.05,100,100,1.0,8609,3443,12102,1157,430.0,1545.5,151.0,140.0,0.7487290305538852,0.0781892713380028,-0.00051409550161,-0.0237806987073534,0.0550080674453277,1.1219527603014363,0.1219527603014363,0.98,1.0,1.0,True
ELSA,6,intercept_only,0.1,100,100,1.0,8609,3443,12102,1157,860.0,3077.5,301.5,280.5,0.7487290305538852,0.0781797434237285,-0.0005236234158844,-0.0279823729917255,0.0446151981386225,1.1219527603014363,0.1219527603014363,1.0,1.0,1.0,True
ELSA,6,intercept_only,0.2,100,100,1.0,8609,3443,12102,1157,1721.0,6162.5,605.0,561.5,0.7487290305538852,0.078173128415148,-0.0005302384244649,-0.0146233114101449,0.0307979755122642,1.1219527603014363,0.1219527603014363,1.0,1.0,1.0,True
ELSA,6,intercept_only,0.3,100,100,1.0,8609,3443,12102,1157,2582.0,9234.5,907.0,843.0,0.7487290305538852,0.0781690876290544,-0.0005342792105585,-0.0190514930966591,0.021414451385826,1.1219527603014363,0.1219527603014363,1.0,1.0,1.0,True
ELSA,6,intercept_only,0.4,100,100,1.0,8609,3443,12102,1157,3443.0,12335.5,1211.0,1125.0,0.7487290305538852,0.0781684074075184,-0.0005349594320945,-0.019961558307414,0.0225105089742216,1.1219527603014363,0.1219527603014363,1.0,1.0,1.0,True
ELSA,6,intercept_only,0.5,100,100,1.0,8609,3443,12102,1157,4304.0,15416.5,1517.5,1409.0,0.7487290305538852,0.0781662835197923,-0.0005370833198206,-0.0229369483759966,0.0229369483759966,1.1219527603014363,0.1219527603014363,1.0,1.0,1.0,True
ELSA,6,intercept_only,0.6,100,100,1.0,8609,3443,12102,1157,5165.0,18506.0,1818.0,1689.0,0.7487290305538852,0.0781674879056666,-0.0005358789339463,-0.0212183798961994,0.0212183798961994,1.1219527603014363,0.1219527603014363,1.0,1.0,1.0,True
ELSA,6,none,0.0,1,1,1.0,8609,3443,12102,1157,0.0,0.0,0.0,0.0,0.7487290305538852,0.0787033668396129,0.0,0.1938530431701108,0.1938530431701108,1.1219527603014363,0.1219527603014363,1.0,1.0,1.0,False
ELSA,7,intercept_and_slope,0.05,100,100,1.0,8609,3443,12150,1230,430.0,1538.5,144.5,135.0,0.7533645656511511,0.0828713355011015,-0.000627359963281,0.0886260500001966,0.0934203837304722,1.0112378920155922,0.0615479516037914,0.91,1.0,0.96,True
ELSA,7,intercept_and_slope,0.1,100,100,1.0,8609,3443,12150,1230,860.0,3083.5,293.5,274.0,0.7533645656511511,0.0828123674005204,-0.0006863280638621,0.0764300288894479,0.0764300288894479,1.025984853273768,0.0484763362175659,0.98,1.0,1.0,True
ELSA,7,intercept_and_slope,0.2,100,100,1.0,8609,3443,12150,1230,1721.0,6155.5,582.5,543.0,0.7533645656511511,0.0827884743236579,-0.0007102211407246,0.0749079228647862,0.0749079228647862,1.0178303590863869,0.0337205981711027,1.0,1.0,1.0,True
ELSA,7,intercept_and_slope,0.3,100,100,1.0,8609,3443,12150,1230,2582.0,9224.5,873.0,814.5,0.7533645656511511,0.0827841343067122,-0.0007145611576703,0.0788936769741776,0.0788936769741776,1.019696921729063,0.0218724309928659,1.0,1.0,1.0,True
ELSA,7,intercept_and_slope,0.4,100,100,1.0,8609,3443,12150,1230,3443.0,12301.5,1160.0,1086.0,0.7533645656511511,0.0827836072631052,-0.0007150882012773,0.0785948315832138,0.0785948315832138,1.0213767537450775,0.0221544156454405,1.0,1.0,1.0,True
ELSA,7,intercept_and_slope,0.5,100,100,1.0,8609,3443,12150,1230,4304.0,15376.0,1456.0,1360.0,0.7533645656511511,0.0827788045031816,-0.0007198909612009,0.075977411225492,0.075977411225492,1.020755051745538,0.0207550517455378,1.0,1.0,1.0,True
ELSA,7,intercept_and_slope,0.6,100,100,1.0,8609,3443,12150,1230,5165.0,18458.0,1745.0,1630.0,0.7533645656511511,0.082778155892809,-0.0007205395715735,0.0766229454629644,0.0766229454629644,1.021245000542766,0.021245000542766,1.0,1.0,1.0,True
ELSA,7,intercept_only,0.05,100,100,1.0,8609,3443,12150,1230,430.0,1538.5,144.5,135.0,0.7533645656511511,0.0828913427638432,-0.0006073527005393,0.0880666729664526,0.0913235674935036,1.1157724168531906,0.1157724168531906,0.92,1.0,0.96,True
ELSA,7,intercept_only,0.1,100,100,1.0,8609,3443,12150,1230,860.0,3083.5,293.5,274.0,0.7533645656511511,0.082864975223826,-0.0006337202405565,0.0771420666263951,0.0771420666263951,1.1157724168531906,0.1157724168531906,0.98,1.0,1.0,True
ELSA,7,intercept_only,0.2,100,100,1.0,8609,3443,12150,1230,1721.0,6155.5,582.5,543.0,0.7533645656511511,0.0828546106936733,-0.0006440847707092,0.0726048272865598,0.0726048272865598,1.1157724168531906,0.1157724168531906,1.0,1.0,1.0,True
ELSA,7,intercept_only,0.3,100,100,1.0,8609,3443,12150,1230,2582.0,9224.5,873.0,814.5,0.7533645656511511,0.0828644105776605,-0.000634284886722,0.0768991599911002,0.0768991599911002,1.1157724168531906,0.1157724168531906,1.0,1.0,1.0,True
ELSA,7,intercept_only,0.4,100,100,1.0,8609,3443,12150,1230,3443.0,12301.5,1160.0,1086.0,0.7533645656511511,0.0828673124013148,-0.0006313830630677,0.0781452455484075,0.0781452455484075,1.1157724168531906,0.1157724168531906,1.0,1.0,1.0,True
ELSA,7,intercept_only,0.5,100,100,1.0,8609,3443,12150,1230,4304.0,15376.0,1456.0,1360.0,0.7533645656511511,0.0828607135735213,-0.0006379818908612,0.0752950406417632,0.0752950406417632,1.1157724168531906,0.1157724168531906,1.0,1.0,1.0,True
ELSA,7,intercept_only,0.6,100,100,1.0,8609,3443,12150,1230,5165.0,18458.0,1745.0,1630.0,0.7533645656511511,0.0828616233686385,-0.000637072095744,0.0756915446095594,0.0756915446095594,1.1157724168531906,0.1157724168531906,1.0,1.0,1.0,True
ELSA,7,none,0.0,1,1,1.0,8609,3443,12150,1230,0.0,0.0,0.0,0.0,0.7533645656511511,0.0834986954643826,0.0,0.2518677377487439,0.2518677377487439,1.1157724168531906,0.1157724168531906,0.0,1.0,1.0,False
ELSA,8,intercept_and_slope,0.05,100,100,1.0,8609,3443,12249,1197,430.0,1523.0,147.0,136.0,0.7405728929030261,0.0810315508737579,-0.0002795545623079,-0.0112295405392332,0.0463428862733627,0.93042936983512,0.0939535519714215,0.98,1.0,0.85,True
ELSA,8,intercept_and_slope,0.1,100,100,1.0,8609,3443,12249,1197,860.0,3052.0,295.5,275.0,0.7405728929030261,0.0809751134742827,-0.0003359919617831,-0.0005577482006674,0.0397035730700157,0.9323147082380656,0.0676852917619343,1.0,1.0,0.96,True
ELSA,8,intercept_and_slope,0.2,100,100,1.0,8609,3443,12249,1197,1721.0,6120.0,594.0,549.0,0.7405728929030261,0.080960446632277,-0.0003506588037888,-0.0022833802367575,0.0190458875523374,0.9268134999963048,0.0731865000036953,1.0,1.0,0.99,True
ELSA,8,intercept_and_slope,0.3,100,100,1.0,8609,3443,12249,1197,2582.0,9169.5,890.0,826.5,0.7405728929030261,0.0809643825283731,-0.0003467229076927,-0.0017372808271366,0.0191254533560868,0.9215012909205026,0.0784987090794974,1.0,1.0,1.0,True
ELSA,8,intercept_and_slope,0.4,100,100,1.0,8609,3443,12249,1197,3443.0,12218.5,1184.5,1099.0,0.7405728929030261,0.0809482577484624,-0.0003628476876034,-0.0033503472793172,0.0144994235715983,0.9262948555236932,0.0737051444763067,1.0,1.0,1.0,True
ELSA,8,intercept_and_slope,0.5,100,100,1.0,8609,3443,12249,1197,4304.0,15293.5,1479.5,1372.0,0.7405728929030261,0.0809505527836348,-0.000360552652431,-0.0018096630747201,0.0098646758614784,0.9260228663873866,0.0739771336126134,1.0,1.0,1.0,True
ELSA,8,intercept_and_slope,0.6,100,100,1.0,8609,3443,12249,1197,5165.0,18359.0,1778.0,1650.0,0.7405728929030261,0.0809506251082721,-0.0003604803277936,-0.0032392118192757,0.0032392118192757,0.9259813741572832,0.0740186258427169,1.0,1.0,1.0,True
ELSA,8,intercept_only,0.05,100,100,1.0,8609,3443,12249,1197,430.0,1523.0,147.0,136.0,0.7405728929030261,0.0808912569990298,-0.0004198484370359,-0.0042452154076653,0.0476373119860712,1.0524177255841864,0.0524177255841864,0.98,1.0,0.98,True
ELSA,8,intercept_only,0.1,100,100,1.0,8609,3443,12249,1197,860.0,3052.0,295.5,275.0,0.7405728929030261,0.0808820269748579,-0.0004290784612078,-0.0001167351605703,0.0397432929393498,1.0524177255841864,0.0524177255841864,1.0,1.0,1.0,True
ELSA,8,intercept_only,0.2,100,100,1.0,8609,3443,12249,1197,1721.0,6120.0,594.0,549.0,0.7405728929030261,0.0808716963171582,-0.0004394091189076,-0.0004226001409726,0.0190819956174556,1.0524177255841864,0.0524177255841864,1.0,1.0,1.0,True
ELSA,8,intercept_only,0.3,100,100,1.0,8609,3443,12249,1197,2582.0,9169.5,890.0,826.5,0.7405728929030261,0.0808715506324536,-0.0004395548036122,0.0009096025700632,0.0195054251979101,1.0524177255841864,0.0524177255841864,1.0,1.0,1.0,True
ELSA,8,intercept_only,0.4,100,100,1.0,8609,3443,12249,1197,3443.0,12218.5,1184.5,1099.0,0.7405728929030261,0.080868519862523,-0.0004425855735427,-0.0023029027689108,0.0131922367951098,1.0524177255841864,0.0524177255841864,1.0,1.0,1.0,True
ELSA,8,intercept_only,0.5,100,100,1.0,8609,3443,12249,1197,4304.0,15293.5,1479.5,1372.0,0.7405728929030261,0.0808697088276187,-0.0004413966084471,0.0007584224992261,0.0088381864563986,1.0524177255841864,0.0524177255841864,1.0,1.0,1.0,True
ELSA,8,intercept_only,0.6,100,100,1.0,8609,3443,12249,1197,5165.0,18359.0,1778.0,1650.0,0.7405728929030261,0.0808687957530715,-0.0004423096829942,-0.0012766581064865,0.0012766581064865,1.0524177255841864,0.0524177255841864,1.0,1.0,1.0,True
ELSA,8,none,0.0,1,1,1.0,8609,3443,12249,1197,0.0,0.0,0.0,0.0,0.7405728929030261,0.0813111054360658,0.0,0.205991783228311,0.205991783228311,1.0524177255841864,0.0524177255841864,0.0,1.0,1.0,False
ELSA,9,intercept_and_slope,0.05,100,100,1.0,8609,3443,12180,1177,430.0,1539.0,149.0,138.0,0.748355916834607,0.0796679245948113,-0.0003727433422043,-0.0201097866237845,0.0559391793631237,0.9736508177475732,0.0585925769522359,0.97,1.0,0.96,True
ELSA,9,intercept_and_slope,0.1,100,100,1.0,8609,3443,12180,1177,860.0,3079.0,300.0,278.0,0.748355916834607,0.079665770697651,-0.0003748972393646,-0.0369503141516417,0.0456383171414568,0.9638252523212868,0.0479275273735715,1.0,1.0,1.0,True
ELSA,9,intercept_and_slope,0.2,100,100,1.0,8609,3443,12180,1177,1721.0,6143.0,596.0,554.5,0.748355916834607,0.0796059839342307,-0.000434684002785,-0.0234606561082746,0.0305116889510638,0.977238608550484,0.0347725690683025,1.0,1.0,1.0,True
ELSA,9,intercept_and_slope,0.3,100,100,1.0,8609,3443,12180,1177,2582.0,9209.0,902.0,841.5,0.748355916834607,0.0796073437825782,-0.0004333241544374,-0.0350928091413726,0.0350928091413726,0.9746123251350948,0.0292065117676558,1.0,1.0,1.0,True
ELSA,9,intercept_and_slope,0.4,100,100,1.0,8609,3443,12180,1177,3443.0,12282.0,1201.0,1119.5,0.748355916834607,0.0795967982334597,-0.0004438697035559,-0.0385311311114021,0.0392176287460381,0.9830953218092896,0.0181378297788277,1.0,1.0,1.0,True
ELSA,9,intercept_and_slope,0.5,100,100,1.0,8609,3443,12180,1177,4304.0,15350.5,1499.0,1395.0,0.748355916834607,0.0795959609774084,-0.0004447069596073,-0.0330984260160065,0.0330984260160065,0.9819753590685496,0.0180246409314503,1.0,1.0,1.0,True
ELSA,9,intercept_and_slope,0.6,100,100,1.0,8609,3443,12180,1177,5165.0,18428.0,1798.0,1673.0,0.748355916834607,0.0795955368580293,-0.0004451310789863,-0.0319446227774128,0.0319446227774128,0.9816806672667768,0.0183193327332231,1.0,1.0,1.0,True
ELSA,9,intercept_only,0.05,100,100,1.0,8609,3443,12180,1177,430.0,1539.0,149.0,138.0,0.748355916834607,0.0796222524016393,-0.0004184155353763,-0.0182249996564072,0.0526998947008561,1.089988458629225,0.089988458629225,0.98,1.0,0.99,True
ELSA,9,intercept_only,0.1,100,100,1.0,8609,3443,12180,1177,860.0,3079.0,300.0,278.0,0.748355916834607,0.0796097944912515,-0.0004308734457642,-0.0316797802865904,0.0467922572997199,1.089988458629225,0.089988458629225,1.0,1.0,1.0,True
ELSA,9,intercept_only,0.2,100,100,1.0,8609,3443,12180,1177,1721.0,6143.0,596.0,554.5,0.748355916834607,0.0795979493046175,-0.0004427186323981,-0.0211088992850324,0.0301351337938311,1.089988458629225,0.089988458629225,1.0,1.0,1.0,True
ELSA,9,intercept_only,0.3,100,100,1.0,8609,3443,12180,1177,2582.0,9209.0,902.0,841.5,0.748355916834607,0.0795933108033383,-0.0004473571336773,-0.0318503635568645,0.0318503635568645,1.089988458629225,0.089988458629225,1.0,1.0,1.0,True
ELSA,9,intercept_only,0.4,100,100,1.0,8609,3443,12180,1177,3443.0,12282.0,1201.0,1119.5,0.748355916834607,0.079592629999556,-0.0004480379374596,-0.0357260747196035,0.0364161509817091,1.089988458629225,0.089988458629225,1.0,1.0,1.0,True
ELSA,9,intercept_only,0.5,100,100,1.0,8609,3443,12180,1177,4304.0,15350.5,1499.0,1395.0,0.748355916834607,0.0795914092917998,-0.0004492586452158,-0.0299164788255266,0.0299164788255266,1.089988458629225,0.089988458629225,1.0,1.0,1.0,True
ELSA,9,intercept_only,0.6,100,100,1.0,8609,3443,12180,1177,5165.0,18428.0,1798.0,1673.0,0.748355916834607,0.079591460133364,-0.0004492078036517,-0.0291232552391591,0.0291232552391591,1.089988458629225,0.089988458629225,1.0,1.0,1.0,True
ELSA,9,none,0.0,1,1,1.0,8609,3443,12180,1177,0.0,0.0,0.0,0.0,0.748355916834607,0.0800406679370157,0.0,0.1892491176520152,0.1892491176520152,1.089988458629225,0.089988458629225,1.0,1.0,1.0,False
ELSA,10,intercept_and_slope,0.05,100,100,1.0,8609,3443,12390,1215,430.0,1512.0,151.0,140.0,0.7430201894661254,0.0810707062600375,-0.0002641535196689,-0.0456816399183599,0.0840516405944575,0.9320405830559796,0.0877908131314866,0.96,0.99,0.82,True
ELSA,10,intercept_and_slope,0.1,100,100,1.0,8609,3443,12390,1215,860.0,3034.0,292.5,273.0,0.7430201894661254,0.0809753471473265,-0.0003595126323799,-0.0389632500856437,0.0557286693618108,0.9501241656993104,0.0567056930523067,1.0,1.0,0.96,True
ELSA,10,intercept_and_slope,0.2,100,100,1.0,8609,3443,12390,1215,1721.0,6071.0,584.5,546.5,0.7430201894661254,0.080935259185844,-0.0003996005938624,-0.0344559425743366,0.0356452030163993,0.946774319858114,0.0540311296397456,1.0,1.0,1.0,True
ELSA,10,intercept_and_slope,0.3,100,100,1.0,8609,3443,12390,1215,2582.0,9082.0,880.0,818.0,0.7430201894661254,0.0809392662158177,-0.0003955935638887,-0.0377869660759218,0.0377869660759218,0.9493081429243544,0.0506918570756456,1.0,1.0,1.0,True
ELSA,10,intercept_and_slope,0.4,100,100,1.0,8609,3443,12390,1215,3443.0,12144.0,1171.0,1090.5,0.7430201894661254,0.0809276539485777,-0.0004072058311287,-0.0313311766097435,0.0313311766097435,0.9490913953917242,0.0509086046082758,1.0,1.0,1.0,True
ELSA,10,intercept_and_slope,0.5,100,100,1.0,8609,3443,12390,1215,4304.0,15181.0,1466.0,1364.0,0.7430201894661254,0.080932785698502,-0.0004020740812044,-0.0293465890815076,0.0293465890815076,0.9488728945684096,0.0511271054315904,1.0,1.0,1.0,True
ELSA,10,intercept_and_slope,0.6,100,100,1.0,8609,3443,12390,1215,5165.0,18218.0,1760.0,1637.0,0.7430201894661254,0.0809318869666579,-0.0004029728130485,-0.0312146356334254,0.0312146356334254,0.9498370539383368,0.0501629460616633,1.0,1.0,1.0,True
ELSA,10,intercept_only,0.05,100,100,1.0,8609,3443,12390,1215,430.0,1512.0,151.0,140.0,0.7430201894661254,0.0809301855384508,-0.0004046742412556,-0.0396665991176449,0.0776201724125451,1.069071603268272,0.0690716032682721,0.98,1.0,1.0,True
ELSA,10,intercept_only,0.1,100,100,1.0,8609,3443,12390,1215,860.0,3034.0,292.5,273.0,0.7430201894661254,0.0809071826973168,-0.0004276770823896,-0.0343893365956092,0.0486949608172562,1.069071603268272,0.0690716032682721,1.0,1.0,1.0,True
ELSA,10,intercept_only,0.2,100,100,1.0,8609,3443,12390,1215,1721.0,6071.0,584.5,546.5,0.7430201894661254,0.0808967500026003,-0.0004381097771061,-0.0288013548143627,0.0307532597550737,1.069071603268272,0.0690716032682721,1.0,1.0,1.0,True
ELSA,10,intercept_only,0.3,100,100,1.0,8609,3443,12390,1215,2582.0,9082.0,880.0,818.0,0.7430201894661254,0.080892194335393,-0.0004426654443134,-0.0301357770969955,0.0307227505986879,1.069071603268272,0.0690716032682721,1.0,1.0,1.0,True
ELSA,10,intercept_only,0.4,100,100,1.0,8609,3443,12390,1215,3443.0,12144.0,1171.0,1090.5,0.7430201894661254,0.0808922042486196,-0.0004426555310867,-0.0256980914038594,0.0256980914038594,1.069071603268272,0.0690716032682721,1.0,1.0,1.0,True
ELSA,10,intercept_only,0.5,100,100,1.0,8609,3443,12390,1215,4304.0,15181.0,1466.0,1364.0,0.7430201894661254,0.0808911717641176,-0.0004436880155888,-0.0238936428532722,0.0238936428532722,1.069071603268272,0.0690716032682721,1.0,1.0,1.0,True
ELSA,10,intercept_only,0.6,100,100,1.0,8609,3443,12390,1215,5165.0,18218.0,1760.0,1637.0,0.7430201894661254,0.0808905396842376,-0.0004443200954688,-0.0257132550430041,0.0257132550430041,1.069071603268272,0.0690716032682721,1.0,1.0,1.0,True
ELSA,10,none,0.0,1,1,1.0,8609,3443,12390,1215,0.0,0.0,0.0,0.0,0.7430201894661254,0.0813348597797064,0.0,0.1916083441029596,0.1916083441029596,1.069071603268272,0.0690716032682721,1.0,1.0,1.0,False
ELSA,11,intercept_and_slope,0.05,100,100,1.0,8609,3443,12182,1181,430.0,1541.0,149.0,138.5,0.7523443138607752,0.0797343926901476,-0.0003837982447443,-0.0369172083537886,0.065681400357077,0.9977737207061844,0.0667946401795787,0.93,0.98,0.92,True
ELSA,11,intercept_and_slope,0.1,100,100,1.0,8609,3443,12182,1181,860.0,3076.5,297.0,277.5,0.7523443138607752,0.0796645110282389,-0.0004536799066531,-0.036083193122849,0.0510438943708292,1.0105331049366093,0.0486173182051977,1.0,1.0,0.98,True
ELSA,11,intercept_and_slope,0.2,100,100,1.0,8609,3443,12182,1181,1721.0,6147.0,596.5,556.0,0.7523443138607752,0.0796335527855547,-0.0004846381493373,-0.0369091035646474,0.0381632147056302,1.0108294898848993,0.0243442530105502,1.0,1.0,1.0,True
ELSA,11,intercept_and_slope,0.3,100,100,1.0,8609,3443,12182,1181,2582.0,9223.0,898.0,836.0,0.7523443138607752,0.0796224808267345,-0.0004957101081575,-0.0400011281652586,0.0400011281652586,1.0087487614850672,0.0165413060678449,1.0,1.0,1.0,True
ELSA,11,intercept_and_slope,0.4,100,100,1.0,8609,3443,12182,1181,3443.0,12281.0,1196.0,1114.5,0.7523443138607752,0.0796219542195126,-0.0004962367153793,-0.0378454670605257,0.0378454670605257,1.0089002914194265,0.0166467712341266,1.0,1.0,1.0,True
ELSA,11,intercept_and_slope,0.5,100,100,1.0,8609,3443,12182,1181,4304.0,15355.5,1494.0,1393.0,0.7523443138607752,0.0796208802517124,-0.0004973106831796,-0.0382933464477883,0.0382933464477883,1.0084261046693948,0.01177414236148,1.0,1.0,1.0,True
ELSA,11,intercept_and_slope,0.6,100,100,1.0,8609,3443,12182,1181,5165.0,18426.0,1794.0,1673.0,0.7523443138607752,0.0796198074496144,-0.0004983834852776,-0.0385773917070329,0.0385773917070329,1.006311038055261,0.0063110380552606,1.0,1.0,1.0,True
ELSA,11,intercept_only,0.05,100,100,1.0,8609,3443,12182,1181,430.0,1541.0,149.0,138.5,0.7523443138607752,0.0796757068190673,-0.0004424841158247,-0.0283855540518489,0.0635238617074153,1.1065635931153992,0.1065635931153992,0.97,1.0,1.0,True
ELSA,11,intercept_only,0.1,100,100,1.0,8609,3443,12182,1181,860.0,3076.5,297.0,277.5,0.7523443138607752,0.0796625788506418,-0.0004556120842502,-0.027084227575117,0.0508807659227685,1.1065635931153992,0.1065635931153992,1.0,1.0,1.0,True
ELSA,11,intercept_only,0.2,100,100,1.0,8609,3443,12182,1181,1721.0,6147.0,596.5,556.0,0.7523443138607752,0.0796476330815705,-0.0004705578533215,-0.0318165180220425,0.0346516036864061,1.1065635931153992,0.1065635931153992,1.0,1.0,1.0,True
ELSA,11,intercept_only,0.3,100,100,1.0,8609,3443,12182,1181,2582.0,9223.0,898.0,836.0,0.7523443138607752,0.0796431958023102,-0.0004749951325818,-0.0364528710579096,0.0364528710579096,1.1065635931153992,0.1065635931153992,1.0,1.0,1.0,True
ELSA,11,intercept_only,0.4,100,100,1.0,8609,3443,12182,1181,3443.0,12281.0,1196.0,1114.5,0.7523443138607752,0.0796434581222093,-0.0004747328126826,-0.0340896294252335,0.0340896294252335,1.1065635931153992,0.1065635931153992,1.0,1.0,1.0,True
ELSA,11,intercept_only,0.5,100,100,1.0,8609,3443,12182,1181,4304.0,15355.5,1494.0,1393.0,0.7523443138607752,0.0796427236281243,-0.0004754673067677,-0.0341260820308707,0.0341260820308707,1.1065635931153992,0.1065635931153992,1.0,1.0,1.0,True
ELSA,11,intercept_only,0.6,100,100,1.0,8609,3443,12182,1181,5165.0,18426.0,1794.0,1673.0,0.7523443138607752,0.0796426211279424,-0.0004755698069496,-0.0342907377886817,0.0342907377886817,1.1065635931153992,0.1065635931153992,1.0,1.0,1.0,True
ELSA,11,none,0.0,1,1,1.0,8609,3443,12182,1181,0.0,0.0,0.0,0.0,0.7523443138607752,0.080118190934892,0.0,0.1861732808456152,0.1861732808456152,1.1065635931153992,0.1065635931153992,1.0,1.0,1.0,False
ELSA,12,intercept_and_slope,0.05,100,100,1.0,8609,3443,12216,1218,430.0,1530.0,147.5,138.0,0.7409296465606077,0.0825557782811236,-0.0003449566424959,0.0344624242771935,0.0647156115613536,0.9143589300633624,0.0944489931454439,0.93,1.0,0.82,True
ELSA,12,intercept_and_slope,0.1,100,100,1.0,8609,3443,12216,1218,860.0,3057.5,294.0,273.0,0.7409296465606077,0.0825061227077734,-0.0003946122158461,0.0360270546203812,0.0532477930767555,0.9022213375226074,0.1037918523802926,1.0,1.0,0.99,False
ELSA,12,intercept_and_slope,0.2,100,100,1.0,8609,3443,12216,1218,1721.0,6108.0,581.0,542.0,0.7409296465606077,0.0824650270804599,-0.0004357078431597,0.047073685819563,0.0503870992165897,0.9158194323301998,0.0841805676698002,1.0,1.0,1.0,True
ELSA,12,intercept_and_slope,0.3,100,100,1.0,8609,3443,12216,1218,2582.0,9189.0,877.0,815.0,0.7409296465606077,0.0824419461752385,-0.0004587887483811,0.0438114536996122,0.0446044128539722,0.9200257041041636,0.0799742958958362,1.0,1.0,1.0,True
ELSA,12,intercept_and_slope,0.4,100,100,1.0,8609,3443,12216,1218,3443.0,12256.0,1172.0,1089.5,0.7409296465606077,0.0824474102928761,-0.0004533246307435,0.0454558241038053,0.0454558241038053,0.9146687451318284,0.0853312548681717,1.0,1.0,1.0,True
ELSA,12,intercept_and_slope,0.5,100,100,1.0,8609,3443,12216,1218,4304.0,15330.0,1465.0,1363.0,0.7409296465606077,0.082446686898651,-0.0004540480249686,0.0455875548677188,0.0455875548677188,0.9134570170721172,0.0865429829278828,1.0,1.0,1.0,True
ELSA,12,intercept_and_slope,0.6,100,100,1.0,8609,3443,12216,1218,5165.0,18392.0,1757.0,1636.0,0.7409296465606077,0.0824457515300765,-0.000454983393543,0.0467166752549569,0.0467166752549569,0.9136277749642334,0.0863722250357665,1.0,1.0,1.0,True
ELSA,12,intercept_only,0.05,100,100,1.0,8609,3443,12216,1218,430.0,1530.0,147.5,138.0,0.7409296465606077,0.0823876125615644,-0.0005131223620551,0.0386506698493108,0.0658728443409156,1.0444166605553642,0.0444166605553641,0.93,1.0,0.95,True
ELSA,12,intercept_only,0.1,100,100,1.0,8609,3443,12216,1218,860.0,3057.5,294.0,273.0,0.7409296465606077,0.082376082193682,-0.0005246527299376,0.039533281050168,0.0501260669342468,1.0444166605553642,0.0444166605553641,1.0,1.0,1.0,True
ELSA,12,intercept_only,0.2,100,100,1.0,8609,3443,12216,1218,1721.0,6108.0,581.0,542.0,0.7409296465606077,0.0823850811769274,-0.0005156537466922,0.0481109167623692,0.0506881930973385,1.0444166605553642,0.0444166605553641,1.0,1.0,1.0,True
ELSA,12,intercept_only,0.3,100,100,1.0,8609,3443,12216,1218,2582.0,9189.0,877.0,815.0,0.7409296465606077,0.0823806864482532,-0.0005200484753664,0.0447043243778204,0.0447043243778204,1.0444166605553642,0.0444166605553641,1.0,1.0,1.0,True
ELSA,12,intercept_only,0.4,100,100,1.0,8609,3443,12216,1218,3443.0,12256.0,1172.0,1089.5,0.7409296465606077,0.0823816961224972,-0.0005190388011223,0.0455110426771831,0.0455110426771831,1.0444166605553642,0.0444166605553641,1.0,1.0,1.0,True
ELSA,12,intercept_only,0.5,100,100,1.0,8609,3443,12216,1218,4304.0,15330.0,1465.0,1363.0,0.7409296465606077,0.0823821056616866,-0.000518629261933,0.0458370974985069,0.0458370974985069,1.0444166605553642,0.0444166605553641,1.0,1.0,1.0,True
ELSA,12,intercept_only,0.6,100,100,1.0,8609,3443,12216,1218,5165.0,18392.0,1757.0,1636.0,0.7409296465606077,0.0823837634960991,-0.0005169714275204,0.0471370652189189,0.0471370652189189,1.0444166605553642,0.0444166605553641,1.0,1.0,1.0,True
ELSA,12,none,0.0,1,1,1.0,8609,3443,12216,1218,0.0,0.0,0.0,0.0,0.7409296465606077,0.0829007349236196,0.0,0.2349153894136006,0.2349153894136006,1.0444166605553642,0.0444166605553641,0.0,1.0,1.0,False
ELSA,13,intercept_and_slope,0.05,100,100,1.0,8609,3443,12243,1170,430.0,1531.0,150.5,139.0,0.7423418479229913,0.0795171820345178,-0.0002492859258455,-0.0029124103546796,0.0583197445665739,0.937295597643516,0.0839214090879826,0.96,0.97,0.78,True
ELSA,13,intercept_and_slope,0.1,100,100,1.0,8609,3443,12243,1170,860.0,3056.0,300.0,280.0,0.7423418479229913,0.0794269100308116,-0.0003395579295516,-0.0158031643080039,0.0488053443877573,0.9596348726953178,0.0517765200346868,1.0,1.0,0.92,True
ELSA,13,intercept_and_slope,0.2,100,100,1.0,8609,3443,12243,1170,1721.0,6103.5,599.0,558.5,0.7423418479229913,0.0794249854597324,-0.0003414825006308,-0.0245020120534158,0.0307250637735042,0.952196920337288,0.0510478944231684,1.0,1.0,0.99,True
ELSA,13,intercept_and_slope,0.3,100,100,1.0,8609,3443,12243,1170,2582.0,9178.5,902.0,839.0,0.7423418479229913,0.0794027166226924,-0.0003637513376708,-0.0172841902431576,0.0222473139937956,0.9570209331955742,0.0429790668044257,1.0,1.0,1.0,True
ELSA,13,intercept_and_slope,0.4,100,100,1.0,8609,3443,12243,1170,3443.0,12234.0,1202.0,1120.5,0.7423418479229913,0.0794095034309071,-0.0003569645294561,-0.0181947962012314,0.0207069013295141,0.9547607849155252,0.0452392150844746,1.0,1.0,1.0,True
ELSA,13,intercept_and_slope,0.5,100,100,1.0,8609,3443,12243,1170,4304.0,15306.5,1501.5,1397.0,0.7423418479229913,0.0794062989788818,-0.0003601689814814,-0.0185687745712158,0.0185687745712158,0.9541916261430275,0.0458083738569724,1.0,1.0,1.0,True
ELSA,13,intercept_and_slope,0.6,100,100,1.0,8609,3443,12243,1170,5165.0,18364.0,1805.0,1679.0,0.7423418479229913,0.0794115611069633,-0.0003549068533999,-0.0199302075834799,0.0199302075834799,0.9531780069042444,0.0468219930957555,1.0,1.0,1.0,True
ELSA,13,intercept_only,0.05,100,100,1.0,8609,3443,12243,1170,430.0,1531.0,150.5,139.0,0.7423418479229913,0.0793894760602964,-0.0003769919000668,-0.0126583395526231,0.0591292549997636,1.069929233681017,0.0699292336810168,0.98,1.0,0.98,True
ELSA,13,intercept_only,0.1,100,100,1.0,8609,3443,12243,1170,860.0,3056.0,300.0,280.0,0.7423418479229913,0.0793790265499804,-0.0003874414103829,-0.0176377234996413,0.0446608003581631,1.069929233681017,0.0699292336810168,1.0,1.0,1.0,True
ELSA,13,intercept_only,0.2,100,100,1.0,8609,3443,12243,1170,1721.0,6103.5,599.0,558.5,0.7423418479229913,0.0793622277344446,-0.0004042402259187,-0.0228806306271708,0.0301901078980614,1.069929233681017,0.0699292336810168,1.0,1.0,1.0,True
ELSA,13,intercept_only,0.3,100,100,1.0,8609,3443,12243,1170,2582.0,9178.5,902.0,839.0,0.7423418479229913,0.0793616071365778,-0.0004048608237855,-0.0185592502736041,0.0223614228000224,1.069929233681017,0.0699292336810168,1.0,1.0,1.0,True
ELSA,13,intercept_only,0.4,100,100,1.0,8609,3443,12243,1170,3443.0,12234.0,1202.0,1120.5,0.7423418479229913,0.079359068912475,-0.0004073990478882,-0.0196457023366593,0.0212153542748459,1.069929233681017,0.0699292336810168,1.0,1.0,1.0,True
ELSA,13,intercept_only,0.5,100,100,1.0,8609,3443,12243,1170,4304.0,15306.5,1501.5,1397.0,0.7423418479229913,0.0793582345836899,-0.0004082333766734,-0.0193956995587335,0.0193956995587335,1.069929233681017,0.0699292336810168,1.0,1.0,1.0,True
ELSA,13,intercept_only,0.6,100,100,1.0,8609,3443,12243,1170,5165.0,18364.0,1805.0,1679.0,0.7423418479229913,0.0793575988158797,-0.0004088691444835,-0.0209724567039922,0.0209724567039922,1.069929233681017,0.0699292336810168,1.0,1.0,1.0,True
ELSA,13,none,0.0,1,1,1.0,8609,3443,12243,1170,0.0,0.0,0.0,0.0,0.7423418479229913,0.0797664679603633,0.0,0.1941572842031829,0.1941572842031829,1.069929233681017,0.0699292336810168,1.0,1.0,1.0,False
ELSA,14,intercept_and_slope,0.05,100,100,1.0,8609,3443,12259,1192,430.0,1526.5,146.5,135.0,0.7517730246461001,0.0801320336225606,-0.0002969571043787,-0.0089654113000682,0.0609893335736729,0.9843622250989132,0.0724788108898495,0.99,1.0,0.85,True
ELSA,14,intercept_and_slope,0.1,100,100,1.0,8609,3443,12259,1192,860.0,3053.0,295.5,273.5,0.7517730246461001,0.0800720216495769,-0.0003569690773623,-0.027131695788122,0.0423240605293173,0.96684854136881,0.0451627837336894,1.0,1.0,0.94,True
ELSA,14,intercept_and_slope,0.2,100,100,1.0,8609,3443,12259,1192,1721.0,6114.0,598.5,552.0,0.7517730246461001,0.0800526140009728,-0.0003763767259665,-0.0397482306993336,0.0397482306993336,0.9747616802428896,0.0360854641214963,1.0,1.0,0.98,True
ELSA,14,intercept_and_slope,0.3,100,100,1.0,8609,3443,12259,1192,2582.0,9177.5,892.0,825.0,0.7517730246461001,0.0800478343671607,-0.0003811563597785,-0.0277693008060119,0.0295005126521149,0.974323120995568,0.0294896645456874,1.0,1.0,1.0,True
ELSA,14,intercept_and_slope,0.4,100,100,1.0,8609,3443,12259,1192,3443.0,12219.0,1190.0,1098.0,0.7517730246461001,0.080045412632869,-0.0003835780940703,-0.0328866798063565,0.0328866798063565,0.9739948952951218,0.0260051047048782,1.0,1.0,1.0,True
ELSA,14,intercept_and_slope,0.5,100,100,1.0,8609,3443,12259,1192,4304.0,15287.5,1484.5,1374.0,0.7517730246461001,0.0800474097427495,-0.0003815809841898,-0.030069672465247,0.030069672465247,0.9715281872177216,0.0284718127822783,1.0,1.0,1.0,True
ELSA,14,intercept_and_slope,0.6,100,100,1.0,8609,3443,12259,1192,5165.0,18349.0,1783.0,1649.0,0.7517730246461001,0.0800458972926486,-0.0003830934342907,-0.0300327579238698,0.0300327579238698,0.9717226897665304,0.0282773102334696,1.0,1.0,1.0,True
ELSA,14,intercept_only,0.05,100,100,1.0,8609,3443,12259,1192,430.0,1526.5,146.5,135.0,0.7517730246461001,0.080033736325524,-0.0003952544014153,0.0023711314792652,0.0585482368625049,1.0839855217720828,0.0839855217720828,0.99,1.0,0.99,True
ELSA,14,intercept_only,0.1,100,100,1.0,8609,3443,12259,1192,860.0,3053.0,295.5,273.5,0.7517730246461001,0.0800050944885207,-0.0004238962384186,-0.0189331653103642,0.0423655612706133,1.0839855217720828,0.0839855217720828,1.0,1.0,1.0,True
ELSA,14,intercept_only,0.2,100,100,1.0,8609,3443,12259,1192,1721.0,6114.0,598.5,552.0,0.7517730246461001,0.0799920967344264,-0.0004368939925129,-0.0322738791941763,0.0333431777871521,1.0839855217720828,0.0839855217720828,1.0,1.0,1.0,True
ELSA,14,intercept_only,0.3,100,100,1.0,8609,3443,12259,1192,2582.0,9177.5,892.0,825.0,0.7517730246461001,0.0799904657757168,-0.0004385249512225,-0.0234110727777318,0.0256151860467159,1.0839855217720828,0.0839855217720828,1.0,1.0,1.0,True
ELSA,14,intercept_only,0.4,100,100,1.0,8609,3443,12259,1192,3443.0,12219.0,1190.0,1098.0,0.7517730246461001,0.0799890609282407,-0.0004399297986986,-0.0270314242451619,0.0270314242451619,1.0839855217720828,0.0839855217720828,1.0,1.0,1.0,True
ELSA,14,intercept_only,0.5,100,100,1.0,8609,3443,12259,1192,4304.0,15287.5,1484.5,1374.0,0.7517730246461001,0.0799884865591342,-0.0004405041678051,-0.0247098175491199,0.0247098175491199,1.0839855217720828,0.0839855217720828,1.0,1.0,1.0,True
ELSA,14,intercept_only,0.6,100,100,1.0,8609,3443,12259,1192,5165.0,18349.0,1783.0,1649.0,0.7517730246461001,0.0799883255511239,-0.0004406651758154,-0.0249805218025125,0.0249805218025125,1.0839855217720828,0.0839855217720828,1.0,1.0,1.0,True
ELSA,14,none,0.0,1,1,1.0,8609,3443,12259,1192,0.0,0.0,0.0,0.0,0.7517730246461001,0.0804289907269393,0.0,0.1918229349785888,0.1918229349785888,1.0839855217720828,0.0839855217720828,1.0,1.0,1.0,False
ELSA,15,intercept_and_slope,0.05,100,100,1.0,8609,3443,12117,1160,430.0,1533.0,149.0,138.0,0.7417038548809924,0.079954033118275,-0.0001772152598943,-0.0027429431363416,0.0766657593414191,0.8827887246448546,0.1202166641079491,0.97,1.0,0.69,False
ELSA,15,intercept_and_slope,0.1,100,100,1.0,8609,3443,12117,1160,860.0,3080.5,303.0,279.0,0.7417038548809924,0.0798646603109337,-0.0002665880672356,-0.0035071845150413,0.0473586141079927,0.916682247963051,0.0833177520369489,1.0,1.0,0.85,True
ELSA,15,intercept_and_slope,0.2,100,100,1.0,8609,3443,12117,1160,1721.0,6160.5,605.5,558.0,0.7417038548809924,0.0798605750936087,-0.0002706732845605,-0.0057382964703706,0.029728997787668,0.921637404479124,0.0783625955208758,1.0,1.0,1.0,True
ELSA,15,intercept_and_slope,0.3,100,100,1.0,8609,3443,12117,1160,2582.0,9256.0,909.5,839.0,0.7417038548809924,0.0798596194318703,-0.000271628946299,-0.0067478374113769,0.0194112523733721,0.9165449608264304,0.0834550391735695,1.0,1.0,1.0,True
ELSA,15,intercept_and_slope,0.4,100,100,1.0,8609,3443,12117,1160,3443.0,12342.5,1212.0,1118.0,0.7417038548809924,0.0798360092333597,-0.0002952391448095,-0.0016984682383875,0.0125144616669793,0.921476535216042,0.0785234647839581,1.0,1.0,1.0,True
ELSA,15,intercept_and_slope,0.5,100,100,1.0,8609,3443,12117,1160,4304.0,15420.0,1513.0,1396.5,0.7417038548809924,0.0798316372026434,-0.0002996111755258,-0.0009466069770748,0.0098065585389162,0.922813869405296,0.0771861305947041,1.0,1.0,1.0,True
ELSA,15,intercept_and_slope,0.6,100,100,1.0,8609,3443,12117,1160,5165.0,18490.0,1815.0,1675.0,0.7417038548809924,0.0798313129820172,-0.000299935396152,-0.0023380075115386,0.0023380075115386,0.9225626683412962,0.0774373316587037,1.0,1.0,1.0,True
ELSA,15,intercept_only,0.05,100,100,1.0,8609,3443,12117,1160,430.0,1533.0,149.0,138.0,0.7417038548809924,0.0797593500719069,-0.0003718983062623,-0.0022289544583562,0.0684735492472425,1.0489187659736765,0.0489187659736762,0.98,1.0,0.99,True
ELSA,15,intercept_only,0.1,100,100,1.0,8609,3443,12117,1160,860.0,3080.5,303.0,279.0,0.7417038548809924,0.0797347564921863,-0.0003964918859829,-0.0057418836744936,0.0462197934454116,1.0489187659736765,0.0489187659736762,1.0,1.0,1.0,True
ELSA,15,intercept_only,0.2,100,100,1.0,8609,3443,12117,1160,1721.0,6160.5,605.5,558.0,0.7417038548809924,0.0797207905759449,-0.0004104578022244,-0.0079349222667598,0.0281038741055998,1.0489187659736765,0.0489187659736762,1.0,1.0,1.0,True
ELSA,15,intercept_only,0.3,100,100,1.0,8609,3443,12117,1160,2582.0,9256.0,909.5,839.0,0.7417038548809924,0.0797151156233146,-0.0004161327548547,-0.0083604305542246,0.0187261017386147,1.0489187659736765,0.0489187659736762,1.0,1.0,1.0,True
ELSA,15,intercept_only,0.4,100,100,1.0,8609,3443,12117,1160,3443.0,12342.5,1212.0,1118.0,0.7417038548809924,0.0797155995101557,-0.0004156488680136,-0.0033808763041781,0.0123795257564467,1.0489187659736765,0.0489187659736762,1.0,1.0,1.0,True
ELSA,15,intercept_only,0.5,100,100,1.0,8609,3443,12117,1160,4304.0,15420.0,1513.0,1396.5,0.7417038548809924,0.0797150389048855,-0.0004162094732837,-0.0038261810365824,0.0098285310751272,1.0489187659736765,0.0489187659736762,1.0,1.0,1.0,True
ELSA,15,intercept_only,0.6,100,100,1.0,8609,3443,12117,1160,5165.0,18490.0,1815.0,1675.0,0.7417038548809924,0.0797146410893802,-0.0004166072887891,-0.0049781666725328,0.0049781666725328,1.0489187659736765,0.0489187659736762,1.0,1.0,1.0,True
ELSA,15,none,0.0,1,1,1.0,8609,3443,12117,1160,0.0,0.0,0.0,0.0,0.7417038548809924,0.0801312483781693,0.0,0.2037291524188672,0.2037291524188672,1.0489187659736765,0.0489187659736762,0.0,1.0,1.0,False
ELSA,16,intercept_and_slope,0.05,100,100,1.0,8609,3443,12143,1176,430.0,1538.5,150.0,139.0,0.7526746907388833,0.0796702367765976,-0.000559269278027,0.0200800042028539,0.0537198549294228,1.038767497199197,0.0795848015467924,0.99,1.0,0.98,True
ELSA,16,intercept_and_slope,0.1,100,100,1.0,8609,3443,12143,1176,860.0,3064.5,296.0,275.0,0.7526746907388833,0.0796047171591204,-0.0006247888955043,0.0088402453105047,0.032819884047386,1.0254718840360684,0.0453455805941794,1.0,1.0,1.0,True
ELSA,16,intercept_and_slope,0.2,100,100,1.0,8609,3443,12143,1176,1721.0,6154.0,603.0,557.0,0.7526746907388833,0.0795866114774444,-0.0006428945771802,0.0138078606213549,0.0251204741357194,1.0329057827463817,0.0343506372972364,1.0,1.0,1.0,True
ELSA,16,intercept_and_slope,0.3,100,100,1.0,8609,3443,12143,1176,2582.0,9238.0,896.5,832.5,0.7526746907388833,0.0795800371005207,-0.0006494689541039,0.015191358308101,0.0221533442411737,1.02968302622133,0.0326719961850883,1.0,1.0,1.0,True
ELSA,16,intercept_and_slope,0.4,100,100,1.0,8609,3443,12143,1176,3443.0,12315.5,1196.0,1111.5,0.7526746907388833,0.0795749741208953,-0.0006545319337293,0.0192430195031109,0.0221286443902459,1.0331994222238865,0.0331994222238865,1.0,1.0,1.0,True
ELSA,16,intercept_and_slope,0.5,100,100,1.0,8609,3443,12143,1176,4304.0,15393.0,1499.5,1390.5,0.7526746907388833,0.0795736951625063,-0.0006558108921183,0.0169970724527702,0.0169970724527702,1.0353218136848097,0.0353218136848095,1.0,1.0,1.0,True
ELSA,16,intercept_and_slope,0.6,100,100,1.0,8609,3443,12143,1176,5165.0,18464.0,1799.0,1669.0,0.7526746907388833,0.0795720993641392,-0.0006574066904854,0.0172543262541787,0.0172543262541787,1.034668400132823,0.034668400132823,1.0,1.0,1.0,True
ELSA,16,intercept_only,0.05,100,100,1.0,8609,3443,12143,1176,430.0,1538.5,150.0,139.0,0.7526746907388833,0.0796629389789968,-0.0005665670756278,0.0191312059432614,0.0516607913913178,1.1251703815697196,0.1251703815697196,0.99,1.0,1.0,True
ELSA,16,intercept_only,0.1,100,100,1.0,8609,3443,12143,1176,860.0,3064.5,296.0,275.0,0.7526746907388833,0.0796450704120293,-0.0005844356425953,0.0088458722058494,0.0339732948891543,1.1251703815697196,0.1251703815697196,1.0,1.0,1.0,True
ELSA,16,intercept_only,0.2,100,100,1.0,8609,3443,12143,1176,1721.0,6154.0,603.0,557.0,0.7526746907388833,0.079645625011408,-0.0005838810432167,0.0112010250458038,0.0240930334967183,1.1251703815697196,0.1251703815697196,1.0,1.0,1.0,True
ELSA,16,intercept_only,0.3,100,100,1.0,8609,3443,12143,1176,2582.0,9238.0,896.5,832.5,0.7526746907388833,0.0796479059242412,-0.0005816001303835,0.0129975813859765,0.020609382532847,1.1251703815697196,0.1251703815697196,1.0,1.0,1.0,True
ELSA,16,intercept_only,0.4,100,100,1.0,8609,3443,12143,1176,3443.0,12315.5,1196.0,1111.5,0.7526746907388833,0.079653163585598,-0.0005763424690266,0.0169766035544077,0.0200136072157536,1.1251703815697196,0.1251703815697196,1.0,1.0,1.0,True
ELSA,16,intercept_only,0.5,100,100,1.0,8609,3443,12143,1176,4304.0,15393.0,1499.5,1390.5,0.7526746907388833,0.0796498010375504,-0.0005797050170742,0.0144563690553428,0.0144563690553428,1.1251703815697196,0.1251703815697196,1.0,1.0,1.0,True
ELSA,16,intercept_only,0.6,100,100,1.0,8609,3443,12143,1176,5165.0,18464.0,1799.0,1669.0,0.7526746907388833,0.0796504892290198,-0.0005790168256048,0.0149796595054096,0.0149796595054096,1.1251703815697196,0.1251703815697196,1.0,1.0,1.0,True
ELSA,16,none,0.0,1,1,1.0,8609,3443,12143,1176,0.0,0.0,0.0,0.0,0.7526746907388833,0.0802295060546247,0.0,0.215849068477241,0.215849068477241,1.1251703815697196,0.1251703815697196,0.0,1.0,1.0,False
ELSA,17,intercept_and_slope,0.05,100,100,1.0,8609,3443,12398,1185,430.0,1514.0,150.0,140.0,0.7583102569689115,0.0778658550504839,-0.0006370672145945,-0.0450377888730262,0.0723236798676495,1.1044517743079494,0.110246106694033,0.96,1.0,0.97,False
ELSA,17,intercept_and_slope,0.1,100,100,1.0,8609,3443,12398,1185,860.0,3032.0,299.0,279.5,0.7583102569689115,0.0778571619952869,-0.0006457602697915,-0.0373309166028725,0.0534077376200587,1.123012012270573,0.1230120122705729,1.0,1.0,0.99,False
ELSA,17,intercept_and_slope,0.2,100,100,1.0,8609,3443,12398,1185,1721.0,6078.0,599.0,559.0,0.7583102569689115,0.0778155006231664,-0.0006874216419121,-0.0339269394933476,0.038928875686571,1.1267122424438218,0.1267122424438219,1.0,1.0,1.0,False
ELSA,17,intercept_and_slope,0.3,100,100,1.0,8609,3443,12398,1185,2582.0,9096.0,897.0,839.0,0.7583102569689115,0.0778187693263745,-0.0006841529387039,-0.033792504807479,0.033792504807479,1.1295261198145452,0.1295261198145451,1.0,1.0,1.0,False
ELSA,17,intercept_and_slope,0.4,100,100,1.0,8609,3443,12398,1185,3443.0,12147.5,1191.5,1113.0,0.7583102569689115,0.0778215471237536,-0.0006813751413248,-0.0224700536871036,0.023903744004385,1.1299784347012334,0.1299784347012333,1.0,1.0,1.0,False
ELSA,17,intercept_and_slope,0.5,100,100,1.0,8609,3443,12398,1185,4304.0,15177.0,1492.0,1395.0,0.7583102569689115,0.0778173289125405,-0.0006855933525379,-0.0302866045316882,0.0302866045316882,1.1291271374423673,0.1291271374423672,1.0,1.0,1.0,False
ELSA,17,intercept_and_slope,0.6,100,100,1.0,8609,3443,12398,1185,5165.0,18210.0,1790.0,1674.0,0.7583102569689115,0.0778123718977635,-0.000690550367315,-0.0281039294990743,0.0281039294990743,1.1271681759069585,0.1271681759069584,1.0,1.0,1.0,False
ELSA,17,intercept_only,0.05,100,100,1.0,8609,3443,12398,1185,430.0,1514.0,150.0,140.0,0.7583102569689115,0.0779240426022112,-0.0005788796628672,-0.0459261282888777,0.0688189433147743,1.1843661283794018,0.1843661283794018,0.98,1.0,1.0,True
ELSA,17,intercept_only,0.1,100,100,1.0,8609,3443,12398,1185,860.0,3032.0,299.0,279.5,0.7583102569689115,0.0779136399172396,-0.0005892823478389,-0.0344986704581141,0.0544728385266926,1.1843661283794018,0.1843661283794018,1.0,1.0,1.0,True
ELSA,17,intercept_only,0.2,100,100,1.0,8609,3443,12398,1185,1721.0,6078.0,599.0,559.0,0.7583102569689115,0.077907550220048,-0.0005953720450305,-0.0331560587999188,0.0392399210422943,1.1843661283794018,0.1843661283794018,1.0,1.0,1.0,True
ELSA,17,intercept_only,0.3,100,100,1.0,8609,3443,12398,1185,2582.0,9096.0,897.0,839.0,0.7583102569689115,0.0779063586132275,-0.000596563651851,-0.0339944362526401,0.0339944362526401,1.1843661283794018,0.1843661283794018,1.0,1.0,1.0,True
ELSA,17,intercept_only,0.4,100,100,1.0,8609,3443,12398,1185,3443.0,12147.5,1191.5,1113.0,0.7583102569689115,0.077916786090324,-0.0005861361747544,-0.022660175791788,0.0241007570129072,1.1843661283794018,0.1843661283794018,1.0,1.0,1.0,True
ELSA,17,intercept_only,0.5,100,100,1.0,8609,3443,12398,1185,4304.0,15177.0,1492.0,1395.0,0.7583102569689115,0.0779089911493564,-0.000593931115722,-0.0308697207434244,0.0308697207434244,1.1843661283794018,0.1843661283794018,1.0,1.0,1.0,True
ELSA,17,intercept_only,0.6,100,100,1.0,8609,3443,12398,1185,5165.0,18210.0,1790.0,1674.0,0.7583102569689115,0.0779110329985939,-0.0005918892664845,-0.0285845179157277,0.0285845179157277,1.1843661283794018,0.1843661283794018,1.0,1.0,1.0,True
ELSA,17,none,0.0,1,1,1.0,8609,3443,12398,1185,0.0,0.0,0.0,0.0,0.7583102569689115,0.0785029222650785,0.0,0.1896986548987692,0.1896986548987692,1.1843661283794018,0.1843661283794018,1.0,1.0,1.0,False
ELSA,18,intercept_and_slope,0.05,100,100,1.0,8609,3443,12295,1185,430.0,1524.5,152.0,143.0,0.7447756421211742,0.0798227666826052,-0.0003863126466231,-0.0073687357753458,0.0551349465631839,0.997661172005292,0.0838986767583238,0.98,1.0,0.91,True
ELSA,18,intercept_and_slope,0.1,100,100,1.0,8609,3443,12295,1185,860.0,3050.0,296.5,278.0,0.7447756421211742,0.0797549080202319,-0.0004541713089964,-0.0074649090712113,0.0429771429511026,0.9769744457308436,0.0495129753846403,1.0,1.0,0.99,True
ELSA,18,intercept_and_slope,0.2,100,100,1.0,8609,3443,12295,1185,1721.0,6102.5,597.0,557.5,0.7447756421211742,0.0797338835790892,-0.000475195750139,-0.0100666315748885,0.0221989324154232,0.9797465302888226,0.0309742643790861,1.0,1.0,1.0,True
ELSA,18,intercept_and_slope,0.3,100,100,1.0,8609,3443,12295,1185,2582.0,9159.5,899.0,840.0,0.7447756421211742,0.0797322585517859,-0.0004768207774424,-0.0158076892222938,0.0218165093508824,0.975261280232099,0.0279993234279919,1.0,1.0,1.0,True
ELSA,18,intercept_and_slope,0.4,100,100,1.0,8609,3443,12295,1185,3443.0,12206.0,1194.5,1115.0,0.7447756421211742,0.0797283669427946,-0.0004807123864337,-0.0126113222209192,0.0144951056825487,0.9753947432160136,0.0246052567839865,1.0,1.0,1.0,True
ELSA,18,intercept_and_slope,0.5,100,100,1.0,8609,3443,12295,1185,4304.0,15265.0,1494.5,1397.0,0.7447756421211742,0.0797251422138004,-0.0004839371154279,-0.0123383425033276,0.0134687342352807,0.978662396454142,0.0213376035458578,1.0,1.0,1.0,True
ELSA,18,intercept_and_slope,0.6,100,100,1.0,8609,3443,12295,1185,5165.0,18313.0,1790.0,1673.0,0.7447756421211742,0.0797244887742032,-0.0004845905550251,-0.0107949739787891,0.0107949739787891,0.978072180816279,0.0219278191837209,1.0,1.0,1.0,True
ELSA,18,intercept_only,0.05,100,100,1.0,8609,3443,12295,1185,430.0,1524.5,152.0,143.0,0.7447756421211742,0.0797524998852785,-0.0004565794439497,-0.007545018016209,0.0539101856210342,1.0871119459344605,0.0871119459344602,0.98,1.0,1.0,True
ELSA,18,intercept_only,0.1,100,100,1.0,8609,3443,12295,1185,860.0,3050.0,296.5,278.0,0.7447756421211742,0.0797508638585039,-0.0004582154707243,-0.0093114711099559,0.0434231063889286,1.0871119459344605,0.0871119459344602,1.0,1.0,1.0,True
ELSA,18,intercept_only,0.2,100,100,1.0,8609,3443,12295,1185,1721.0,6102.5,597.0,557.5,0.7447756421211742,0.0797333727795023,-0.000475706549726,-0.0121381126029513,0.021766793901201,1.0871119459344605,0.0871119459344602,1.0,1.0,1.0,True
ELSA,18,intercept_only,0.3,100,100,1.0,8609,3443,12295,1185,2582.0,9159.5,899.0,840.0,0.7447756421211742,0.0797270831579019,-0.0004819961713263,-0.0174930296576178,0.0222748803779822,1.0871119459344605,0.0871119459344602,1.0,1.0,1.0,True
ELSA,18,intercept_only,0.4,100,100,1.0,8609,3443,12295,1185,3443.0,12206.0,1194.5,1115.0,0.7447756421211742,0.0797286618979246,-0.0004804174313037,-0.0131575827944154,0.0146426926464444,1.0871119459344605,0.0871119459344602,1.0,1.0,1.0,True
ELSA,18,intercept_only,0.5,100,100,1.0,8609,3443,12295,1185,4304.0,15265.0,1494.5,1397.0,0.7447756421211742,0.0797288811975714,-0.0004801981316569,-0.0127558946762471,0.0139544608627504,1.0871119459344605,0.0871119459344602,1.0,1.0,1.0,True
ELSA,18,intercept_only,0.6,100,100,1.0,8609,3443,12295,1185,5165.0,18313.0,1790.0,1673.0,0.7447756421211742,0.0797294059585434,-0.0004796733706848,-0.0117818409282023,0.0117818409282023,1.0871119459344605,0.0871119459344602,1.0,1.0,1.0,True
ELSA,18,none,0.0,1,1,1.0,8609,3443,12295,1185,0.0,0.0,0.0,0.0,0.7447756421211742,0.0802090793292283,0.0,0.1997119600386299,0.1997119600386299,1.0871119459344605,0.0871119459344602,1.0,1.0,1.0,False
ELSA,19,intercept_and_slope,0.05,100,100,1.0,8609,3443,12312,1196,430.0,1520.0,146.5,137.0,0.7600942959679681,0.0795192072896582,-0.0005649722264813,0.0010888250527409,0.0540967664351601,1.0972589750386468,0.1051473599443771,0.99,1.0,0.96,False
ELSA,19,intercept_and_slope,0.1,100,100,1.0,8609,3443,12312,1196,860.0,3051.0,295.0,275.0,0.7600942959679681,0.0794676522795446,-0.0006165272365948,-0.0030577519894174,0.0429639234927085,1.0776757757055009,0.0788414568061144,1.0,1.0,0.99,True
ELSA,19,intercept_and_slope,0.2,100,100,1.0,8609,3443,12312,1196,1721.0,6085.0,593.5,554.0,0.7600942959679681,0.0794310683338919,-0.0006531111822476,0.0078305540529885,0.0268286106424102,1.0742320797650846,0.0742320797650847,1.0,1.0,1.0,True
ELSA,19,intercept_and_slope,0.3,100,100,1.0,8609,3443,12312,1196,2582.0,9141.0,890.0,831.0,0.7600942959679681,0.079428593660309,-0.0006555858558304,0.000460025632505,0.0149871432880206,1.0850233297238874,0.0850233297238874,1.0,1.0,1.0,True
ELSA,19,intercept_and_slope,0.4,100,100,1.0,8609,3443,12312,1196,3443.0,12190.5,1185.0,1106.5,0.7600942959679681,0.0794205977289932,-0.0006635817871462,-0.001582113233142,0.0151134746388745,1.0759486022281917,0.0759486022281917,1.0,1.0,1.0,True
ELSA,19,intercept_and_slope,0.5,100,100,1.0,8609,3443,12312,1196,4304.0,15243.5,1479.5,1383.0,0.7600942959679681,0.079421588357517,-0.0006625911586224,0.0022714522721405,0.007922812061962,1.0776746638036934,0.0776746638036932,1.0,1.0,1.0,True
ELSA,19,intercept_and_slope,0.6,100,100,1.0,8609,3443,12312,1196,5165.0,18296.0,1779.0,1662.0,0.7600942959679681,0.0794218956933948,-0.0006622838227446,0.0011587475013814,0.0011587475013814,1.0809573633269498,0.0809573633269498,1.0,1.0,1.0,True
ELSA,19,intercept_only,0.05,100,100,1.0,8609,3443,12312,1196,430.0,1520.0,146.5,137.0,0.7600942959679681,0.0795112935116995,-0.0005728860044399,0.0036089910312216,0.0517228653043689,1.154182729386815,0.154182729386815,0.99,1.0,1.0,True
ELSA,19,intercept_only,0.1,100,100,1.0,8609,3443,12312,1196,860.0,3051.0,295.0,275.0,0.7600942959679681,0.0794910143026494,-0.00059316521349,-0.002641312470494,0.0418277901577351,1.154182729386815,0.154182729386815,1.0,1.0,1.0,True
ELSA,19,intercept_only,0.2,100,100,1.0,8609,3443,12312,1196,1721.0,6085.0,593.5,554.0,0.7600942959679681,0.0795031932888966,-0.0005809862272428,0.0075974575868476,0.0261873869110555,1.154182729386815,0.154182729386815,1.0,1.0,1.0,True
ELSA,19,intercept_only,0.3,100,100,1.0,8609,3443,12312,1196,2582.0,9141.0,890.0,831.0,0.7600942959679681,0.0794937585859216,-0.0005904209302178,0.0001490267305057,0.0149721101362026,1.154182729386815,0.154182729386815,1.0,1.0,1.0,True
ELSA,19,intercept_only,0.4,100,100,1.0,8609,3443,12312,1196,3443.0,12190.5,1185.0,1106.5,0.7600942959679681,0.0794910648502452,-0.0005931146658942,-0.0021383534301933,0.0147258166472978,1.154182729386815,0.154182729386815,1.0,1.0,1.0,True
ELSA,19,intercept_only,0.5,100,100,1.0,8609,3443,12312,1196,4304.0,15243.5,1479.5,1383.0,0.7600942959679681,0.0794960437822829,-0.0005881357338565,0.0020284106654396,0.0077004350101805,1.154182729386815,0.154182729386815,1.0,1.0,1.0,True
ELSA,19,intercept_only,0.6,100,100,1.0,8609,3443,12312,1196,5165.0,18296.0,1779.0,1662.0,0.7600942959679681,0.0794944896948498,-0.0005896898212896,0.0007560864393859,0.0007560864393859,1.154182729386815,0.154182729386815,1.0,1.0,1.0,True
ELSA,19,none,0.0,1,1,1.0,8609,3443,12312,1196,0.0,0.0,0.0,0.0,0.7600942959679681,0.0800841795161395,0.0,0.2072286941930709,0.2072286941930709,1.154182729386815,0.154182729386815,0.0,1.0,1.0,False
ELSA,20,intercept_and_slope,0.05,100,100,1.0,8609,3443,12239,1177,430.0,1537.5,150.5,139.0,0.7500810677502121,0.079608691217865,-0.0004387006948883,-0.0143336172384092,0.0640318819511876,0.9892401653607332,0.0737091675070281,0.97,1.0,0.92,True
ELSA,20,intercept_and_slope,0.1,100,100,1.0,8609,3443,12239,1177,860.0,3065.0,300.5,277.5,0.7500810677502121,0.0795639278998342,-0.0004834640129191,0.0059453322498183,0.0397134527664262,0.996514535568704,0.0405216268688125,1.0,1.0,0.99,True
ELSA,20,intercept_and_slope,0.2,100,100,1.0,8609,3443,12239,1177,1721.0,6125.0,600.0,556.0,0.7500810677502121,0.0795390845019824,-0.000508307410771,-0.0037393943809369,0.0280098854399009,0.9968759694635092,0.0329771365098645,1.0,1.0,1.0,True
ELSA,20,intercept_and_slope,0.3,100,100,1.0,8609,3443,12239,1177,2582.0,9202.5,895.0,828.0,0.7500810677502121,0.0795371812641684,-0.0005102106485849,0.0129403728210218,0.0178556271102217,0.9948676473478172,0.0182626906070071,1.0,1.0,1.0,True
ELSA,20,intercept_and_slope,0.4,100,100,1.0,8609,3443,12239,1177,3443.0,12247.0,1198.5,1109.0,0.7500810677502121,0.0795294514952134,-0.0005179404175399,-0.0010283042177394,0.0127483024751021,0.9954842216599472,0.0143727046211709,1.0,1.0,1.0,True
ELSA,20,intercept_and_slope,0.5,100,100,1.0,8609,3443,12239,1177,4304.0,15297.5,1494.5,1384.0,0.7500810677502121,0.0795263287958554,-0.0005210631168979,0.0038504213312278,0.0074340034262096,0.9963687874239427,0.0083786352351108,1.0,1.0,1.0,True
ELSA,20,intercept_and_slope,0.6,100,100,1.0,8609,3443,12239,1177,5165.0,18369.0,1798.0,1664.0,0.7500810677502121,0.0795251399365846,-0.0005222519761687,0.0012728976619532,0.0012728976619532,0.9961300715778948,0.003869928422105,1.0,1.0,1.0,True
ELSA,20,intercept_only,0.05,100,100,1.0,8609,3443,12239,1177,430.0,1537.5,150.5,139.0,0.7500810677502121,0.0795519924460145,-0.0004953994667388,-0.0133389006442207,0.0603274997824247,1.0993132497718765,0.0993132497718765,0.97,1.0,0.98,True
ELSA,20,intercept_only,0.1,100,100,1.0,8609,3443,12239,1177,860.0,3065.0,300.5,277.5,0.7500810677502121,0.079546612805328,-0.0005007791074254,0.0010250963029081,0.0390564897302848,1.0993132497718765,0.0993132497718765,1.0,1.0,1.0,True
ELSA,20,intercept_only,0.2,100,100,1.0,8609,3443,12239,1177,1721.0,6125.0,600.0,556.0,0.7500810677502121,0.0795352051714611,-0.0005121867412922,-0.0036250789873315,0.0255127907602808,1.0993132497718765,0.0993132497718765,1.0,1.0,1.0,True
ELSA,20,intercept_only,0.3,100,100,1.0,8609,3443,12239,1177,2582.0,9202.5,895.0,828.0,0.7500810677502121,0.0795449704471196,-0.0005024214656338,0.0085773899869478,0.0171954991563764,1.0993132497718765,0.0993132497718765,1.0,1.0,1.0,True
ELSA,20,intercept_only,0.4,100,100,1.0,8609,3443,12239,1177,3443.0,12247.0,1198.5,1109.0,0.7500810677502121,0.0795348849983679,-0.0005125069143854,-0.0025909339294543,0.0118162636745742,1.0993132497718765,0.0993132497718765,1.0,1.0,1.0,True
ELSA,20,intercept_only,0.5,100,100,1.0,8609,3443,12239,1177,4304.0,15297.5,1494.5,1384.0,0.7500810677502121,0.0795384711331568,-0.0005089207795965,0.0016745845985393,0.0062172649165347,1.0993132497718765,0.0993132497718765,1.0,1.0,1.0,True
ELSA,20,intercept_only,0.6,100,100,1.0,8609,3443,12239,1177,5165.0,18369.0,1798.0,1664.0,0.7500810677502121,0.079536257208052,-0.0005111347047013,-0.0009103375023926,0.0009103375023926,1.0993132497718765,0.0993132497718765,1.0,1.0,1.0,True
ELSA,20,none,0.0,1,1,1.0,8609,3443,12239,1177,0.0,0.0,0.0,0.0,0.7500810677502121,0.0800473919127534,0.0,0.2062429368719883,0.2062429368719883,1.0993132497718765,0.0993132497718765,0.0,1.0,1.0,False
ELSA,21,intercept_and_slope,0.05,100,100,1.0,8609,3443,12303,1180,430.0,1516.5,151.0,140.0,0.7499174104047652,0.0794430464602451,-0.0004115761493618,-0.0264542732609837,0.0728154324616544,1.012204802508391,0.0609554796433153,0.96,1.0,0.94,True
ELSA,21,intercept_and_slope,0.1,100,100,1.0,8609,3443,12303,1180,860.0,3057.0,298.0,277.0,0.7499174104047652,0.0793943935460474,-0.0004602290635596,-0.0013332868374806,0.0369172559909582,0.9937289339763776,0.0354797334767332,1.0,1.0,1.0,True
ELSA,21,intercept_and_slope,0.2,100,100,1.0,8609,3443,12303,1180,1721.0,6100.5,600.0,561.0,0.7499174104047652,0.0793667214133798,-0.0004879011962272,-0.01628306602341,0.027729861258375,1.011466417994588,0.0297904465796012,1.0,1.0,1.0,True
ELSA,21,intercept_and_slope,0.3,100,100,1.0,8609,3443,12303,1180,2582.0,9149.5,896.0,834.5,0.7499174104047652,0.0793614533815847,-0.0004931692280222,-0.0112344435452763,0.0214751503137519,0.9999931983687133,0.0203573644455418,1.0,1.0,1.0,True
ELSA,21,intercept_and_slope,0.4,100,100,1.0,8609,3443,12303,1180,3443.0,12192.5,1194.0,1113.5,0.7499174104047652,0.079355055074939,-0.0004995675346679,-0.0115178849312526,0.01611619437379,1.0111782140962973,0.0142830880168557,1.0,1.0,1.0,True
ELSA,21,intercept_and_slope,0.5,100,100,1.0,8609,3443,12303,1180,4304.0,15264.0,1494.0,1394.0,0.7499174104047652,0.079353139590281,-0.0005014830193259,-0.0116928872585628,0.0131021131072357,1.0071926339183863,0.009891479806818,1.0,1.0,1.0,True
ELSA,21,intercept_and_slope,0.6,100,100,1.0,8609,3443,12303,1180,5165.0,18304.5,1795.0,1674.0,0.7499174104047652,0.0793514042131443,-0.0005032183964627,-0.0120692950475052,0.0120692950475052,1.0092656498611,0.0092656498611002,1.0,1.0,1.0,True
ELSA,21,intercept_only,0.05,100,100,1.0,8609,3443,12303,1180,430.0,1516.5,151.0,140.0,0.7499174104047652,0.0794013347481421,-0.0004532878614649,-0.025090237844908,0.0704940995344637,1.1080125068227809,0.1080125068227808,0.96,1.0,0.99,True
ELSA,21,intercept_only,0.1,100,100,1.0,8609,3443,12303,1180,860.0,3057.0,298.0,277.0,0.7499174104047652,0.0793782092524844,-0.0004764133571226,-0.0002627606565061,0.0353809889188727,1.1080125068227809,0.1080125068227808,1.0,1.0,1.0,True
ELSA,21,intercept_only,0.2,100,100,1.0,8609,3443,12303,1180,1721.0,6100.5,600.0,561.0,0.7499174104047652,0.079365378652685,-0.0004892439569219,-0.0180958308552934,0.0271880977775052,1.1080125068227809,0.1080125068227808,1.0,1.0,1.0,True
ELSA,21,intercept_only,0.3,100,100,1.0,8609,3443,12303,1180,2582.0,9149.5,896.0,834.5,0.7499174104047652,0.0793670307215849,-0.000487591888022,-0.0126638631262744,0.0223491859687327,1.1080125068227809,0.1080125068227808,1.0,1.0,1.0,True
ELSA,21,intercept_only,0.4,100,100,1.0,8609,3443,12303,1180,3443.0,12192.5,1194.0,1113.5,0.7499174104047652,0.0793670460677484,-0.0004875765418585,-0.0126395507388228,0.0167922744846961,1.1080125068227809,0.1080125068227808,1.0,1.0,1.0,True
ELSA,21,intercept_only,0.5,100,100,1.0,8609,3443,12303,1180,4304.0,15264.0,1494.0,1394.0,0.7499174104047652,0.0793665480253557,-0.0004880745842513,-0.0134654965208838,0.0143233870351436,1.1080125068227809,0.1080125068227808,1.0,1.0,1.0,True
ELSA,21,intercept_only,0.6,100,100,1.0,8609,3443,12303,1180,5165.0,18304.5,1795.0,1674.0,0.7499174104047652,0.0793664399576885,-0.0004881826519184,-0.0136479119305692,0.0136479119305692,1.1080125068227809,0.1080125068227808,1.0,1.0,1.0,True
ELSA,21,none,0.0,1,1,1.0,8609,3443,12303,1180,0.0,0.0,0.0,0.0,0.7499174104047652,0.079854622609607,0.0,0.198587951056115,0.198587951056115,1.1080125068227809,0.1080125068227808,1.0,1.0,1.0,False
ELSA,22,intercept_and_slope,0.05,100,100,1.0,8609,3443,12236,1161,430.0,1530.5,153.0,141.0,0.7546200733780134,0.0782211177015287,-0.0004233402839044,-0.0590272675972312,0.0838550327931407,1.0355409106085804,0.0670641906098319,0.94,1.0,0.97,True
ELSA,22,intercept_and_slope,0.1,100,100,1.0,8609,3443,12236,1161,860.0,3066.5,300.0,277.5,0.7546200733780134,0.0781423563339935,-0.0005021016514396,-0.0233011020647178,0.0390435815815144,1.0486943065502414,0.0595954794869441,1.0,1.0,1.0,True
ELSA,22,intercept_and_slope,0.2,100,100,1.0,8609,3443,12236,1161,1721.0,6130.5,603.0,557.5,0.7546200733780134,0.0781093163143124,-0.0005351416711207,-0.0349031242510945,0.0371035973359774,1.0618541221382904,0.0621397463158124,1.0,1.0,1.0,True
ELSA,22,intercept_and_slope,0.3,100,100,1.0,8609,3443,12236,1161,2582.0,9171.0,908.5,840.0,0.7546200733780134,0.0781035824523853,-0.0005408755330478,-0.0326748929200719,0.0336790445009237,1.0572363774995552,0.0572363774995552,1.0,1.0,1.0,True
ELSA,22,intercept_and_slope,0.4,100,100,1.0,8609,3443,12236,1161,3443.0,12252.0,1207.0,1117.5,0.7546200733780134,0.0780981593607251,-0.000546298624708,-0.0317731350340859,0.0317731350340859,1.0532765738247454,0.0532765738247452,1.0,1.0,1.0,True
ELSA,22,intercept_and_slope,0.5,100,100,1.0,8609,3443,12236,1161,4304.0,15293.0,1508.0,1396.0,0.7546200733780134,0.0780962088580269,-0.0005482491274062,-0.0342302187615296,0.0342302187615296,1.0492812272190224,0.0492812272190223,1.0,1.0,1.0,True
ELSA,22,intercept_and_slope,0.6,100,100,1.0,8609,3443,12236,1161,5165.0,18372.0,1814.0,1678.0,0.7546200733780134,0.0780944205431431,-0.00055003744229,-0.0349828024833876,0.0349828024833876,1.05244452264412,0.05244452264412,1.0,1.0,1.0,True
ELSA,22,intercept_only,0.05,100,100,1.0,8609,3443,12236,1161,430.0,1530.5,153.0,141.0,0.7546200733780134,0.0781937103786984,-0.0004507476067347,-0.062612098567916,0.0827277145518185,1.1365894850293727,0.1365894850293727,0.94,1.0,0.97,True
ELSA,22,intercept_only,0.1,100,100,1.0,8609,3443,12236,1161,860.0,3066.5,300.0,277.5,0.7546200733780134,0.0781568986392533,-0.0004875593461798,-0.0250963885931542,0.0394906026717149,1.1365894850293727,0.1365894850293727,1.0,1.0,1.0,True
ELSA,22,intercept_only,0.2,100,100,1.0,8609,3443,12236,1161,1721.0,6130.5,603.0,557.5,0.7546200733780134,0.0781477632013523,-0.0004966947840808,-0.0358528342038409,0.0367167971928487,1.1365894850293727,0.1365894850293727,1.0,1.0,1.0,True
ELSA,22,intercept_only,0.3,100,100,1.0,8609,3443,12236,1161,2582.0,9171.0,908.5,840.0,0.7546200733780134,0.0781477742010214,-0.0004966837844117,-0.0338147748343244,0.0340707243796426,1.1365894850293727,0.1365894850293727,1.0,1.0,1.0,True
ELSA,22,intercept_only,0.4,100,100,1.0,8609,3443,12236,1161,3443.0,12252.0,1207.0,1117.5,0.7546200733780134,0.0781469747404865,-0.0004974832449466,-0.0330752715298251,0.0330752715298251,1.1365894850293727,0.1365894850293727,1.0,1.0,1.0,True
ELSA,22,intercept_only,0.5,100,100,1.0,8609,3443,12236,1161,4304.0,15293.0,1508.0,1396.0,0.7546200733780134,0.0781460975800614,-0.0004983604053717,-0.0348849689855379,0.0348849689855379,1.1365894850293727,0.1365894850293727,1.0,1.0,1.0,True
ELSA,22,intercept_only,0.6,100,100,1.0,8609,3443,12236,1161,5165.0,18372.0,1814.0,1678.0,0.7546200733780134,0.0781456268086382,-0.0004988311767949,-0.0359123194564862,0.0359123194564862,1.1365894850293727,0.1365894850293727,1.0,1.0,1.0,True
ELSA,22,none,0.0,1,1,1.0,8609,3443,12236,1161,0.0,0.0,0.0,0.0,0.7546200733780134,0.0786444579854332,0.0,0.1850771224086926,0.1850771224086926,1.1365894850293727,0.1365894850293727,1.0,1.0,1.0,False
ELSA,23,intercept_and_slope,0.05,100,100,1.0,8609,3443,12386,1156,430.0,1512.5,153.0,141.0,0.7475649905868795,0.0773643049354675,-0.000266268192086,-0.0791547232568534,0.0928949889374988,1.0043695217834865,0.0656012333932375,0.89,1.0,0.79,True
ELSA,23,intercept_and_slope,0.1,100,100,1.0,8609,3443,12386,1156,860.0,3036.5,301.0,279.5,0.7475649905868795,0.077317082832733,-0.0003134902948206,-0.064736156206976,0.0753419720642189,1.0156828377272529,0.0521301454380435,0.98,1.0,0.92,True
ELSA,23,intercept_and_slope,0.2,100,100,1.0,8609,3443,12386,1156,1721.0,6059.0,602.5,558.0,0.7475649905868795,0.0772827398699839,-0.0003478332575696,-0.0650303203664481,0.0650303203664481,1.0159792709179465,0.0312969741314574,1.0,1.0,1.0,True
ELSA,23,intercept_and_slope,0.3,100,100,1.0,8609,3443,12386,1156,2582.0,9105.0,906.5,838.0,0.7475649905868795,0.0772817875588117,-0.0003487855687418,-0.06648292385113,0.06648292385113,1.0138562333713497,0.0225911681034487,1.0,1.0,1.0,True
ELSA,23,intercept_and_slope,0.4,100,100,1.0,8609,3443,12386,1156,3443.0,12144.5,1210.5,1118.0,0.7475649905868795,0.0772837610195817,-0.0003468121079718,-0.0690118091270031,0.0690118091270031,1.014433345236824,0.0174012604219909,1.0,1.0,1.0,True
ELSA,23,intercept_and_slope,0.5,100,100,1.0,8609,3443,12386,1156,4304.0,15193.0,1516.5,1399.0,0.7475649905868795,0.0772798680475155,-0.0003507050800381,-0.0687798475876545,0.0687798475876545,1.0134557080659692,0.0137289750741467,1.0,1.0,1.0,True
ELSA,23,intercept_and_slope,0.6,100,100,1.0,8609,3443,12386,1156,5165.0,18222.0,1819.0,1679.0,0.7475649905868795,0.0772767966024389,-0.0003537765251147,-0.0678341443375148,0.0678341443375148,1.0150691466838702,0.0150691466838701,1.0,1.0,1.0,True
ELSA,23,intercept_only,0.05,100,100,1.0,8609,3443,12386,1156,430.0,1512.5,153.0,141.0,0.7475649905868795,0.0773044416839692,-0.0003261314435843,-0.0789404957870986,0.0862016881558399,1.1116126586113355,0.1116126586113357,0.9,1.0,0.93,True
ELSA,23,intercept_only,0.1,100,100,1.0,8609,3443,12386,1156,860.0,3036.5,301.0,279.5,0.7475649905868795,0.0772903698244354,-0.0003402033031181,-0.0653893039281289,0.0721160811194601,1.1116126586113355,0.1116126586113357,0.98,1.0,0.99,True
ELSA,23,intercept_only,0.2,100,100,1.0,8609,3443,12386,1156,1721.0,6059.0,602.5,558.0,0.7475649905868795,0.0772834667077536,-0.0003471064198,-0.0653474345461188,0.0653474345461188,1.1116126586113355,0.1116126586113357,1.0,1.0,1.0,True
ELSA,23,intercept_only,0.3,100,100,1.0,8609,3443,12386,1156,2582.0,9105.0,906.5,838.0,0.7475649905868795,0.0772780249737728,-0.0003525481537807,-0.0670861155591488,0.0670861155591488,1.1116126586113355,0.1116126586113357,1.0,1.0,1.0,True
ELSA,23,intercept_only,0.4,100,100,1.0,8609,3443,12386,1156,3443.0,12144.5,1210.5,1118.0,0.7475649905868795,0.0772783548140994,-0.0003522183134541,-0.0696388203418589,0.0696388203418589,1.1116126586113355,0.1116126586113357,1.0,1.0,1.0,True
ELSA,23,intercept_only,0.5,100,100,1.0,8609,3443,12386,1156,4304.0,15193.0,1516.5,1399.0,0.7475649905868795,0.0772784543181238,-0.0003521188094297,-0.0698337922111765,0.0698337922111765,1.1116126586113355,0.1116126586113357,1.0,1.0,1.0,True
ELSA,23,intercept_only,0.6,100,100,1.0,8609,3443,12386,1156,5165.0,18222.0,1819.0,1679.0,0.7475649905868795,0.0772779787394572,-0.0003525943880963,-0.0688883361161572,0.0688883361161572,1.1116126586113355,0.1116126586113357,1.0,1.0,1.0,True
ELSA,23,none,0.0,1,1,1.0,8609,3443,12386,1156,0.0,0.0,0.0,0.0,0.7475649905868795,0.0776305731275536,0.0,0.1652760465832483,0.1652760465832483,1.1116126586113355,0.1116126586113357,1.0,1.0,1.0,False
ELSA,24,intercept_and_slope,0.05,100,100,1.0,8609,3443,12186,1191,430.0,1543.5,147.5,136.0,0.7539901924735654,0.0804227610744919,-0.0004388788075223,-0.0023135824909157,0.0630409195462342,0.9992374981166948,0.0584841182107251,0.97,1.0,0.93,True
ELSA,24,intercept_and_slope,0.1,100,100,1.0,8609,3443,12186,1191,860.0,3068.5,297.0,274.5,0.7539901924735654,0.0803844724972156,-0.0004771673847986,-0.0161973338321784,0.0515014082239424,1.0292397241155458,0.0581853952862569,1.0,1.0,1.0,True
ELSA,24,intercept_and_slope,0.2,100,100,1.0,8609,3443,12186,1191,1721.0,6133.0,590.5,547.5,0.7539901924735654,0.0803381221624874,-0.0005235177195269,-0.0077300202065792,0.0229473289935819,1.0127151577722628,0.031713156646331,1.0,1.0,1.0,True
ELSA,24,intercept_and_slope,0.3,100,100,1.0,8609,3443,12186,1191,2582.0,9200.5,891.0,822.0,0.7539901924735654,0.0803271014215613,-0.000534538460453,-0.0131105783098382,0.0271895249359021,1.0218421309637489,0.0243435732143679,1.0,1.0,1.0,True
ELSA,24,intercept_and_slope,0.4,100,100,1.0,8609,3443,12186,1191,3443.0,12284.0,1190.0,1099.5,0.7539901924735654,0.0803218996755313,-0.0005397402064829,-0.0118345909722036,0.0164660633887695,1.018328250822842,0.0186330898288905,1.0,1.0,1.0,True
ELSA,24,intercept_and_slope,0.5,100,100,1.0,8609,3443,12186,1191,4304.0,15346.5,1489.0,1375.5,0.7539901924735654,0.0803196245038026,-0.0005420153782116,-0.01946647134599,0.0199878370028506,1.021061776357619,0.0210617763576189,1.0,1.0,1.0,True
ELSA,24,intercept_and_slope,0.6,100,100,1.0,8609,3443,12186,1191,5165.0,18423.0,1784.0,1648.0,0.7539901924735654,0.080318629393886,-0.0005430104881282,-0.0160727119963204,0.0160727119963204,1.0192280650729133,0.0192280650729134,1.0,1.0,1.0,True
ELSA,24,intercept_only,0.05,100,100,1.0,8609,3443,12186,1191,430.0,1543.5,147.5,136.0,0.7539901924735654,0.0803832073767691,-0.0004784325052451,-0.0027779085622128,0.0603952981894208,1.1146889760409304,0.1146889760409304,0.97,1.0,0.98,True
ELSA,24,intercept_only,0.1,100,100,1.0,8609,3443,12186,1191,860.0,3068.5,297.0,274.5,0.7539901924735654,0.0803573450975498,-0.0005042947844644,-0.013351863520408,0.0538973193329263,1.1146889760409304,0.1146889760409304,1.0,1.0,1.0,True
ELSA,24,intercept_only,0.2,100,100,1.0,8609,3443,12186,1191,1721.0,6133.0,590.5,547.5,0.7539901924735654,0.0803521099494051,-0.0005095299326091,-0.0039588448134417,0.0226354382412978,1.1146889760409304,0.1146889760409304,1.0,1.0,1.0,True
ELSA,24,intercept_only,0.3,100,100,1.0,8609,3443,12186,1191,2582.0,9200.5,891.0,822.0,0.7539901924735654,0.08034722136619,-0.0005144185158242,-0.0101709109386333,0.0244102170626507,1.1146889760409304,0.1146889760409304,1.0,1.0,1.0,True
ELSA,24,intercept_only,0.4,100,100,1.0,8609,3443,12186,1191,3443.0,12284.0,1190.0,1099.5,0.7539901924735654,0.0803467060037223,-0.0005149338782919,-0.0100556222802086,0.0150836548387052,1.1146889760409304,0.1146889760409304,1.0,1.0,1.0,True
ELSA,24,intercept_only,0.5,100,100,1.0,8609,3443,12186,1191,4304.0,15346.5,1489.0,1375.5,0.7539901924735654,0.0803417795114236,-0.0005198603705906,-0.0173124409017962,0.0175149845924926,1.1146889760409304,0.1146889760409304,1.0,1.0,1.0,True
ELSA,24,intercept_only,0.6,100,100,1.0,8609,3443,12186,1191,5165.0,18423.0,1784.0,1648.0,0.7539901924735654,0.0803440686719503,-0.0005175712100639,-0.0137570826170794,0.0137570826170794,1.1146889760409304,0.1146889760409304,1.0,1.0,1.0,True
ELSA,24,none,0.0,1,1,1.0,8609,3443,12186,1191,0.0,0.0,0.0,0.0,0.7539901924735654,0.0808616398820143,0.0,0.1985348030033909,0.1985348030033909,1.1146889760409304,0.1146889760409304,1.0,1.0,1.0,False
ELSA,25,intercept_and_slope,0.05,100,100,1.0,8609,3443,12456,1169,430.0,1510.0,152.0,140.0,0.748222119468994,0.078273600859571,-0.0001649685462036,-0.0627171800512875,0.0751859012941562,0.9734940409364212,0.0669037909585968,0.88,0.96,0.74,True
ELSA,25,intercept_and_slope,0.1,100,100,1.0,8609,3443,12456,1169,860.0,3027.0,299.0,278.0,0.748222119468994,0.0782081311473625,-0.0002304382584122,-0.0501228948983558,0.0549777266692843,0.9688172055929224,0.0588885407998497,0.99,1.0,0.84,True
ELSA,25,intercept_and_slope,0.2,100,100,1.0,8609,3443,12456,1169,1721.0,6052.0,604.0,559.0,0.748222119468994,0.0781937957528771,-0.0002447736528975,-0.0669342958513696,0.0669342958513696,0.9755202825869828,0.0370404524268376,1.0,1.0,0.94,True
ELSA,25,intercept_and_slope,0.3,100,100,1.0,8609,3443,12456,1169,2582.0,9058.5,902.5,835.0,0.748222119468994,0.0781737933386045,-0.0002647760671702,-0.0666665853273626,0.0666665853273626,0.9871935814602673,0.0175075702419998,1.0,1.0,0.99,True
ELSA,25,intercept_and_slope,0.4,100,100,1.0,8609,3443,12456,1169,3443.0,12087.5,1204.0,1117.0,0.748222119468994,0.0781762490920233,-0.0002623203137513,-0.0661645025951077,0.0661645025951077,0.9754066373166528,0.0250570821763673,1.0,1.0,1.0,True
ELSA,25,intercept_and_slope,0.5,100,100,1.0,8609,3443,12456,1169,4304.0,15123.0,1504.0,1394.0,0.748222119468994,0.0781807293204027,-0.0002578400853719,-0.0665974401099413,0.0665974401099413,0.9770428587596937,0.0229571412403064,1.0,1.0,1.0,True
ELSA,25,intercept_and_slope,0.6,100,100,1.0,8609,3443,12456,1169,5165.0,18152.0,1806.0,1673.0,0.748222119468994,0.0781758647344773,-0.0002627046712974,-0.0665104561133567,0.0665104561133567,0.979126507196746,0.020873492803254,1.0,1.0,1.0,True
ELSA,25,intercept_only,0.05,100,100,1.0,8609,3443,12456,1169,430.0,1510.0,152.0,140.0,0.748222119468994,0.0781298513511325,-0.0003087180546421,-0.0654085078906606,0.0770353187668027,1.0878515666497668,0.0878515666497667,0.91,1.0,0.94,True
ELSA,25,intercept_only,0.1,100,100,1.0,8609,3443,12456,1169,860.0,3027.0,299.0,278.0,0.748222119468994,0.0781076096681284,-0.0003309597376462,-0.0519730866698384,0.0538488958835596,1.0878515666497668,0.0878515666497667,0.99,1.0,0.99,True
ELSA,25,intercept_only,0.2,100,100,1.0,8609,3443,12456,1169,1721.0,6052.0,604.0,559.0,0.748222119468994,0.0780995784259326,-0.000338990979842,-0.0660825603061013,0.0660825603061013,1.0878515666497668,0.0878515666497667,1.0,1.0,1.0,True
ELSA,25,intercept_only,0.3,100,100,1.0,8609,3443,12456,1169,2582.0,9058.5,902.5,835.0,0.748222119468994,0.0780973825740312,-0.0003411868317434,-0.067167292719293,0.067167292719293,1.0878515666497668,0.0878515666497667,1.0,1.0,1.0,True
ELSA,25,intercept_only,0.4,100,100,1.0,8609,3443,12456,1169,3443.0,12087.5,1204.0,1117.0,0.748222119468994,0.0780963484693092,-0.0003422209364654,-0.0652644804567053,0.0652644804567053,1.0878515666497668,0.0878515666497667,1.0,1.0,1.0,True
ELSA,25,intercept_only,0.5,100,100,1.0,8609,3443,12456,1169,4304.0,15123.0,1504.0,1394.0,0.748222119468994,0.0780965306347537,-0.0003420387710209,-0.0656221332243653,0.0656221332243653,1.0878515666497668,0.0878515666497667,1.0,1.0,1.0,True
ELSA,25,intercept_only,0.6,100,100,1.0,8609,3443,12456,1169,5165.0,18152.0,1806.0,1673.0,0.748222119468994,0.0780966449397292,-0.0003419244660454,-0.0658441190814394,0.0658441190814394,1.0878515666497668,0.0878515666497667,1.0,1.0,1.0,True
ELSA,25,none,0.0,1,1,1.0,8609,3443,12456,1169,0.0,0.0,0.0,0.0,0.748222119468994,0.0784385694057747,0.0,0.1673508385905039,0.1673508385905039,1.0878515666497668,0.0878515666497667,1.0,1.0,1.0,False
ELSA,26,intercept_and_slope,0.05,100,100,1.0,8609,3443,12212,1206,430.0,1534.5,146.0,135.5,0.748512646049539,0.0815524606494922,-0.0004046341829218,0.0099220826397529,0.0612749440747853,0.9750533564011048,0.0538643714543667,0.95,0.99,0.89,True
ELSA,26,intercept_and_slope,0.1,100,100,1.0,8609,3443,12212,1206,860.0,3069.5,295.5,275.5,0.748512646049539,0.0815069014499976,-0.0004501933824163,0.0076285897748342,0.0440690576545165,0.9663487885614332,0.0467327595631682,1.0,1.0,1.0,True
ELSA,26,intercept_and_slope,0.2,100,100,1.0,8609,3443,12212,1206,1721.0,6134.0,594.0,553.0,0.748512646049539,0.0814732421792042,-0.0004838526532097,0.0029684941024598,0.0204522133601311,0.9722249976054744,0.0333632367210982,1.0,1.0,1.0,True
ELSA,26,intercept_and_slope,0.3,100,100,1.0,8609,3443,12212,1206,2582.0,9180.0,883.0,825.0,0.748512646049539,0.0814672563936427,-0.0004898384387713,0.0064474697706942,0.0184992688210462,0.9762483777161844,0.0285336429447545,1.0,1.0,1.0,True
ELSA,26,intercept_and_slope,0.4,100,100,1.0,8609,3443,12212,1206,3443.0,12256.5,1173.5,1096.5,0.748512646049539,0.0814628895007084,-0.0004942053317055,0.0166623083411742,0.0182983665593074,0.9789964099706334,0.0214635539602063,1.0,1.0,1.0,True
ELSA,26,intercept_and_slope,0.5,100,100,1.0,8609,3443,12212,1206,4304.0,15315.5,1475.0,1376.5,0.748512646049539,0.0814553928081983,-0.0005017020242157,0.0098130509369866,0.0106317238603578,0.9817329432708845,0.0183110547011018,1.0,1.0,1.0,True
ELSA,26,intercept_and_slope,0.6,100,100,1.0,8609,3443,12212,1206,5165.0,18396.0,1769.0,1651.0,0.748512646049539,0.0814573181319574,-0.0004997767004565,0.010509676589937,0.010509676589937,0.9796672303055606,0.0203327696944394,1.0,1.0,1.0,True
ELSA,26,intercept_only,0.05,100,100,1.0,8609,3443,12212,1206,430.0,1534.5,146.0,135.5,0.748512646049539,0.081475191125132,-0.0004819037072819,0.0167242925240201,0.0575825178773507,1.088375315485558,0.0883753154855579,0.96,1.0,0.98,True
ELSA,26,intercept_only,0.1,100,100,1.0,8609,3443,12212,1206,860.0,3069.5,295.5,275.5,0.748512646049539,0.0814468340126653,-0.0005102608197487,0.0108588252022394,0.0403678785951009,1.088375315485558,0.0883753154855579,1.0,1.0,1.0,True
ELSA,26,intercept_only,0.2,100,100,1.0,8609,3443,12212,1206,1721.0,6134.0,594.0,553.0,0.748512646049539,0.0814348630931554,-0.0005222317392585,0.0037520387697433,0.019252874843528,1.088375315485558,0.0883753154855579,1.0,1.0,1.0,True
ELSA,26,intercept_only,0.3,100,100,1.0,8609,3443,12212,1206,2582.0,9180.0,883.0,825.0,0.748512646049539,0.0814409793322582,-0.0005161155001557,0.0110207381497184,0.0186245917975921,1.088375315485558,0.0883753154855579,1.0,1.0,1.0,True
ELSA,26,intercept_only,0.4,100,100,1.0,8609,3443,12212,1206,3443.0,12256.5,1173.5,1096.5,0.748512646049539,0.0814474129733381,-0.0005096818590759,0.0176602639393764,0.0191956200082502,1.088375315485558,0.0883753154855579,1.0,1.0,1.0,True
ELSA,26,intercept_only,0.5,100,100,1.0,8609,3443,12212,1206,4304.0,15315.5,1475.0,1376.5,0.748512646049539,0.0814410671178506,-0.0005160277145634,0.0111173302503938,0.0112945901778756,1.088375315485558,0.0883753154855579,1.0,1.0,1.0,True
ELSA,26,intercept_only,0.6,100,100,1.0,8609,3443,12212,1206,5165.0,18396.0,1769.0,1651.0,0.748512646049539,0.0814417203962021,-0.0005153744362119,0.0118300108474353,0.0118300108474353,1.088375315485558,0.0883753154855579,1.0,1.0,1.0,True
ELSA,26,none,0.0,1,1,1.0,8609,3443,12212,1206,0.0,0.0,0.0,0.0,0.748512646049539,0.081957094832414,0.0,0.2138186675228124,0.2138186675228124,1.088375315485558,0.0883753154855579,0.0,1.0,1.0,False
ELSA,27,intercept_and_slope,0.05,100,100,1.0,8609,3443,12419,1177,430.0,1515.5,148.0,138.0,0.7610288566195736,0.0778450311920455,-0.0005248494845911,-0.0093747753761821,0.0608730047851132,1.1183298586981287,0.1195143908062041,0.99,1.0,0.97,False
ELSA,27,intercept_and_slope,0.1,100,100,1.0,8609,3443,12419,1177,860.0,3017.0,300.5,279.0,0.7610288566195736,0.0777600404675122,-0.0006098402091243,-0.0363853177543987,0.0513375304160064,1.1134478328115862,0.1134478328115861,1.0,1.0,1.0,False
ELSA,27,intercept_and_slope,0.2,100,100,1.0,8609,3443,12419,1177,1721.0,6052.0,598.0,555.0,0.7610288566195736,0.0777535521188995,-0.0006163285577371,-0.025865444074714,0.0352529206706351,1.119630232295464,0.1196302322954638,1.0,1.0,1.0,False
ELSA,27,intercept_and_slope,0.3,100,100,1.0,8609,3443,12419,1177,2582.0,9107.0,899.5,833.5,0.7610288566195736,0.077738621673161,-0.0006312590034755,-0.0247512573089295,0.0284419807077011,1.1125512454691595,0.1125512454691597,1.0,1.0,1.0,False
ELSA,27,intercept_and_slope,0.4,100,100,1.0,8609,3443,12419,1177,3443.0,12130.5,1202.0,1116.0,0.7610288566195736,0.0777407713028194,-0.0006291093738172,-0.0282554580504341,0.0282554580504341,1.1159319602187994,0.1159319602187994,1.0,1.0,1.0,False
ELSA,27,intercept_and_slope,0.5,100,100,1.0,8609,3443,12419,1177,4304.0,15152.0,1498.0,1390.0,0.7610288566195736,0.0777380952483019,-0.0006317854283346,-0.0253081968519818,0.0253081968519818,1.1183554514391758,0.1183554514391758,1.0,1.0,1.0,False
ELSA,27,intercept_and_slope,0.6,100,100,1.0,8609,3443,12419,1177,5165.0,18189.0,1798.0,1668.0,0.7610288566195736,0.077736267965761,-0.0006336127108755,-0.0242965154953608,0.0242965154953608,1.1144011042616229,0.1144011042616228,1.0,1.0,1.0,False
ELSA,27,intercept_only,0.05,100,100,1.0,8609,3443,12419,1177,430.0,1515.5,148.0,138.0,0.7610288566195736,0.0778419620637728,-0.0005279186128638,-0.010862328764946,0.0609471735250949,1.176398734293403,0.176398734293403,0.99,1.0,0.99,True
ELSA,27,intercept_only,0.1,100,100,1.0,8609,3443,12419,1177,860.0,3017.0,300.5,279.0,0.7610288566195736,0.0778013895552081,-0.0005684911214284,-0.037579882532372,0.0503637521249213,1.176398734293403,0.176398734293403,1.0,1.0,1.0,True
ELSA,27,intercept_only,0.2,100,100,1.0,8609,3443,12419,1177,1721.0,6052.0,598.0,555.0,0.7610288566195736,0.0778043462650349,-0.0005655344116017,-0.0268861154216372,0.033357042038204,1.176398734293403,0.176398734293403,1.0,1.0,1.0,True
ELSA,27,intercept_only,0.3,100,100,1.0,8609,3443,12419,1177,2582.0,9107.0,899.5,833.5,0.7610288566195736,0.0778033264772688,-0.0005665541993677,-0.0264933024536258,0.0287773188345988,1.176398734293403,0.176398734293403,1.0,1.0,1.0,True
ELSA,27,intercept_only,0.4,100,100,1.0,8609,3443,12419,1177,3443.0,12130.5,1202.0,1116.0,0.7610288566195736,0.0778012163817631,-0.0005686642948734,-0.0289865090870758,0.0289865090870758,1.176398734293403,0.176398734293403,1.0,1.0,1.0,True
ELSA,27,intercept_only,0.5,100,100,1.0,8609,3443,12419,1177,4304.0,15152.0,1498.0,1390.0,0.7610288566195736,0.0778028758874293,-0.0005670047892072,-0.0270081311890464,0.0270081311890464,1.176398734293403,0.176398734293403,1.0,1.0,1.0,True
ELSA,27,intercept_only,0.6,100,100,1.0,8609,3443,12419,1177,5165.0,18189.0,1798.0,1668.0,0.7610288566195736,0.0778038149794999,-0.0005660656971366,-0.0259230489937674,0.0259230489937674,1.176398734293403,0.176398734293403,1.0,1.0,1.0,True
ELSA,27,none,0.0,1,1,1.0,8609,3443,12419,1177,0.0,0.0,0.0,0.0,0.7610288566195736,0.0783698806766366,0.0,0.1912313046291179,0.1912313046291179,1.176398734293403,0.176398734293403,1.0,1.0,1.0,False
ELSA,28,intercept_and_slope,0.05,100,100,1.0,8609,3443,12232,1208,430.0,1522.0,147.0,136.0,0.753054218249887,0.0805526380271245,-0.000703552582406,0.0364570631496004,0.0683764185312333,1.0589568343084852,0.0749788662717293,0.97,1.0,0.99,True
ELSA,28,intercept_and_slope,0.1,100,100,1.0,8609,3443,12232,1208,860.0,3058.5,292.0,272.0,0.753054218249887,0.0805185430505177,-0.0007376475590128,0.0427404827018719,0.054275005906767,1.04863048521766,0.0537867575095302,0.99,1.0,1.0,True
ELSA,28,intercept_and_slope,0.2,100,100,1.0,8609,3443,12232,1208,1721.0,6118.5,589.0,547.5,0.753054218249887,0.0805121541668359,-0.0007440364426946,0.049101525741261,0.049101525741261,1.0458982489150557,0.0458982489150556,1.0,1.0,1.0,True
ELSA,28,intercept_and_slope,0.3,100,100,1.0,8609,3443,12232,1208,2582.0,9199.5,883.0,822.0,0.753054218249887,0.0804988330795248,-0.0007573575300056,0.0521249511919143,0.0521249511919143,1.0433610427218385,0.0433610427218386,1.0,1.0,1.0,True
ELSA,28,intercept_and_slope,0.4,100,100,1.0,8609,3443,12232,1208,3443.0,12243.0,1180.0,1096.0,0.753054218249887,0.0804931597174886,-0.0007630308920419,0.046190085458894,0.046190085458894,1.0444979571169304,0.0444979571169305,1.0,1.0,1.0,True
ELSA,28,intercept_and_slope,0.5,100,100,1.0,8609,3443,12232,1208,4304.0,15317.0,1472.0,1370.0,0.753054218249887,0.0804996958464386,-0.0007564947630919,0.0477220721795181,0.0477220721795181,1.047408965729438,0.047408965729438,1.0,1.0,1.0,True
ELSA,28,intercept_and_slope,0.6,100,100,1.0,8609,3443,12232,1208,5165.0,18376.0,1767.0,1644.0,0.753054218249887,0.0804965295846318,-0.0007596610248987,0.0469513358413726,0.0469513358413726,1.045059821225708,0.0450598212257079,1.0,1.0,1.0,True
ELSA,28,intercept_only,0.05,100,100,1.0,8609,3443,12232,1208,430.0,1522.0,147.0,136.0,0.753054218249887,0.0806028872272532,-0.0006533033822772,0.03469307495995,0.0693004730254114,1.1312431447185982,0.1312431447185982,0.97,1.0,0.99,True
ELSA,28,intercept_only,0.1,100,100,1.0,8609,3443,12232,1208,860.0,3058.5,292.0,272.0,0.753054218249887,0.0806144100432312,-0.0006417805662993,0.0444959879444853,0.0522461676423044,1.1312431447185982,0.1312431447185982,0.99,1.0,1.0,True
ELSA,28,intercept_only,0.2,100,100,1.0,8609,3443,12232,1208,1721.0,6118.5,589.0,547.5,0.753054218249887,0.0806220315960215,-0.000634159013509,0.0483614094573995,0.0483614094573995,1.1312431447185982,0.1312431447185982,1.0,1.0,1.0,True
ELSA,28,intercept_only,0.3,100,100,1.0,8609,3443,12232,1208,2582.0,9199.5,883.0,822.0,0.753054218249887,0.080625709487,-0.0006304811225304,0.0501893439228491,0.0501893439228491,1.1312431447185982,0.1312431447185982,1.0,1.0,1.0,True
ELSA,28,intercept_only,0.4,100,100,1.0,8609,3443,12232,1208,3443.0,12243.0,1180.0,1096.0,0.753054218249887,0.0806146270100726,-0.0006415635994578,0.0446080216781732,0.0446080216781732,1.1312431447185982,0.1312431447185982,1.0,1.0,1.0,True
ELSA,28,intercept_only,0.5,100,100,1.0,8609,3443,12232,1208,4304.0,15317.0,1472.0,1370.0,0.753054218249887,0.0806174652915003,-0.0006387253180302,0.0460634199774847,0.0460634199774847,1.1312431447185982,0.1312431447185982,1.0,1.0,1.0,True
ELSA,28,intercept_only,0.6,100,100,1.0,8609,3443,12232,1208,5165.0,18376.0,1767.0,1644.0,0.753054218249887,0.0806162802051849,-0.0006399104043455,0.0454582082459728,0.0454582082459728,1.1312431447185982,0.1312431447185982,1.0,1.0,1.0,True
ELSA,28,none,0.0,1,1,1.0,8609,3443,12232,1208,0.0,0.0,0.0,0.0,0.753054218249887,0.0812561906095305,0.0,0.2340107721871137,0.2340107721871137,1.1312431447185982,0.1312431447185982,0.0,1.0,1.0,False
ELSA,29,intercept_and_slope,0.05,100,100,1.0,8609,3443,12239,1196,430.0,1534.0,145.5,136.0,0.7484300501202809,0.0803641007776412,-0.0005830372170454,0.0473317633601082,0.0646113190129956,1.015182481303319,0.0662720463381327,0.96,0.99,0.96,True
ELSA,29,intercept_and_slope,0.1,100,100,1.0,8609,3443,12239,1196,860.0,3058.0,296.0,277.0,0.7484300501202809,0.0802754212131461,-0.0006717167815405,0.0389491914834842,0.0501599383805297,1.0138486614816389,0.0414597127963433,1.0,1.0,1.0,True
ELSA,29,intercept_and_slope,0.2,100,100,1.0,8609,3443,12239,1196,1721.0,6122.5,590.5,552.5,0.7484300501202809,0.0802643703774563,-0.0006827676172303,0.0384938042234439,0.039097752463854,1.0183054550787285,0.0318587195881087,1.0,1.0,1.0,True
ELSA,29,intercept_and_slope,0.3,100,100,1.0,8609,3443,12239,1196,2582.0,9174.0,889.0,831.0,0.7484300501202809,0.0802618330471742,-0.0006853049475124,0.0410222278770262,0.0410222278770262,1.021877393455971,0.0296805846033094,1.0,1.0,1.0,True
ELSA,29,intercept_and_slope,0.4,100,100,1.0,8609,3443,12239,1196,3443.0,12239.0,1187.0,1108.5,0.7484300501202809,0.0802534039578147,-0.0006937340368719,0.0395733966399151,0.0395733966399151,1.0247828100187897,0.0247828100187894,1.0,1.0,1.0,True
ELSA,29,intercept_and_slope,0.5,100,100,1.0,8609,3443,12239,1196,4304.0,15305.0,1481.5,1384.5,0.7484300501202809,0.0802512042417116,-0.000695933752975,0.0406945714684274,0.0406945714684274,1.0235474187363292,0.0235474187363291,1.0,1.0,1.0,True
ELSA,29,intercept_and_slope,0.6,100,100,1.0,8609,3443,12239,1196,5165.0,18369.0,1779.0,1662.0,0.7484300501202809,0.0802502458572472,-0.0006968921374393,0.0386419644246382,0.0386419644246382,1.0233590118029348,0.0233590118029348,1.0,1.0,1.0,True
ELSA,29,intercept_only,0.05,100,100,1.0,8609,3443,12239,1196,430.0,1534.0,145.5,136.0,0.7484300501202809,0.0803705562131665,-0.0005765817815201,0.0472917050582321,0.0619586722699296,1.117907808875056,0.117907808875056,0.97,1.0,0.98,True
ELSA,29,intercept_only,0.1,100,100,1.0,8609,3443,12239,1196,860.0,3058.0,296.0,277.0,0.7484300501202809,0.0803483207085798,-0.0005988172861068,0.03439921036327,0.0491174393098657,1.117907808875056,0.117907808875056,1.0,1.0,1.0,True
ELSA,29,intercept_only,0.2,100,100,1.0,8609,3443,12239,1196,1721.0,6122.5,590.5,552.5,0.7484300501202809,0.0803483605046678,-0.0005987774900188,0.0344239833623453,0.0363400947151425,1.117907808875056,0.117907808875056,1.0,1.0,1.0,True
ELSA,29,intercept_only,0.3,100,100,1.0,8609,3443,12239,1196,2582.0,9174.0,889.0,831.0,0.7484300501202809,0.0803527000979376,-0.000594437896749,0.0370746519402503,0.0370746519402503,1.117907808875056,0.117907808875056,1.0,1.0,1.0,True
ELSA,29,intercept_only,0.4,100,100,1.0,8609,3443,12239,1196,3443.0,12239.0,1187.0,1108.5,0.7484300501202809,0.0803517623063754,-0.0005953756883112,0.0365082487979926,0.0365082487979926,1.117907808875056,0.117907808875056,1.0,1.0,1.0,True
ELSA,29,intercept_only,0.5,100,100,1.0,8609,3443,12239,1196,4304.0,15305.0,1481.5,1384.5,0.7484300501202809,0.0803531470456589,-0.0005939909490276,0.037343651812983,0.037343651812983,1.117907808875056,0.117907808875056,1.0,1.0,1.0,True
ELSA,29,intercept_only,0.6,100,100,1.0,8609,3443,12239,1196,5165.0,18369.0,1779.0,1662.0,0.7484300501202809,0.0803497482100518,-0.0005973897846348,0.0352800794285219,0.0352800794285219,1.117907808875056,0.117907808875056,1.0,1.0,1.0,True
ELSA,29,none,0.0,1,1,1.0,8609,3443,12239,1196,0.0,0.0,0.0,0.0,0.7484300501202809,0.0809471379946866,0.0,0.2279672573385111,0.2279672573385111,1.117907808875056,0.117907808875056,0.0,1.0,1.0,False
ELSA,30,intercept_and_slope,0.05,100,100,1.0,8609,3443,12301,1193,430.0,1519.5,146.0,135.0,0.7445058212275967,0.0804752212372213,-0.000324073542897,0.0245751546228293,0.0681830685248941,0.9655590959531346,0.0738929971782294,0.97,1.0,0.9,True
ELSA,30,intercept_and_slope,0.1,100,100,1.0,8609,3443,12301,1193,860.0,3044.5,298.5,275.0,0.7445058212275967,0.0804093276406396,-0.0003899671394788,-0.0037649312975968,0.0519106416279652,0.9495475288853878,0.0539256398565415,0.99,1.0,0.99,True
ELSA,30,intercept_and_slope,0.2,100,100,1.0,8609,3443,12301,1193,1721.0,6107.0,595.0,550.5,0.7445058212275967,0.0803590065959252,-0.0004402881841931,0.0112171892179823,0.0285737912557838,0.9680818166789764,0.0353841143272797,1.0,1.0,1.0,True
ELSA,30,intercept_and_slope,0.3,100,100,1.0,8609,3443,12301,1193,2582.0,9132.0,889.0,824.0,0.7445058212275967,0.0803603194332134,-0.0004389753469049,0.0035129251204104,0.0174993808597916,0.9647304460221192,0.0382831891404394,1.0,1.0,1.0,True
ELSA,30,intercept_and_slope,0.4,100,100,1.0,8609,3443,12301,1193,3443.0,12188.5,1186.5,1101.0,0.7445058212275967,0.0803503935051999,-0.0004489012749184,0.007352533587375,0.0139502475409044,0.9641718201035802,0.0358281798964198,1.0,1.0,1.0,True
ELSA,30,intercept_and_slope,0.5,100,100,1.0,8609,3443,12301,1193,4304.0,15269.0,1484.0,1376.0,0.7445058212275967,0.0803535614069498,-0.0004457333731685,0.0099726166175272,0.0102316767390292,0.9594464017221014,0.0405535982778986,1.0,1.0,1.0,True
ELSA,30,intercept_and_slope,0.6,100,100,1.0,8609,3443,12301,1193,5165.0,18307.0,1782.0,1652.0,0.7445058212275967,0.0803509881556348,-0.0004483066244835,0.008075775003464,0.008075775003464,0.9617736106718116,0.0382263893281885,1.0,1.0,1.0,True
ELSA,30,intercept_only,0.05,100,100,1.0,8609,3443,12301,1193,430.0,1519.5,146.0,135.0,0.7445058212275967,0.0803568681404423,-0.0004424266396761,0.0258715387973817,0.0677068330004534,1.076388930882182,0.0763889308821819,0.97,1.0,0.98,True
ELSA,30,intercept_only,0.1,100,100,1.0,8609,3443,12301,1193,860.0,3044.5,298.5,275.0,0.7445058212275967,0.0803325351305942,-0.0004667596495242,-0.0031440640481304,0.0459578138839314,1.076388930882182,0.0763889308821819,0.99,1.0,1.0,True
ELSA,30,intercept_only,0.2,100,100,1.0,8609,3443,12301,1193,1721.0,6107.0,595.0,550.5,0.7445058212275967,0.0803229809710228,-0.0004763138090955,0.0103481664553754,0.0263683125833324,1.076388930882182,0.0763889308821819,1.0,1.0,1.0,True
ELSA,30,intercept_only,0.3,100,100,1.0,8609,3443,12301,1193,2582.0,9132.0,889.0,824.0,0.7445058212275967,0.080316643894505,-0.0004826508856133,0.0025910545761378,0.0183248623786507,1.076388930882182,0.0763889308821819,1.0,1.0,1.0,True
ELSA,30,intercept_only,0.4,100,100,1.0,8609,3443,12301,1193,3443.0,12188.5,1186.5,1101.0,0.7445058212275967,0.0803183729612802,-0.0004809218188382,0.0059807812476016,0.0129593779293792,1.076388930882182,0.0763889308821819,1.0,1.0,1.0,True
ELSA,30,intercept_only,0.5,100,100,1.0,8609,3443,12301,1193,4304.0,15269.0,1484.0,1376.0,0.7445058212275967,0.0803205041617919,-0.0004787906183265,0.0088280358245465,0.0091558168105086,1.076388930882182,0.0763889308821819,1.0,1.0,1.0,True
ELSA,30,intercept_only,0.6,100,100,1.0,8609,3443,12301,1193,5165.0,18307.0,1782.0,1652.0,0.7445058212275967,0.0803186706813914,-0.0004806240987269,0.0063912511729238,0.0063912511729238,1.076388930882182,0.0763889308821819,1.0,1.0,1.0,True
ELSA,30,none,0.0,1,1,1.0,8609,3443,12301,1193,0.0,0.0,0.0,0.0,0.7445058212275967,0.0807992947801184,0.0,0.2106026551195731,0.2106026551195731,1.076388930882182,0.0763889308821819,0.0,1.0,1.0,False
HRS,1,intercept_and_slope,0.05,100,100,1.0,20016,8006,33764,3171,1000.0,4167.5,412.5,376.5,0.7567908515955758,0.0777309820841981,-0.0003300030061752,-0.0306598936865009,0.0415250021287674,1.063245031742147,0.0639696422318095,1.0,1.0,1.0,True
HRS,1,intercept_and_slope,0.1,100,100,1.0,20016,8006,33764,3171,2001.0,8372.5,815.5,746.5,0.7567908515955758,0.0777179568050967,-0.0003430282852766,-0.0210615407825428,0.0312855628094936,1.0698749195155406,0.0698749195155407,1.0,1.0,1.0,True
HRS,1,intercept_and_slope,0.2,100,100,1.0,20016,8006,33764,3171,4003.0,16672.5,1636.5,1489.5,0.7567908515955758,0.0777085662605153,-0.000352418829858,-0.0262875326433929,0.0279128293187495,1.0675394908005869,0.0675394908005868,1.0,1.0,1.0,True
HRS,1,intercept_and_slope,0.3,100,100,1.0,20016,8006,33764,3171,6004.0,25095.0,2450.5,2233.0,0.7567908515955758,0.0777066281326937,-0.0003543569576796,-0.0191002376239965,0.0191002376239965,1.0746819005650952,0.0746819005650951,1.0,1.0,1.0,True
HRS,1,intercept_and_slope,0.4,100,100,1.0,20016,8006,33764,3171,8006.0,33489.0,3263.0,2973.5,0.7567908515955758,0.0777040963231464,-0.0003568887672269,-0.016892871996806,0.016892871996806,1.068438367542934,0.0684383675429337,1.0,1.0,1.0,True
HRS,1,intercept_and_slope,0.5,100,100,1.0,20016,8006,33764,3171,10008.0,41796.0,4075.0,3716.5,0.7567908515955758,0.0777025491261678,-0.0003584359642054,-0.0190325294051577,0.0190325294051577,1.0679390503059485,0.0679390503059481,1.0,1.0,1.0,True
HRS,1,intercept_and_slope,0.6,100,100,1.0,20016,8006,33764,3171,12009.0,50174.0,4895.0,4462.0,0.7567908515955758,0.0777024527869868,-0.0003585323033865,-0.0193414521144239,0.0193414521144239,1.0690517101246952,0.0690517101246952,1.0,1.0,1.0,True
HRS,1,intercept_only,0.05,100,100,1.0,20016,8006,33764,3171,1000.0,4167.5,412.5,376.5,0.7567908515955758,0.0777656407097021,-0.0002953443806712,-0.0318892893091709,0.0417857918044498,1.1515534822442637,0.1515534822442634,1.0,1.0,0.99,True
HRS,1,intercept_only,0.1,100,100,1.0,20016,8006,33764,3171,2001.0,8372.5,815.5,746.5,0.7567908515955758,0.0777647174784118,-0.0002962676119615,-0.0237548659458108,0.0306586947748684,1.1515534822442637,0.1515534822442634,1.0,1.0,1.0,True
HRS,1,intercept_only,0.2,100,100,1.0,20016,8006,33764,3171,4003.0,16672.5,1636.5,1489.5,0.7567908515955758,0.0777613341292008,-0.0002996509611725,-0.0280025228523599,0.0288272187104242,1.1515534822442637,0.1515534822442634,1.0,1.0,1.0,True
HRS,1,intercept_only,0.3,100,100,1.0,20016,8006,33764,3171,6004.0,25095.0,2450.5,2233.0,0.7567908515955758,0.0777660345179295,-0.0002949505724437,-0.0207267656981008,0.0207267656981008,1.1515534822442637,0.1515534822442634,1.0,1.0,1.0,True
HRS,1,intercept_only,0.4,100,100,1.0,20016,8006,33764,3171,8006.0,33489.0,3263.0,2973.5,0.7567908515955758,0.0777677127623587,-0.0002932723280146,-0.0184357678246112,0.0184357678246112,1.1515534822442637,0.1515534822442634,1.0,1.0,1.0,True
HRS,1,intercept_only,0.5,100,100,1.0,20016,8006,33764,3171,10008.0,41796.0,4075.0,3716.5,0.7567908515955758,0.0777662891109301,-0.0002946959794432,-0.0203686536938598,0.0203686536938598,1.1515534822442637,0.1515534822442634,1.0,1.0,1.0,True
HRS,1,intercept_only,0.6,100,100,1.0,20016,8006,33764,3171,12009.0,50174.0,4895.0,4462.0,0.7567908515955758,0.0777659088573088,-0.0002950762330645,-0.02090105230056,0.02090105230056,1.1515534822442637,0.1515534822442634,1.0,1.0,1.0,True
HRS,1,none,0.0,1,1,1.0,20016,8006,33764,3171,0.0,0.0,0.0,0.0,0.7567908515955758,0.0780609850903733,0.0,-0.227935973572174,0.227935973572174,1.1515534822442637,0.1515534822442634,0.0,1.0,1.0,False
HRS,2,intercept_and_slope,0.05,100,100,1.0,20016,8006,33353,3209,1000.0,4220.0,407.0,368.0,0.7497160818266566,0.0798138617514997,-0.0003144298043084,-0.0080597973919878,0.0427081398732487,1.017307290056725,0.0502927397900112,1.0,1.0,0.96,True
HRS,2,intercept_and_slope,0.1,100,100,1.0,20016,8006,33353,3209,2001.0,8423.0,810.0,735.0,0.7497160818266566,0.0797827547936341,-0.000345536762174,-0.0106499286971624,0.0274727706052072,1.0101789992302412,0.029498634821484,1.0,1.0,1.0,True
HRS,2,intercept_and_slope,0.2,100,100,1.0,20016,8006,33353,3209,4003.0,16884.5,1620.0,1470.0,0.7497160818266566,0.0797783818725252,-0.0003499096832829,-0.0107543864358645,0.0175982706998598,1.0018754466149211,0.0141098287934939,1.0,1.0,1.0,True
HRS,2,intercept_and_slope,0.3,100,100,1.0,20016,8006,33353,3209,6004.0,25273.5,2427.0,2203.5,0.7497160818266566,0.0797732933396871,-0.000354998216121,-0.0079727875030743,0.0114919156277048,1.010780048532424,0.0149617573224735,1.0,1.0,1.0,True
HRS,2,intercept_and_slope,0.4,100,100,1.0,20016,8006,33353,3209,8006.0,33698.0,3232.5,2933.0,0.7497160818266566,0.0797710295192814,-0.0003572620365267,-0.0073468366926003,0.008644264863203,1.0126693821917718,0.0151567062815644,1.0,1.0,1.0,True
HRS,2,intercept_and_slope,0.5,100,100,1.0,20016,8006,33353,3209,10008.0,42163.0,4052.0,3675.0,0.7497160818266566,0.0797719681699247,-0.0003563233858834,-0.0106978527962073,0.0106978527962073,1.009810532577493,0.0099070519817041,1.0,1.0,1.0,True
HRS,2,intercept_and_slope,0.6,100,100,1.0,20016,8006,33353,3209,12009.0,50585.0,4857.0,4410.0,0.7497160818266566,0.079771174953781,-0.0003571166020271,-0.0090493539552888,0.0090493539552888,1.0098659783369817,0.0098659783369816,1.0,1.0,1.0,True
HRS,2,intercept_only,0.05,100,100,1.0,20016,8006,33353,3209,1000.0,4220.0,407.0,368.0,0.7497160818266566,0.0798093541328273,-0.0003189374229808,-0.0041529239861845,0.0429059765996811,1.1129359973717703,0.1129359973717705,1.0,1.0,1.0,True
HRS,2,intercept_only,0.1,100,100,1.0,20016,8006,33353,3209,2001.0,8423.0,810.0,735.0,0.7497160818266566,0.079798669929312,-0.0003296216264961,-0.0090494174951491,0.0268275230000793,1.1129359973717703,0.1129359973717705,1.0,1.0,1.0,True
HRS,2,intercept_only,0.2,100,100,1.0,20016,8006,33353,3209,4003.0,16884.5,1620.0,1470.0,0.7497160818266566,0.0797975815317288,-0.0003307100240793,-0.0093837907613286,0.0167665701071367,1.1129359973717703,0.1129359973717705,1.0,1.0,1.0,True
HRS,2,intercept_only,0.3,100,100,1.0,20016,8006,33353,3209,6004.0,25273.5,2427.0,2203.5,0.7497160818266566,0.0797992307130929,-0.0003290608427152,-0.0069370849456905,0.0107546453179584,1.1129359973717703,0.1129359973717705,1.0,1.0,1.0,True
HRS,2,intercept_only,0.4,100,100,1.0,20016,8006,33353,3209,8006.0,33698.0,3232.5,2933.0,0.7497160818266566,0.0797998837657941,-0.000328407790014,-0.0059957339458827,0.0086187782465855,1.1129359973717703,0.1129359973717705,1.0,1.0,1.0,True
HRS,2,intercept_only,0.5,100,100,1.0,20016,8006,33353,3209,10008.0,42163.0,4052.0,3675.0,0.7497160818266566,0.0797975634674924,-0.0003307280883157,-0.009411596164542,0.0094653191207087,1.1129359973717703,0.1129359973717705,1.0,1.0,1.0,True
HRS,2,intercept_only,0.6,100,100,1.0,20016,8006,33353,3209,12009.0,50585.0,4857.0,4410.0,0.7497160818266566,0.079798595254722,-0.0003296963010861,-0.0078532342518921,0.0078532342518921,1.1129359973717703,0.1129359973717705,1.0,1.0,1.0,True
HRS,2,none,0.0,1,1,1.0,20016,8006,33353,3209,0.0,0.0,0.0,0.0,0.7497160818266566,0.0801282915558082,0.0,-0.2200458969255974,0.2200458969255974,1.1129359973717703,0.1129359973717705,0.0,1.0,1.0,False
HRS,3,intercept_and_slope,0.05,100,100,1.0,20016,8006,33252,3246,1000.0,4217.0,403.0,365.5,0.7468526268046863,0.0808631135194436,-0.0002448122344274,0.02822215706785,0.0476139361592227,0.9759219541350468,0.0358485021915566,1.0,1.0,0.99,True
HRS,3,intercept_and_slope,0.1,100,100,1.0,20016,8006,33252,3246,2001.0,8428.0,805.5,733.0,0.7468526268046863,0.0808510657629579,-0.0002568599909131,0.0174692281843707,0.0301620709289246,0.977982478526215,0.0346513327036006,1.0,1.0,1.0,True
HRS,3,intercept_and_slope,0.2,100,100,1.0,20016,8006,33252,3246,4003.0,16898.5,1610.5,1467.5,0.7468526268046863,0.080833189176718,-0.000274736577153,0.0272070244615109,0.0276770301451168,0.980682275966089,0.0248700273525387,1.0,1.0,1.0,True
HRS,3,intercept_and_slope,0.3,100,100,1.0,20016,8006,33252,3246,6004.0,25365.0,2410.5,2197.5,0.7468526268046863,0.0808266964034986,-0.0002812293503724,0.0266231387738115,0.0266231387738115,0.9807596654881556,0.0198124257262782,1.0,1.0,1.0,True
HRS,3,intercept_and_slope,0.4,100,100,1.0,20016,8006,33252,3246,8006.0,33785.5,3211.0,2925.0,0.7468526268046863,0.0808260675444656,-0.0002818582094054,0.027602223330694,0.027602223330694,0.9840304675989452,0.0159695324010546,1.0,1.0,1.0,True
HRS,3,intercept_and_slope,0.5,100,100,1.0,20016,8006,33252,3246,10008.0,42258.0,4015.5,3657.0,0.7468526268046863,0.0808242104883972,-0.0002837152654737,0.0273902758954213,0.0273902758954213,0.984432107697916,0.0155678923020839,1.0,1.0,1.0,True
HRS,3,intercept_and_slope,0.6,100,100,1.0,20016,8006,33252,3246,12009.0,50685.0,4820.0,4390.0,0.7468526268046863,0.0808235945198569,-0.0002843312340141,0.0270088605188762,0.0270088605188762,0.983537873423904,0.016462126576096,1.0,1.0,1.0,True
HRS,3,intercept_only,0.05,100,100,1.0,20016,8006,33252,3246,1000.0,4217.0,403.0,365.5,0.7468526268046863,0.0808957542239896,-0.0002121715298813,0.0272643422802,0.0445714778495582,1.0953442629648031,0.0953442629648031,1.0,1.0,0.98,True
HRS,3,intercept_only,0.1,100,100,1.0,20016,8006,33252,3246,2001.0,8428.0,805.5,733.0,0.7468526268046863,0.0808732039700267,-0.0002347217838442,0.0192747621949587,0.0285137638071328,1.0953442629648031,0.0953442629648031,1.0,1.0,1.0,True
HRS,3,intercept_only,0.2,100,100,1.0,20016,8006,33252,3246,4003.0,16898.5,1610.5,1467.5,0.7468526268046863,0.0808819040787975,-0.0002260216750735,0.0263258678662073,0.0263258678662073,1.0953442629648031,0.0953442629648031,1.0,1.0,1.0,True
HRS,3,intercept_only,0.3,100,100,1.0,20016,8006,33252,3246,6004.0,25365.0,2410.5,2197.5,0.7468526268046863,0.0808822280675866,-0.0002256976862844,0.0265764007089792,0.0265764007089792,1.0953442629648031,0.0953442629648031,1.0,1.0,1.0,True
HRS,3,intercept_only,0.4,100,100,1.0,20016,8006,33252,3246,8006.0,33785.5,3211.0,2925.0,0.7468526268046863,0.0808835354867057,-0.0002243902671652,0.0275741162413302,0.0275741162413302,1.0953442629648031,0.0953442629648031,1.0,1.0,1.0,True
HRS,3,intercept_only,0.5,100,100,1.0,20016,8006,33252,3246,10008.0,42258.0,4015.5,3657.0,0.7468526268046863,0.0808829734319152,-0.0002249523219558,0.0271467819648074,0.0271467819648074,1.0953442629648031,0.0953442629648031,1.0,1.0,1.0,True
HRS,3,intercept_only,0.6,100,100,1.0,20016,8006,33252,3246,12009.0,50685.0,4820.0,4390.0,0.7468526268046863,0.0808826112774319,-0.0002253144764391,0.0268703906290517,0.0268703906290517,1.0953442629648031,0.0953442629648031,1.0,1.0,1.0,True
HRS,3,none,0.0,1,1,1.0,20016,8006,33252,3246,0.0,0.0,0.0,0.0,0.7468526268046863,0.081107925753871,0.0,-0.199181459957972,0.199181459957972,1.0953442629648031,0.0953442629648031,1.0,1.0,1.0,False
HRS,4,intercept_and_slope,0.05,100,100,1.0,20016,8006,33479,3196,1000.0,4197.5,408.0,371.5,0.746873165640586,0.079546343792255,-0.0003526034805297,-0.0302241225503904,0.0403251836035039,0.972088308765565,0.0408895055527044,1.0,1.0,0.99,True
HRS,4,intercept_and_slope,0.1,100,100,1.0,20016,8006,33479,3196,2001.0,8411.5,815.0,745.0,0.746873165640586,0.079535180435749,-0.0003637668370356,-0.0282729156363931,0.0355440490291952,0.975635022990628,0.0299743965845483,1.0,1.0,1.0,True
HRS,4,intercept_and_slope,0.2,100,100,1.0,20016,8006,33479,3196,4003.0,16843.0,1630.5,1488.5,0.746873165640586,0.0795231859386843,-0.0003757613341003,-0.0266392479920684,0.0266392479920684,0.9788386090729794,0.0251774918477736,1.0,1.0,1.0,True
HRS,4,intercept_and_slope,0.3,100,100,1.0,20016,8006,33479,3196,6004.0,25208.0,2427.5,2220.0,0.746873165640586,0.079522433017796,-0.0003765142549886,-0.0249011520898461,0.0249011520898461,0.97879423281558,0.02120576718442,1.0,1.0,1.0,True
HRS,4,intercept_and_slope,0.4,100,100,1.0,20016,8006,33479,3196,8006.0,33637.0,3241.5,2963.0,0.746873165640586,0.0795199316957964,-0.0003790155769883,-0.0237516130621915,0.0237516130621915,0.9806951843754595,0.0193048156245404,1.0,1.0,1.0,True
HRS,4,intercept_and_slope,0.5,100,100,1.0,20016,8006,33479,3196,10008.0,42052.0,4060.0,3715.5,0.746873165640586,0.0795225970014737,-0.0003763502713109,-0.0284414938138511,0.0284414938138511,0.9795078891220113,0.0204921108779887,1.0,1.0,1.0,True
HRS,4,intercept_and_slope,0.6,100,100,1.0,20016,8006,33479,3196,12009.0,50459.0,4870.0,4454.0,0.746873165640586,0.0795210089980106,-0.000377938274774,-0.0272628825023073,0.0272628825023073,0.9795816635323956,0.0204183364676044,1.0,1.0,1.0,True
HRS,4,intercept_only,0.05,100,100,1.0,20016,8006,33479,3196,1000.0,4197.5,408.0,371.5,0.746873165640586,0.079509908296364,-0.0003890389764207,-0.0291722601241014,0.0435120758757848,1.092762851836485,0.0927628518364849,1.0,1.0,1.0,True
HRS,4,intercept_only,0.1,100,100,1.0,20016,8006,33479,3196,2001.0,8411.5,815.0,745.0,0.746873165640586,0.0795050135572426,-0.000393933715542,-0.0276295774880167,0.0320304189894977,1.092762851836485,0.0927628518364849,1.0,1.0,1.0,True
HRS,4,intercept_only,0.2,100,100,1.0,20016,8006,33479,3196,4003.0,16843.0,1630.5,1488.5,0.746873165640586,0.079503676274962,-0.0003952709978226,-0.0256135960747956,0.0256135960747956,1.092762851836485,0.0927628518364849,1.0,1.0,1.0,True
HRS,4,intercept_only,0.3,100,100,1.0,20016,8006,33479,3196,6004.0,25208.0,2427.5,2220.0,0.746873165640586,0.0795025378968911,-0.0003964093758935,-0.0232204185843919,0.0232204185843919,1.092762851836485,0.0927628518364849,1.0,1.0,1.0,True
HRS,4,intercept_only,0.4,100,100,1.0,20016,8006,33479,3196,8006.0,33637.0,3241.5,2963.0,0.746873165640586,0.0795027783337825,-0.0003961689390021,-0.021914330537127,0.021914330537127,1.092762851836485,0.0927628518364849,1.0,1.0,1.0,True
HRS,4,intercept_only,0.5,100,100,1.0,20016,8006,33479,3196,10008.0,42052.0,4060.0,3715.5,0.746873165640586,0.0795014971944725,-0.0003974500783121,-0.0265392978199935,0.0265392978199935,1.092762851836485,0.0927628518364849,1.0,1.0,1.0,True
HRS,4,intercept_only,0.6,100,100,1.0,20016,8006,33479,3196,12009.0,50459.0,4870.0,4454.0,0.746873165640586,0.0795017240455375,-0.0003972232272472,-0.0256031266333981,0.0256031266333981,1.092762851836485,0.0927628518364849,1.0,1.0,1.0,True
HRS,4,none,0.0,1,1,1.0,20016,8006,33479,3196,0.0,0.0,0.0,0.0,0.746873165640586,0.0798989472727847,0.0,-0.2307177607998856,0.2307177607998856,1.092762851836485,0.0927628518364849,0.0,1.0,1.0,False
HRS,5,intercept_and_slope,0.05,100,100,1.0,20016,8006,33824,3257,1000.0,4159.0,398.5,364.0,0.7449649932718253,0.0802988692809508,-0.0003401180723161,-0.0219509332800465,0.040515094890756,0.9764222724908712,0.0456520800019006,1.0,1.0,0.97,True
HRS,5,intercept_and_slope,0.1,100,100,1.0,20016,8006,33824,3257,2001.0,8345.5,806.0,733.0,0.7449649932718253,0.080310470587724,-0.0003285167655429,-0.0315377928246541,0.0357690195838689,0.9636469026186822,0.0408004482935339,1.0,1.0,0.99,True
HRS,5,intercept_and_slope,0.2,100,100,1.0,20016,8006,33824,3257,4003.0,16688.0,1604.0,1467.0,0.7449649932718253,0.0802858318877425,-0.0003531554655244,-0.0241563332733151,0.0260142295473173,0.962951440831127,0.0374714390439484,1.0,1.0,1.0,True
HRS,5,intercept_and_slope,0.3,100,100,1.0,20016,8006,33824,3257,6004.0,25038.5,2404.5,2192.0,0.7449649932718253,0.0802870135198555,-0.0003519738334114,-0.0198787243099043,0.022574416784605,0.9671433557155364,0.0328566442844636,1.0,1.0,1.0,True
HRS,5,intercept_and_slope,0.4,100,100,1.0,20016,8006,33824,3257,8006.0,33405.0,3205.0,2924.5,0.7449649932718253,0.0802857493384422,-0.0003532380148247,-0.0231609428039584,0.0231609428039584,0.9660255449340835,0.0339744550659164,1.0,1.0,1.0,True
HRS,5,intercept_and_slope,0.5,100,100,1.0,20016,8006,33824,3257,10008.0,41783.5,4007.0,3658.0,0.7449649932718253,0.0802819412175521,-0.0003570461357148,-0.0215180099278682,0.0215180099278682,0.966406272960036,0.0335937270399638,1.0,1.0,1.0,True
HRS,5,intercept_and_slope,0.6,100,100,1.0,20016,8006,33824,3257,12009.0,50113.5,4809.0,4388.0,0.7449649932718253,0.0802839013455756,-0.0003550860076913,-0.0210787518411794,0.0210787518411794,0.9667787938270658,0.0332212061729341,1.0,1.0,1.0,True
HRS,5,intercept_only,0.05,100,100,1.0,20016,8006,33824,3257,1000.0,4159.0,398.5,364.0,0.7449649932718253,0.0802406576663878,-0.0003983296868791,-0.0203354634708488,0.0391133574227126,1.0845385751314336,0.0845385751314335,1.0,1.0,1.0,True
HRS,5,intercept_only,0.1,100,100,1.0,20016,8006,33824,3257,2001.0,8345.5,806.0,733.0,0.7449649932718253,0.0802360562677724,-0.0004029310854945,-0.027558724220065,0.0337027073110819,1.0845385751314336,0.0845385751314335,1.0,1.0,1.0,True
HRS,5,intercept_only,0.2,100,100,1.0,20016,8006,33824,3257,4003.0,16688.0,1604.0,1467.0,0.7449649932718253,0.0802332792923298,-0.0004057080609371,-0.0202672911680216,0.0241802814878488,1.0845385751314336,0.0845385751314335,1.0,1.0,1.0,True
HRS,5,intercept_only,0.3,100,100,1.0,20016,8006,33824,3257,6004.0,25038.5,2404.5,2192.0,0.7449649932718253,0.0802323252072179,-0.000406662146049,-0.0179703534844261,0.0205901526148175,1.0845385751314336,0.0845385751314335,1.0,1.0,1.0,True
HRS,5,intercept_only,0.4,100,100,1.0,20016,8006,33824,3257,8006.0,33405.0,3205.0,2924.5,0.7449649932718253,0.0802315822086801,-0.0004074051445868,-0.019067503059115,0.019067503059115,1.0845385751314336,0.0845385751314335,1.0,1.0,1.0,True
HRS,5,intercept_only,0.5,100,100,1.0,20016,8006,33824,3257,10008.0,41783.5,4007.0,3658.0,0.7449649932718253,0.0802316731243617,-0.0004073142289052,-0.0183580284106281,0.0183580284106281,1.0845385751314336,0.0845385751314335,1.0,1.0,1.0,True
HRS,5,intercept_only,0.6,100,100,1.0,20016,8006,33824,3257,12009.0,50113.5,4809.0,4388.0,0.7449649932718253,0.0802317722865209,-0.000407215066746,-0.0179807152528634,0.0179807152528634,1.0845385751314336,0.0845385751314335,1.0,1.0,1.0,True
HRS,5,none,0.0,1,1,1.0,20016,8006,33824,3257,0.0,0.0,0.0,0.0,0.7449649932718253,0.080638987353267,0.0,-0.2260204186641316,0.2260204186641316,1.0845385751314336,0.0845385751314335,0.0,1.0,1.0,False
HRS,6,intercept_and_slope,0.05,100,100,1.0,20016,8006,33580,3242,1000.0,4187.0,399.5,366.0,0.7473463688911632,0.0802057499958757,-0.0003108859660811,-0.0101292248815725,0.0363766123738983,1.0084178045327237,0.0497077143838892,1.0,1.0,0.99,True
HRS,6,intercept_and_slope,0.1,100,100,1.0,20016,8006,33580,3242,2001.0,8377.5,806.0,734.5,0.7473463688911632,0.0801808913927281,-0.0003357445692288,-0.0058296094575373,0.0224072764860822,1.0022896307880362,0.0271280143106426,1.0,1.0,1.0,True
HRS,6,intercept_and_slope,0.2,100,100,1.0,20016,8006,33580,3242,4003.0,16764.0,1606.5,1465.0,0.7473463688911632,0.0801774081647984,-0.0003392277971585,-0.0032972172429076,0.0155215360078905,1.0006454874536317,0.0193702776852492,1.0,1.0,1.0,True
HRS,6,intercept_and_slope,0.3,100,100,1.0,20016,8006,33580,3242,6004.0,25219.0,2405.0,2192.5,0.7473463688911632,0.0801748092784813,-0.0003418266834756,-0.0011137019866313,0.0108368970734604,0.994571418606518,0.0122383101343909,1.0,1.0,1.0,True
HRS,6,intercept_and_slope,0.4,100,100,1.0,20016,8006,33580,3242,8006.0,33573.0,3217.0,2933.0,0.7473463688911632,0.0801730872439951,-0.0003435487179617,-0.0047768586178479,0.007807371433149,0.9944243195409734,0.0091390880129086,1.0,1.0,1.0,True
HRS,6,intercept_and_slope,0.5,100,100,1.0,20016,8006,33580,3242,10008.0,41951.0,4019.0,3664.0,0.7473463688911632,0.0801720815297057,-0.0003445544322511,-0.0046635567284297,0.0065070869300432,0.9965509141003092,0.0069327321891891,1.0,1.0,1.0,True
HRS,6,intercept_and_slope,0.6,100,100,1.0,20016,8006,33580,3242,12009.0,50357.5,4824.0,4398.0,0.7473463688911632,0.0801709684214273,-0.0003456675405295,-0.004172595494256,0.004172595494256,0.9976393421798307,0.0023606578201692,1.0,1.0,1.0,True
HRS,6,intercept_only,0.05,100,100,1.0,20016,8006,33580,3242,1000.0,4187.0,399.5,366.0,0.7473463688911632,0.0801954206815822,-0.0003212152803747,-0.0112587968814566,0.0354382794273903,1.1047931991489384,0.1047931991489383,1.0,1.0,0.98,True
HRS,6,intercept_only,0.1,100,100,1.0,20016,8006,33580,3242,2001.0,8377.5,806.0,734.5,0.7473463688911632,0.0801927390357024,-0.0003238969262544,-0.0046647934383285,0.0210864966593937,1.1047931991489384,0.1047931991489383,1.0,1.0,1.0,True
HRS,6,intercept_only,0.2,100,100,1.0,20016,8006,33580,3242,4003.0,16764.0,1606.5,1465.0,0.7473463688911632,0.0801928084643405,-0.0003238274976164,-0.0032664667838954,0.0148336477204803,1.1047931991489384,0.1047931991489383,1.0,1.0,1.0,True
HRS,6,intercept_only,0.3,100,100,1.0,20016,8006,33580,3242,6004.0,25219.0,2405.0,2192.5,0.7473463688911632,0.0801950101765107,-0.0003216257854462,-0.0003494404542977,0.0105668827849918,1.1047931991489384,0.1047931991489383,1.0,1.0,1.0,True
HRS,6,intercept_only,0.4,100,100,1.0,20016,8006,33580,3242,8006.0,33573.0,3217.0,2933.0,0.7473463688911632,0.080192226267688,-0.0003244096942688,-0.004071586816504,0.0075431064865912,1.1047931991489384,0.1047931991489383,1.0,1.0,1.0,True
HRS,6,intercept_only,0.5,100,100,1.0,20016,8006,33580,3242,10008.0,41951.0,4019.0,3664.0,0.7473463688911632,0.0801924329223638,-0.000324203039593,-0.0037834377741622,0.0059368059559258,1.1047931991489384,0.1047931991489383,1.0,1.0,1.0,True
HRS,6,intercept_only,0.6,100,100,1.0,20016,8006,33580,3242,12009.0,50357.5,4824.0,4398.0,0.7473463688911632,0.0801927569986595,-0.0003238789632974,-0.0033349211391171,0.0033349211391171,1.1047931991489384,0.1047931991489383,1.0,1.0,1.0,True
HRS,6,none,0.0,1,1,1.0,20016,8006,33580,3242,0.0,0.0,0.0,0.0,0.7473463688911632,0.0805166359619569,0.0,-0.2173141744503189,0.2173141744503189,1.1047931991489384,0.1047931991489383,0.0,1.0,1.0,False
HRS,7,intercept_and_slope,0.05,100,100,1.0,20016,8006,33572,3256,1000.0,4202.0,401.0,368.0,0.7461589986782954,0.0802887108580313,-0.0002643337340777,0.0174947953006896,0.0449424068531456,0.9814402454998375,0.05521064869924,1.0,1.0,0.95,True
HRS,7,intercept_and_slope,0.1,100,100,1.0,20016,8006,33572,3256,2001.0,8386.0,802.0,732.5,0.7461589986782954,0.0802614759086108,-0.0002915686834982,0.0209687776722213,0.0283518824282553,0.9740084879258912,0.0388771408714615,1.0,1.0,1.0,True
HRS,7,intercept_and_slope,0.2,100,100,1.0,20016,8006,33572,3256,4003.0,16784.0,1603.0,1470.0,0.7461589986782954,0.080252713807767,-0.000300330784342,0.0209145198241053,0.0244879218859584,0.9791914393538274,0.0239879833756301,1.0,1.0,1.0,True
HRS,7,intercept_and_slope,0.3,100,100,1.0,20016,8006,33572,3256,6004.0,25144.5,2402.5,2201.0,0.7461589986782954,0.0802484712560416,-0.0003045733360674,0.0224150867275877,0.0225951382080076,0.9762698459004452,0.0242672835567829,1.0,1.0,1.0,True
HRS,7,intercept_and_slope,0.4,100,100,1.0,20016,8006,33572,3256,8006.0,33571.0,3203.0,2934.0,0.7461589986782954,0.0802451355349193,-0.0003079090571897,0.0208744855840488,0.0208744855840488,0.9772567113797712,0.0227432886202288,1.0,1.0,1.0,True
HRS,7,intercept_and_slope,0.5,100,100,1.0,20016,8006,33572,3256,10008.0,41965.0,4002.5,3668.5,0.7461589986782954,0.0802453925179165,-0.0003076520741925,0.0231573695789114,0.0231573695789114,0.9758176836006732,0.0241823163993269,1.0,1.0,1.0,True
HRS,7,intercept_and_slope,0.6,100,100,1.0,20016,8006,33572,3256,12009.0,50366.0,4810.0,4406.0,0.7461589986782954,0.0802443069569666,-0.0003087376351424,0.0219214262068687,0.0219214262068687,0.9774607372762844,0.0225392627237155,1.0,1.0,1.0,True
HRS,7,intercept_only,0.05,100,100,1.0,20016,8006,33572,3256,1000.0,4202.0,401.0,368.0,0.7461589986782954,0.0803058411565994,-0.0002472034355096,0.0169893553732988,0.0440699402386356,1.0914618044193565,0.0914618044193564,1.0,1.0,0.99,True
HRS,7,intercept_only,0.1,100,100,1.0,20016,8006,33572,3256,2001.0,8386.0,802.0,732.5,0.7461589986782954,0.0803064619190501,-0.0002465826730589,0.0213559699174707,0.0285417485029463,1.0914618044193565,0.0914618044193564,1.0,1.0,1.0,True
HRS,7,intercept_only,0.2,100,100,1.0,20016,8006,33572,3256,4003.0,16784.0,1603.0,1470.0,0.7461589986782954,0.0803068493322266,-0.0002461952598824,0.0216816604565468,0.0237098958845931,1.0914618044193565,0.0914618044193564,1.0,1.0,1.0,True
HRS,7,intercept_only,0.3,100,100,1.0,20016,8006,33572,3256,6004.0,25144.5,2402.5,2201.0,0.7461589986782954,0.0803075784524992,-0.0002454661396098,0.0222942285791742,0.0226073404098422,1.0914618044193565,0.0914618044193564,1.0,1.0,1.0,True
HRS,7,intercept_only,0.4,100,100,1.0,20016,8006,33572,3256,8006.0,33571.0,3203.0,2934.0,0.7461589986782954,0.0803062652513052,-0.0002467793408038,0.021188364126124,0.021188364126124,1.0914618044193565,0.0914618044193564,1.0,1.0,1.0,True
HRS,7,intercept_only,0.5,100,100,1.0,20016,8006,33572,3256,10008.0,41965.0,4002.5,3668.5,0.7461589986782954,0.0803085379447176,-0.0002445066473914,0.0230906368857054,0.0230906368857054,1.0914618044193565,0.0914618044193564,1.0,1.0,1.0,True
HRS,7,intercept_only,0.6,100,100,1.0,20016,8006,33572,3256,12009.0,50366.0,4810.0,4406.0,0.7461589986782954,0.0803070238561337,-0.0002460207359753,0.0218302325865667,0.0218302325865667,1.0914618044193565,0.0914618044193564,1.0,1.0,1.0,True
HRS,7,none,0.0,1,1,1.0,20016,8006,33572,3256,0.0,0.0,0.0,0.0,0.7461589986782954,0.080553044592109,0.0,-0.2022406503439225,0.2022406503439225,1.0914618044193565,0.0914618044193564,0.0,1.0,1.0,False
HRS,8,intercept_and_slope,0.05,100,100,1.0,20016,8006,33679,3144,1000.0,4166.0,410.0,372.0,0.7508342062314509,0.0776339672558162,-0.0004278218386004,-0.0705698024013021,0.0705698024013021,0.9975240077503948,0.035570636057375,0.98,1.0,0.99,True
HRS,8,intercept_and_slope,0.1,100,100,1.0,20016,8006,33679,3144,2001.0,8379.0,824.5,748.0,0.7508342062314509,0.0776226594540701,-0.0004391296403465,-0.0700280422996852,0.0700280422996852,1.0065140130476409,0.0308767721081449,1.0,1.0,1.0,True
HRS,8,intercept_and_slope,0.2,100,100,1.0,20016,8006,33679,3144,4003.0,16756.0,1639.0,1497.0,0.7508342062314509,0.0776112188528093,-0.0004505702416073,-0.0653848358848988,0.0653848358848988,1.0023269496576577,0.0180640372041295,1.0,1.0,1.0,True
HRS,8,intercept_and_slope,0.3,100,100,1.0,20016,8006,33679,3144,6004.0,25141.5,2463.0,2240.5,0.7508342062314509,0.0776076024406707,-0.0004541866537459,-0.062774914554197,0.062774914554197,1.0040316666573257,0.0123203116025347,1.0,1.0,1.0,True
HRS,8,intercept_and_slope,0.4,100,100,1.0,20016,8006,33679,3144,8006.0,33511.5,3281.5,2993.0,0.7508342062314509,0.07760912858296,-0.0004526605114566,-0.0633819158929166,0.0633819158929166,1.005033786177998,0.0102777294115518,1.0,1.0,1.0,True
HRS,8,intercept_and_slope,0.5,100,100,1.0,20016,8006,33679,3144,10008.0,41868.5,4097.5,3736.0,0.7508342062314509,0.0776059609135744,-0.0004558281808422,-0.0625583856360045,0.0625583856360045,1.0057985300799863,0.0074765259322231,1.0,1.0,1.0,True
HRS,8,intercept_and_slope,0.6,100,100,1.0,20016,8006,33679,3144,12009.0,50258.0,4922.0,4486.0,0.7508342062314509,0.077607274650666,-0.0004545144437506,-0.0647244490725567,0.0647244490725567,1.0056327865331385,0.0056327865331385,1.0,1.0,1.0,True
HRS,8,intercept_only,0.05,100,100,1.0,20016,8006,33679,3144,1000.0,4166.0,410.0,372.0,0.7508342062314509,0.0776202593558818,-0.0004415297385348,-0.0687977060959049,0.0687977060959049,1.110392444941741,0.110392444941741,0.98,1.0,1.0,True
HRS,8,intercept_only,0.1,100,100,1.0,20016,8006,33679,3144,2001.0,8379.0,824.5,748.0,0.7508342062314509,0.0776150285952,-0.0004467604992166,-0.0658983111546074,0.0658983111546074,1.110392444941741,0.110392444941741,1.0,1.0,1.0,True
HRS,8,intercept_only,0.2,100,100,1.0,20016,8006,33679,3144,4003.0,16756.0,1639.0,1497.0,0.7508342062314509,0.0776099294977371,-0.0004518595966795,-0.0637107566097936,0.0637107566097936,1.110392444941741,0.110392444941741,1.0,1.0,1.0,True
HRS,8,intercept_only,0.3,100,100,1.0,20016,8006,33679,3144,6004.0,25141.5,2463.0,2240.5,0.7508342062314509,0.0776087648475219,-0.0004530242468947,-0.0603329364920935,0.0603329364920935,1.110392444941741,0.110392444941741,1.0,1.0,1.0,True
HRS,8,intercept_only,0.4,100,100,1.0,20016,8006,33679,3144,8006.0,33511.5,3281.5,2993.0,0.7508342062314509,0.0776084653893663,-0.0004533237050503,-0.0616327968521813,0.0616327968521813,1.110392444941741,0.110392444941741,1.0,1.0,1.0,True
HRS,8,intercept_only,0.5,100,100,1.0,20016,8006,33679,3144,10008.0,41868.5,4097.5,3736.0,0.7508342062314509,0.0776083561813048,-0.0004534329131119,-0.061224268614177,0.061224268614177,1.110392444941741,0.110392444941741,1.0,1.0,1.0,True
HRS,8,intercept_only,0.6,100,100,1.0,20016,8006,33679,3144,12009.0,50258.0,4922.0,4486.0,0.7508342062314509,0.0776088478716007,-0.0004529412228159,-0.0629764933054105,0.0629764933054105,1.110392444941741,0.110392444941741,1.0,1.0,1.0,True
HRS,8,none,0.0,1,1,1.0,20016,8006,33679,3144,0.0,0.0,0.0,0.0,0.7508342062314509,0.0780617890944167,0.0,-0.2533199686098989,0.2533199686098989,1.110392444941741,0.110392444941741,0.0,1.0,1.0,False
HRS,9,intercept_and_slope,0.05,100,100,1.0,20016,8006,33240,3254,1000.0,4221.0,397.5,362.0,0.744965515765583,0.0811961527227881,-0.0002558923126266,0.0202220668441479,0.035777500778441,0.9784913738662596,0.0519961279933158,0.99,1.0,0.95,True
HRS,9,intercept_and_slope,0.1,100,100,1.0,20016,8006,33240,3254,2001.0,8448.5,800.5,731.0,0.744965515765583,0.0811809580125385,-0.0002710870228761,0.026905071123379,0.0290336947080458,0.9715010323637938,0.0344653642543858,1.0,1.0,1.0,True
HRS,9,intercept_and_slope,0.2,100,100,1.0,20016,8006,33240,3254,4003.0,16886.5,1593.5,1456.0,0.744965515765583,0.0811747934704981,-0.0002772515649166,0.0275888157492501,0.0290623212992934,0.9676458361081348,0.033065719944998,1.0,1.0,1.0,True
HRS,9,intercept_and_slope,0.3,100,100,1.0,20016,8006,33240,3254,6004.0,25341.5,2412.5,2196.0,0.744965515765583,0.0811585570242635,-0.0002934880111511,0.0176362910377129,0.0182943674535571,0.975600681462056,0.0247242334079738,1.0,1.0,1.0,True
HRS,9,intercept_and_slope,0.4,100,100,1.0,20016,8006,33240,3254,8006.0,33809.0,3211.5,2926.5,0.744965515765583,0.0811638069057289,-0.0002882381296857,0.0221853195191825,0.0221853195191825,0.9722958808868712,0.0277041191131288,1.0,1.0,1.0,True
HRS,9,intercept_and_slope,0.5,100,100,1.0,20016,8006,33240,3254,10008.0,42259.5,4012.0,3658.5,0.744965515765583,0.0811598872312323,-0.0002921578041823,0.0240514965718105,0.0240514965718105,0.9733257782225452,0.0266742217774549,1.0,1.0,1.0,True
HRS,9,intercept_and_slope,0.6,100,100,1.0,20016,8006,33240,3254,12009.0,50698.0,4812.0,4389.0,0.744965515765583,0.0811585746477029,-0.0002934703877117,0.0223721331150085,0.0223721331150085,0.9744614099879544,0.0255385900120454,1.0,1.0,1.0,True
HRS,9,intercept_only,0.05,100,100,1.0,20016,8006,33240,3254,1000.0,4221.0,397.5,362.0,0.744965515765583,0.0811818752525108,-0.0002701697829039,0.0216286396888468,0.034747533098789,1.089310506962952,0.089310506962952,0.99,1.0,0.98,True
HRS,9,intercept_only,0.1,100,100,1.0,20016,8006,33240,3254,2001.0,8448.5,800.5,731.0,0.744965515765583,0.0811888211178899,-0.0002632239175248,0.0277199806752979,0.0303192024215943,1.089310506962952,0.089310506962952,1.0,1.0,1.0,True
HRS,9,intercept_only,0.2,100,100,1.0,20016,8006,33240,3254,4003.0,16886.5,1593.5,1456.0,0.744965515765583,0.0811905899978515,-0.0002614550375632,0.029179985138042,0.0294664751763336,1.089310506962952,0.089310506962952,1.0,1.0,1.0,True
HRS,9,intercept_only,0.3,100,100,1.0,20016,8006,33240,3254,6004.0,25341.5,2412.5,2196.0,0.744965515765583,0.0811795482490732,-0.0002724967863415,0.0194453022272876,0.0194453022272876,1.089310506962952,0.089310506962952,1.0,1.0,1.0,True
HRS,9,intercept_only,0.4,100,100,1.0,20016,8006,33240,3254,8006.0,33809.0,3211.5,2926.5,0.744965515765583,0.0811842964133721,-0.0002677486220426,0.0238192185709753,0.0238192185709753,1.089310506962952,0.089310506962952,1.0,1.0,1.0,True
HRS,9,intercept_only,0.5,100,100,1.0,20016,8006,33240,3254,10008.0,42259.5,4012.0,3658.5,0.744965515765583,0.081186413871249,-0.0002656311641656,0.0256738204286618,0.0256738204286618,1.089310506962952,0.089310506962952,1.0,1.0,1.0,True
HRS,9,intercept_only,0.6,100,100,1.0,20016,8006,33240,3254,12009.0,50698.0,4812.0,4389.0,0.744965515765583,0.081184352887249,-0.0002676921481657,0.0238694519725251,0.0238694519725251,1.089310506962952,0.089310506962952,1.0,1.0,1.0,True
HRS,9,none,0.0,1,1,1.0,20016,8006,33240,3254,0.0,0.0,0.0,0.0,0.744965515765583,0.0814520450354147,0.0,-0.2009977545209263,0.2009977545209263,1.089310506962952,0.089310506962952,0.0,1.0,1.0,False
HRS,10,intercept_and_slope,0.05,100,100,1.0,20016,8006,33165,3239,1000.0,4224.5,397.0,364.5,0.7491235971854997,0.0807827102051953,-0.0001777839615702,0.0574960519793511,0.0626507859501936,1.0232312487456594,0.0433632652028088,1.0,1.0,0.95,True
HRS,10,intercept_and_slope,0.1,100,100,1.0,20016,8006,33165,3239,2001.0,8463.5,801.0,730.5,0.7491235971854997,0.0807515920526985,-0.000208902114067,0.0500595310167795,0.0500595310167795,1.021248173282738,0.0352423246231216,1.0,1.0,1.0,True
HRS,10,intercept_and_slope,0.2,100,100,1.0,20016,8006,33165,3239,4003.0,16948.5,1614.0,1473.0,0.7491235971854997,0.0807332937278914,-0.000227200438874,0.0398390078825118,0.0398390078825118,1.0219825754935377,0.0286872380501747,1.0,1.0,1.0,True
HRS,10,intercept_and_slope,0.3,100,100,1.0,20016,8006,33165,3239,6004.0,25380.5,2411.5,2203.5,0.7491235971854997,0.0807370565206662,-0.0002234376460993,0.0442227547814858,0.0442227547814858,1.0224787496494965,0.0227423937963603,1.0,1.0,1.0,True
HRS,10,intercept_and_slope,0.4,100,100,1.0,20016,8006,33165,3239,8006.0,33844.5,3216.0,2942.0,0.7491235971854997,0.0807348679072319,-0.0002256262595336,0.0435394463176096,0.0435394463176096,1.020440379759455,0.0214157417473521,1.0,1.0,1.0,True
HRS,10,intercept_and_slope,0.5,100,100,1.0,20016,8006,33165,3239,10008.0,42308.5,4021.0,3676.0,0.7491235971854997,0.0807338928189962,-0.0002266013477692,0.044049263393193,0.044049263393193,1.0229381997579383,0.0229381997579383,1.0,1.0,1.0,True
HRS,10,intercept_and_slope,0.6,100,100,1.0,20016,8006,33165,3239,12009.0,50771.0,4827.0,4414.0,0.7491235971854997,0.080732846734357,-0.0002276474324084,0.0441801697772679,0.0441801697772679,1.0214499352114266,0.0214499352114266,1.0,1.0,1.0,True
HRS,10,intercept_only,0.05,100,100,1.0,20016,8006,33165,3239,1000.0,4224.5,397.0,364.5,0.7491235971854997,0.0808488166425098,-0.0001116775242557,0.0587171601318992,0.0608865918146002,1.1209319508202005,0.1209319508202004,1.0,1.0,0.87,True
HRS,10,intercept_only,0.1,100,100,1.0,20016,8006,33165,3239,2001.0,8463.5,801.0,730.5,0.7491235971854997,0.080828349597839,-0.0001321445689265,0.0478120565168318,0.0483557138360016,1.1209319508202005,0.1209319508202004,1.0,1.0,0.95,True
HRS,10,intercept_only,0.2,100,100,1.0,20016,8006,33165,3239,4003.0,16948.5,1614.0,1473.0,0.7491235971854997,0.0808125167428828,-0.0001479774238826,0.0385317492593356,0.0385317492593356,1.1209319508202005,0.1209319508202004,1.0,1.0,0.99,True
HRS,10,intercept_only,0.3,100,100,1.0,20016,8006,33165,3239,6004.0,25380.5,2411.5,2203.5,0.7491235971854997,0.0808187637757355,-0.0001417303910299,0.0422974748183393,0.0422974748183393,1.1209319508202005,0.1209319508202004,1.0,1.0,1.0,True
HRS,10,intercept_only,0.4,100,100,1.0,20016,8006,33165,3239,8006.0,33844.5,3216.0,2942.0,0.7491235971854997,0.0808173378796185,-0.0001431562871469,0.0414505998034362,0.0414505998034362,1.1209319508202005,0.1209319508202004,1.0,1.0,1.0,True
HRS,10,intercept_only,0.5,100,100,1.0,20016,8006,33165,3239,10008.0,42308.5,4021.0,3676.0,0.7491235971854997,0.0808181689034044,-0.0001423252633611,0.0419451459534286,0.0419451459534286,1.1209319508202005,0.1209319508202004,1.0,1.0,1.0,True
HRS,10,intercept_only,0.6,100,100,1.0,20016,8006,33165,3239,12009.0,50771.0,4827.0,4414.0,0.7491235971854997,0.080818509128746,-0.0001419850380195,0.0421468445006079,0.0421468445006079,1.1209319508202005,0.1209319508202004,1.0,1.0,1.0,True
HRS,10,none,0.0,1,1,1.0,20016,8006,33165,3239,0.0,0.0,0.0,0.0,0.7491235971854997,0.0809604941667655,0.0,-0.1899191041359079,0.1899191041359079,1.1209319508202005,0.1209319508202004,1.0,1.0,1.0,False
HRS,11,intercept_and_slope,0.05,100,100,1.0,20016,8006,33168,3196,1000.0,4222.5,404.0,366.5,0.748368523178997,0.0801630294016003,-0.0002912451331296,-0.0038810559184993,0.0300120242595647,0.983911458898186,0.0372363187660899,1.0,1.0,0.95,True
HRS,11,intercept_and_slope,0.1,100,100,1.0,20016,8006,33168,3196,2001.0,8431.5,814.0,739.5,0.748368523178997,0.0801631218406276,-0.0002911526941023,0.0012077683470501,0.021155268378037,0.968000001558488,0.038259303407669,1.0,1.0,1.0,True
HRS,11,intercept_and_slope,0.2,100,100,1.0,20016,8006,33168,3196,4003.0,16946.0,1629.5,1471.5,0.748368523178997,0.080147961675772,-0.0003063128589579,0.0002059670558236,0.0171123570593127,0.9838727231275376,0.0208658703179144,1.0,1.0,1.0,True
HRS,11,intercept_and_slope,0.3,100,100,1.0,20016,8006,33168,3196,6004.0,25416.5,2434.0,2205.0,0.748368523178997,0.0801475577988548,-0.0003067167358751,-0.0008518341830909,0.0107186902601808,0.9773839893234836,0.0237140639081153,1.0,1.0,1.0,True
HRS,11,intercept_and_slope,0.4,100,100,1.0,20016,8006,33168,3196,8006.0,33873.5,3251.5,2950.0,0.748368523178997,0.0801433655744305,-0.0003109089602994,0.0003890780617778,0.0084110750172869,0.9809185540180636,0.0190814459819365,1.0,1.0,1.0,True
HRS,11,intercept_and_slope,0.5,100,100,1.0,20016,8006,33168,3196,10008.0,42286.0,4053.0,3682.0,0.748368523178997,0.0801409768216345,-0.0003132977130954,-0.0003624954713256,0.0058958624861543,0.9822189748277268,0.017781025172273,1.0,1.0,1.0,True
HRS,11,intercept_and_slope,0.6,100,100,1.0,20016,8006,33168,3196,12009.0,50769.0,4870.0,4423.0,0.748368523178997,0.0801401464832566,-0.0003141280514733,9.693847734546792e-05,0.0001103402430968,0.9818489666695632,0.0181510333304368,1.0,1.0,1.0,True
HRS,11,intercept_only,0.05,100,100,1.0,20016,8006,33168,3196,1000.0,4222.5,404.0,366.5,0.748368523178997,0.0801271615502586,-0.0003271129844713,-0.0011392283511362,0.0289092882276838,1.094261789676522,0.0942617896765221,1.0,1.0,1.0,True
HRS,11,intercept_only,0.1,100,100,1.0,20016,8006,33168,3196,2001.0,8431.5,814.0,739.5,0.748368523178997,0.0801257752348565,-0.0003284992998734,0.0019891014302906,0.0203311869972902,1.094261789676522,0.0942617896765221,1.0,1.0,1.0,True
HRS,11,intercept_only,0.2,100,100,1.0,20016,8006,33168,3196,4003.0,16946.0,1629.5,1471.5,0.748368523178997,0.0801249853491281,-0.0003292891856018,0.0009988810231853,0.0167571215233902,1.094261789676522,0.0942617896765221,1.0,1.0,1.0,True
HRS,11,intercept_only,0.3,100,100,1.0,20016,8006,33168,3196,6004.0,25416.5,2434.0,2205.0,0.748368523178997,0.080123680893557,-0.0003305936411729,-0.0008721196805473,0.0096745241725172,1.094261789676522,0.0942617896765221,1.0,1.0,1.0,True
HRS,11,intercept_only,0.4,100,100,1.0,20016,8006,33168,3196,8006.0,33873.5,3251.5,2950.0,0.748368523178997,0.0801250554363841,-0.0003292190983458,0.0011078573944551,0.008100610954262,1.094261789676522,0.0942617896765221,1.0,1.0,1.0,True
HRS,11,intercept_only,0.5,100,100,1.0,20016,8006,33168,3196,10008.0,42286.0,4053.0,3682.0,0.748368523178997,0.0801246377159916,-0.0003296368187383,0.0005172850869411,0.0057295822225804,1.094261789676522,0.0942617896765221,1.0,1.0,1.0,True
HRS,11,intercept_only,0.6,100,100,1.0,20016,8006,33168,3196,12009.0,50769.0,4870.0,4423.0,0.748368523178997,0.0801248480735672,-0.0003294264611626,0.0008162267036325,0.0008162267036325,1.094261789676522,0.0942617896765221,1.0,1.0,1.0,True
HRS,11,none,0.0,1,1,1.0,20016,8006,33168,3196,0.0,0.0,0.0,0.0,0.748368523178997,0.0804542745347299,0.0,-0.2148281741298163,0.2148281741298163,1.094261789676522,0.0942617896765221,0.0,1.0,1.0,False
HRS,12,intercept_and_slope,0.05,100,100,1.0,20016,8006,33617,3225,1000.0,4207.0,402.0,367.0,0.7504228009818985,0.0795785313236564,-0.0002409373665461,0.0239362832429364,0.0497136923200981,1.040602044742963,0.0476000961192404,0.99,1.0,0.97,True
HRS,12,intercept_and_slope,0.1,100,100,1.0,20016,8006,33617,3225,2001.0,8386.0,804.5,738.0,0.7504228009818985,0.079559060895163,-0.0002604077950395,0.0203072396408853,0.0332965273537615,1.0379089427668058,0.0448027061362128,1.0,1.0,1.0,True
HRS,12,intercept_and_slope,0.2,100,100,1.0,20016,8006,33617,3225,4003.0,16785.0,1616.5,1475.0,0.7504228009818985,0.0795430391768726,-0.0002764295133299,0.0158558659633862,0.0183251551037842,1.0342466802007966,0.0355574904188072,1.0,1.0,1.0,True
HRS,12,intercept_and_slope,0.3,100,100,1.0,20016,8006,33617,3225,6004.0,25157.5,2414.0,2203.5,0.7504228009818985,0.0795454334510919,-0.0002740352391106,0.0221555857462755,0.0221555857462755,1.0403358861623886,0.0403358861623885,1.0,1.0,1.0,True
HRS,12,intercept_and_slope,0.4,100,100,1.0,20016,8006,33617,3225,8006.0,33574.0,3224.5,2938.0,0.7504228009818985,0.0795412564707008,-0.0002782122195017,0.0225118197641654,0.0225118197641654,1.038492927868609,0.038492927868609,1.0,1.0,1.0,True
HRS,12,intercept_and_slope,0.5,100,100,1.0,20016,8006,33617,3225,10008.0,41925.5,4030.0,3677.0,0.7504228009818985,0.0795400495517411,-0.0002794191384614,0.0214106486953491,0.0214106486953491,1.0399006985119916,0.0399006985119917,1.0,1.0,1.0,True
HRS,12,intercept_and_slope,0.6,100,100,1.0,20016,8006,33617,3225,12009.0,50321.0,4841.0,4415.0,0.7504228009818985,0.0795391003761414,-0.0002803683140611,0.0202527542855546,0.0202527542855546,1.0378621163487944,0.0378621163487944,1.0,1.0,1.0,True
HRS,12,intercept_only,0.05,100,100,1.0,20016,8006,33617,3225,1000.0,4207.0,402.0,367.0,0.7504228009818985,0.079609246047308,-0.0002102226428945,0.0201746691942569,0.0466376012385138,1.1316099032738354,0.1316099032738353,0.99,1.0,0.96,True
HRS,12,intercept_only,0.1,100,100,1.0,20016,8006,33617,3225,2001.0,8386.0,804.5,738.0,0.7504228009818985,0.0796020880531751,-0.0002173806370274,0.0178022160529102,0.0336943839439564,1.1316099032738354,0.1316099032738353,1.0,1.0,1.0,True
HRS,12,intercept_only,0.2,100,100,1.0,20016,8006,33617,3225,4003.0,16785.0,1616.5,1475.0,0.7504228009818985,0.0795967045030938,-0.0002227641871087,0.0133610400769211,0.0169493919037439,1.1316099032738354,0.1316099032738353,1.0,1.0,1.0,True
HRS,12,intercept_only,0.3,100,100,1.0,20016,8006,33617,3225,6004.0,25157.5,2414.0,2203.5,0.7504228009818985,0.0796054171773703,-0.0002140515128322,0.0204161060354017,0.0204161060354017,1.1316099032738354,0.1316099032738353,1.0,1.0,1.0,True
HRS,12,intercept_only,0.4,100,100,1.0,20016,8006,33617,3225,8006.0,33574.0,3224.5,2938.0,0.7504228009818985,0.0796052498567462,-0.0002142188334563,0.0202866841139492,0.0202866841139492,1.1316099032738354,0.1316099032738353,1.0,1.0,1.0,True
HRS,12,intercept_only,0.5,100,100,1.0,20016,8006,33617,3225,10008.0,41925.5,4030.0,3677.0,0.7504228009818985,0.0796036277760475,-0.000215840914155,0.0190226594427423,0.0190226594427423,1.1316099032738354,0.1316099032738353,1.0,1.0,1.0,True
HRS,12,intercept_only,0.6,100,100,1.0,20016,8006,33617,3225,12009.0,50321.0,4841.0,4415.0,0.7504228009818985,0.0796021484528785,-0.000217320237324,0.0178505379473704,0.0178505379473704,1.1316099032738354,0.1316099032738353,1.0,1.0,1.0,True
HRS,12,none,0.0,1,1,1.0,20016,8006,33617,3225,0.0,0.0,0.0,0.0,0.7504228009818985,0.0798194686902026,0.0,-0.2045922114090347,0.2045922114090347,1.1316099032738354,0.1316099032738353,0.0,1.0,1.0,False
HRS,13,intercept_and_slope,0.05,100,100,1.0,20016,8006,33505,3193,1000.0,4217.5,405.0,367.0,0.7469350697624133,0.0794193777300716,-0.0003144705019975,-0.0055622685891416,0.0414839547987074,0.9646199856312256,0.0482403896181162,1.0,1.0,0.99,True
HRS,13,intercept_and_slope,0.1,100,100,1.0,20016,8006,33505,3193,2001.0,8407.5,815.0,739.0,0.7469350697624133,0.0793876761125165,-0.0003461721195525,-0.0197692608694102,0.0269229772367385,0.9745146041442392,0.0345134549632501,1.0,1.0,1.0,True
HRS,13,intercept_and_slope,0.2,100,100,1.0,20016,8006,33505,3193,4003.0,16826.0,1626.5,1478.0,0.7469350697624133,0.0793781451910792,-0.0003557030409899,-0.0149038784126182,0.0205603222889311,0.9784561411298895,0.0256987007053684,1.0,1.0,1.0,True
HRS,13,intercept_and_slope,0.3,100,100,1.0,20016,8006,33505,3193,6004.0,25194.5,2439.0,2215.0,0.7469350697624133,0.0793809449072715,-0.0003529033247976,-0.0124109960185217,0.0132015062461909,0.9711542730599204,0.0288457269400795,1.0,1.0,1.0,True
HRS,13,intercept_and_slope,0.4,100,100,1.0,20016,8006,33505,3193,8006.0,33629.0,3249.0,2943.5,0.7469350697624133,0.0793775862002206,-0.0003562620318485,-0.0098024553226885,0.0105914877678925,0.9761624593047656,0.0238375406952344,1.0,1.0,1.0,True
HRS,13,intercept_and_slope,0.5,100,100,1.0,20016,8006,33505,3193,10008.0,42016.5,4055.0,3682.5,0.7469350697624133,0.0793778246201932,-0.0003560236118759,-0.0112821908826422,0.0112821908826422,0.9761692626196768,0.0238307373803232,1.0,1.0,1.0,True
HRS,13,intercept_and_slope,0.6,100,100,1.0,20016,8006,33505,3193,12009.0,50433.0,4873.0,4422.0,0.7469350697624133,0.0793773276012932,-0.0003565206307759,-0.0117888965966529,0.0117888965966529,0.9752019697793796,0.0247980302206202,1.0,1.0,1.0,True
HRS,13,intercept_only,0.05,100,100,1.0,20016,8006,33505,3193,1000.0,4217.5,405.0,367.0,0.7469350697624133,0.0793786364181949,-0.0003552118138742,-0.0035715305673692,0.0391200027842789,1.0896662683316,0.0896662683315998,1.0,1.0,1.0,True
HRS,13,intercept_only,0.1,100,100,1.0,20016,8006,33505,3193,2001.0,8407.5,815.0,739.0,0.7469350697624133,0.0793716071862024,-0.0003622410458666,-0.0198846362118381,0.0257361400420405,1.0896662683316,0.0896662683315998,1.0,1.0,1.0,True
HRS,13,intercept_only,0.2,100,100,1.0,20016,8006,33505,3193,4003.0,16826.0,1626.5,1478.0,0.7469350697624133,0.0793695216272827,-0.0003643266047863,-0.0143197501789232,0.0211202479096203,1.0896662683316,0.0896662683315998,1.0,1.0,1.0,True
HRS,13,intercept_only,0.3,100,100,1.0,20016,8006,33505,3193,6004.0,25194.5,2439.0,2215.0,0.7469350697624133,0.0793696263389425,-0.0003642218931266,-0.0131618033231673,0.0135498197527603,1.0896662683316,0.0896662683315998,1.0,1.0,1.0,True
HRS,13,intercept_only,0.4,100,100,1.0,20016,8006,33505,3193,8006.0,33629.0,3249.0,2943.5,0.7469350697624133,0.0793710035468188,-0.0003628446852502,-0.0102753418766513,0.0108206732516295,1.0896662683316,0.0896662683315998,1.0,1.0,1.0,True
HRS,13,intercept_only,0.5,100,100,1.0,20016,8006,33505,3193,10008.0,42016.5,4055.0,3682.5,0.7469350697624133,0.0793706032802554,-0.0003632449518137,-0.0110824611584297,0.0110824611584297,1.0896662683316,0.0896662683315998,1.0,1.0,1.0,True
HRS,13,intercept_only,0.6,100,100,1.0,20016,8006,33505,3193,12009.0,50433.0,4873.0,4422.0,0.7469350697624133,0.0793702097162382,-0.0003636385158308,-0.0118995886559237,0.0118995886559237,1.0896662683316,0.0896662683315998,1.0,1.0,1.0,True
HRS,13,none,0.0,1,1,1.0,20016,8006,33505,3193,0.0,0.0,0.0,0.0,0.7469350697624133,0.0797338482320691,0.0,-0.2224917555674291,0.2224917555674291,1.0896662683316,0.0896662683315998,0.0,1.0,1.0,False
HRS,14,intercept_and_slope,0.05,100,100,1.0,20016,8006,33625,3246,1000.0,4193.0,398.5,363.0,0.7517958785089183,0.080085874590305,-0.0002215660944874,0.029455078761681,0.0380869039137514,1.0067611768860574,0.0459954446780913,1.0,1.0,0.98,True
HRS,14,intercept_and_slope,0.1,100,100,1.0,20016,8006,33625,3246,2001.0,8362.5,805.5,735.0,0.7517958785089183,0.0800607320397933,-0.000246708644999,0.0218149595851649,0.0291491276873975,1.0029511990947355,0.027697295457054,1.0,1.0,1.0,True
HRS,14,intercept_and_slope,0.2,100,100,1.0,20016,8006,33625,3246,4003.0,16794.0,1606.5,1463.0,0.7517958785089183,0.0800545687163435,-0.0002528719684488,0.0249450152176167,0.0254184029100822,1.0043223157365944,0.0170010368182143,1.0,1.0,1.0,True
HRS,14,intercept_and_slope,0.3,100,100,1.0,20016,8006,33625,3246,6004.0,25129.5,2408.0,2198.5,0.7517958785089183,0.0800490084370258,-0.0002584322477665,0.0215758973877868,0.0215758973877868,1.0067444872935607,0.0131637117505539,1.0,1.0,1.0,True
HRS,14,intercept_and_slope,0.4,100,100,1.0,20016,8006,33625,3246,8006.0,33513.0,3215.0,2932.0,0.7517958785089183,0.0800473228978827,-0.0002601177869096,0.0242643485505761,0.0242643485505761,1.0064781779823488,0.0112649083778542,1.0,1.0,1.0,True
HRS,14,intercept_and_slope,0.5,100,100,1.0,20016,8006,33625,3246,10008.0,41958.0,4014.0,3659.0,0.7517958785089183,0.0800466343964051,-0.0002608062883872,0.0253429169436553,0.0253429169436553,1.006544270676024,0.0076728322341961,1.0,1.0,1.0,True
HRS,14,intercept_and_slope,0.6,100,100,1.0,20016,8006,33625,3246,12009.0,50312.0,4820.0,4396.0,0.7517958785089183,0.0800449263966927,-0.0002625142880996,0.0243197199346837,0.0243197199346837,1.0060013076910674,0.0060013076910674,1.0,1.0,1.0,True
HRS,14,intercept_only,0.05,100,100,1.0,20016,8006,33625,3246,1000.0,4193.0,398.5,363.0,0.7517958785089183,0.0800838115316465,-0.0002236291531458,0.0264722944066043,0.0376316828420746,1.1103763386297734,0.1103763386297733,1.0,1.0,0.97,True
HRS,14,intercept_only,0.1,100,100,1.0,20016,8006,33625,3246,2001.0,8362.5,805.5,735.0,0.7517958785089183,0.0800765432292504,-0.0002308974555419,0.0206413626746787,0.0285060735451952,1.1103763386297734,0.1103763386297733,1.0,1.0,1.0,True
HRS,14,intercept_only,0.2,100,100,1.0,20016,8006,33625,3246,4003.0,16794.0,1606.5,1463.0,0.7517958785089183,0.0800807843635281,-0.0002266563212642,0.0241017875510249,0.0243276507457781,1.1103763386297734,0.1103763386297733,1.0,1.0,1.0,True
HRS,14,intercept_only,0.3,100,100,1.0,20016,8006,33625,3246,6004.0,25129.5,2408.0,2198.5,0.7517958785089183,0.0800765257389656,-0.0002309149458267,0.0206284756098098,0.0206446688070252,1.1103763386297734,0.1103763386297733,1.0,1.0,1.0,True
HRS,14,intercept_only,0.4,100,100,1.0,20016,8006,33625,3246,8006.0,33513.0,3215.0,2932.0,0.7517958785089183,0.0800794532334583,-0.0002279874513341,0.0230340730203233,0.0230340730203233,1.1103763386297734,0.1103763386297733,1.0,1.0,1.0,True
HRS,14,intercept_only,0.5,100,100,1.0,20016,8006,33625,3246,10008.0,41958.0,4014.0,3659.0,0.7517958785089183,0.080080513181187,-0.0002269275036053,0.0238857080981553,0.0238857080981553,1.1103763386297734,0.1103763386297733,1.0,1.0,1.0,True
HRS,14,intercept_only,0.6,100,100,1.0,20016,8006,33625,3246,12009.0,50312.0,4820.0,4396.0,0.7517958785089183,0.0800794971624728,-0.0002279435223195,0.0230699582789621,0.0230699582789621,1.1103763386297734,0.1103763386297733,1.0,1.0,1.0,True
HRS,14,none,0.0,1,1,1.0,20016,8006,33625,3246,0.0,0.0,0.0,0.0,0.7517958785089183,0.0803074406847924,0.0,-0.2014761236949588,0.2014761236949588,1.1103763386297734,0.1103763386297733,0.0,1.0,1.0,False
HRS,15,intercept_and_slope,0.05,100,100,1.0,20016,8006,33615,3271,1000.0,4175.5,400.5,363.5,0.7470739827255843,0.0807287738473864,-0.000263749788966,0.0112896796711378,0.0445420991316688,0.9865751590637426,0.0426765530055436,1.0,1.0,0.99,True
HRS,15,intercept_and_slope,0.1,100,100,1.0,20016,8006,33615,3271,2001.0,8373.5,799.0,727.5,0.7470739827255843,0.0807087215289776,-0.0002838021073749,0.0078937746698483,0.028916083005599,0.981861092701266,0.0410079697073116,1.0,1.0,1.0,True
HRS,15,intercept_and_slope,0.2,100,100,1.0,20016,8006,33615,3271,4003.0,16764.5,1600.0,1454.5,0.7470739827255843,0.0806869244537815,-0.0003055991825709,0.0117644444238983,0.0163566237900294,0.9931108381321824,0.0189023124873151,1.0,1.0,1.0,True
HRS,15,intercept_and_slope,0.3,100,100,1.0,20016,8006,33615,3271,6004.0,25155.0,2397.0,2182.0,0.7470739827255843,0.0806838160512991,-0.0003087075850534,0.013013927560275,0.0152058454884527,0.9895057773041012,0.0132502109818859,1.0,1.0,1.0,True
HRS,15,intercept_and_slope,0.4,100,100,1.0,20016,8006,33615,3271,8006.0,33551.5,3203.0,2919.5,0.7470739827255843,0.0806829432231504,-0.000309580413202,0.0112983131521735,0.0116969825657467,0.9890716863204864,0.0125592187247318,1.0,1.0,1.0,True
HRS,15,intercept_and_slope,0.5,100,100,1.0,20016,8006,33615,3271,10008.0,41937.5,4001.0,3644.0,0.7470739827255843,0.0806826432198334,-0.0003098804165191,0.0107698722826998,0.0107698722826998,0.9861118223690584,0.0138881776309416,1.0,1.0,1.0,True
HRS,15,intercept_and_slope,0.6,100,100,1.0,20016,8006,33615,3271,12009.0,50323.0,4795.0,4371.0,0.7470739827255843,0.0806821735071158,-0.0003103501292366,0.0120892783455113,0.0120892783455113,0.987180491499358,0.0128195085006418,1.0,1.0,1.0,True
HRS,15,intercept_only,0.05,100,100,1.0,20016,8006,33615,3271,1000.0,4175.5,400.5,363.5,0.7470739827255843,0.0807103645650909,-0.0002821590712616,0.0106050570841723,0.043197323000098,1.097836641457523,0.0978366414575229,1.0,1.0,0.99,True
HRS,15,intercept_only,0.1,100,100,1.0,20016,8006,33615,3271,2001.0,8373.5,799.0,727.5,0.7470739827255843,0.0807079575910235,-0.0002845660453289,0.0094994466863878,0.0255977778948481,1.097836641457523,0.0978366414575229,1.0,1.0,1.0,True
HRS,15,intercept_only,0.2,100,100,1.0,20016,8006,33615,3271,4003.0,16764.5,1600.0,1454.5,0.7470739827255843,0.0807114809512561,-0.0002810426850964,0.0133152937801979,0.01745259758513,1.097836641457523,0.0978366414575229,1.0,1.0,1.0,True
HRS,15,intercept_only,0.3,100,100,1.0,20016,8006,33615,3271,6004.0,25155.0,2397.0,2182.0,0.7470739827255843,0.0807112393767408,-0.0002812842596117,0.01307895381018,0.0156141092463766,1.097836641457523,0.0978366414575229,1.0,1.0,1.0,True
HRS,15,intercept_only,0.4,100,100,1.0,20016,8006,33615,3271,8006.0,33551.5,3203.0,2919.5,0.7470739827255843,0.0807104186093285,-0.000282105027024,0.0122581369133903,0.0124005836212609,1.097836641457523,0.0978366414575229,1.0,1.0,1.0,True
HRS,15,intercept_only,0.5,100,100,1.0,20016,8006,33615,3271,10008.0,41937.5,4001.0,3644.0,0.7470739827255843,0.0807097877508352,-0.0002827358855173,0.0116179517601523,0.0116179517601523,1.097836641457523,0.0978366414575229,1.0,1.0,1.0,True
HRS,15,intercept_only,0.6,100,100,1.0,20016,8006,33615,3271,12009.0,50323.0,4795.0,4371.0,0.7470739827255843,0.0807111930853317,-0.0002813305510208,0.0130335444234961,0.0130335444234961,1.097836641457523,0.0978366414575229,1.0,1.0,1.0,True
HRS,15,none,0.0,1,1,1.0,20016,8006,33615,3271,0.0,0.0,0.0,0.0,0.7470739827255843,0.0809925236363525,0.0,-0.2075473948588468,0.2075473948588468,1.097836641457523,0.0978366414575229,0.0,1.0,1.0,False
HRS,16,intercept_and_slope,0.05,100,100,1.0,20016,8006,34138,3195,1000.0,4134.0,406.0,370.0,0.7462512650728329,0.0780124263326319,-0.0003911354760344,-0.0345175014040283,0.0461535839942656,1.0123361237161776,0.0424604086324584,1.0,1.0,0.99,True
HRS,16,intercept_and_slope,0.1,100,100,1.0,20016,8006,34138,3195,2001.0,8305.0,812.5,739.5,0.7462512650728329,0.0779945066415305,-0.0004090551671358,-0.0349249092765838,0.0362610427629773,1.007155759190629,0.0335053832355868,1.0,1.0,1.0,True
HRS,16,intercept_and_slope,0.2,100,100,1.0,20016,8006,34138,3195,4003.0,16597.5,1623.0,1482.5,0.7462512650728329,0.0779819291001795,-0.0004216327084869,-0.0300305579793568,0.0300305579793568,1.005686500179724,0.0163046779746508,1.0,1.0,1.0,True
HRS,16,intercept_and_slope,0.3,100,100,1.0,20016,8006,34138,3195,6004.0,24894.0,2439.0,2227.0,0.7462512650728329,0.0779846400019999,-0.0004189218066664,-0.0366890321017515,0.0366890321017515,1.001333326976399,0.0116895085044667,1.0,1.0,1.0,True
HRS,16,intercept_and_slope,0.4,100,100,1.0,20016,8006,34138,3195,8006.0,33179.0,3250.0,2971.0,0.7462512650728329,0.077983179639737,-0.0004203821689294,-0.0380889406381091,0.0380889406381091,1.007509315911009,0.0094877195343447,1.0,1.0,1.0,True
HRS,16,intercept_and_slope,0.5,100,100,1.0,20016,8006,34138,3195,10008.0,41499.5,4060.0,3709.0,0.7462512650728329,0.0779808275255246,-0.0004227342831417,-0.0355528529199928,0.0355528529199928,1.0068691054433714,0.0071964267906544,1.0,1.0,1.0,True
HRS,16,intercept_and_slope,0.6,100,100,1.0,20016,8006,34138,3195,12009.0,49799.0,4871.0,4451.0,0.7462512650728329,0.0779815401104934,-0.0004220216981729,-0.036212205021282,0.036212205021282,1.005941594731211,0.005941594731211,1.0,1.0,1.0,True
HRS,16,intercept_only,0.05,100,100,1.0,20016,8006,34138,3195,1000.0,4134.0,406.0,370.0,0.7462512650728329,0.0780243862552003,-0.000379175553466,-0.0348879174465696,0.046113643522615,1.1101034458888115,0.1101034458888117,1.0,1.0,1.0,True
HRS,16,intercept_only,0.1,100,100,1.0,20016,8006,34138,3195,2001.0,8305.0,812.5,739.5,0.7462512650728329,0.078011168184206,-0.0003923936244603,-0.0364324653401195,0.0368150874081309,1.1101034458888115,0.1101034458888117,1.0,1.0,1.0,True
HRS,16,intercept_only,0.2,100,100,1.0,20016,8006,34138,3195,4003.0,16597.5,1623.0,1482.5,0.7462512650728329,0.0780081893749039,-0.0003953724337624,-0.0316665392711048,0.0316665392711048,1.1101034458888115,0.1101034458888117,1.0,1.0,1.0,True
HRS,16,intercept_only,0.3,100,100,1.0,20016,8006,34138,3195,6004.0,24894.0,2439.0,2227.0,0.7462512650728329,0.0780065797115367,-0.0003969820971296,-0.0376827613449095,0.0376827613449095,1.1101034458888115,0.1101034458888117,1.0,1.0,1.0,True
HRS,16,intercept_only,0.4,100,100,1.0,20016,8006,34138,3195,8006.0,33179.0,3250.0,2971.0,0.7462512650728329,0.0780059466992807,-0.0003976151093856,-0.0390326425471888,0.0390326425471888,1.1101034458888115,0.1101034458888117,1.0,1.0,1.0,True
HRS,16,intercept_only,0.5,100,100,1.0,20016,8006,34138,3195,10008.0,41499.5,4060.0,3709.0,0.7462512650728329,0.0780059448586885,-0.0003976169499778,-0.0370868144924231,0.0370868144924231,1.1101034458888115,0.1101034458888117,1.0,1.0,1.0,True
HRS,16,intercept_only,0.6,100,100,1.0,20016,8006,34138,3195,12009.0,49799.0,4871.0,4451.0,0.7462512650728329,0.0780057418617266,-0.0003978199469397,-0.0375886142247875,0.0375886142247875,1.1101034458888115,0.1101034458888117,1.0,1.0,1.0,True
HRS,16,none,0.0,1,1,1.0,20016,8006,34138,3195,0.0,0.0,0.0,0.0,0.7462512650728329,0.0784035618086664,0.0,-0.2378181099252909,0.2378181099252909,1.1101034458888115,0.1101034458888117,0.0,1.0,1.0,False
HRS,17,intercept_and_slope,0.05,100,100,1.0,20016,8006,33553,3216,1000.0,4194.0,402.5,365.0,0.7477671583326733,0.0795634008711076,-0.0003428782144126,-0.015994926179359,0.0438377493573204,0.9912216239810429,0.0508263716479332,1.0,1.0,0.97,True
HRS,17,intercept_and_slope,0.1,100,100,1.0,20016,8006,33553,3216,2001.0,8362.0,807.0,734.0,0.7477671583326733,0.0795405194885683,-0.0003657595969519,-0.0170168002344739,0.0257679304183526,0.997500595963616,0.0307035403120684,1.0,1.0,0.99,True
HRS,17,intercept_and_slope,0.2,100,100,1.0,20016,8006,33553,3216,4003.0,16784.0,1618.0,1476.0,0.7477671583326733,0.0795294874344629,-0.0003767916510573,-0.0182963056336554,0.0217664776701309,0.9972602651547634,0.0171856083534092,1.0,1.0,1.0,True
HRS,17,intercept_and_slope,0.3,100,100,1.0,20016,8006,33553,3216,6004.0,25206.0,2429.0,2207.0,0.7477671583326733,0.0795256371825669,-0.0003806419029534,-0.0210123604221922,0.0215264424991232,0.9955418384916112,0.0144688245902248,1.0,1.0,1.0,True
HRS,17,intercept_and_slope,0.4,100,100,1.0,20016,8006,33553,3216,8006.0,33568.5,3230.5,2941.5,0.7477671583326733,0.0795257073457478,-0.0003805717397724,-0.0182136322455058,0.0183716670941336,0.9933181012087192,0.0098317237625633,1.0,1.0,1.0,True
HRS,17,intercept_and_slope,0.5,100,100,1.0,20016,8006,33553,3216,10008.0,41982.0,4044.5,3679.5,0.7477671583326733,0.0795261705336998,-0.0003801085518205,-0.0207360295831514,0.0207360295831514,0.994390104820737,0.0077897109449248,1.0,1.0,1.0,True
HRS,17,intercept_and_slope,0.6,100,100,1.0,20016,8006,33553,3216,12009.0,50385.0,4850.0,4413.0,0.7477671583326733,0.0795248180677146,-0.0003814610178056,-0.0186618434386189,0.0186618434386189,0.9944456335377294,0.0055543664622706,1.0,1.0,1.0,True
HRS,17,intercept_only,0.05,100,100,1.0,20016,8006,33553,3216,1000.0,4194.0,402.5,365.0,0.7477671583326733,0.0795600532191782,-0.000346225866342,-0.0095968502287841,0.0433155380655774,1.1027517585342976,0.1027517585342976,1.0,1.0,1.0,True
HRS,17,intercept_only,0.1,100,100,1.0,20016,8006,33553,3216,2001.0,8362.0,807.0,734.0,0.7477671583326733,0.0795490355350328,-0.0003572435504874,-0.0150201690709295,0.0249482850582176,1.1027517585342976,0.1027517585342976,1.0,1.0,1.0,True
HRS,17,intercept_only,0.2,100,100,1.0,20016,8006,33553,3216,4003.0,16784.0,1618.0,1476.0,0.7477671583326733,0.0795464869550967,-0.0003597921304236,-0.017282477034299,0.0205743268350593,1.1027517585342976,0.1027517585342976,1.0,1.0,1.0,True
HRS,17,intercept_only,0.3,100,100,1.0,20016,8006,33553,3216,6004.0,25206.0,2429.0,2207.0,0.7477671583326733,0.0795448562407819,-0.0003614228447384,-0.0193274551534819,0.019783907113117,1.1027517585342976,0.1027517585342976,1.0,1.0,1.0,True
HRS,17,intercept_only,0.4,100,100,1.0,20016,8006,33553,3216,8006.0,33568.5,3230.5,2941.5,0.7477671583326733,0.0795460765298169,-0.0003602025557034,-0.016706158026845,0.0167741987016705,1.1027517585342976,0.1027517585342976,1.0,1.0,1.0,True
HRS,17,intercept_only,0.5,100,100,1.0,20016,8006,33553,3216,10008.0,41982.0,4044.5,3679.5,0.7477671583326733,0.0795450207912366,-0.0003612582942836,-0.018955812230655,0.018955812230655,1.1027517585342976,0.1027517585342976,1.0,1.0,1.0,True
HRS,17,intercept_only,0.6,100,100,1.0,20016,8006,33553,3216,12009.0,50385.0,4850.0,4413.0,0.7477671583326733,0.0795459158610552,-0.000360363224465,-0.0170358548892027,0.0170358548892027,1.1027517585342976,0.1027517585342976,1.0,1.0,1.0,True
HRS,17,none,0.0,1,1,1.0,20016,8006,33553,3216,0.0,0.0,0.0,0.0,0.7477671583326733,0.0799062790855203,0.0,-0.2255382846169938,0.2255382846169938,1.1027517585342976,0.1027517585342976,0.0,1.0,1.0,False
HRS,18,intercept_and_slope,0.05,100,100,1.0,20016,8006,33992,3247,1000.0,4159.0,400.0,366.0,0.7531772451125557,0.0789638198100378,-0.0003065181151299,0.0005084451624082,0.0288990081022234,1.0809364426529269,0.0812053408960317,1.0,1.0,0.99,True
HRS,18,intercept_and_slope,0.1,100,100,1.0,20016,8006,33992,3247,2001.0,8308.5,806.0,734.5,0.7531772451125557,0.0789471958619362,-0.0003231420632315,-0.0104383647706167,0.0237430146907415,1.0706721315689256,0.0706721315689257,1.0,1.0,1.0,True
HRS,18,intercept_and_slope,0.2,100,100,1.0,20016,8006,33992,3247,4003.0,16679.0,1606.0,1464.5,0.7531772451125557,0.0789412308553182,-0.0003291070698495,-0.002150841098952,0.014170372894414,1.0700391092103223,0.0700391092103225,1.0,1.0,1.0,True
HRS,18,intercept_and_slope,0.3,100,100,1.0,20016,8006,33992,3247,6004.0,24943.0,2407.5,2197.5,0.7531772451125557,0.0789398667735032,-0.0003304711516645,-0.0044808638004667,0.0137838221079943,1.0691690275436514,0.0691690275436515,1.0,1.0,1.0,True
HRS,18,intercept_and_slope,0.4,100,100,1.0,20016,8006,33992,3247,8006.0,33296.0,3215.0,2928.5,0.7531772451125557,0.0789403959155588,-0.0003299420096089,-0.0037142546150505,0.0085620912128131,1.071858429992297,0.071858429992297,1.0,1.0,1.0,True
HRS,18,intercept_and_slope,0.5,100,100,1.0,20016,8006,33992,3247,10008.0,41630.0,4011.5,3657.5,0.7531772451125557,0.0789390323615612,-0.0003313055636066,-0.002503945242927,0.006862817222656,1.0711215636047604,0.0711215636047605,1.0,1.0,1.0,True
HRS,18,intercept_and_slope,0.6,100,100,1.0,20016,8006,33992,3247,12009.0,49945.5,4819.0,4392.0,0.7531772451125557,0.078939256841405,-0.0003310810837628,-0.002516109796483,0.002516109796483,1.0711030793443936,0.0711030793443937,1.0,1.0,1.0,True
HRS,18,intercept_only,0.05,100,100,1.0,20016,8006,33992,3247,1000.0,4159.0,400.0,366.0,0.7531772451125557,0.0790276914371357,-0.000242646488032,0.0020573304070154,0.0288655872241322,1.153025229500129,0.1530252295001291,1.0,1.0,0.96,True
HRS,18,intercept_only,0.1,100,100,1.0,20016,8006,33992,3247,2001.0,8308.5,806.0,734.5,0.7531772451125557,0.0790140968130532,-0.0002562411121145,-0.0107816345795645,0.0231734748104012,1.153025229500129,0.1530252295001291,1.0,1.0,1.0,True
HRS,18,intercept_only,0.2,100,100,1.0,20016,8006,33992,3247,4003.0,16679.0,1606.0,1464.5,0.7531772451125557,0.0790217559809712,-0.0002485819441966,-0.0029718163346169,0.0142850456304501,1.153025229500129,0.1530252295001291,1.0,1.0,1.0,True
HRS,18,intercept_only,0.3,100,100,1.0,20016,8006,33992,3247,6004.0,24943.0,2407.5,2197.5,0.7531772451125557,0.0790188214917393,-0.0002515164334285,-0.0058315980218977,0.0139824831808601,1.153025229500129,0.1530252295001291,1.0,1.0,1.0,True
HRS,18,intercept_only,0.4,100,100,1.0,20016,8006,33992,3247,8006.0,33296.0,3215.0,2928.5,0.7531772451125557,0.079019652609621,-0.0002506853155467,-0.0050037209831412,0.0086324611470334,1.153025229500129,0.1530252295001291,1.0,1.0,1.0,True
HRS,18,intercept_only,0.5,100,100,1.0,20016,8006,33992,3247,10008.0,41630.0,4011.5,3657.5,0.7531772451125557,0.079021293201026,-0.0002490447241418,-0.0034065297933679,0.0069390440818341,1.153025229500129,0.1530252295001291,1.0,1.0,1.0,True
HRS,18,intercept_only,0.6,100,100,1.0,20016,8006,33992,3247,12009.0,49945.5,4819.0,4392.0,0.7531772451125557,0.0790211059976986,-0.0002492319274691,-0.0035862669299257,0.0035862669299257,1.153025229500129,0.1530252295001291,1.0,1.0,1.0,True
HRS,18,none,0.0,1,1,1.0,20016,8006,33992,3247,0.0,0.0,0.0,0.0,0.7531772451125557,0.0792703379251678,0.0,-0.217461128564633,0.217461128564633,1.153025229500129,0.1530252295001291,0.0,1.0,1.0,False
HRS,19,intercept_and_slope,0.05,100,100,1.0,20016,8006,33766,3221,1000.0,4191.0,405.0,368.5,0.752120290760488,0.0791169105926129,-0.0003182542296818,-0.0217927442483313,0.052991304447483,1.0379489979695062,0.0461028599625717,1.0,1.0,0.99,True
HRS,19,intercept_and_slope,0.1,100,100,1.0,20016,8006,33766,3221,2001.0,8363.0,808.0,734.5,0.752120290760488,0.0790877870923107,-0.000347377729984,-0.0191640865984846,0.0275730486458143,1.0312467138048809,0.0375726976115577,1.0,1.0,1.0,True
HRS,19,intercept_and_slope,0.2,100,100,1.0,20016,8006,33766,3221,4003.0,16713.5,1612.5,1461.5,0.752120290760488,0.079079580724641,-0.0003555840976537,-0.0197032854223493,0.0212773061213643,1.0372903989202658,0.0372903989202658,1.0,1.0,1.0,True
HRS,19,intercept_and_slope,0.3,100,100,1.0,20016,8006,33766,3221,6004.0,25093.0,2413.0,2190.0,0.752120290760488,0.0790724181514582,-0.0003627466708365,-0.0134816478723991,0.0153088328921796,1.0374806459120411,0.0374806459120412,1.0,1.0,1.0,True
HRS,19,intercept_and_slope,0.4,100,100,1.0,20016,8006,33766,3221,8006.0,33462.0,3229.5,2931.0,0.752120290760488,0.0790720188961139,-0.0003631459261807,-0.0168313789452531,0.0168313789452531,1.03644561721861,0.0364456172186099,1.0,1.0,1.0,True
HRS,19,intercept_and_slope,0.5,100,100,1.0,20016,8006,33766,3221,10008.0,41844.5,4042.0,3665.5,0.752120290760488,0.079070612796697,-0.0003645520255977,-0.0161132355873777,0.0161132355873777,1.0371246967580674,0.0371246967580674,1.0,1.0,1.0,True
HRS,19,intercept_and_slope,0.6,100,100,1.0,20016,8006,33766,3221,12009.0,50171.0,4845.0,4397.0,0.752120290760488,0.0790699947149115,-0.0003651701073831,-0.0160651331388885,0.0160651331388885,1.037219111772324,0.0372191117723239,1.0,1.0,1.0,True
HRS,19,intercept_only,0.05,100,100,1.0,20016,8006,33766,3221,1000.0,4191.0,405.0,368.5,0.752120290760488,0.0791173278745191,-0.0003178369477755,-0.0213369354149544,0.0518712057551263,1.1308072305380814,0.1308072305380814,1.0,1.0,1.0,True
HRS,19,intercept_only,0.1,100,100,1.0,20016,8006,33766,3221,2001.0,8363.0,808.0,734.5,0.752120290760488,0.0791109009564097,-0.000324263865885,-0.017828085344105,0.0272026841331363,1.1308072305380814,0.1308072305380814,1.0,1.0,1.0,True
HRS,19,intercept_only,0.2,100,100,1.0,20016,8006,33766,3221,4003.0,16713.5,1612.5,1461.5,0.752120290760488,0.0791081575993389,-0.0003270072229557,-0.0191157291345177,0.0210984256079764,1.1308072305380814,0.1308072305380814,1.0,1.0,1.0,True
HRS,19,intercept_only,0.3,100,100,1.0,20016,8006,33766,3221,6004.0,25093.0,2413.0,2190.0,0.752120290760488,0.0791118467266984,-0.0003233180955963,-0.0132379732053667,0.0149319108483768,1.1308072305380814,0.1308072305380814,1.0,1.0,1.0,True
HRS,19,intercept_only,0.4,100,100,1.0,20016,8006,33766,3221,8006.0,33462.0,3229.5,2931.0,0.752120290760488,0.0791098097309378,-0.0003253550913569,-0.0163525450768958,0.0163525450768958,1.1308072305380814,0.1308072305380814,1.0,1.0,1.0,True
HRS,19,intercept_only,0.5,100,100,1.0,20016,8006,33766,3221,10008.0,41844.5,4042.0,3665.5,0.752120290760488,0.0791102159162515,-0.0003249489060432,-0.0157089337660379,0.0157089337660379,1.1308072305380814,0.1308072305380814,1.0,1.0,1.0,True
HRS,19,intercept_only,0.6,100,100,1.0,20016,8006,33766,3221,12009.0,50171.0,4845.0,4397.0,0.752120290760488,0.0791102246139615,-0.0003249402083332,-0.0156952717026724,0.0156952717026724,1.1308072305380814,0.1308072305380814,1.0,1.0,1.0,True
HRS,19,none,0.0,1,1,1.0,20016,8006,33766,3221,0.0,0.0,0.0,0.0,0.752120290760488,0.0794351648222947,0.0,-0.2247170946384397,0.2247170946384397,1.1308072305380814,0.1308072305380814,0.0,1.0,1.0,False
HRS,20,intercept_and_slope,0.05,100,100,1.0,20016,8006,33536,3215,1000.0,4182.5,407.0,368.5,0.7535329824686123,0.079128719799751,-0.0003240359373055,-0.0227357905436468,0.0309495145200159,1.0290782256164417,0.0450968363327782,0.99,1.0,0.98,True
HRS,20,intercept_and_slope,0.1,100,100,1.0,20016,8006,33536,3215,2001.0,8404.5,806.5,731.0,0.7535329824686123,0.0791171247018096,-0.0003356310352469,-0.0029491916313594,0.025404843567999,1.031860043629101,0.0330093333376195,1.0,1.0,1.0,True
HRS,20,intercept_and_slope,0.2,100,100,1.0,20016,8006,33536,3215,4003.0,16806.5,1618.0,1465.5,0.7535329824686123,0.0791060500969113,-0.0003467056401451,-0.0086770094375685,0.0172071510383523,1.0292379013623334,0.030791591340349,1.0,1.0,1.0,True
HRS,20,intercept_and_slope,0.3,100,100,1.0,20016,8006,33536,3215,6004.0,25189.5,2426.0,2199.0,0.7535329824686123,0.0790993843709067,-0.0003533713661497,-0.012432747184131,0.0142560560234986,1.0304869050230971,0.030486905023097,1.0,1.0,1.0,True
HRS,20,intercept_and_slope,0.4,100,100,1.0,20016,8006,33536,3215,8006.0,33603.0,3231.0,2930.0,0.7535329824686123,0.0790976617411201,-0.0003550939959364,-0.0110292253801142,0.0119556436405318,1.025367780175789,0.0253677801757891,1.0,1.0,1.0,True
HRS,20,intercept_and_slope,0.5,100,100,1.0,20016,8006,33536,3215,10008.0,41998.0,4038.0,3661.0,0.7535329824686123,0.0790975178419502,-0.0003552378951063,-0.0105789661197311,0.0105789661197311,1.030704227160976,0.0307042271609758,1.0,1.0,1.0,True
HRS,20,intercept_and_slope,0.6,100,100,1.0,20016,8006,33536,3215,12009.0,50402.0,4851.0,4396.0,0.7535329824686123,0.0790970389332261,-0.0003557168038304,-0.0111590261228677,0.0111590261228677,1.0290969323951769,0.0290969323951768,1.0,1.0,1.0,True
HRS,20,intercept_only,0.05,100,100,1.0,20016,8006,33536,3215,1000.0,4182.5,407.0,368.5,0.7535329824686123,0.0791776106031733,-0.0002751451338832,-0.020814497657559,0.0306310285951415,1.1255186543252365,0.1255186543252364,0.99,1.0,0.99,True
HRS,20,intercept_only,0.1,100,100,1.0,20016,8006,33536,3215,2001.0,8404.5,806.5,731.0,0.7535329824686123,0.0791836123216723,-0.0002691434153842,-0.0035771805463402,0.0251590685307121,1.1255186543252365,0.1255186543252364,1.0,1.0,1.0,True
HRS,20,intercept_only,0.2,100,100,1.0,20016,8006,33536,3215,4003.0,16806.5,1618.0,1465.5,0.7535329824686123,0.0791779440127889,-0.0002748117242676,-0.0074453075958802,0.01642948961612,1.1255186543252365,0.1255186543252364,1.0,1.0,1.0,True
HRS,20,intercept_only,0.3,100,100,1.0,20016,8006,33536,3215,6004.0,25189.5,2426.0,2199.0,0.7535329824686123,0.0791737130483233,-0.0002790426887332,-0.012105208116954,0.0137081423045415,1.1255186543252365,0.1255186543252364,1.0,1.0,1.0,True
HRS,20,intercept_only,0.4,100,100,1.0,20016,8006,33536,3215,8006.0,33603.0,3231.0,2930.0,0.7535329824686123,0.0791753598088736,-0.0002773959281829,-0.0102386871097579,0.0119142693443392,1.1255186543252365,0.1255186543252364,1.0,1.0,1.0,True
HRS,20,intercept_only,0.5,100,100,1.0,20016,8006,33536,3215,10008.0,41998.0,4038.0,3661.0,0.7535329824686123,0.0791755222765893,-0.0002772334604672,-0.0100584907425153,0.0100584907425153,1.1255186543252365,0.1255186543252364,1.0,1.0,1.0,True
HRS,20,intercept_only,0.6,100,100,1.0,20016,8006,33536,3215,12009.0,50402.0,4851.0,4396.0,0.7535329824686123,0.0791750496481354,-0.0002777060889211,-0.0105845775934722,0.0105845775934722,1.1255186543252365,0.1255186543252364,1.0,1.0,1.0,True
HRS,20,none,0.0,1,1,1.0,20016,8006,33536,3215,0.0,0.0,0.0,0.0,0.7535329824686123,0.0794527557370565,0.0,-0.2216762881199177,0.2216762881199177,1.1255186543252365,0.1255186543252364,0.0,1.0,1.0,False
HRS,21,intercept_and_slope,0.05,100,100,1.0,20016,8006,33612,3271,1000.0,4184.0,401.5,364.5,0.746070868707471,0.0807926305673445,-0.0002444612434333,0.0171965066712137,0.0389360767422862,0.9896945729726152,0.0446120634436186,1.0,1.0,0.98,True
HRS,21,intercept_and_slope,0.1,100,100,1.0,20016,8006,33612,3271,2001.0,8389.5,799.0,728.0,0.746070868707471,0.0807666261440509,-0.0002704656667269,0.0205880686803971,0.0293866462293946,0.9770287258531388,0.0328704060157664,1.0,1.0,1.0,True
HRS,21,intercept_and_slope,0.2,100,100,1.0,20016,8006,33612,3271,4003.0,16775.0,1601.0,1460.0,0.746070868707471,0.0807527849315165,-0.0002843068792613,0.0219744306249737,0.0235091989502682,0.9905091058534596,0.0176791493570684,1.0,1.0,1.0,True
HRS,21,intercept_and_slope,0.3,100,100,1.0,20016,8006,33612,3271,6004.0,25143.0,2391.0,2177.0,0.746070868707471,0.0807507553103654,-0.0002863365004124,0.0228592508588031,0.0228592508588031,0.9883081316227688,0.0174890452795704,1.0,1.0,1.0,True
HRS,21,intercept_and_slope,0.4,100,100,1.0,20016,8006,33612,3271,8006.0,33555.5,3197.0,2906.5,0.746070868707471,0.0807513243847635,-0.0002857674260143,0.0178608201730553,0.0178608201730553,0.9827739852331436,0.0174213520108251,1.0,1.0,1.0,True
HRS,21,intercept_and_slope,0.5,100,100,1.0,20016,8006,33612,3271,10008.0,41962.5,4000.0,3640.5,0.746070868707471,0.0807481947411709,-0.0002888970696069,0.0193702390788439,0.0193702390788439,0.987476568795151,0.012523431204849,1.0,1.0,1.0,True
HRS,21,intercept_and_slope,0.6,100,100,1.0,20016,8006,33612,3271,12009.0,50326.0,4795.0,4364.0,0.746070868707471,0.0807475597800053,-0.0002895320307725,0.0196781367138508,0.0196781367138508,0.9872044991689628,0.0127955008310373,1.0,1.0,1.0,True
HRS,21,intercept_only,0.05,100,100,1.0,20016,8006,33612,3271,1000.0,4184.0,401.5,364.5,0.746070868707471,0.08076571695945,-0.0002713748513278,0.0188663633241145,0.0372918146544132,1.097911049600658,0.0979110496006578,1.0,1.0,0.99,True
HRS,21,intercept_only,0.1,100,100,1.0,20016,8006,33612,3271,2001.0,8389.5,799.0,728.0,0.746070868707471,0.08076461055969,-0.0002724812510878,0.0218121464750588,0.0277207532083754,1.097911049600658,0.0979110496006578,1.0,1.0,1.0,True
HRS,21,intercept_only,0.2,100,100,1.0,20016,8006,33612,3271,4003.0,16775.0,1601.0,1460.0,0.746070868707471,0.0807643914696563,-0.0002727003411214,0.021610376999064,0.0224481471953362,1.097911049600658,0.0979110496006578,1.0,1.0,1.0,True
HRS,21,intercept_only,0.3,100,100,1.0,20016,8006,33612,3271,6004.0,25143.0,2391.0,2177.0,0.746070868707471,0.0807663364229728,-0.000270755387805,0.0233803674118239,0.0233803674118239,1.097911049600658,0.0979110496006578,1.0,1.0,1.0,True
HRS,21,intercept_only,0.4,100,100,1.0,20016,8006,33612,3271,8006.0,33555.5,3197.0,2906.5,0.746070868707471,0.0807613745604473,-0.0002757172503305,0.0187582937375629,0.0187582937375629,1.097911049600658,0.0979110496006578,1.0,1.0,1.0,True
HRS,21,intercept_only,0.5,100,100,1.0,20016,8006,33612,3271,10008.0,41962.5,4000.0,3640.5,0.746070868707471,0.0807626417986644,-0.0002744500121135,0.0199731034601049,0.0199731034601049,1.097911049600658,0.0979110496006578,1.0,1.0,1.0,True
HRS,21,intercept_only,0.6,100,100,1.0,20016,8006,33612,3271,12009.0,50326.0,4795.0,4364.0,0.746070868707471,0.080763019372423,-0.0002740724383548,0.0203302386912139,0.0203302386912139,1.097911049600658,0.0979110496006578,1.0,1.0,1.0,True
HRS,21,none,0.0,1,1,1.0,20016,8006,33612,3271,0.0,0.0,0.0,0.0,0.746070868707471,0.0810370918107779,0.0,-0.2031670107215746,0.2031670107215746,1.097911049600658,0.0979110496006578,0.0,1.0,1.0,False
HRS,22,intercept_and_slope,0.05,100,100,1.0,20016,8006,34023,3209,1000.0,4152.5,406.5,371.0,0.7547856070570327,0.0782992380312797,-0.000297344473066,-0.0137791499944908,0.0322047356362348,1.0488923354822035,0.0545292142542318,1.0,1.0,0.99,True
HRS,22,intercept_and_slope,0.1,100,100,1.0,20016,8006,34023,3209,2001.0,8317.5,808.5,735.0,0.7547856070570327,0.0782818571671981,-0.0003147253371476,-0.0050294808009897,0.0371969751199761,1.042194866074195,0.0449011855300096,1.0,1.0,1.0,True
HRS,22,intercept_and_slope,0.2,100,100,1.0,20016,8006,34023,3209,4003.0,16617.0,1613.0,1473.0,0.7547856070570327,0.0782701372556192,-0.0003264452487265,-0.0059025433356231,0.0160255615254901,1.045166290885279,0.045166290885279,1.0,1.0,1.0,True
HRS,22,intercept_and_slope,0.3,100,100,1.0,20016,8006,34023,3209,6004.0,24961.5,2426.0,2218.0,0.7547856070570327,0.0782680249844667,-0.000328557519879,-0.0068164712453168,0.0121810522367748,1.0435191186229749,0.0435191186229749,1.0,1.0,1.0,True
HRS,22,intercept_and_slope,0.4,100,100,1.0,20016,8006,34023,3209,8006.0,33274.5,3242.5,2962.0,0.7547856070570327,0.0782648194610743,-0.0003317630432714,-0.0099718900061321,0.0104896067491729,1.042714283542562,0.042714283542562,1.0,1.0,1.0,True
HRS,22,intercept_and_slope,0.5,100,100,1.0,20016,8006,34023,3209,10008.0,41601.5,4048.0,3699.0,0.7547856070570327,0.0782638137550036,-0.000332768749342,-0.0099993755448184,0.0102738270615256,1.0450392976775067,0.0450392976775065,1.0,1.0,1.0,True
HRS,22,intercept_and_slope,0.6,100,100,1.0,20016,8006,34023,3209,12009.0,49914.0,4857.0,4437.0,0.7547856070570327,0.0782634427301972,-0.0003331397741485,-0.0097326422295819,0.0097326422295819,1.0455587352191722,0.0455587352191722,1.0,1.0,1.0,True
HRS,22,intercept_only,0.05,100,100,1.0,20016,8006,34023,3209,1000.0,4152.5,406.5,371.0,0.7547856070570327,0.078306061858904,-0.0002905206454417,-0.0162031772573674,0.0313110105525904,1.1360603331439691,0.1360603331439691,1.0,1.0,0.99,True
HRS,22,intercept_only,0.1,100,100,1.0,20016,8006,34023,3209,2001.0,8317.5,808.5,735.0,0.7547856070570327,0.0783100676285374,-0.0002865148758083,-0.0076952885226529,0.035802916827871,1.1360603331439691,0.1360603331439691,1.0,1.0,1.0,True
HRS,22,intercept_only,0.2,100,100,1.0,20016,8006,34023,3209,4003.0,16617.0,1613.0,1473.0,0.7547856070570327,0.0783098813638169,-0.0002867011405288,-0.0073314076388047,0.0155122965451869,1.1360603331439691,0.1360603331439691,1.0,1.0,1.0,True
HRS,22,intercept_only,0.3,100,100,1.0,20016,8006,34023,3209,6004.0,24961.5,2426.0,2218.0,0.7547856070570327,0.0783091213703952,-0.0002874611339505,-0.0082365063656163,0.0132423796761219,1.1360603331439691,0.1360603331439691,1.0,1.0,1.0,True
HRS,22,intercept_only,0.4,100,100,1.0,20016,8006,34023,3209,8006.0,33274.5,3242.5,2962.0,0.7547856070570327,0.0783061091823982,-0.0002904733219475,-0.012009435742227,0.012009435742227,1.1360603331439691,0.1360603331439691,1.0,1.0,1.0,True
HRS,22,intercept_only,0.5,100,100,1.0,20016,8006,34023,3209,10008.0,41601.5,4048.0,3699.0,0.7547856070570327,0.0783060451107442,-0.0002905373936015,-0.0120936224041932,0.0120936224041932,1.1360603331439691,0.1360603331439691,1.0,1.0,1.0,True
HRS,22,intercept_only,0.6,100,100,1.0,20016,8006,34023,3209,12009.0,49914.0,4857.0,4437.0,0.7547856070570327,0.0783065344699452,-0.0002900480344004,-0.0114567508930095,0.0114567508930095,1.1360603331439691,0.1360603331439691,1.0,1.0,1.0,True
HRS,22,none,0.0,1,1,1.0,20016,8006,34023,3209,0.0,0.0,0.0,0.0,0.7547856070570327,0.0785965825043457,0.0,-0.2222027131732364,0.2222027131732364,1.1360603331439691,0.1360603331439691,0.0,1.0,1.0,False
HRS,23,intercept_and_slope,0.05,100,100,1.0,20016,8006,33754,3179,1000.0,4167.5,405.5,370.0,0.7516184270394661,0.0784081685541507,-0.0003338722929294,-0.0196032574050946,0.0430036303098745,1.0125583953292554,0.0373810052058662,1.0,1.0,0.98,True
HRS,23,intercept_and_slope,0.1,100,100,1.0,20016,8006,33754,3179,2001.0,8360.0,818.0,744.0,0.7516184270394661,0.0783949374402771,-0.000347103406803,-0.0278926155852829,0.0303662283386642,1.0304583531856624,0.0423593592295116,1.0,1.0,1.0,True
HRS,23,intercept_and_slope,0.2,100,100,1.0,20016,8006,33754,3179,4003.0,16717.5,1632.0,1479.0,0.7516184270394661,0.0783820698300996,-0.0003599710169804,-0.0237430424728594,0.0248720451269763,1.028781392551014,0.0316310512769497,1.0,1.0,1.0,True
HRS,23,intercept_and_slope,0.3,100,100,1.0,20016,8006,33754,3179,6004.0,25142.5,2442.5,2221.5,0.7516184270394661,0.0783780429126686,-0.0003639979344115,-0.0197893432997559,0.0204888935367486,1.0271426260414265,0.0274389963032249,1.0,1.0,1.0,True
HRS,23,intercept_and_slope,0.4,100,100,1.0,20016,8006,33754,3179,8006.0,33451.5,3254.5,2956.0,0.7516184270394661,0.0783764854535517,-0.0003655553935283,-0.0192901763635125,0.0192901763635125,1.0225115465321246,0.0225115465321247,1.0,1.0,1.0,True
HRS,23,intercept_and_slope,0.5,100,100,1.0,20016,8006,33754,3179,10008.0,41811.5,4070.5,3694.5,0.7516184270394661,0.0783773234376016,-0.0003647174094784,-0.0203858020520171,0.0203858020520171,1.023358945927578,0.023358945927578,1.0,1.0,1.0,True
HRS,23,intercept_and_slope,0.6,100,100,1.0,20016,8006,33754,3179,12009.0,50184.0,4887.0,4438.0,0.7516184270394661,0.0783765292323852,-0.0003655116146949,-0.0212841757580076,0.0212841757580076,1.022913569730302,0.0229135697303021,1.0,1.0,1.0,True
HRS,23,intercept_only,0.05,100,100,1.0,20016,8006,33754,3179,1000.0,4167.5,405.5,370.0,0.7516184270394661,0.078400818036119,-0.0003412228109611,-0.021031276674196,0.0444492107150504,1.1214396621981255,0.1214396621981255,1.0,1.0,1.0,True
HRS,23,intercept_only,0.1,100,100,1.0,20016,8006,33754,3179,2001.0,8360.0,818.0,744.0,0.7516184270394661,0.0783921848152706,-0.0003498560318095,-0.0284424393298521,0.0314759305202487,1.1214396621981255,0.1214396621981255,1.0,1.0,1.0,True
HRS,23,intercept_only,0.2,100,100,1.0,20016,8006,33754,3179,4003.0,16717.5,1632.0,1479.0,0.7516184270394661,0.0783914476091477,-0.0003505932379323,-0.0249821518263009,0.0259333669070889,1.1214396621981255,0.1214396621981255,1.0,1.0,1.0,True
HRS,23,intercept_only,0.3,100,100,1.0,20016,8006,33754,3179,6004.0,25142.5,2442.5,2221.5,0.7516184270394661,0.0783931913090527,-0.0003488495380273,-0.0206672198498238,0.021669861819025,1.1214396621981255,0.1214396621981255,1.0,1.0,1.0,True
HRS,23,intercept_only,0.4,100,100,1.0,20016,8006,33754,3179,8006.0,33451.5,3254.5,2956.0,0.7516184270394661,0.0783929255733944,-0.0003491152736856,-0.0203393865526362,0.0203393865526362,1.1214396621981255,0.1214396621981255,1.0,1.0,1.0,True
HRS,23,intercept_only,0.5,100,100,1.0,20016,8006,33754,3179,10008.0,41811.5,4070.5,3694.5,0.7516184270394661,0.078392371073319,-0.0003496697737611,-0.0215099745582163,0.0215099745582163,1.1214396621981255,0.1214396621981255,1.0,1.0,1.0,True
HRS,23,intercept_only,0.6,100,100,1.0,20016,8006,33754,3179,12009.0,50184.0,4887.0,4438.0,0.7516184270394661,0.078391955099931,-0.000350085747149,-0.0224251002939282,0.0224251002939282,1.1214396621981255,0.1214396621981255,1.0,1.0,1.0,True
HRS,23,none,0.0,1,1,1.0,20016,8006,33754,3179,0.0,0.0,0.0,0.0,0.7516184270394661,0.0787420408470801,0.0,-0.2288387926385586,0.2288387926385586,1.1214396621981255,0.1214396621981255,0.0,1.0,1.0,False
HRS,24,intercept_and_slope,0.05,100,100,1.0,20016,8006,33954,3167,1000.0,4168.5,408.5,373.0,0.7443850809091125,0.0779836091382425,-0.0003690960599115,-0.05738143996376,0.0639545121782722,0.9431497689670596,0.0611386479403911,1.0,1.0,0.92,True
HRS,24,intercept_and_slope,0.1,100,100,1.0,20016,8006,33954,3167,2001.0,8359.5,816.5,747.0,0.7443850809091125,0.0779215996260732,-0.0004311055720808,-0.0542808005901029,0.0542808005901029,0.9584263366883168,0.0420173317278113,1.0,1.0,0.98,True
HRS,24,intercept_and_slope,0.2,100,100,1.0,20016,8006,33954,3167,4003.0,16645.5,1628.5,1490.5,0.7443850809091125,0.077931293365167,-0.000421411832987,-0.0512940830487052,0.0512940830487052,0.9559559896509612,0.0440440103490388,1.0,1.0,1.0,True
HRS,24,intercept_and_slope,0.3,100,100,1.0,20016,8006,33954,3167,6004.0,24994.0,2450.5,2239.0,0.7443850809091125,0.0779380310708324,-0.0004146741273216,-0.0536700356154398,0.0536700356154398,0.9484560606215549,0.0515439393784451,1.0,1.0,1.0,True
HRS,24,intercept_and_slope,0.4,100,100,1.0,20016,8006,33954,3167,8006.0,33319.5,3268.0,2989.5,0.7443850809091125,0.0779343987684745,-0.0004183064296795,-0.0556330135211042,0.0556330135211042,0.9540210646298622,0.0459789353701377,1.0,1.0,1.0,True
HRS,24,intercept_and_slope,0.5,100,100,1.0,20016,8006,33954,3167,10008.0,41657.0,4081.5,3731.0,0.7443850809091125,0.0779277651790213,-0.0004249400191327,-0.0546484276627719,0.0546484276627719,0.9549300070344816,0.0450699929655182,1.0,1.0,1.0,True
HRS,24,intercept_and_slope,0.6,100,100,1.0,20016,8006,33954,3167,12009.0,49983.0,4899.0,4480.0,0.7443850809091125,0.0779316183941246,-0.0004210868040293,-0.0551892950011035,0.0551892950011035,0.9536846600465084,0.0463153399534915,1.0,1.0,1.0,True
HRS,24,intercept_only,0.05,100,100,1.0,20016,8006,33954,3167,1000.0,4168.5,408.5,373.0,0.7443850809091125,0.0778892185976448,-0.0004634866005091,-0.0554364308301567,0.0590458323719077,1.0756200251231094,0.0756200251231093,1.0,1.0,1.0,True
HRS,24,intercept_only,0.1,100,100,1.0,20016,8006,33954,3167,2001.0,8359.5,816.5,747.0,0.7443850809091125,0.0778787037337203,-0.0004740014644336,-0.0514423559923505,0.0514423559923505,1.0756200251231094,0.0756200251231093,1.0,1.0,1.0,True
HRS,24,intercept_only,0.2,100,100,1.0,20016,8006,33954,3167,4003.0,16645.5,1628.5,1490.5,0.7443850809091125,0.0778732632627743,-0.0004794419353797,-0.0498535806732935,0.0498535806732935,1.0756200251231094,0.0756200251231093,1.0,1.0,1.0,True
HRS,24,intercept_only,0.3,100,100,1.0,20016,8006,33954,3167,6004.0,24994.0,2450.5,2239.0,0.7443850809091125,0.0778738900484822,-0.0004788151496718,-0.0523343602064858,0.0523343602064858,1.0756200251231094,0.0756200251231093,1.0,1.0,1.0,True
HRS,24,intercept_only,0.4,100,100,1.0,20016,8006,33954,3167,8006.0,33319.5,3268.0,2989.5,0.7443850809091125,0.0778743907322253,-0.0004783144659286,-0.0537404326567092,0.0537404326567092,1.0756200251231094,0.0756200251231093,1.0,1.0,1.0,True
HRS,24,intercept_only,0.5,100,100,1.0,20016,8006,33954,3167,10008.0,41657.0,4081.5,3731.0,0.7443850809091125,0.0778739850463986,-0.0004787201517554,-0.0526096970186802,0.0526096970186802,1.0756200251231094,0.0756200251231093,1.0,1.0,1.0,True
HRS,24,intercept_only,0.6,100,100,1.0,20016,8006,33954,3167,12009.0,49983.0,4899.0,4480.0,0.7443850809091125,0.0778742829015222,-0.0004784222966318,-0.053446508073851,0.053446508073851,1.0756200251231094,0.0756200251231093,1.0,1.0,1.0,True
HRS,24,none,0.0,1,1,1.0,20016,8006,33954,3167,0.0,0.0,0.0,0.0,0.7443850809091125,0.078352705198154,0.0,-0.2474839324475947,0.2474839324475947,1.0756200251231094,0.0756200251231093,0.0,1.0,1.0,False
HRS,25,intercept_and_slope,0.05,100,100,1.0,20016,8006,33425,3187,1000.0,4210.0,407.0,372.0,0.7505214981749327,0.0791311993603679,-0.0003470409826252,-0.0250934021859137,0.0416322138266868,1.0163609139710816,0.0506475516607096,1.0,1.0,1.0,True
HRS,25,intercept_and_slope,0.1,100,100,1.0,20016,8006,33425,3187,2001.0,8424.0,817.5,743.5,0.7505214981749327,0.0791209633748942,-0.0003572769680989,-0.031587636228988,0.0346626382529725,1.0003428977757638,0.0286036603075959,1.0,1.0,1.0,True
HRS,25,intercept_and_slope,0.2,100,100,1.0,20016,8006,33425,3187,4003.0,16848.5,1624.0,1477.5,0.7505214981749327,0.0791096703021697,-0.0003685700408234,-0.0241018030692434,0.0255523520057986,1.006502544051623,0.0178303116734488,1.0,1.0,1.0,True
HRS,25,intercept_and_slope,0.3,100,100,1.0,20016,8006,33425,3187,6004.0,25216.5,2436.0,2221.5,0.7505214981749327,0.0791076710992576,-0.0003705692437355,-0.027861053553286,0.027861053553286,1.0103995391780676,0.0139648888197974,1.0,1.0,1.0,True
HRS,25,intercept_and_slope,0.4,100,100,1.0,20016,8006,33425,3187,8006.0,33728.5,3249.5,2963.0,0.7505214981749327,0.079102491847759,-0.0003757484952341,-0.021190947507514,0.021190947507514,1.0150912708714324,0.0162751023027223,1.0,1.0,1.0,True
HRS,25,intercept_and_slope,0.5,100,100,1.0,20016,8006,33425,3187,10008.0,42098.5,4064.0,3703.5,0.7505214981749327,0.0791024994037332,-0.0003757409392599,-0.0221264148189147,0.0221264148189147,1.0156789445972407,0.0156789445972408,1.0,1.0,1.0,True
HRS,25,intercept_and_slope,0.6,100,100,1.0,20016,8006,33425,3187,12009.0,50513.0,4879.0,4446.0,0.7505214981749327,0.0791025521290378,-0.0003756882139553,-0.0229067831792656,0.0229067831792656,1.0147635284939542,0.0147635284939542,1.0,1.0,1.0,True
HRS,25,intercept_only,0.05,100,100,1.0,20016,8006,33425,3187,1000.0,4210.0,407.0,372.0,0.7505214981749327,0.0791336619166811,-0.000344578426312,-0.0261536915386438,0.0415389002905595,1.1162026547297217,0.1162026547297214,1.0,1.0,1.0,True
HRS,25,intercept_only,0.1,100,100,1.0,20016,8006,33425,3187,2001.0,8424.0,817.5,743.5,0.7505214981749327,0.0791289217595102,-0.0003493185834829,-0.0291305389108473,0.034003285364037,1.1162026547297217,0.1162026547297214,1.0,1.0,1.0,True
HRS,25,intercept_only,0.2,100,100,1.0,20016,8006,33425,3187,4003.0,16848.5,1624.0,1477.5,0.7505214981749327,0.0791248823310563,-0.0003533580119368,-0.0219688766014359,0.0243833675364772,1.1162026547297217,0.1162026547297214,1.0,1.0,1.0,True
HRS,25,intercept_only,0.3,100,100,1.0,20016,8006,33425,3187,6004.0,25216.5,2436.0,2221.5,0.7505214981749327,0.0791230825249455,-0.0003551578180476,-0.0256176617707543,0.0256176617707543,1.1162026547297217,0.1162026547297214,1.0,1.0,1.0,True
HRS,25,intercept_only,0.4,100,100,1.0,20016,8006,33425,3187,8006.0,33728.5,3249.5,2963.0,0.7505214981749327,0.0791252567407203,-0.0003529836022728,-0.0206092441506878,0.0206092441506878,1.1162026547297217,0.1162026547297214,1.0,1.0,1.0,True
HRS,25,intercept_only,0.5,100,100,1.0,20016,8006,33425,3187,10008.0,42098.5,4064.0,3703.5,0.7505214981749327,0.0791251349915014,-0.0003531053514917,-0.0208563135397961,0.0208563135397961,1.1162026547297217,0.1162026547297214,1.0,1.0,1.0,True
HRS,25,intercept_only,0.6,100,100,1.0,20016,8006,33425,3187,12009.0,50513.0,4879.0,4446.0,0.7505214981749327,0.0791247350022284,-0.0003535053407647,-0.0216848816539459,0.0216848816539459,1.1162026547297217,0.1162026547297214,1.0,1.0,1.0,True
HRS,25,none,0.0,1,1,1.0,20016,8006,33425,3187,0.0,0.0,0.0,0.0,0.7505214981749327,0.0794782403429932,0.0,-0.2283944324008083,0.2283944324008083,1.1162026547297217,0.1162026547297214,0.0,1.0,1.0,False
HRS,26,intercept_and_slope,0.05,100,100,1.0,20016,8006,33621,3185,1000.0,4175.5,403.5,368.0,0.7512459889583785,0.0790350606952072,-0.0003625203156142,-0.0449046256088903,0.0560968463400236,0.992744342638858,0.0383559202295673,1.0,1.0,0.97,True
HRS,26,intercept_and_slope,0.1,100,100,1.0,20016,8006,33621,3185,2001.0,8392.0,814.5,739.0,0.7512459889583785,0.0790260821130423,-0.0003714988977791,-0.0437401445672196,0.0444184490744025,0.995143675073497,0.0264951892949638,1.0,1.0,1.0,True
HRS,26,intercept_and_slope,0.2,100,100,1.0,20016,8006,33621,3185,4003.0,16753.5,1628.0,1478.5,0.7512459889583785,0.0790331959840194,-0.0003643850268021,-0.0487421985109362,0.0487421985109362,0.986950192563652,0.0203502307903336,1.0,1.0,1.0,True
HRS,26,intercept_and_slope,0.3,100,100,1.0,20016,8006,33621,3185,6004.0,25169.5,2442.5,2214.5,0.7512459889583785,0.079014340783845,-0.0003832402269764,-0.0441611415020269,0.0441611415020269,0.991634916336559,0.0140172789098466,1.0,1.0,1.0,True
HRS,26,intercept_and_slope,0.4,100,100,1.0,20016,8006,33621,3185,8006.0,33559.0,3250.5,2955.0,0.7512459889583785,0.0790094228380123,-0.0003881581728091,-0.0437373799274345,0.0437373799274345,0.9970297219643852,0.0089639726514872,1.0,1.0,1.0,True
HRS,26,intercept_and_slope,0.5,100,100,1.0,20016,8006,33621,3185,10008.0,41939.5,4070.5,3698.0,0.7512459889583785,0.079017353400518,-0.0003802276103035,-0.0482096727238373,0.0482096727238373,0.9917735428688874,0.008365529008262,1.0,1.0,1.0,True
HRS,26,intercept_and_slope,0.6,100,100,1.0,20016,8006,33621,3185,12009.0,50316.0,4881.0,4431.0,0.7512459889583785,0.079015620278501,-0.0003819607323204,-0.0464430117149401,0.0464430117149401,0.9920263195591787,0.0079736804408211,1.0,1.0,1.0,True
HRS,26,intercept_only,0.05,100,100,1.0,20016,8006,33621,3185,1000.0,4175.5,403.5,368.0,0.7512459889583785,0.0789923871108198,-0.0004051939000017,-0.0425678507193222,0.0553386384564301,1.1013340422387534,0.1013340422387534,1.0,1.0,1.0,True
HRS,26,intercept_only,0.1,100,100,1.0,20016,8006,33621,3185,2001.0,8392.0,814.5,739.0,0.7512459889583785,0.0789834178488766,-0.0004141631619448,-0.0405344317098664,0.0415156977398285,1.1013340422387534,0.1013340422387534,1.0,1.0,1.0,True
HRS,26,intercept_only,0.2,100,100,1.0,20016,8006,33621,3185,4003.0,16753.5,1628.0,1478.5,0.7512459889583785,0.0789797179285984,-0.0004178630822231,-0.0453150855231906,0.0453150855231906,1.1013340422387534,0.1013340422387534,1.0,1.0,1.0,True
HRS,26,intercept_only,0.3,100,100,1.0,20016,8006,33621,3185,6004.0,25169.5,2442.5,2214.5,0.7512459889583785,0.0789769656456873,-0.0004206153651341,-0.0431203996093041,0.0431203996093041,1.1013340422387534,0.1013340422387534,1.0,1.0,1.0,True
HRS,26,intercept_only,0.4,100,100,1.0,20016,8006,33621,3185,8006.0,33559.0,3250.5,2955.0,0.7512459889583785,0.0789766980313416,-0.0004208829794798,-0.0420280191122388,0.0420280191122388,1.1013340422387534,0.1013340422387534,1.0,1.0,1.0,True
HRS,26,intercept_only,0.5,100,100,1.0,20016,8006,33621,3185,10008.0,41939.5,4070.5,3698.0,0.7512459889583785,0.0789764843792397,-0.0004210966315817,-0.0456768711945304,0.0456768711945304,1.1013340422387534,0.1013340422387534,1.0,1.0,1.0,True
HRS,26,intercept_only,0.6,100,100,1.0,20016,8006,33621,3185,12009.0,50316.0,4881.0,4431.0,0.7512459889583785,0.0789761872599614,-0.0004213937508601,-0.0440676105665652,0.0440676105665652,1.1013340422387534,0.1013340422387534,1.0,1.0,1.0,True
HRS,26,none,0.0,1,1,1.0,20016,8006,33621,3185,0.0,0.0,0.0,0.0,0.7512459889583785,0.0793975810108215,0.0,-0.2417898519705583,0.2417898519705583,1.1013340422387534,0.1013340422387534,0.0,1.0,1.0,False
HRS,27,intercept_and_slope,0.05,100,100,1.0,20016,8006,33692,3135,1000.0,4171.0,410.0,370.0,0.7461908429661533,0.0778246292512833,-0.0004064269304198,-0.0522746025679629,0.0529229321509114,0.9937065401003148,0.0405543007509747,1.0,1.0,0.96,True
HRS,27,intercept_and_slope,0.1,100,100,1.0,20016,8006,33692,3135,2001.0,8375.5,825.0,746.0,0.7461908429661533,0.0778055966351946,-0.0004254595465085,-0.0580654091371618,0.0580654091371618,0.994515171255424,0.0261020791027399,1.0,1.0,1.0,True
HRS,27,intercept_and_slope,0.2,100,100,1.0,20016,8006,33692,3135,4003.0,16756.5,1644.5,1490.5,0.7461908429661533,0.0778098605633351,-0.000421195618368,-0.0548020172499122,0.0548020172499122,0.9919603705488442,0.0181764933595373,1.0,1.0,1.0,True
HRS,27,intercept_and_slope,0.3,100,100,1.0,20016,8006,33692,3135,6004.0,25108.5,2461.5,2229.0,0.7461908429661533,0.0777990728420889,-0.0004319833396142,-0.0570503020410037,0.0570503020410037,0.9939881765334374,0.0144188259789712,1.0,1.0,1.0,True
HRS,27,intercept_and_slope,0.4,100,100,1.0,20016,8006,33692,3135,8006.0,33485.5,3284.0,2974.5,0.7461908429661533,0.0777989738445522,-0.000432082337151,-0.0567668984495983,0.0567668984495983,0.9963247532220584,0.0084512607437406,1.0,1.0,1.0,True
HRS,27,intercept_and_slope,0.5,100,100,1.0,20016,8006,33692,3135,10008.0,41875.0,4110.5,3723.5,0.7461908429661533,0.07780159339659,-0.0004294627851131,-0.0562712490983466,0.0562712490983466,0.994251854735837,0.0071918909097314,1.0,1.0,1.0,True
HRS,27,intercept_and_slope,0.6,100,100,1.0,20016,8006,33692,3135,12009.0,50245.0,4931.0,4467.0,0.7461908429661533,0.077798593122161,-0.0004324630595421,-0.0559772233547098,0.0559772233547098,0.9957373065249048,0.0042626934750953,1.0,1.0,1.0,True
HRS,27,intercept_only,0.05,100,100,1.0,20016,8006,33692,3135,1000.0,4171.0,410.0,370.0,0.7461908429661533,0.0777821879374729,-0.0004488682442302,-0.053037661654545,0.0561557487038109,1.1033257312921405,0.1033257312921402,1.0,1.0,1.0,True
HRS,27,intercept_only,0.1,100,100,1.0,20016,8006,33692,3135,2001.0,8375.5,825.0,746.0,0.7461908429661533,0.0777764769849385,-0.0004545791967646,-0.0577040122603559,0.0577040122603559,1.1033257312921405,0.1033257312921402,1.0,1.0,1.0,True
HRS,27,intercept_only,0.2,100,100,1.0,20016,8006,33692,3135,4003.0,16756.5,1644.5,1490.5,0.7461908429661533,0.0777744907987327,-0.0004565653829704,-0.0561500274629572,0.0561500274629572,1.1033257312921405,0.1033257312921402,1.0,1.0,1.0,True
HRS,27,intercept_only,0.3,100,100,1.0,20016,8006,33692,3135,6004.0,25108.5,2461.5,2229.0,0.7461908429661533,0.0777739346086827,-0.0004571215730204,-0.0570872900139496,0.0570872900139496,1.1033257312921405,0.1033257312921402,1.0,1.0,1.0,True
HRS,27,intercept_only,0.4,100,100,1.0,20016,8006,33692,3135,8006.0,33485.5,3284.0,2974.5,0.7461908429661533,0.0777738492085966,-0.0004572069731065,-0.0568084860589839,0.0568084860589839,1.1033257312921405,0.1033257312921402,1.0,1.0,1.0,True
HRS,27,intercept_only,0.5,100,100,1.0,20016,8006,33692,3135,10008.0,41875.0,4110.5,3723.5,0.7461908429661533,0.077773828665606,-0.0004572275160971,-0.0567400833002264,0.0567400833002264,1.1033257312921405,0.1033257312921402,1.0,1.0,1.0,True
HRS,27,intercept_only,0.6,100,100,1.0,20016,8006,33692,3135,12009.0,50245.0,4931.0,4467.0,0.7461908429661533,0.0777736958260279,-0.0004573603556753,-0.05629324712935,0.05629324712935,1.1033257312921405,0.1033257312921402,1.0,1.0,1.0,True
HRS,27,none,0.0,1,1,1.0,20016,8006,33692,3135,0.0,0.0,0.0,0.0,0.7461908429661533,0.0782310561817032,0.0,-0.2493403747950839,0.2493403747950839,1.1033257312921405,0.1033257312921402,0.0,1.0,1.0,False
HRS,28,intercept_and_slope,0.05,100,100,1.0,20016,8006,33592,3263,1000.0,4197.0,403.0,368.5,0.7419442417406971,0.080873342667501,-0.000250340009482,0.0275794651926145,0.0376004790938278,0.9459805743181148,0.0567867407961723,1.0,1.0,0.99,True
HRS,28,intercept_and_slope,0.1,100,100,1.0,20016,8006,33592,3263,2001.0,8378.0,806.0,735.5,0.7419442417406971,0.0808507389800946,-0.0002729436968884,0.0192814802124684,0.0251121811694108,0.9539711892463076,0.0463171370963571,1.0,1.0,1.0,True
HRS,28,intercept_and_slope,0.2,100,100,1.0,20016,8006,33592,3263,4003.0,16780.0,1595.5,1459.5,0.7419442417406971,0.0808450676229828,-0.0002786150540002,0.0283395050135716,0.0284739231911966,0.9529036049270676,0.0482815666951145,1.0,1.0,1.0,True
HRS,28,intercept_and_slope,0.3,100,100,1.0,20016,8006,33592,3263,6004.0,25211.5,2409.0,2196.0,0.7419442417406971,0.0808466183376681,-0.0002770643393149,0.0278228704317281,0.0278228704317281,0.9469028381191992,0.0530971618808009,1.0,1.0,1.0,True
HRS,28,intercept_and_slope,0.4,100,100,1.0,20016,8006,33592,3263,8006.0,33576.5,3196.0,2920.0,0.7419442417406971,0.0808425518013457,-0.0002811308756373,0.0314827389361554,0.0314827389361554,0.9517051152115104,0.0482948847884896,1.0,1.0,1.0,True
HRS,28,intercept_and_slope,0.5,100,100,1.0,20016,8006,33592,3263,10008.0,41947.0,4004.0,3653.5,0.7419442417406971,0.0808411186744056,-0.0002825640025775,0.0284378390818764,0.0284378390818764,0.9519506679268708,0.0480493320731292,1.0,1.0,1.0,True
HRS,28,intercept_and_slope,0.6,100,100,1.0,20016,8006,33592,3263,12009.0,50346.0,4803.0,4383.0,0.7419442417406971,0.0808402354598137,-0.0002834472171694,0.0282415774107281,0.0282415774107281,0.9520028756817944,0.0479971243182055,1.0,1.0,1.0,True
HRS,28,intercept_only,0.05,100,100,1.0,20016,8006,33592,3263,1000.0,4197.0,403.0,368.5,0.7419442417406971,0.0808586374969307,-0.0002650451800524,0.0249110234610399,0.0362349806995107,1.0740872087599571,0.0740872087599571,1.0,1.0,0.99,True
HRS,28,intercept_only,0.1,100,100,1.0,20016,8006,33592,3263,2001.0,8378.0,806.0,735.5,0.7419442417406971,0.0808479557488395,-0.0002757269281435,0.0171775819762409,0.0235941215436925,1.0740872087599571,0.0740872087599571,1.0,1.0,1.0,True
HRS,28,intercept_only,0.2,100,100,1.0,20016,8006,33592,3263,4003.0,16780.0,1595.5,1459.5,0.7419442417406971,0.0808578126529813,-0.0002658700240017,0.0267337114641289,0.0272847651077217,1.0740872087599571,0.0740872087599571,1.0,1.0,1.0,True
HRS,28,intercept_only,0.3,100,100,1.0,20016,8006,33592,3263,6004.0,25211.5,2409.0,2196.0,0.7419442417406971,0.0808571967308683,-0.0002664859461147,0.0261707155008041,0.0261707155008041,1.0740872087599571,0.0740872087599571,1.0,1.0,1.0,True
HRS,28,intercept_only,0.4,100,100,1.0,20016,8006,33592,3263,8006.0,33576.5,3196.0,2920.0,0.7419442417406971,0.080861015029238,-0.000262667647745,0.029542150444329,0.029542150444329,1.0740872087599571,0.0740872087599571,1.0,1.0,1.0,True
HRS,28,intercept_only,0.5,100,100,1.0,20016,8006,33592,3263,10008.0,41947.0,4004.0,3653.5,0.7419442417406971,0.0808578680538864,-0.0002658146230967,0.026783278182476,0.026783278182476,1.0740872087599571,0.0740872087599571,1.0,1.0,1.0,True
HRS,28,intercept_only,0.6,100,100,1.0,20016,8006,33592,3263,12009.0,50346.0,4803.0,4383.0,0.7419442417406971,0.0808576893104184,-0.0002659933665647,0.0266238153873344,0.0266238153873344,1.0740872087599571,0.0740872087599571,1.0,1.0,1.0,True
HRS,28,none,0.0,1,1,1.0,20016,8006,33592,3263,0.0,0.0,0.0,0.0,0.7419442417406971,0.0811236826769831,0.0,-0.1994003930704856,0.1994003930704856,1.0740872087599571,0.0740872087599571,1.0,1.0,1.0,False
HRS,29,intercept_and_slope,0.05,100,100,1.0,20016,8006,33705,3187,1000.0,4173.0,406.5,369.5,0.7481143186613206,0.0788662841503722,-0.0003556970102611,-0.0330371791903125,0.0360423133283138,0.992036139874918,0.0403191067222987,0.99,1.0,0.99,True
HRS,29,intercept_and_slope,0.1,100,100,1.0,20016,8006,33705,3187,2001.0,8372.5,810.0,737.0,0.7481143186613206,0.0788442501139361,-0.0003777310466973,-0.0248410371583959,0.0299103970686948,1.0101355679756296,0.0297490398543235,1.0,1.0,1.0,True
HRS,29,intercept_and_slope,0.2,100,100,1.0,20016,8006,33705,3187,4003.0,16724.5,1628.0,1485.5,0.7481143186613206,0.0788385382784361,-0.0003834428821972,-0.0326998430695206,0.0326998430695206,1.0090544886157513,0.0204465054169428,1.0,1.0,1.0,True
HRS,29,intercept_and_slope,0.3,100,100,1.0,20016,8006,33705,3187,6004.0,25096.0,2438.0,2230.0,0.7481143186613206,0.0788379461635576,-0.0003840349970758,-0.032403414662045,0.032403414662045,1.0050191952734586,0.0139089267952941,1.0,1.0,1.0,True
HRS,29,intercept_and_slope,0.4,100,100,1.0,20016,8006,33705,3187,8006.0,33469.5,3251.5,2965.0,0.7481143186613206,0.0788337138540454,-0.000388267306588,-0.0288194416107664,0.0288194416107664,1.0111023659163747,0.0124852255742302,1.0,1.0,1.0,True
HRS,29,intercept_and_slope,0.5,100,100,1.0,20016,8006,33705,3187,10008.0,41862.5,4068.0,3710.5,0.7481143186613206,0.0788332135408114,-0.000388767619822,-0.0301630585288378,0.0301630585288378,1.0092510831318773,0.0097144755887162,1.0,1.0,1.0,True
HRS,29,intercept_and_slope,0.6,100,100,1.0,20016,8006,33705,3187,12009.0,50233.0,4879.0,4450.0,0.7481143186613206,0.0788336557393597,-0.0003883254212736,-0.0304529449475893,0.0304529449475893,1.0090556605790917,0.0090556605790916,1.0,1.0,1.0,True
HRS,29,intercept_only,0.05,100,100,1.0,20016,8006,33705,3187,1000.0,4173.0,406.5,369.5,0.7481143186613206,0.0788508049210023,-0.0003711762396311,-0.0327167166962708,0.0379917726790479,1.11239921886392,0.11239921886392,1.0,1.0,1.0,True
HRS,29,intercept_only,0.1,100,100,1.0,20016,8006,33705,3187,2001.0,8372.5,810.0,737.0,0.7481143186613206,0.0788493642292679,-0.0003726169313655,-0.0255912320373922,0.0294863978714727,1.11239921886392,0.11239921886392,1.0,1.0,1.0,True
HRS,29,intercept_only,0.2,100,100,1.0,20016,8006,33705,3187,4003.0,16724.5,1628.0,1485.5,0.7481143186613206,0.0788434681195052,-0.0003785130411282,-0.0315579462484104,0.0315579462484104,1.11239921886392,0.11239921886392,1.0,1.0,1.0,True
HRS,29,intercept_only,0.3,100,100,1.0,20016,8006,33705,3187,6004.0,25096.0,2438.0,2230.0,0.7481143186613206,0.0788425345706482,-0.0003794465899851,-0.0329779951767093,0.0329779951767093,1.11239921886392,0.11239921886392,1.0,1.0,1.0,True
HRS,29,intercept_only,0.4,100,100,1.0,20016,8006,33705,3187,8006.0,33469.5,3251.5,2965.0,0.7481143186613206,0.0788434866488515,-0.0003784945117819,-0.029105071294177,0.029105071294177,1.11239921886392,0.11239921886392,1.0,1.0,1.0,True
HRS,29,intercept_only,0.5,100,100,1.0,20016,8006,33705,3187,10008.0,41862.5,4068.0,3710.5,0.7481143186613206,0.0788429894100457,-0.0003789917505877,-0.0304686938606169,0.0304686938606169,1.11239921886392,0.11239921886392,1.0,1.0,1.0,True
HRS,29,intercept_only,0.6,100,100,1.0,20016,8006,33705,3187,12009.0,50233.0,4879.0,4450.0,0.7481143186613206,0.0788429248093444,-0.0003790563512889,-0.0306934835871847,0.0306934835871847,1.11239921886392,0.11239921886392,1.0,1.0,1.0,True
HRS,29,none,0.0,1,1,1.0,20016,8006,33705,3187,0.0,0.0,0.0,0.0,0.7481143186613206,0.0792219811606334,0.0,-0.2337568935804719,0.2337568935804719,1.11239921886392,0.11239921886392,0.0,1.0,1.0,False
HRS,30,intercept_and_slope,0.05,100,100,1.0,20016,8006,33903,3156,1000.0,4167.0,411.0,374.0,0.7486008042743709,0.0776738844758611,-0.0004188978093924,-0.0717754678800245,0.0717754678800245,0.9961379298831672,0.0361470884956427,1.0,1.0,0.97,True
HRS,30,intercept_and_slope,0.1,100,100,1.0,20016,8006,33903,3156,2001.0,8346.0,817.0,747.0,0.7486008042743709,0.0776639024113893,-0.0004288798738642,-0.0637298237888896,0.0637298237888896,0.9957847211186576,0.0272951322855118,1.0,1.0,0.98,True
HRS,30,intercept_and_slope,0.2,100,100,1.0,20016,8006,33903,3156,4003.0,16697.5,1639.0,1495.0,0.7486008042743709,0.0776539417503304,-0.0004388405349231,-0.0626358512428456,0.0626358512428456,1.000010961387772,0.0184894410272087,1.0,1.0,1.0,True
HRS,30,intercept_and_slope,0.3,100,100,1.0,20016,8006,33903,3156,6004.0,25032.5,2463.0,2243.5,0.7486008042743709,0.077648143047384,-0.0004446392378695,-0.0628617968913428,0.0628617968913428,1.0014780206131886,0.0133010133940777,1.0,1.0,1.0,True
HRS,30,intercept_and_slope,0.4,100,100,1.0,20016,8006,33903,3156,8006.0,33337.0,3274.5,2988.0,0.7486008042743709,0.0776465452765645,-0.000446237008689,-0.0628195037141993,0.0628195037141993,1.004766073989906,0.0103048986580698,1.0,1.0,1.0,True
HRS,30,intercept_and_slope,0.5,100,100,1.0,20016,8006,33903,3156,10008.0,41693.5,4092.0,3731.0,0.7486008042743709,0.0776488031444775,-0.000443979140776,-0.063019267671059,0.063019267671059,1.001616191166948,0.0072719745635853,1.0,1.0,1.0,True
HRS,30,intercept_and_slope,0.6,100,100,1.0,20016,8006,33903,3156,12009.0,50035.5,4910.0,4479.0,0.7486008042743709,0.0776487247678738,-0.0004440575173796,-0.0628258884976268,0.0628258884976268,1.00118454771662,0.0011845477166201,1.0,1.0,1.0,True
HRS,30,intercept_only,0.05,100,100,1.0,20016,8006,33903,3156,1000.0,4167.0,411.0,374.0,0.7486008042743709,0.0776456764210208,-0.0004471058642327,-0.0702299152278966,0.0702299152278966,1.1072826576985983,0.1072826576985983,1.0,1.0,1.0,True
HRS,30,intercept_only,0.1,100,100,1.0,20016,8006,33903,3156,2001.0,8346.0,817.0,747.0,0.7486008042743709,0.0776360124344529,-0.0004567698508006,-0.0619806184024461,0.0619806184024461,1.1072826576985983,0.1072826576985983,1.0,1.0,1.0,True
HRS,30,intercept_only,0.2,100,100,1.0,20016,8006,33903,3156,4003.0,16697.5,1639.0,1495.0,0.7486008042743709,0.0776305592850174,-0.0004622230002361,-0.0624777717726363,0.0624777717726363,1.1072826576985983,0.1072826576985983,1.0,1.0,1.0,True
HRS,30,intercept_only,0.3,100,100,1.0,20016,8006,33903,3156,6004.0,25032.5,2463.0,2243.5,0.7486008042743709,0.0776299056138406,-0.0004628766714129,-0.0616608878379811,0.0616608878379811,1.1072826576985983,0.1072826576985983,1.0,1.0,1.0,True
HRS,30,intercept_only,0.4,100,100,1.0,20016,8006,33903,3156,8006.0,33337.0,3274.5,2988.0,0.7486008042743709,0.077629710986067,-0.0004630712991865,-0.0614088691277226,0.0614088691277226,1.1072826576985983,0.1072826576985983,1.0,1.0,1.0,True
HRS,30,intercept_only,0.5,100,100,1.0,20016,8006,33903,3156,10008.0,41693.5,4092.0,3731.0,0.7486008042743709,0.0776299142393934,-0.00046286804586,-0.0619833821059139,0.0619833821059139,1.1072826576985983,0.1072826576985983,1.0,1.0,1.0,True
HRS,30,intercept_only,0.6,100,100,1.0,20016,8006,33903,3156,12009.0,50035.5,4910.0,4479.0,0.7486008042743709,0.0776298185198157,-0.0004629637654378,-0.0617151744400429,0.0617151744400429,1.1072826576985983,0.1072826576985983,1.0,1.0,1.0,True
HRS,30,none,0.0,1,1,1.0,20016,8006,33903,3156,0.0,0.0,0.0,0.0,0.7486008042743709,0.0780927822852535,0.0,-0.2524682921027461,0.2524682921027461,1.1072826576985983,0.1072826576985983,0.0,1.0,1.0,False
MHAS,1,intercept_and_slope,0.05,100,100,1.0,5192,2076,3118,458,259.0,390.0,60.0,60.0,0.707911974258791,0.1166053848673388,-0.0153314707053599,0.0059109862306914,0.0866749479480375,1.1011855211483768,0.1575966183277125,0.85,1.0,1.0,False
MHAS,1,intercept_and_slope,0.1,100,100,1.0,5192,2076,3118,458,519.0,779.5,119.0,119.0,0.707911974258791,0.116376125669585,-0.0155607299031137,-0.0081237080674644,0.0555447994041016,1.0672407194191318,0.0938836368907278,0.96,1.0,1.0,True
MHAS,1,intercept_and_slope,0.2,100,100,1.0,5192,2076,3118,458,1038.0,1558.0,239.0,239.0,0.707911974258791,0.1162664888728476,-0.0156703666998511,-0.0115119072819524,0.0415148343592109,1.1017891886048197,0.1017891886048196,0.99,1.0,1.0,False
MHAS,1,intercept_and_slope,0.3,100,100,1.0,5192,2076,3118,458,1557.0,2338.5,357.0,357.0,0.707911974258791,0.116226692021306,-0.0157101635513927,-0.0001268530551016,0.024535979030912,1.0935194324886313,0.0935194324886312,1.0,1.0,1.0,True
MHAS,1,intercept_and_slope,0.4,100,100,1.0,5192,2076,3118,458,2076.0,3116.0,474.5,474.5,0.707911974258791,0.1161986593615557,-0.015738196211143,-0.0025617602457305,0.0208580782244046,1.0742804012078548,0.0742804012078547,1.0,1.0,1.0,True
MHAS,1,intercept_and_slope,0.5,100,100,1.0,5192,2076,3118,458,2596.0,3897.5,597.0,597.0,0.707911974258791,0.1161947871419618,-0.0157420684307369,-0.0081522226577237,0.0150621176306051,1.0784979892189357,0.0784979892189357,1.0,1.0,1.0,True
MHAS,1,intercept_and_slope,0.6,100,100,1.0,5192,2076,3118,458,3115.0,4677.0,714.0,714.0,0.707911974258791,0.1161911799579053,-0.0157456756147934,-0.0061434929512412,0.0061434929512412,1.0810273732640434,0.0810273732640435,1.0,1.0,1.0,True
MHAS,1,intercept_only,0.05,100,100,1.0,5192,2076,3118,458,259.0,390.0,60.0,60.0,0.707911974258791,0.1164876488239017,-0.015449206748797,0.0173214132860788,0.0937637979731573,0.8743118406012597,0.1256881593987403,0.83,1.0,1.0,True
MHAS,1,intercept_only,0.1,100,100,1.0,5192,2076,3118,458,519.0,779.5,119.0,119.0,0.707911974258791,0.1164542089402366,-0.0154826466324621,-0.0002495775993375,0.0597544668978469,0.8743118406012597,0.1256881593987403,0.96,1.0,1.0,True
MHAS,1,intercept_only,0.2,100,100,1.0,5192,2076,3118,458,1038.0,1558.0,239.0,239.0,0.707911974258791,0.1164090266423399,-0.0155278289303587,-0.0001261453741764,0.0435784704737492,0.8743118406012597,0.1256881593987403,0.99,1.0,1.0,True
MHAS,1,intercept_only,0.3,100,100,1.0,5192,2076,3118,458,1557.0,2338.5,357.0,357.0,0.707911974258791,0.11639245036999,-0.0155444052027087,0.0087381373224388,0.0267391274484965,0.8743118406012597,0.1256881593987403,1.0,1.0,1.0,True
MHAS,1,intercept_only,0.4,100,100,1.0,5192,2076,3118,458,2076.0,3116.0,474.5,474.5,0.707911974258791,0.116391819645407,-0.0155450359272916,0.0076315815933165,0.0229319131407018,0.8743118406012597,0.1256881593987403,1.0,1.0,1.0,True
MHAS,1,intercept_only,0.5,100,100,1.0,5192,2076,3118,458,2596.0,3897.5,597.0,597.0,0.707911974258791,0.1164038512618542,-0.0155330043108444,-0.0010286986622449,0.0152740110247715,0.8743118406012597,0.1256881593987403,1.0,1.0,1.0,True
MHAS,1,intercept_only,0.6,100,100,1.0,5192,2076,3118,458,3115.0,4677.0,714.0,714.0,0.707911974258791,0.1163994157131915,-0.0155374398595072,0.0019613830060706,0.0019613830060706,0.8743118406012597,0.1256881593987403,1.0,1.0,1.0,True
MHAS,1,none,0.0,1,1,1.0,5192,2076,3118,458,0.0,0.0,0.0,0.0,0.707911974258791,0.1319368555726987,0.0,-0.7849761554444958,0.7849761554444958,0.8743118406012597,0.1256881593987403,0.0,1.0,1.0,False
MHAS,2,intercept_and_slope,0.05,100,100,1.0,5192,2076,3111,455,259.0,389.0,59.0,59.0,0.6879807692307692,0.1186705561133264,-0.0181547297322714,-0.0740517025192014,0.1245826541844418,0.8548458443909417,0.1734346043202619,0.72,1.0,1.0,False
MHAS,2,intercept_and_slope,0.1,100,100,1.0,5192,2076,3111,455,519.0,782.0,120.0,120.0,0.6879807692307692,0.1181953670364693,-0.0186299188091286,-0.0670304014230453,0.0843280585194142,0.8680999363371658,0.1351616052438753,0.95,1.0,1.0,False
MHAS,2,intercept_and_slope,0.2,100,100,1.0,5192,2076,3111,455,1038.0,1560.0,238.0,238.0,0.6879807692307692,0.1180944310082148,-0.018730854837383,-0.0617657835899185,0.0655883091661075,0.8890172874428552,0.1109827125571448,1.0,1.0,1.0,False
MHAS,2,intercept_and_slope,0.3,100,100,1.0,5192,2076,3111,455,1557.0,2344.5,358.0,358.0,0.6879807692307692,0.1180959499304108,-0.0187293359151871,-0.0679015971458699,0.0679015971458699,0.8807227332233458,0.1192772667766542,1.0,1.0,1.0,False
MHAS,2,intercept_and_slope,0.4,100,100,1.0,5192,2076,3111,455,2076.0,3121.0,477.5,477.5,0.6879807692307692,0.1180918944884017,-0.0187333913571962,-0.06512607144018,0.06512607144018,0.8782410987973035,0.1217589012026965,1.0,1.0,1.0,False
MHAS,2,intercept_and_slope,0.5,100,100,1.0,5192,2076,3111,455,2596.0,3904.0,597.0,597.0,0.6879807692307692,0.1180660459477478,-0.0187592398978501,-0.0659554744893771,0.0659554744893771,0.8843764117613682,0.1156235882386318,1.0,1.0,1.0,False
MHAS,2,intercept_and_slope,0.6,100,100,1.0,5192,2076,3111,455,3115.0,4684.0,717.0,717.0,0.6879807692307692,0.1180826381518432,-0.0187426476937547,-0.0676880789766529,0.0676880789766529,0.8816671161623422,0.1183328838376578,1.0,1.0,1.0,False
MHAS,2,intercept_only,0.05,100,100,1.0,5192,2076,3111,455,259.0,389.0,59.0,59.0,0.6879807692307692,0.1189026238965199,-0.017922661949078,-0.0757056575086929,0.123820384769788,0.7716120693340255,0.2283879306659745,0.71,1.0,1.0,False
MHAS,2,intercept_only,0.1,100,100,1.0,5192,2076,3111,455,519.0,782.0,120.0,120.0,0.6879807692307692,0.1187764535990772,-0.0180488322465206,-0.0652066819985812,0.0842667792028724,0.7716120693340255,0.2283879306659745,0.95,1.0,1.0,True
MHAS,2,intercept_only,0.2,100,100,1.0,5192,2076,3111,455,1038.0,1560.0,238.0,238.0,0.6879807692307692,0.1187649380328359,-0.0180603478127619,-0.0629797671935656,0.0664953225145484,0.7716120693340255,0.2283879306659745,1.0,1.0,1.0,True
MHAS,2,intercept_only,0.3,100,100,1.0,5192,2076,3111,455,1557.0,2344.5,358.0,358.0,0.6879807692307692,0.1188139351133741,-0.0180113507322238,-0.0724010415912049,0.0724010415912049,0.7716120693340255,0.2283879306659745,1.0,1.0,1.0,True
MHAS,2,intercept_only,0.4,100,100,1.0,5192,2076,3111,455,2076.0,3121.0,477.5,477.5,0.6879807692307692,0.1187954452278257,-0.0180298406177722,-0.0689180126459663,0.0689180126459663,0.7716120693340255,0.2283879306659745,1.0,1.0,1.0,True
MHAS,2,intercept_only,0.5,100,100,1.0,5192,2076,3111,455,2596.0,3904.0,597.0,597.0,0.6879807692307692,0.1187957112612465,-0.0180295745843514,-0.0689673769232429,0.0689673769232429,0.7716120693340255,0.2283879306659745,1.0,1.0,1.0,True
MHAS,2,intercept_only,0.6,100,100,1.0,5192,2076,3111,455,3115.0,4684.0,717.0,717.0,0.6879807692307692,0.1188054538511058,-0.0180198319944921,-0.0708140761415055,0.0708140761415055,0.7716120693340255,0.2283879306659745,1.0,1.0,1.0,True
MHAS,2,none,0.0,1,1,1.0,5192,2076,3111,455,0.0,0.0,0.0,0.0,0.6879807692307692,0.1368252858455979,0.0,-0.828894781598459,0.828894781598459,0.7716120693340255,0.2283879306659745,0.0,1.0,1.0,False
MHAS,3,intercept_and_slope,0.05,100,100,1.0,5192,2076,3104,459,259.0,391.0,58.0,58.0,0.7275671201057613,0.1166384099797235,-0.0142684404102776,0.0184194478042994,0.0930645310145749,1.2033382014138767,0.2033382014138768,0.8,1.0,1.0,False
MHAS,3,intercept_and_slope,0.1,100,100,1.0,5192,2076,3104,459,519.0,782.0,118.0,118.0,0.7275671201057613,0.1163177225216917,-0.0145891278683094,-0.0025253474778247,0.0588250452430852,1.2441040115768018,0.2441040115768018,0.98,1.0,1.0,False
MHAS,3,intercept_and_slope,0.2,100,100,1.0,5192,2076,3104,459,1038.0,1562.5,239.0,239.0,0.7275671201057613,0.1162580149103158,-0.0146488354796854,-0.0094147495809368,0.0442015547294177,1.2605151363073808,0.2605151363073809,0.99,1.0,1.0,False
MHAS,3,intercept_and_slope,0.3,100,100,1.0,5192,2076,3104,459,1557.0,2344.5,359.0,359.0,0.7275671201057613,0.1162064787003998,-0.0147003716896014,-0.0167189840188305,0.0317623784073607,1.2555301768058844,0.2555301768058843,1.0,1.0,1.0,False
MHAS,3,intercept_and_slope,0.4,100,100,1.0,5192,2076,3104,459,2076.0,3128.0,475.0,475.0,0.7275671201057613,0.1162151537007677,-0.0146916966892334,-0.002546290602865,0.019369731356268,1.2703074834185166,0.2703074834185167,1.0,1.0,1.0,False
MHAS,3,intercept_and_slope,0.5,100,100,1.0,5192,2076,3104,459,2596.0,3910.0,595.0,595.0,0.7275671201057613,0.1162004744602021,-0.0147063759297991,-0.0057733355533424,0.0145186141968565,1.25387338145529,0.25387338145529,1.0,1.0,1.0,False
MHAS,3,intercept_and_slope,0.6,100,100,1.0,5192,2076,3104,459,3115.0,4692.0,713.0,713.0,0.7275671201057613,0.1161896535227795,-0.0147171968672217,-0.0066539752969796,0.0066539752969796,1.253005749949165,0.253005749949165,1.0,1.0,1.0,False
MHAS,3,intercept_only,0.05,100,100,1.0,5192,2076,3104,459,259.0,391.0,58.0,58.0,0.7275671201057613,0.1164353682881755,-0.0144714821018257,0.0264075705556143,0.105485284981901,0.95479608530015,0.0452039146998499,0.76,1.0,1.0,False
MHAS,3,intercept_only,0.1,100,100,1.0,5192,2076,3104,459,519.0,782.0,118.0,118.0,0.7275671201057613,0.1163276764081208,-0.0145791739818803,0.000543950767999,0.0613867771183826,0.95479608530015,0.0452039146998499,0.96,1.0,1.0,True
MHAS,3,intercept_only,0.2,100,100,1.0,5192,2076,3104,459,1038.0,1562.5,239.0,239.0,0.7275671201057613,0.1163066098588107,-0.0146002405311904,-0.0021484461951621,0.0419779194639327,0.95479608530015,0.0452039146998499,0.99,1.0,1.0,True
MHAS,3,intercept_only,0.3,100,100,1.0,5192,2076,3104,459,1557.0,2344.5,359.0,359.0,0.7275671201057613,0.1162905091500862,-0.0146163412399149,-0.010094512606718,0.0309151816934916,0.95479608530015,0.0452039146998499,1.0,1.0,1.0,True
MHAS,3,intercept_only,0.4,100,100,1.0,5192,2076,3104,459,2076.0,3128.0,475.0,475.0,0.7275671201057613,0.1162748133912605,-0.0146320369987407,0.0056493414520264,0.0214537818410082,0.95479608530015,0.0452039146998499,1.0,1.0,1.0,True
MHAS,3,intercept_only,0.5,100,100,1.0,5192,2076,3104,459,2596.0,3910.0,595.0,595.0,0.7275671201057613,0.1162732190633898,-0.0146336313266114,0.0036849566684393,0.0156896768772941,0.95479608530015,0.0452039146998499,1.0,1.0,1.0,True
MHAS,3,intercept_only,0.6,100,100,1.0,5192,2076,3104,459,3115.0,4692.0,713.0,713.0,0.7275671201057613,0.1162704672959155,-0.0146363830940856,0.0011831587843632,0.0011890784928138,0.95479608530015,0.0452039146998499,1.0,1.0,1.0,True
MHAS,3,none,0.0,1,1,1.0,5192,2076,3104,459,0.0,0.0,0.0,0.0,0.7275671201057613,0.1309068503900012,0.0,-0.7854132044661623,0.7854132044661623,0.95479608530015,0.0452039146998499,0.0,1.0,1.0,False
MHAS,4,intercept_and_slope,0.05,100,100,1.0,5192,2076,3110,464,259.0,390.0,57.0,57.0,0.698232693460526,0.118633970911577,-0.0160075013725364,0.026826597993292,0.1126744930726144,0.9773198330766546,0.1289547461439331,0.84,1.0,1.0,False
MHAS,4,intercept_and_slope,0.1,100,100,1.0,5192,2076,3110,464,519.0,780.0,118.0,118.0,0.698232693460526,0.1183498229411719,-0.0162916493429414,-0.0036424902401804,0.056195709189243,0.9708864683671764,0.1027607911191483,0.94,1.0,1.0,False
MHAS,4,intercept_and_slope,0.2,100,100,1.0,5192,2076,3110,464,1038.0,1562.5,235.0,235.0,0.698232693460526,0.1182370199197263,-0.016404452364387,0.0098040478037461,0.0445939502707896,0.9748038207500116,0.055591023994221,1.0,1.0,1.0,True
MHAS,4,intercept_and_slope,0.3,100,100,1.0,5192,2076,3110,464,1557.0,2342.5,354.0,354.0,0.698232693460526,0.1181815933565006,-0.0164598789276128,-0.0045155888893385,0.0290538293679573,0.9841149098587834,0.0313371192572636,1.0,1.0,1.0,True
MHAS,4,intercept_and_slope,0.4,100,100,1.0,5192,2076,3110,464,2076.0,3125.5,475.0,475.0,0.698232693460526,0.1181699063347449,-0.0164715659493685,-0.0057682606619453,0.0207678044970685,0.9773791627927092,0.0304164103548628,1.0,1.0,1.0,True
MHAS,4,intercept_and_slope,0.5,100,100,1.0,5192,2076,3110,464,2596.0,3907.0,589.0,589.0,0.698232693460526,0.1181520585141655,-0.0164894137699479,0.0027736632593932,0.0108151295139437,0.9798771126999848,0.0221259162258992,1.0,1.0,1.0,True
MHAS,4,intercept_and_slope,0.6,100,100,1.0,5192,2076,3110,464,3115.0,4685.0,708.0,708.0,0.698232693460526,0.1181474641170187,-0.0164940081670946,-0.0004471663340781,0.0005424452245683,0.981763113397976,0.0182368866020239,1.0,1.0,1.0,True
MHAS,4,intercept_only,0.05,100,100,1.0,5192,2076,3110,464,259.0,390.0,57.0,57.0,0.698232693460526,0.1186825250147082,-0.0159589472694052,0.0281336657048494,0.1125414896367828,0.8246191539244169,0.1753808460755831,0.83,1.0,1.0,False
MHAS,4,intercept_only,0.1,100,100,1.0,5192,2076,3110,464,519.0,780.0,118.0,118.0,0.698232693460526,0.1186155633926981,-0.0160259088914152,-0.0020502748058889,0.0569390363494739,0.8246191539244169,0.1753808460755831,0.92,1.0,1.0,True
MHAS,4,intercept_only,0.2,100,100,1.0,5192,2076,3110,464,1038.0,1562.5,235.0,235.0,0.698232693460526,0.1185627166382086,-0.0160787556459047,0.010521679773068,0.045281161710408,0.8246191539244169,0.1753808460755831,1.0,1.0,1.0,True
MHAS,4,intercept_only,0.3,100,100,1.0,5192,2076,3110,464,1557.0,2342.5,354.0,354.0,0.698232693460526,0.1185843527157745,-0.0160571195683389,-0.0039607137581463,0.0287805508912746,0.8246191539244169,0.1753808460755831,1.0,1.0,1.0,True
MHAS,4,intercept_only,0.4,100,100,1.0,5192,2076,3110,464,2076.0,3125.5,475.0,475.0,0.698232693460526,0.1185877276370998,-0.0160537446470136,-0.0054306346772221,0.01998619556556,0.8246191539244169,0.1753808460755831,1.0,1.0,1.0,True
MHAS,4,intercept_only,0.5,100,100,1.0,5192,2076,3110,464,2596.0,3907.0,589.0,589.0,0.698232693460526,0.1185665910457103,-0.0160748812384031,0.0043842073662276,0.0113134055872685,0.8246191539244169,0.1753808460755831,1.0,1.0,1.0,True
MHAS,4,intercept_only,0.6,100,100,1.0,5192,2076,3110,464,3115.0,4685.0,708.0,708.0,0.698232693460526,0.1185733082957369,-0.0160681639883765,0.0010969968495964,0.0010969968495964,0.8246191539244169,0.1753808460755831,1.0,1.0,1.0,True
MHAS,4,none,0.0,1,1,1.0,5192,2076,3110,464,0.0,0.0,0.0,0.0,0.698232693460526,0.1346414722841134,0.0,-0.785451501472574,0.785451501472574,0.8246191539244169,0.1753808460755831,0.0,1.0,1.0,False
MHAS,5,intercept_and_slope,0.05,100,100,1.0,5192,2076,3140,473,259.0,388.5,58.0,58.0,0.7047466054058253,0.1204748616381946,-0.0158332570371331,0.0228090075096697,0.0967143983462646,0.9551724509574262,0.1193370230008461,0.83,1.0,1.0,False
MHAS,5,intercept_and_slope,0.1,100,100,1.0,5192,2076,3140,473,519.0,778.0,116.0,116.0,0.7047466054058253,0.1203055424210984,-0.0160025762542293,0.0336368150011209,0.0718977692448559,0.9520958480323036,0.0888855596397444,0.93,1.0,1.0,True
MHAS,5,intercept_and_slope,0.2,100,100,1.0,5192,2076,3140,473,1038.0,1552.0,234.0,234.0,0.7047466054058253,0.1201715270119989,-0.0161365916633287,0.0186553904493671,0.0454430023370728,0.9607757932357156,0.0541189125439982,1.0,1.0,1.0,True
MHAS,5,intercept_and_slope,0.3,100,100,1.0,5192,2076,3140,473,1557.0,2328.0,350.0,350.0,0.7047466054058253,0.1201654160172238,-0.0161427026581038,0.0179629680330126,0.0306417238765333,0.9512175587654044,0.0543090707350619,1.0,1.0,1.0,True
MHAS,5,intercept_and_slope,0.4,100,100,1.0,5192,2076,3140,473,2076.0,3104.0,466.0,466.0,0.7047466054058253,0.1201334501894929,-0.0161746684858347,0.0134240608776588,0.0220721239879271,0.9599455437183,0.0414422906032538,1.0,1.0,1.0,True
MHAS,5,intercept_and_slope,0.5,100,100,1.0,5192,2076,3140,473,2596.0,3879.0,582.0,582.0,0.7047466054058253,0.1201316085224932,-0.0161765101528345,0.0182323375745556,0.0192999614228869,0.9567972288565932,0.0432027711434067,1.0,1.0,1.0,True
MHAS,5,intercept_and_slope,0.6,100,100,1.0,5192,2076,3140,473,3115.0,4656.0,699.0,699.0,0.7047466054058253,0.120123937928635,-0.0161841807466927,0.0156662555717157,0.0156662555717157,0.958011829787752,0.041988170212248,1.0,1.0,1.0,True
MHAS,5,intercept_only,0.05,100,100,1.0,5192,2076,3140,473,259.0,388.5,58.0,58.0,0.7047466054058253,0.120925747840977,-0.0153823708343506,0.0217844231324765,0.0950623188921153,0.8128105826736637,0.1871894173263363,0.82,1.0,1.0,True
MHAS,5,intercept_only,0.1,100,100,1.0,5192,2076,3140,473,519.0,778.0,116.0,116.0,0.7047466054058253,0.1208424679339489,-0.0154656507413788,0.0392381011254329,0.073555358607069,0.8128105826736637,0.1871894173263363,0.93,1.0,1.0,True
MHAS,5,intercept_only,0.2,100,100,1.0,5192,2076,3140,473,1038.0,1552.0,234.0,234.0,0.7047466054058253,0.1208219354620192,-0.0154861832133084,0.018517975017943,0.0411248082605524,0.8128105826736637,0.1871894173263363,1.0,1.0,1.0,True
MHAS,5,intercept_only,0.3,100,100,1.0,5192,2076,3140,473,1557.0,2328.0,350.0,350.0,0.7047466054058253,0.1208052272080222,-0.0155028914673054,0.0198466336899022,0.0320513324561015,0.8128105826736637,0.1871894173263363,1.0,1.0,1.0,True
MHAS,5,intercept_only,0.4,100,100,1.0,5192,2076,3140,473,2076.0,3104.0,466.0,466.0,0.7047466054058253,0.1208110694214174,-0.0154970492539102,0.0151201088853349,0.0248199506087556,0.8128105826736637,0.1871894173263363,1.0,1.0,1.0,True
MHAS,5,intercept_only,0.5,100,100,1.0,5192,2076,3140,473,2596.0,3879.0,582.0,582.0,0.7047466054058253,0.1208040320701228,-0.0155040866052049,0.0197636761995969,0.0216063904431,0.8128105826736637,0.1871894173263363,1.0,1.0,1.0,True
MHAS,5,intercept_only,0.6,100,100,1.0,5192,2076,3140,473,3115.0,4656.0,699.0,699.0,0.7047466054058253,0.120808331879576,-0.0154997867957516,0.0168724654833608,0.0168724654833608,0.8128105826736637,0.1871894173263363,1.0,1.0,1.0,True
MHAS,5,none,0.0,1,1,1.0,5192,2076,3140,473,0.0,0.0,0.0,0.0,0.7047466054058253,0.1363081186753277,0.0,-0.7760343235946947,0.7760343235946947,0.8128105826736637,0.1871894173263363,0.0,1.0,1.0,False
MHAS,6,intercept_and_slope,0.05,100,100,1.0,5192,2076,3148,489,259.0,385.5,57.0,57.0,0.6975976176907381,0.1233967026809304,-0.0156571228287011,0.0224875271754086,0.1139965242877329,0.9526907607535456,0.1268527989044263,0.83,1.0,1.0,False
MHAS,6,intercept_and_slope,0.1,100,100,1.0,5192,2076,3148,489,519.0,774.0,113.0,113.0,0.6975976176907381,0.1231249363228867,-0.0159288891867448,0.0430080120373142,0.0650624937972549,0.9666658207181008,0.0903484641279285,0.97,1.0,1.0,True
MHAS,6,intercept_and_slope,0.2,100,100,1.0,5192,2076,3148,489,1038.0,1551.5,226.0,226.0,0.6975976176907381,0.1230307666802468,-0.0160230588293847,0.0533988419819735,0.0573283992633711,0.9461434802735772,0.0644581990258089,0.99,1.0,1.0,True
MHAS,6,intercept_and_slope,0.3,100,100,1.0,5192,2076,3148,489,1557.0,2322.5,342.5,342.5,0.6975976176907381,0.1230046910213456,-0.0160491344882859,0.0426171218260057,0.0433774695028249,0.9410577385030748,0.0615279871809967,1.0,1.0,1.0,True
MHAS,6,intercept_and_slope,0.4,100,100,1.0,5192,2076,3148,489,2076.0,3095.0,455.0,455.0,0.6975976176907381,0.1229875880453025,-0.016066237464329,0.0460892471946203,0.0460892471946203,0.9398360612607952,0.0601639387392048,1.0,1.0,1.0,True
MHAS,6,intercept_and_slope,0.5,100,100,1.0,5192,2076,3148,489,2596.0,3873.0,569.0,569.0,0.6975976176907381,0.1229775764911592,-0.0160762490184723,0.0479300894286636,0.0479300894286636,0.9477729505343732,0.0522270494656267,1.0,1.0,1.0,True
MHAS,6,intercept_and_slope,0.6,100,100,1.0,5192,2076,3148,489,3115.0,4647.0,683.0,683.0,0.6975976176907381,0.1229685336219079,-0.0160852918877236,0.0463358375557855,0.0463358375557855,0.9480847148156166,0.0519152851843833,1.0,1.0,1.0,True
MHAS,6,intercept_only,0.05,100,100,1.0,5192,2076,3148,489,259.0,385.5,57.0,57.0,0.6975976176907381,0.123723762134098,-0.0153300633755335,0.0263445745798533,0.1140027752104648,0.8075323913134527,0.1924676086865473,0.78,1.0,1.0,False
MHAS,6,intercept_only,0.1,100,100,1.0,5192,2076,3148,489,519.0,774.0,113.0,113.0,0.6975976176907381,0.1235755322466655,-0.015478293262966,0.0398304857975845,0.069277224061043,0.8075323913134527,0.1924676086865473,0.96,1.0,1.0,True
MHAS,6,intercept_only,0.2,100,100,1.0,5192,2076,3148,489,1038.0,1551.5,226.0,226.0,0.6975976176907381,0.1235265487855638,-0.0155272767240677,0.0522083052107846,0.0547366564119695,0.8075323913134527,0.1924676086865473,0.99,1.0,1.0,True
MHAS,6,intercept_only,0.3,100,100,1.0,5192,2076,3148,489,1557.0,2322.5,342.5,342.5,0.6975976176907381,0.1235161178940487,-0.0155377076155828,0.0413411382975794,0.0423035561170252,0.8075323913134527,0.1924676086865473,1.0,1.0,1.0,True
MHAS,6,intercept_only,0.4,100,100,1.0,5192,2076,3148,489,2076.0,3095.0,455.0,455.0,0.6975976176907381,0.123514624977518,-0.0155392005321135,0.0439045546537038,0.0439045546537038,0.8075323913134527,0.1924676086865473,1.0,1.0,1.0,True
MHAS,6,intercept_only,0.5,100,100,1.0,5192,2076,3148,489,2596.0,3873.0,569.0,569.0,0.6975976176907381,0.1235089034316033,-0.0155449220780282,0.0462688650619448,0.0462688650619448,0.8075323913134527,0.1924676086865473,1.0,1.0,1.0,True
MHAS,6,intercept_only,0.6,100,100,1.0,5192,2076,3148,489,3115.0,4647.0,683.0,683.0,0.6975976176907381,0.1235097307644582,-0.0155440947451733,0.0441651052135162,0.0441651052135162,0.8075323913134527,0.1924676086865473,1.0,1.0,1.0,True
MHAS,6,none,0.0,1,1,1.0,5192,2076,3148,489,0.0,0.0,0.0,0.0,0.6975976176907381,0.1390538255096315,0.0,-0.7601135966285038,0.7601135966285038,0.8075323913134527,0.1924676086865473,0.0,1.0,1.0,False
MHAS,7,intercept_and_slope,0.05,100,100,1.0,5192,2076,3146,477,259.0,386.0,58.0,58.0,0.6954563341981427,0.1209243644850927,-0.0181301136796358,-0.0391520324886531,0.0864156173866179,0.9332440616333416,0.138128984586859,0.89,1.0,1.0,False
MHAS,7,intercept_and_slope,0.1,100,100,1.0,5192,2076,3146,477,519.0,776.5,115.5,115.5,0.6954563341981427,0.1208202152317946,-0.0182342629329339,-0.0224186624266603,0.0731547379541217,0.929846013638178,0.0950821607090935,0.94,1.0,1.0,True
MHAS,7,intercept_and_slope,0.2,100,100,1.0,5192,2076,3146,477,1038.0,1550.5,233.0,233.0,0.6954563341981427,0.1206914714838915,-0.018363006680837,-0.0465300309925924,0.0523611240127545,0.94422652118444,0.0624979594115004,0.99,1.0,1.0,True
MHAS,7,intercept_and_slope,0.3,100,100,1.0,5192,2076,3146,477,1557.0,2323.0,346.0,346.0,0.6954563341981427,0.1206896711808817,-0.0183648069838468,-0.0402187746338475,0.045032718692487,0.9237636583333998,0.0769864147103813,1.0,1.0,1.0,True
MHAS,7,intercept_and_slope,0.4,100,100,1.0,5192,2076,3146,477,2076.0,3099.0,463.0,463.0,0.6954563341981427,0.1206725722255924,-0.0183819059391361,-0.0381251026331494,0.0381251026331494,0.9327441934731394,0.0672558065268605,1.0,1.0,1.0,True
MHAS,7,intercept_and_slope,0.5,100,100,1.0,5192,2076,3146,477,2596.0,3878.0,578.0,578.0,0.6954563341981427,0.1206637160728348,-0.0183907620918937,-0.0390923082730889,0.0390923082730889,0.931246497585564,0.0687535024144358,1.0,1.0,1.0,True
MHAS,7,intercept_and_slope,0.6,100,100,1.0,5192,2076,3146,477,3115.0,4650.0,695.0,695.0,0.6954563341981427,0.1206688647476664,-0.018385613417062,-0.0406418223720714,0.0406418223720714,0.9302654861449116,0.0697345138550883,1.0,1.0,1.0,True
MHAS,7,intercept_only,0.05,100,100,1.0,5192,2076,3146,477,259.0,386.0,58.0,58.0,0.6954563341981427,0.1213397916174003,-0.0177146865473282,-0.0394817486674779,0.0886904656534485,0.7993110065929255,0.2006889934070744,0.89,1.0,1.0,True
MHAS,7,intercept_only,0.1,100,100,1.0,5192,2076,3146,477,519.0,776.5,115.5,115.5,0.6954563341981427,0.1213050691863412,-0.0177494089783872,-0.0340280700286088,0.0737090850425044,0.7993110065929255,0.2006889934070744,0.93,1.0,1.0,True
MHAS,7,intercept_only,0.2,100,100,1.0,5192,2076,3146,477,1038.0,1550.5,233.0,233.0,0.6954563341981427,0.121393422887279,-0.0176610552774494,-0.0578098172202821,0.0593707829250682,0.7993110065929255,0.2006889934070744,0.99,1.0,1.0,True
MHAS,7,intercept_only,0.3,100,100,1.0,5192,2076,3146,477,1557.0,2323.0,346.0,346.0,0.6954563341981427,0.1213482773270216,-0.0177062008377069,-0.0472670607044964,0.0516975734370188,0.7993110065929255,0.2006889934070744,1.0,1.0,1.0,True
MHAS,7,intercept_only,0.4,100,100,1.0,5192,2076,3146,477,2076.0,3099.0,463.0,463.0,0.6954563341981427,0.1213618820575863,-0.0176925961071422,-0.0505469437625424,0.0505469437625424,0.7993110065929255,0.2006889934070744,1.0,1.0,1.0,True
MHAS,7,intercept_only,0.5,100,100,1.0,5192,2076,3146,477,2596.0,3878.0,578.0,578.0,0.6954563341981427,0.1213511293981726,-0.0177033487665558,-0.0479633282916442,0.0479633282916442,0.7993110065929255,0.2006889934070744,1.0,1.0,1.0,True
MHAS,7,intercept_only,0.6,100,100,1.0,5192,2076,3146,477,3115.0,4650.0,695.0,695.0,0.6954563341981427,0.1213615541328952,-0.0176929240318333,-0.0504690476681123,0.0504690476681123,0.7993110065929255,0.2006889934070744,1.0,1.0,1.0,True
MHAS,7,none,0.0,1,1,1.0,5192,2076,3146,477,0.0,0.0,0.0,0.0,0.6954563341981427,0.1390544781647285,0.0,-0.8159412613018237,0.8159412613018237,0.7993110065929255,0.2006889934070744,0.0,1.0,1.0,False
MHAS,8,intercept_and_slope,0.05,100,100,1.0,5192,2076,3130,441,259.0,386.0,60.0,60.0,0.7100161993643372,0.1128619583762678,-0.0174701189395281,-0.083843125726161,0.1105057285674077,1.1154260871351371,0.1367301225158195,0.76,1.0,1.0,False
MHAS,8,intercept_and_slope,0.1,100,100,1.0,5192,2076,3130,441,519.0,778.0,122.0,122.0,0.7100161993643372,0.1127472995942881,-0.0175847777215078,-0.1123635883926355,0.121127719933953,1.1123360233037336,0.1318941583765619,0.77,1.0,1.0,False
MHAS,8,intercept_and_slope,0.2,100,100,1.0,5192,2076,3130,441,1038.0,1551.0,243.0,243.0,0.7100161993643372,0.1125937439601167,-0.0177383333556792,-0.1200203916504374,0.1200203916504374,1.1151202373939908,0.1151202373939908,0.88,1.0,1.0,False
MHAS,8,intercept_and_slope,0.3,100,100,1.0,5192,2076,3130,441,1557.0,2332.0,365.5,365.5,0.7100161993643372,0.1125547205929642,-0.0177773567228317,-0.1166036946777176,0.1166036946777176,1.0951463336334055,0.0951463336334057,0.99,1.0,1.0,False
MHAS,8,intercept_and_slope,0.4,100,100,1.0,5192,2076,3130,441,2076.0,3110.5,487.0,487.0,0.7100161993643372,0.1125059105135561,-0.0178261668022398,-0.1080601962425304,0.1080601962425304,1.0967209800468765,0.0967209800468764,1.0,1.0,1.0,False
MHAS,8,intercept_and_slope,0.5,100,100,1.0,5192,2076,3130,441,2596.0,3890.5,609.5,609.5,0.7100161993643372,0.1125169934101387,-0.0178150839056572,-0.112072335419475,0.112072335419475,1.0925069605971582,0.0925069605971582,1.0,1.0,1.0,False
MHAS,8,intercept_and_slope,0.6,100,100,1.0,5192,2076,3130,441,3115.0,4665.0,731.0,731.0,0.7100161993643372,0.1125074468912637,-0.0178246304245322,-0.1122977818625367,0.1122977818625367,1.0977663575967345,0.0977663575967343,1.0,1.0,1.0,False
MHAS,8,intercept_only,0.05,100,100,1.0,5192,2076,3130,441,259.0,386.0,60.0,60.0,0.7100161993643372,0.1129072879481621,-0.0174247893676338,-0.0884712935237502,0.1163461175186873,0.8823297428719012,0.1176702571280987,0.77,1.0,1.0,False
MHAS,8,intercept_only,0.1,100,100,1.0,5192,2076,3130,441,519.0,778.0,122.0,122.0,0.7100161993643372,0.1129909201933676,-0.0173411571224283,-0.1125613256934488,0.1210973508581939,0.8823297428719012,0.1176702571280987,0.78,1.0,1.0,False
MHAS,8,intercept_only,0.2,100,100,1.0,5192,2076,3130,441,1038.0,1551.0,243.0,243.0,0.7100161993643372,0.1130157478710023,-0.0173163294447936,-0.1172785244588703,0.1172785244588703,0.8823297428719012,0.1176702571280987,0.87,1.0,1.0,False
MHAS,8,intercept_only,0.3,100,100,1.0,5192,2076,3130,441,1557.0,2332.0,365.5,365.5,0.7100161993643372,0.1130188285463957,-0.0173132487694002,-0.1178725844833269,0.1178725844833269,0.8823297428719012,0.1176702571280987,0.97,1.0,1.0,False
MHAS,8,intercept_only,0.4,100,100,1.0,5192,2076,3130,441,2076.0,3110.5,487.0,487.0,0.7100161993643372,0.1129627032860588,-0.0173693740297371,-0.1069851661753269,0.1069851661753269,0.8823297428719012,0.1176702571280987,1.0,1.0,1.0,False
MHAS,8,intercept_only,0.5,100,100,1.0,5192,2076,3130,441,2596.0,3890.5,609.5,609.5,0.7100161993643372,0.1129833967352958,-0.0173486805805001,-0.1110982308429814,0.1110982308429814,0.8823297428719012,0.1176702571280987,1.0,1.0,1.0,False
MHAS,8,intercept_only,0.6,100,100,1.0,5192,2076,3130,441,3115.0,4665.0,731.0,731.0,0.7100161993643372,0.1129850548697067,-0.0173470224460892,-0.1114229031314562,0.1114229031314562,0.8823297428719012,0.1176702571280987,1.0,1.0,1.0,False
MHAS,8,none,0.0,1,1,1.0,5192,2076,3130,441,0.0,0.0,0.0,0.0,0.7100161993643372,0.130332077315796,0.0,-0.8540359595838894,0.8540359595838894,0.8823297428719012,0.1176702571280987,0.0,1.0,1.0,False
MHAS,9,intercept_and_slope,0.05,100,100,1.0,5192,2076,3114,471,259.0,391.0,58.0,58.0,0.6835088159003513,0.1226026087701356,-0.015532700847589,0.0611164075769541,0.1282613846886107,0.779057752174761,0.2231294602937594,0.74,1.0,1.0,False
MHAS,9,intercept_and_slope,0.1,100,100,1.0,5192,2076,3114,471,519.0,779.5,116.0,116.0,0.6835088159003513,0.1223661886684471,-0.0157691209492774,0.0520902767376433,0.0710437871773163,0.7965173030782977,0.2034826969217023,0.94,1.0,1.0,False
MHAS,9,intercept_and_slope,0.2,100,100,1.0,5192,2076,3114,471,1038.0,1560.0,235.0,235.0,0.6835088159003513,0.1222516550390911,-0.0158836545786335,0.0425325020990637,0.0479263325062104,0.8041293837983823,0.1958706162016177,1.0,1.0,1.0,False
MHAS,9,intercept_and_slope,0.3,100,100,1.0,5192,2076,3114,471,1557.0,2339.0,351.0,351.0,0.6835088159003513,0.1221495182740498,-0.0159857913436747,0.0469847899655486,0.0469847899655486,0.8119826508904265,0.1880173491095734,1.0,1.0,1.0,False
MHAS,9,intercept_and_slope,0.4,100,100,1.0,5192,2076,3114,471,2076.0,3121.0,467.0,467.0,0.6835088159003513,0.1221257531551286,-0.016009556462596,0.0528901837240742,0.0528901837240742,0.8091435643948975,0.1908564356051024,1.0,1.0,1.0,False
MHAS,9,intercept_and_slope,0.5,100,100,1.0,5192,2076,3114,471,2596.0,3901.0,585.0,585.0,0.6835088159003513,0.1221332037442311,-0.0160021058734935,0.0516369622745223,0.0516369622745223,0.8079374118743374,0.1920625881256625,1.0,1.0,1.0,False
MHAS,9,intercept_and_slope,0.6,100,100,1.0,5192,2076,3114,471,3115.0,4681.0,701.0,701.0,0.6835088159003513,0.1221152634878224,-0.0160200461299022,0.0525519127935621,0.0525519127935621,0.810621533525635,0.189378466474365,1.0,1.0,1.0,False
MHAS,9,intercept_only,0.05,100,100,1.0,5192,2076,3114,471,259.0,391.0,58.0,58.0,0.6835088159003513,0.1228109242171538,-0.0153243854005708,0.0682264656825847,0.1292089732039044,0.7340617061288716,0.2659382938711284,0.72,1.0,1.0,False
MHAS,9,intercept_only,0.1,100,100,1.0,5192,2076,3114,471,519.0,779.5,116.0,116.0,0.6835088159003513,0.1227224586661102,-0.0154128509516143,0.0537492955703129,0.0781021831784004,0.7340617061288716,0.2659382938711284,0.94,1.0,1.0,True
MHAS,9,intercept_only,0.2,100,100,1.0,5192,2076,3114,471,1038.0,1560.0,235.0,235.0,0.6835088159003513,0.1227010929028773,-0.0154342167148473,0.0467269186317815,0.0519304301689353,0.7340617061288716,0.2659382938711284,1.0,1.0,1.0,True
MHAS,9,intercept_only,0.3,100,100,1.0,5192,2076,3114,471,1557.0,2339.0,351.0,351.0,0.6835088159003513,0.1226989143370113,-0.0154363952807133,0.0538052157741046,0.0538052157741046,0.7340617061288716,0.2659382938711284,1.0,1.0,1.0,True
MHAS,9,intercept_only,0.4,100,100,1.0,5192,2076,3114,471,2076.0,3121.0,467.0,467.0,0.6835088159003513,0.1226819376955647,-0.0154533719221599,0.0562990206447189,0.0562990206447189,0.7340617061288716,0.2659382938711284,1.0,1.0,1.0,True
MHAS,9,intercept_only,0.5,100,100,1.0,5192,2076,3114,471,2596.0,3901.0,585.0,585.0,0.6835088159003513,0.1226831718163247,-0.0154521378013999,0.0554125370610935,0.0554125370610935,0.7340617061288716,0.2659382938711284,1.0,1.0,1.0,True
MHAS,9,intercept_only,0.6,100,100,1.0,5192,2076,3114,471,3115.0,4681.0,701.0,701.0,0.6835088159003513,0.1226808936184291,-0.0154544159992955,0.0570433242596398,0.0570433242596398,0.7340617061288716,0.2659382938711284,1.0,1.0,1.0,True
MHAS,9,none,0.0,1,1,1.0,5192,2076,3114,471,0.0,0.0,0.0,0.0,0.6835088159003513,0.1381353096177246,0.0,-0.751715090143541,0.751715090143541,0.7340617061288716,0.2659382938711284,0.0,1.0,1.0,False
MHAS,10,intercept_and_slope,0.05,100,100,1.0,5192,2076,3120,467,259.0,388.0,59.0,59.0,0.710135429084766,0.1182434503757949,-0.015271344032769,-0.0039400424555912,0.0632013364853062,1.106135725017961,0.1557392075342186,0.84,1.0,1.0,False
MHAS,10,intercept_and_slope,0.1,100,100,1.0,5192,2076,3120,467,519.0,779.0,118.0,118.0,0.710135429084766,0.1180690628856122,-0.0154457315229518,0.022411081773763,0.0432993716532933,1.0414826710485032,0.1008302993155666,0.98,1.0,1.0,False
MHAS,10,intercept_and_slope,0.2,100,100,1.0,5192,2076,3120,467,1038.0,1559.0,235.0,235.0,0.710135429084766,0.1179657508663439,-0.0155490435422201,0.0244012975990954,0.0409483891763452,1.0631975974244454,0.0675598787377105,0.99,1.0,1.0,True
MHAS,10,intercept_and_slope,0.3,100,100,1.0,5192,2076,3120,467,1557.0,2339.5,353.5,353.5,0.710135429084766,0.1179176783709761,-0.0155971160375878,0.0080192311181786,0.0305307735964848,1.0893278875315042,0.0893278875315043,1.0,1.0,1.0,True
MHAS,10,intercept_and_slope,0.4,100,100,1.0,5192,2076,3120,467,2076.0,3115.0,470.0,470.0,0.710135429084766,0.117901825059486,-0.0156129693490779,0.0093467115635399,0.0227847946603181,1.0706752275114326,0.0706752275114326,1.0,1.0,1.0,True
MHAS,10,intercept_and_slope,0.5,100,100,1.0,5192,2076,3120,467,2596.0,3899.0,587.5,587.5,0.710135429084766,0.1178981148479454,-0.0156166795606186,0.0121511285684807,0.0165568279510806,1.07513511347819,0.0751351134781901,1.0,1.0,1.0,True
MHAS,10,intercept_and_slope,0.6,100,100,1.0,5192,2076,3120,467,3115.0,4675.0,705.0,705.0,0.710135429084766,0.1178908218886533,-0.0156239725199107,0.0104493434493684,0.0104493434493684,1.0753312856177693,0.0753312856177692,1.0,1.0,1.0,True
MHAS,10,intercept_only,0.05,100,100,1.0,5192,2076,3120,467,259.0,388.0,59.0,59.0,0.710135429084766,0.1183394177741283,-0.0151753766344356,-0.0014474349910427,0.0716535104950801,0.8704182483688704,0.1295817516311296,0.82,1.0,1.0,True
MHAS,10,intercept_only,0.1,100,100,1.0,5192,2076,3120,467,519.0,779.0,118.0,118.0,0.710135429084766,0.1182344431994195,-0.0152803512091445,0.0259957444308751,0.0530279615531112,0.8704182483688704,0.1295817516311296,0.97,1.0,1.0,True
MHAS,10,intercept_only,0.2,100,100,1.0,5192,2076,3120,467,1038.0,1559.0,235.0,235.0,0.710135429084766,0.1182128461220372,-0.0153019482865268,0.0262634695213208,0.0428676983704421,0.8704182483688704,0.1295817516311296,0.98,1.0,1.0,True
MHAS,10,intercept_only,0.3,100,100,1.0,5192,2076,3120,467,1557.0,2339.5,353.5,353.5,0.710135429084766,0.1182186314583487,-0.0152961629502153,0.0147110732014138,0.0320788772920725,0.8704182483688704,0.1295817516311296,1.0,1.0,1.0,True
MHAS,10,intercept_only,0.4,100,100,1.0,5192,2076,3120,467,2076.0,3115.0,470.0,470.0,0.710135429084766,0.1182070293446281,-0.0153077650639358,0.012697557619523,0.0245675083857897,0.8704182483688704,0.1295817516311296,1.0,1.0,1.0,True
MHAS,10,intercept_only,0.5,100,100,1.0,5192,2076,3120,467,2596.0,3899.0,587.5,587.5,0.710135429084766,0.118205876546321,-0.015308917862243,0.0137590124197096,0.0169418304500845,0.8704182483688704,0.1295817516311296,1.0,1.0,1.0,True
MHAS,10,intercept_only,0.6,100,100,1.0,5192,2076,3120,467,3115.0,4675.0,705.0,705.0,0.710135429084766,0.1182059666410038,-0.0153088277675602,0.0136606386000296,0.0136606386000296,0.8704182483688704,0.1295817516311296,1.0,1.0,1.0,True
MHAS,10,none,0.0,1,1,1.0,5192,2076,3120,467,0.0,0.0,0.0,0.0,0.710135429084766,0.133514794408564,0.0,-0.7778937536455832,0.7778937536455832,0.8704182483688704,0.1295817516311296,0.0,1.0,1.0,False
MHAS,11,intercept_and_slope,0.05,100,100,1.0,5192,2076,3132,462,259.0,387.5,59.0,59.0,0.6951643238160092,0.1178458479472753,-0.0167829102344571,-0.0354024391975657,0.0810791692286256,0.9728440814054152,0.140185652171655,0.8,1.0,1.0,False
MHAS,11,intercept_and_slope,0.1,100,100,1.0,5192,2076,3132,462,519.0,777.0,117.0,117.0,0.6951643238160092,0.1175053814676968,-0.0171233767140357,-0.0365362805549492,0.0710374234019373,0.986746959570434,0.0976700685329853,0.9,1.0,1.0,True
MHAS,11,intercept_and_slope,0.2,100,100,1.0,5192,2076,3132,462,1038.0,1555.5,235.0,235.0,0.6951643238160092,0.117374855539712,-0.0172539026420204,-0.0267008339264929,0.0425357088951246,0.9698624064083016,0.055325445182784,1.0,1.0,1.0,True
MHAS,11,intercept_and_slope,0.3,100,100,1.0,5192,2076,3132,462,1557.0,2329.0,356.0,356.0,0.6951643238160092,0.1173652833841733,-0.0172634747975591,-0.0449736526429768,0.0463181503889018,0.9826538848949224,0.0454845821249083,1.0,1.0,1.0,True
MHAS,11,intercept_and_slope,0.4,100,100,1.0,5192,2076,3132,462,2076.0,3108.0,471.0,471.0,0.6951643238160092,0.117347296565242,-0.0172814616164904,-0.0320598547883385,0.0320598547883385,0.9777724073317816,0.0329002199663381,1.0,1.0,1.0,True
MHAS,11,intercept_and_slope,0.5,100,100,1.0,5192,2076,3132,462,2596.0,3887.0,592.0,592.0,0.6951643238160092,0.1173380721245959,-0.0172906860571365,-0.0385917826827197,0.0385917826827197,0.9738371619118716,0.0267990939265136,1.0,1.0,1.0,True
MHAS,11,intercept_and_slope,0.6,100,100,1.0,5192,2076,3132,462,3115.0,4664.0,710.0,710.0,0.6951643238160092,0.1173313022188711,-0.0172974559628613,-0.0379577242720821,0.0379577242720821,0.974162503520688,0.0258374964793119,1.0,1.0,1.0,True
MHAS,11,intercept_only,0.05,100,100,1.0,5192,2076,3132,462,259.0,387.5,59.0,59.0,0.6951643238160092,0.1178929004989208,-0.0167358576828116,-0.034914138104188,0.0935193277304855,0.8205938075392958,0.1794061924607042,0.78,1.0,1.0,True
MHAS,11,intercept_only,0.1,100,100,1.0,5192,2076,3132,462,519.0,777.0,117.0,117.0,0.6951643238160092,0.1178544331062698,-0.0167743250754626,-0.0337703188080958,0.0767903283901666,0.8205938075392958,0.1794061924607042,0.9,1.0,1.0,True
MHAS,11,intercept_only,0.2,100,100,1.0,5192,2076,3132,462,1038.0,1555.5,235.0,235.0,0.6951643238160092,0.1177945464108976,-0.0168342117708348,-0.0229246751636995,0.0443795759542999,0.8205938075392958,0.1794061924607042,1.0,1.0,1.0,True
MHAS,11,intercept_only,0.3,100,100,1.0,5192,2076,3132,462,1557.0,2329.0,356.0,356.0,0.6951643238160092,0.1178639257937493,-0.0167648323879831,-0.0443877028110629,0.0458475077186362,0.8205938075392958,0.1794061924607042,1.0,1.0,1.0,True
MHAS,11,intercept_only,0.4,100,100,1.0,5192,2076,3132,462,2076.0,3108.0,471.0,471.0,0.6951643238160092,0.1178201610300174,-0.016808597151715,-0.031433921521865,0.0333651378279942,0.8205938075392958,0.1794061924607042,1.0,1.0,1.0,True
MHAS,11,intercept_only,0.5,100,100,1.0,5192,2076,3132,462,2596.0,3887.0,592.0,592.0,0.6951643238160092,0.1178386619275336,-0.0167900962541988,-0.0371196043065633,0.0371196043065633,0.8205938075392958,0.1794061924607042,1.0,1.0,1.0,True
MHAS,11,intercept_only,0.6,100,100,1.0,5192,2076,3132,462,3115.0,4664.0,710.0,710.0,0.6951643238160092,0.1178403501374686,-0.0167884080442638,-0.0376256207331538,0.0376256207331538,0.8205938075392958,0.1794061924607042,1.0,1.0,1.0,True
MHAS,11,none,0.0,1,1,1.0,5192,2076,3132,462,0.0,0.0,0.0,0.0,0.6951643238160092,0.1346287581817325,0.0,-0.8087641471882192,0.8087641471882192,0.8205938075392958,0.1794061924607042,0.0,1.0,1.0,False
MHAS,12,intercept_and_slope,0.05,100,100,1.0,5192,2076,3104,478,259.0,390.0,57.0,57.0,0.7025874980481633,0.1214455086551982,-0.0141214216074742,0.1047060854301405,0.1334707350191391,1.0407519399619432,0.1324348314685642,0.76,1.0,1.0,False
MHAS,12,intercept_and_slope,0.1,100,100,1.0,5192,2076,3104,478,519.0,781.5,116.0,116.0,0.7025874980481633,0.1211360069952986,-0.0144309232673738,0.0726956676326089,0.0853375416324936,1.0155944652735744,0.0819635297214145,0.91,1.0,1.0,True
MHAS,12,intercept_and_slope,0.2,100,100,1.0,5192,2076,3104,478,1038.0,1562.0,232.0,232.0,0.7025874980481633,0.1210173004922647,-0.0145496297704077,0.0590751730500941,0.0620536010357264,1.017287042841801,0.0566748958190485,0.99,1.0,1.0,True
MHAS,12,intercept_and_slope,0.3,100,100,1.0,5192,2076,3104,478,1557.0,2344.0,349.0,349.0,0.7025874980481633,0.1210096399157993,-0.0145572903468731,0.0739618486835929,0.0739618486835929,1.0484771055121138,0.0550874520676185,0.99,1.0,1.0,True
MHAS,12,intercept_and_slope,0.4,100,100,1.0,5192,2076,3104,478,2076.0,3127.5,460.0,460.0,0.7025874980481633,0.1210101903234984,-0.014556739939174,0.0814015385942805,0.0814015385942805,1.039775315022354,0.0397753150223538,1.0,1.0,1.0,True
MHAS,12,intercept_and_slope,0.5,100,100,1.0,5192,2076,3104,478,2596.0,3910.5,578.0,578.0,0.7025874980481633,0.1209871120580685,-0.0145798182046039,0.0738743835156481,0.0738743835156481,1.0339387266862536,0.0339387266862536,1.0,1.0,1.0,True
MHAS,12,intercept_and_slope,0.6,100,100,1.0,5192,2076,3104,478,3115.0,4692.0,694.0,694.0,0.7025874980481633,0.1209910691776067,-0.0145758610850657,0.0742176105532062,0.0742176105532062,1.038301722659325,0.038301722659325,1.0,1.0,1.0,True
MHAS,12,intercept_only,0.05,100,100,1.0,5192,2076,3104,478,259.0,390.0,57.0,57.0,0.7025874980481633,0.1213896152153615,-0.0141773150473109,0.1109084431522224,0.1412426656961691,0.8533832722524254,0.1466167277475746,0.75,1.0,1.0,False
MHAS,12,intercept_only,0.1,100,100,1.0,5192,2076,3104,478,519.0,781.5,116.0,116.0,0.7025874980481633,0.121300365285513,-0.0142665649771594,0.0780728846626729,0.0831595372244065,0.8533832722524254,0.1466167277475746,0.91,1.0,1.0,True
MHAS,12,intercept_only,0.2,100,100,1.0,5192,2076,3104,478,1038.0,1562.0,232.0,232.0,0.7025874980481633,0.1212348605566236,-0.0143320697060488,0.0669198989458801,0.0679055842661849,0.8533832722524254,0.1466167277475746,0.99,1.0,1.0,True
MHAS,12,intercept_only,0.3,100,100,1.0,5192,2076,3104,478,1557.0,2344.0,349.0,349.0,0.7025874980481633,0.1212285408800705,-0.0143383893826019,0.0824982067126967,0.0824982067126967,0.8533832722524254,0.1466167277475746,0.99,1.0,1.0,True
MHAS,12,intercept_only,0.4,100,100,1.0,5192,2076,3104,478,2076.0,3127.5,460.0,460.0,0.7025874980481633,0.1212277591179865,-0.0143391711446859,0.0877369879368553,0.0877369879368553,0.8533832722524254,0.1466167277475746,1.0,1.0,1.0,True
MHAS,12,intercept_only,0.5,100,100,1.0,5192,2076,3104,478,2596.0,3910.5,578.0,578.0,0.7025874980481633,0.1212203532275556,-0.0143465770351168,0.0808539715622124,0.0808539715622124,0.8533832722524254,0.1466167277475746,1.0,1.0,1.0,True
MHAS,12,intercept_only,0.6,100,100,1.0,5192,2076,3104,478,3115.0,4692.0,694.0,694.0,0.7025874980481633,0.1212204538324349,-0.0143464764302375,0.080981221529678,0.080981221529678,0.8533832722524254,0.1466167277475746,1.0,1.0,1.0,True
MHAS,12,none,0.0,1,1,1.0,5192,2076,3104,478,0.0,0.0,0.0,0.0,0.7025874980481633,0.1355669302626725,0.0,-0.7375786044413996,0.7375786044413996,0.8533832722524254,0.1466167277475746,0.0,1.0,1.0,False
MHAS,13,intercept_and_slope,0.05,100,100,1.0,5192,2076,3082,474,259.0,392.0,57.5,57.5,0.701076774481634,0.1227663397723329,-0.0154463786544567,0.0425614242063577,0.0874476599629471,0.9666395416933689,0.1228790291557889,0.83,1.0,1.0,False
MHAS,13,intercept_and_slope,0.1,100,100,1.0,5192,2076,3082,474,519.0,783.5,116.0,116.0,0.701076774481634,0.1226185413228047,-0.015594177103985,0.051092739892533,0.0758101119333775,0.9708145133211852,0.0984072448335207,0.93,1.0,1.0,True
MHAS,13,intercept_and_slope,0.2,100,100,1.0,5192,2076,3082,474,1038.0,1570.5,230.0,230.0,0.701076774481634,0.122548272967992,-0.0156644454587976,0.0491108213762779,0.0569670357839218,0.9473192333006232,0.0660672387044757,0.98,1.0,1.0,True
MHAS,13,intercept_and_slope,0.3,100,100,1.0,5192,2076,3082,474,1557.0,2355.0,349.5,349.5,0.701076774481634,0.1224577752613109,-0.0157549431654787,0.0465503384187296,0.0466965902628538,0.9602557859911623,0.0474289138094988,1.0,1.0,1.0,True
MHAS,13,intercept_and_slope,0.4,100,100,1.0,5192,2076,3082,474,2076.0,3144.0,463.0,463.0,0.701076774481634,0.1224840258545333,-0.0157286925722563,0.0540094763119537,0.0540094763119537,0.9528997569571548,0.0476874922029193,1.0,1.0,1.0,True
MHAS,13,intercept_and_slope,0.5,100,100,1.0,5192,2076,3082,474,2596.0,3926.5,582.0,582.0,0.701076774481634,0.1224553734024778,-0.0157573450243119,0.0457014183658715,0.0457014183658715,0.9489478552168772,0.0510521447831227,1.0,1.0,1.0,True
MHAS,13,intercept_and_slope,0.6,100,100,1.0,5192,2076,3082,474,3115.0,4713.5,698.0,698.0,0.701076774481634,0.1224377458677183,-0.0157749725590714,0.0459945897137274,0.0459945897137274,0.9548421813850096,0.0451578186149903,1.0,1.0,1.0,True
MHAS,13,intercept_only,0.05,100,100,1.0,5192,2076,3082,474,259.0,392.0,57.5,57.5,0.701076774481634,0.1231883465271297,-0.0150243718996599,0.0487115679034129,0.0902755617734471,0.8107393628320094,0.1892606371679905,0.83,1.0,1.0,True
MHAS,13,intercept_only,0.1,100,100,1.0,5192,2076,3082,474,519.0,783.5,116.0,116.0,0.701076774481634,0.1231224403311682,-0.0150902780956214,0.0553822477335527,0.080492134942481,0.8107393628320094,0.1892606371679905,0.92,1.0,1.0,True
MHAS,13,intercept_only,0.2,100,100,1.0,5192,2076,3082,474,1038.0,1570.5,230.0,230.0,0.701076774481634,0.1230944687648969,-0.0151182496618928,0.0550547356442503,0.0577200840014409,0.8107393628320094,0.1892606371679905,0.98,1.0,1.0,True
MHAS,13,intercept_only,0.3,100,100,1.0,5192,2076,3082,474,1557.0,2355.0,349.5,349.5,0.701076774481634,0.1230884996726132,-0.0151242187541765,0.0465464035767372,0.0479687649256618,0.8107393628320094,0.1892606371679905,1.0,1.0,1.0,True
MHAS,13,intercept_only,0.4,100,100,1.0,5192,2076,3082,474,2076.0,3144.0,463.0,463.0,0.701076774481634,0.1230748356335031,-0.0151378827932865,0.0552267199263883,0.0552267199263883,0.8107393628320094,0.1892606371679905,1.0,1.0,1.0,True
MHAS,13,intercept_only,0.5,100,100,1.0,5192,2076,3082,474,2596.0,3926.5,582.0,582.0,0.701076774481634,0.1230717275336494,-0.0151409908931402,0.0462844808289868,0.0462844808289868,0.8107393628320094,0.1892606371679905,1.0,1.0,1.0,True
MHAS,13,intercept_only,0.6,100,100,1.0,5192,2076,3082,474,3115.0,4713.5,698.0,698.0,0.701076774481634,0.1230706866048636,-0.015142031821926,0.0471868917292708,0.0471868917292708,0.8107393628320094,0.1892606371679905,1.0,1.0,1.0,True
MHAS,13,none,0.0,1,1,1.0,5192,2076,3082,474,0.0,0.0,0.0,0.0,0.701076774481634,0.1382127184267897,0.0,-0.7578121828202525,0.7578121828202525,0.8107393628320094,0.1892606371679905,0.0,1.0,1.0,False
MHAS,14,intercept_and_slope,0.05,100,100,1.0,5192,2076,3121,467,259.0,388.5,59.0,59.0,0.6994827410929969,0.120575689868253,-0.0168962496420597,-0.0361495660965895,0.1054271133879498,0.9190145364365636,0.1309337023078629,0.82,1.0,1.0,False
MHAS,14,intercept_and_slope,0.1,100,100,1.0,5192,2076,3121,467,519.0,780.0,119.0,119.0,0.6994827410929969,0.1204049272891796,-0.0170670122211331,-0.0397566825400525,0.0566535647425341,0.9165177479323,0.1068624087480517,0.94,1.0,1.0,False
MHAS,14,intercept_and_slope,0.2,100,100,1.0,5192,2076,3121,467,1038.0,1556.0,238.0,238.0,0.6994827410929969,0.1202451078014501,-0.0172268317088626,-0.037468601946313,0.0498704865650469,0.9360408321307632,0.0773762281784717,1.0,1.0,1.0,True
MHAS,14,intercept_and_slope,0.3,100,100,1.0,5192,2076,3121,467,1557.0,2336.0,350.0,350.0,0.6994827410929969,0.1201974568179741,-0.0172744826923386,-0.0119399703437531,0.0301002297145147,0.9324776428475918,0.0722078160174285,1.0,1.0,1.0,True
MHAS,14,intercept_and_slope,0.4,100,100,1.0,5192,2076,3121,467,2076.0,3114.0,469.5,469.5,0.6994827410929969,0.1201922633950749,-0.0172796761152379,-0.0163423173919593,0.0207192154034631,0.9302542426011108,0.069745757398889,1.0,1.0,1.0,True
MHAS,14,intercept_and_slope,0.5,100,100,1.0,5192,2076,3121,467,2596.0,3894.5,587.5,587.5,0.6994827410929969,0.120195905568379,-0.0172760339419337,-0.0171545992187986,0.0178442187071924,0.9278003585144936,0.0721996414855063,1.0,1.0,1.0,True
MHAS,14,intercept_and_slope,0.6,100,100,1.0,5192,2076,3121,467,3115.0,4674.0,705.0,705.0,0.6994827410929969,0.120185021951531,-0.0172869175587817,-0.0173810454708923,0.0173810454708923,0.9288496083879176,0.0711503916120823,1.0,1.0,1.0,True
MHAS,14,intercept_only,0.05,100,100,1.0,5192,2076,3121,467,259.0,388.5,59.0,59.0,0.6994827410929969,0.1212234131806643,-0.0162485263296484,-0.045706692346415,0.1071337916506042,0.7973953038224697,0.2026046961775303,0.81,1.0,1.0,False
MHAS,14,intercept_only,0.1,100,100,1.0,5192,2076,3121,467,519.0,780.0,119.0,119.0,0.6994827410929969,0.1211018079122183,-0.0163701315980944,-0.0389916235278802,0.0620395736407501,0.7973953038224697,0.2026046961775303,0.94,1.0,1.0,True
MHAS,14,intercept_only,0.2,100,100,1.0,5192,2076,3121,467,1038.0,1556.0,238.0,238.0,0.6994827410929969,0.1211033978380327,-0.0163685416722801,-0.0394141306581147,0.0529587707399991,0.7973953038224697,0.2026046961775303,1.0,1.0,1.0,True
MHAS,14,intercept_only,0.3,100,100,1.0,5192,2076,3121,467,1557.0,2336.0,350.0,350.0,0.6994827410929969,0.1210108803644216,-0.0164610591458911,-0.0113025460984246,0.0297113893220142,0.7973953038224697,0.2026046961775303,1.0,1.0,1.0,True
MHAS,14,intercept_only,0.4,100,100,1.0,5192,2076,3121,467,2076.0,3114.0,469.5,469.5,0.6994827410929969,0.1210271116520932,-0.0164448278582195,-0.0168759221299374,0.0219218535164682,0.7973953038224697,0.2026046961775303,1.0,1.0,1.0,True
MHAS,14,intercept_only,0.5,100,100,1.0,5192,2076,3121,467,2596.0,3894.5,587.5,587.5,0.6994827410929969,0.1210329343734915,-0.0164390051368213,-0.018793614564897,0.0189631633042065,0.7973953038224697,0.2026046961775303,1.0,1.0,1.0,True
MHAS,14,intercept_only,0.6,100,100,1.0,5192,2076,3121,467,3115.0,4674.0,705.0,705.0,0.6994827410929969,0.1210325923259812,-0.0164393471843315,-0.018682120216317,0.018682120216317,0.7973953038224697,0.2026046961775303,1.0,1.0,1.0,True
MHAS,14,none,0.0,1,1,1.0,5192,2076,3121,467,0.0,0.0,0.0,0.0,0.6994827410929969,0.1374719395103128,0.0,-0.7973181469610221,0.7973181469610221,0.7973953038224697,0.2026046961775303,0.0,1.0,1.0,False
MHAS,15,intercept_and_slope,0.05,100,100,1.0,5192,2076,3137,467,259.0,386.0,60.0,60.0,0.7170660603581711,0.1179325355075464,-0.0150302885448683,-0.0192914848654437,0.1133923904497896,1.0548736816136095,0.1343515687603605,0.77,1.0,1.0,False
MHAS,15,intercept_and_slope,0.1,100,100,1.0,5192,2076,3137,467,519.0,777.0,117.0,117.0,0.7170660603581711,0.1175715468619312,-0.0153912771904835,-0.004493836698936,0.0512244729413097,1.1189609342494773,0.1362692176881519,0.97,1.0,1.0,False
MHAS,15,intercept_and_slope,0.2,100,100,1.0,5192,2076,3137,467,1038.0,1552.0,235.0,235.0,0.7170660603581711,0.1174445746230414,-0.0155182494293733,-0.0118785001042276,0.0406757682730325,1.134591212157176,0.1345912121571759,1.0,1.0,1.0,False
MHAS,15,intercept_and_slope,0.3,100,100,1.0,5192,2076,3137,467,1557.0,2326.0,351.0,351.0,0.7170660603581711,0.1174324623316186,-0.0155303617207961,0.0005256003560849,0.0210022719755758,1.1429193118658751,0.1429193118658751,1.0,1.0,1.0,False
MHAS,15,intercept_and_slope,0.4,100,100,1.0,5192,2076,3137,467,2076.0,3106.0,467.0,467.0,0.7170660603581711,0.1173951381451362,-0.0155676859072785,9.076392064764724e-05,0.019750031981868,1.1323995186481333,0.1323995186481333,1.0,1.0,1.0,False
MHAS,15,intercept_and_slope,0.5,100,100,1.0,5192,2076,3137,467,2596.0,3883.0,590.5,590.5,0.7170660603581711,0.1173748810573947,-0.01558794299502,-0.0061434499422406,0.0128487880189164,1.132270637986565,0.132270637986565,1.0,1.0,1.0,False
MHAS,15,intercept_and_slope,0.6,100,100,1.0,5192,2076,3137,467,3115.0,4658.5,705.0,705.0,0.7170660603581711,0.1173782876607356,-0.0155845363916791,-0.0045298037731527,0.0045298037731527,1.1322264101731931,0.1322264101731931,1.0,1.0,1.0,False
MHAS,15,intercept_only,0.05,100,100,1.0,5192,2076,3137,467,259.0,386.0,60.0,60.0,0.7170660603581711,0.1179400499204801,-0.0150227741319346,-0.0162344276521824,0.111246959972327,0.897723618918141,0.1022763810818589,0.74,1.0,1.0,False
MHAS,15,intercept_only,0.1,100,100,1.0,5192,2076,3137,467,519.0,777.0,117.0,117.0,0.7170660603581711,0.1177579479812721,-0.0152048760711426,0.0003146892492372,0.0586011269393636,0.897723618918141,0.1022763810818589,0.97,1.0,1.0,True
MHAS,15,intercept_only,0.2,100,100,1.0,5192,2076,3137,467,1038.0,1552.0,235.0,235.0,0.7170660603581711,0.117753234609173,-0.0152095894432417,-0.0128234895235099,0.0423857294107444,0.897723618918141,0.1022763810818589,1.0,1.0,1.0,True
MHAS,15,intercept_only,0.3,100,100,1.0,5192,2076,3137,467,1557.0,2326.0,351.0,351.0,0.7170660603581711,0.1177206375798672,-0.0152421864725475,0.0035851752932362,0.0238601226925731,0.897723618918141,0.1022763810818589,1.0,1.0,1.0,True
MHAS,15,intercept_only,0.4,100,100,1.0,5192,2076,3137,467,2076.0,3106.0,467.0,467.0,0.7170660603581711,0.1177150474040019,-0.0152477766484128,0.0031226114611725,0.0199979080707728,0.897723618918141,0.1022763810818589,1.0,1.0,1.0,True
MHAS,15,intercept_only,0.5,100,100,1.0,5192,2076,3137,467,2596.0,3883.0,590.5,590.5,0.7170660603581711,0.1177202557586703,-0.0152425682937444,-0.002681213483951,0.0156385789519206,0.897723618918141,0.1022763810818589,1.0,1.0,1.0,True
MHAS,15,intercept_only,0.6,100,100,1.0,5192,2076,3137,467,3115.0,4658.5,705.0,705.0,0.7170660603581711,0.1177177772194704,-0.0152450468329443,-0.0006485479389944,0.0007257315556039,0.897723618918141,0.1022763810818589,1.0,1.0,1.0,True
MHAS,15,none,0.0,1,1,1.0,5192,2076,3137,467,0.0,0.0,0.0,0.0,0.7170660603581711,0.1329628240524148,0.0,-0.7865269978485127,0.7865269978485127,0.897723618918141,0.1022763810818589,0.0,1.0,1.0,False
MHAS,16,intercept_and_slope,0.05,100,100,1.0,5192,2076,3135,470,259.0,386.0,59.0,59.0,0.7079246337471558,0.1193439275988216,-0.0146900674441266,-0.0007635964353824,0.0761428070177577,1.0285986463088312,0.1095564946077123,0.88,1.0,1.0,False
MHAS,16,intercept_and_slope,0.1,100,100,1.0,5192,2076,3135,470,519.0,776.0,120.0,120.0,0.7079246337471558,0.1192380026919718,-0.0147959923509765,-0.0003959590030334,0.0626846419894708,0.9833329354798712,0.0840996381964687,0.97,1.0,1.0,True
MHAS,16,intercept_and_slope,0.2,100,100,1.0,5192,2076,3135,470,1038.0,1554.0,234.0,234.0,0.7079246337471558,0.1190905658592459,-0.0149434291837024,0.0357587794353501,0.0487553791574489,1.013810653464805,0.0517123844374804,0.99,1.0,1.0,True
MHAS,16,intercept_and_slope,0.3,100,100,1.0,5192,2076,3135,470,1557.0,2327.5,350.0,350.0,0.7079246337471558,0.1190601629021123,-0.014973832140836,0.0347091053999045,0.0391182024012727,1.0065769412476389,0.0384606660895628,1.0,1.0,1.0,True
MHAS,16,intercept_and_slope,0.4,100,100,1.0,5192,2076,3135,470,2076.0,3107.0,466.0,466.0,0.7079246337471558,0.1190382076199336,-0.0149957874230146,0.0298708293742048,0.0313870299837467,1.0140481244333708,0.0243654108673149,1.0,1.0,1.0,True
MHAS,16,intercept_and_slope,0.5,100,100,1.0,5192,2076,3135,470,2596.0,3884.0,586.0,586.0,0.7079246337471558,0.1190213092988636,-0.0150126857440847,0.0242297870767964,0.0242297870767964,1.016929880069858,0.0197281239717731,1.0,1.0,1.0,True
MHAS,16,intercept_and_slope,0.6,100,100,1.0,5192,2076,3135,470,3115.0,4660.0,702.0,702.0,0.7079246337471558,0.1190193507867546,-0.0150146442561936,0.02920473542142,0.02920473542142,1.0136022679807868,0.0136022679807867,1.0,1.0,1.0,True
MHAS,16,intercept_only,0.05,100,100,1.0,5192,2076,3135,470,259.0,386.0,59.0,59.0,0.7079246337471558,0.1196684762486653,-0.014365518794283,0.0148036680530581,0.089181146007642,0.8408786406195314,0.1591213593804685,0.87,1.0,1.0,True
MHAS,16,intercept_only,0.1,100,100,1.0,5192,2076,3135,470,519.0,776.0,120.0,120.0,0.7079246337471558,0.1196252964606588,-0.0144086985822895,0.0189817878185759,0.0593790797555856,0.8408786406195314,0.1591213593804685,0.95,1.0,1.0,True
MHAS,16,intercept_only,0.2,100,100,1.0,5192,2076,3135,470,1038.0,1554.0,234.0,234.0,0.7079246337471558,0.1195698509800732,-0.0144641440628751,0.0425371995532991,0.0541161962718375,0.8408786406195314,0.1591213593804685,0.99,1.0,1.0,True
MHAS,16,intercept_only,0.3,100,100,1.0,5192,2076,3135,470,1557.0,2327.5,350.0,350.0,0.7079246337471558,0.1195551136209197,-0.0144788814220286,0.043003979298117,0.0466580145084976,0.8408786406195314,0.1591213593804685,1.0,1.0,1.0,True
MHAS,16,intercept_only,0.4,100,100,1.0,5192,2076,3135,470,2076.0,3107.0,466.0,466.0,0.7079246337471558,0.1195467605390953,-0.014487234503853,0.0366588950634076,0.0374796622515549,0.8408786406195314,0.1591213593804685,1.0,1.0,1.0,True
MHAS,16,intercept_only,0.5,100,100,1.0,5192,2076,3135,470,2596.0,3884.0,586.0,586.0,0.7079246337471558,0.1195451928142233,-0.014488802228725,0.0343198363788511,0.0343198363788511,0.8408786406195314,0.1591213593804685,1.0,1.0,1.0,True
MHAS,16,intercept_only,0.6,100,100,1.0,5192,2076,3135,470,3115.0,4660.0,702.0,702.0,0.7079246337471558,0.1195419257861535,-0.0144920692567947,0.037233597621799,0.037233597621799,0.8408786406195314,0.1591213593804685,1.0,1.0,1.0,True
MHAS,16,none,0.0,1,1,1.0,5192,2076,3135,470,0.0,0.0,0.0,0.0,0.7079246337471558,0.1340339950429483,0.0,-0.7637067806379523,0.7637067806379523,0.8408786406195314,0.1591213593804685,0.0,1.0,1.0,False
MHAS,17,intercept_and_slope,0.05,100,100,1.0,5192,2076,3100,437,259.0,389.5,61.0,61.0,0.7030619619138787,0.1135767040773796,-0.0187630749181908,-0.1293064659142331,0.1406448770011519,0.9948303902046572,0.0974124077249447,0.72,1.0,1.0,False
MHAS,17,intercept_and_slope,0.1,100,100,1.0,5192,2076,3100,437,519.0,781.5,120.0,120.0,0.7030619619138787,0.1133713551815364,-0.018968423814034,-0.1059991484207268,0.1090080852138802,1.0464132492186249,0.0986954437874668,0.79,1.0,1.0,False
MHAS,17,intercept_and_slope,0.2,100,100,1.0,5192,2076,3100,437,1038.0,1564.5,243.5,243.5,0.7030619619138787,0.113384150898508,-0.0189556280970623,-0.1354094721403854,0.1354094721403854,1.0117211383079026,0.0557268499509641,0.89,1.0,1.0,False
MHAS,17,intercept_and_slope,0.3,100,100,1.0,5192,2076,3100,437,1557.0,2345.0,367.5,367.5,0.7030619619138787,0.1133114115432399,-0.0190283674523305,-0.1316562457812689,0.1316562457812689,1.0193116690412531,0.0379675765887027,0.94,1.0,1.0,False
MHAS,17,intercept_and_slope,0.4,100,100,1.0,5192,2076,3100,437,2076.0,3130.0,490.5,490.5,0.7030619619138787,0.1133157169987872,-0.0190240619967832,-0.1319178778074329,0.1319178778074329,1.0238802661727,0.0360301172057582,0.99,1.0,1.0,False
MHAS,17,intercept_and_slope,0.5,100,100,1.0,5192,2076,3100,437,2596.0,3916.0,612.0,612.0,0.7030619619138787,0.1132996461704509,-0.0190401328251195,-0.1304629338345576,0.1304629338345576,1.0261333669897947,0.0267856420776209,1.0,1.0,1.0,False
MHAS,17,intercept_and_slope,0.6,100,100,1.0,5192,2076,3100,437,3115.0,4695.0,735.0,735.0,0.7030619619138787,0.1133047335836728,-0.0190350454118976,-0.1327023376171975,0.1327023376171975,1.0231644140984453,0.0231644140984453,1.0,1.0,1.0,False
MHAS,17,intercept_only,0.05,100,100,1.0,5192,2076,3100,437,259.0,389.5,61.0,61.0,0.7030619619138787,0.1139558247044698,-0.0183839542911006,-0.1310882769414121,0.1432432103087044,0.8462678424704575,0.1537321575295425,0.72,1.0,1.0,False
MHAS,17,intercept_only,0.1,100,100,1.0,5192,2076,3100,437,519.0,781.5,120.0,120.0,0.7030619619138787,0.1138053941902754,-0.018534384805295,-0.105653696482702,0.1062740629660779,0.8462678424704575,0.1537321575295425,0.79,1.0,1.0,False
MHAS,17,intercept_only,0.2,100,100,1.0,5192,2076,3100,437,1038.0,1564.5,243.5,243.5,0.7030619619138787,0.1140218204060803,-0.01831795858949,-0.1411308615063668,0.1411308615063668,0.8462678424704575,0.1537321575295425,0.86,1.0,1.0,False
MHAS,17,intercept_only,0.3,100,100,1.0,5192,2076,3100,437,1557.0,2345.0,367.5,367.5,0.7030619619138787,0.1139831945853729,-0.0183565844101974,-0.1353268618918681,0.1353268618918681,0.8462678424704575,0.1537321575295425,0.94,1.0,1.0,False
MHAS,17,intercept_only,0.4,100,100,1.0,5192,2076,3100,437,2076.0,3130.0,490.5,490.5,0.7030619619138787,0.1139841075543608,-0.0183556714412095,-0.1354652387837479,0.1354652387837479,0.8462678424704575,0.1537321575295425,0.99,1.0,1.0,False
MHAS,17,intercept_only,0.5,100,100,1.0,5192,2076,3100,437,2596.0,3916.0,612.0,612.0,0.7030619619138787,0.1139789461524065,-0.0183608328431639,-0.1346765485513546,0.1346765485513546,0.8462678424704575,0.1537321575295425,1.0,1.0,1.0,False
MHAS,17,intercept_only,0.6,100,100,1.0,5192,2076,3100,437,3115.0,4695.0,735.0,735.0,0.7030619619138787,0.1139971312145806,-0.0183426477809898,-0.1374432553523565,0.1374432553523565,0.8462678424704575,0.1537321575295425,1.0,1.0,1.0,False
MHAS,17,none,0.0,1,1,1.0,5192,2076,3100,437,0.0,0.0,0.0,0.0,0.7030619619138787,0.1323397789955704,0.0,-0.8701143708618312,0.8701143708618312,0.8462678424704575,0.1537321575295425,0.0,1.0,1.0,False
MHAS,18,intercept_and_slope,0.05,100,100,1.0,5192,2076,3130,469,259.0,388.0,59.0,59.0,0.6956440217979197,0.120390928990927,-0.0151351217586492,0.0264949457068646,0.1081574038262802,0.9904119568369736,0.1365677134877718,0.8,1.0,1.0,False
MHAS,18,intercept_and_slope,0.1,100,100,1.0,5192,2076,3130,469,519.0,778.0,117.0,117.0,0.6956440217979197,0.1202528514691377,-0.0152731992804385,0.042479573375437,0.0808620345202606,0.9802538942913844,0.0907173576708407,0.96,1.0,1.0,True
MHAS,18,intercept_and_slope,0.2,100,100,1.0,5192,2076,3130,469,1038.0,1557.5,231.5,231.5,0.6956440217979197,0.1201568315150325,-0.0153692192345437,0.0544520916252527,0.0576675228141764,0.9478306167944072,0.0651983067332143,0.98,1.0,1.0,True
MHAS,18,intercept_and_slope,0.3,100,100,1.0,5192,2076,3130,469,1557.0,2332.0,353.0,353.0,0.6956440217979197,0.1200903588458414,-0.0154356919037348,0.0449528156562407,0.0483636970239327,0.960846946736532,0.0536720229655024,1.0,1.0,1.0,True
MHAS,18,intercept_and_slope,0.4,100,100,1.0,5192,2076,3130,469,2076.0,3111.0,467.5,467.5,0.6956440217979197,0.1200769170250237,-0.0154491337245526,0.0448891434761357,0.0448891434761357,0.9665024001215344,0.0392307534944033,1.0,1.0,1.0,True
MHAS,18,intercept_and_slope,0.5,100,100,1.0,5192,2076,3130,469,2596.0,3887.0,586.0,586.0,0.6956440217979197,0.1200561768051067,-0.0154698739444695,0.0414012167519747,0.0414012167519747,0.9663682438152454,0.03440310925571,1.0,1.0,1.0,True
MHAS,18,intercept_and_slope,0.6,100,100,1.0,5192,2076,3130,469,3115.0,4666.0,703.0,703.0,0.6956440217979197,0.1200546810895282,-0.015471369660048,0.042806854268133,0.042806854268133,0.9656047035385762,0.0343952964614238,1.0,1.0,1.0,True
MHAS,18,intercept_only,0.05,100,100,1.0,5192,2076,3130,469,259.0,388.0,59.0,59.0,0.6956440217979197,0.1207855574184905,-0.0147404933310858,0.035547586439358,0.1130384568502073,0.8166380187702812,0.1833619812297188,0.77,1.0,1.0,False
MHAS,18,intercept_only,0.1,100,100,1.0,5192,2076,3130,469,519.0,778.0,117.0,117.0,0.6956440217979197,0.1206695158626933,-0.0148565348868829,0.0533375495551951,0.0822561145350389,0.8166380187702812,0.1833619812297188,0.95,1.0,1.0,True
MHAS,18,intercept_only,0.2,100,100,1.0,5192,2076,3130,469,1038.0,1557.5,231.5,231.5,0.6956440217979197,0.1206250474144319,-0.0149010033351443,0.0646040786996497,0.0679816843116209,0.8166380187702812,0.1833619812297188,0.94,1.0,1.0,True
MHAS,18,intercept_only,0.3,100,100,1.0,5192,2076,3130,469,1557.0,2332.0,353.0,353.0,0.6956440217979197,0.1206127649147869,-0.0149132858347893,0.0548569354357068,0.0548569354357068,0.8166380187702812,0.1833619812297188,1.0,1.0,1.0,True
MHAS,18,intercept_only,0.4,100,100,1.0,5192,2076,3130,469,2076.0,3111.0,467.5,467.5,0.6956440217979197,0.1206032990577976,-0.0149227516917786,0.0551326696092503,0.0551326696092503,0.8166380187702812,0.1833619812297188,1.0,1.0,1.0,True
MHAS,18,intercept_only,0.5,100,100,1.0,5192,2076,3130,469,2596.0,3887.0,586.0,586.0,0.6956440217979197,0.1206005426233066,-0.0149255081262696,0.0511085827529148,0.0511085827529148,0.8166380187702812,0.1833619812297188,1.0,1.0,1.0,True
MHAS,18,intercept_only,0.6,100,100,1.0,5192,2076,3130,469,3115.0,4666.0,703.0,703.0,0.6956440217979197,0.1205992198736776,-0.0149268308758986,0.0529214908123281,0.0529214908123281,0.8166380187702812,0.1833619812297188,1.0,1.0,1.0,True
MHAS,18,none,0.0,1,1,1.0,5192,2076,3130,469,0.0,0.0,0.0,0.0,0.6956440217979197,0.1355260507495763,0.0,-0.7544010530636158,0.7544010530636158,0.8166380187702812,0.1833619812297188,0.0,1.0,1.0,False
MHAS,19,intercept_and_slope,0.05,100,100,1.0,5192,2076,3121,475,259.0,388.5,58.5,58.5,0.7041385209054382,0.1201010830570465,-0.0143723346362363,0.0493249208357942,0.0975059262902205,1.0283669779236078,0.1112233841103446,0.83,1.0,1.0,False
MHAS,19,intercept_and_slope,0.1,100,100,1.0,5192,2076,3121,475,519.0,777.5,115.0,115.0,0.7041385209054382,0.12000606455832,-0.0144673531349627,0.0625482902873325,0.08320803791734,0.9923072890603092,0.0833853819795112,0.97,1.0,1.0,True
MHAS,19,intercept_and_slope,0.2,100,100,1.0,5192,2076,3121,475,1038.0,1554.0,233.0,233.0,0.7041385209054382,0.1198694462621705,-0.0146039714311122,0.0373764757807659,0.0462902797067124,1.0155994454120305,0.0508109077242413,1.0,1.0,1.0,True
MHAS,19,intercept_and_slope,0.3,100,100,1.0,5192,2076,3121,475,1557.0,2337.0,348.0,348.0,0.7041385209054382,0.1198673821716971,-0.0146060355215856,0.0551174551574038,0.0571755902286815,1.0066890633460772,0.0400826487837679,1.0,1.0,1.0,True
MHAS,19,intercept_and_slope,0.4,100,100,1.0,5192,2076,3121,475,2076.0,3116.5,465.0,465.0,0.7041385209054382,0.1198592762303918,-0.0146141414628909,0.0519883271408288,0.0519883271408288,1.0127407764649623,0.0354404721647704,1.0,1.0,1.0,True
MHAS,19,intercept_and_slope,0.5,100,100,1.0,5192,2076,3121,475,2596.0,3895.0,581.0,581.0,0.7041385209054382,0.1198432992155774,-0.0146301184777053,0.0551568881611469,0.0551568881611469,1.0128123034975896,0.0175220315521983,1.0,1.0,1.0,True
MHAS,19,intercept_and_slope,0.6,100,100,1.0,5192,2076,3121,475,3115.0,4674.0,697.0,697.0,0.7041385209054382,0.1198399905480114,-0.0146334271452713,0.0557941411664598,0.0557941411664598,1.013846282839994,0.0138462828399942,1.0,1.0,1.0,True
MHAS,19,intercept_only,0.05,100,100,1.0,5192,2076,3121,475,259.0,388.5,58.5,58.5,0.7041385209054382,0.1202391176380462,-0.0142343000552365,0.0530391533839816,0.0962776485915155,0.8411183584355274,0.1588816415644726,0.83,1.0,1.0,True
MHAS,19,intercept_only,0.1,100,100,1.0,5192,2076,3121,475,519.0,777.5,115.0,115.0,0.7041385209054382,0.1201848727410844,-0.0142885449521983,0.0676854265992415,0.0801725732324527,0.8411183584355274,0.1588816415644726,0.94,1.0,1.0,True
MHAS,19,intercept_only,0.2,100,100,1.0,5192,2076,3121,475,1038.0,1554.0,233.0,233.0,0.7041385209054382,0.1201441024563299,-0.0143293152369529,0.0420154705286501,0.0479529613383548,0.8411183584355274,0.1588816415644726,1.0,1.0,1.0,True
MHAS,19,intercept_only,0.3,100,100,1.0,5192,2076,3121,475,1557.0,2337.0,348.0,348.0,0.7041385209054382,0.120136993283529,-0.0143364244097537,0.0609775708235342,0.0624375076987913,0.8411183584355274,0.1588816415644726,1.0,1.0,1.0,True
MHAS,19,intercept_only,0.4,100,100,1.0,5192,2076,3121,475,2076.0,3116.5,465.0,465.0,0.7041385209054382,0.1201319080775168,-0.014341509615766,0.0571642184379207,0.0571642184379207,0.8411183584355274,0.1588816415644726,1.0,1.0,1.0,True
MHAS,19,intercept_only,0.5,100,100,1.0,5192,2076,3121,475,2596.0,3895.0,581.0,581.0,0.7041385209054382,0.1201265719903039,-0.0143468457029788,0.0617386065081224,0.0617386065081224,0.8411183584355274,0.1588816415644726,1.0,1.0,1.0,True
MHAS,19,intercept_only,0.6,100,100,1.0,5192,2076,3121,475,3115.0,4674.0,697.0,697.0,0.7041385209054382,0.1201256370316891,-0.0143477806615936,0.0620997577989373,0.0620997577989373,0.8411183584355274,0.1588816415644726,1.0,1.0,1.0,True
MHAS,19,none,0.0,1,1,1.0,5192,2076,3121,475,0.0,0.0,0.0,0.0,0.7041385209054382,0.1344734176932828,0.0,-0.7487910549739883,0.7487910549739883,0.8411183584355274,0.1588816415644726,0.0,1.0,1.0,False
MHAS,20,intercept_and_slope,0.05,100,100,1.0,5192,2076,3153,451,259.0,387.0,60.0,60.0,0.703470452206709,0.115414665001812,-0.018802864234737,-0.1099775102709883,0.1335988657925777,0.9773435230161336,0.1177155007361343,0.7,1.0,1.0,False
MHAS,20,intercept_and_slope,0.1,100,100,1.0,5192,2076,3153,451,519.0,774.0,120.5,120.5,0.703470452206709,0.1151594035878899,-0.019058125648659,-0.1192372931862754,0.1192372931862754,0.9897201737545942,0.0722029740397972,0.8,1.0,1.0,False
MHAS,20,intercept_and_slope,0.2,100,100,1.0,5192,2076,3153,451,1038.0,1550.0,241.0,241.0,0.703470452206709,0.1151454657611699,-0.019072063475379,-0.1459968890595312,0.1459968890595312,1.000051498138561,0.0486503484801578,0.88,1.0,1.0,False
MHAS,20,intercept_and_slope,0.3,100,100,1.0,5192,2076,3153,451,1557.0,2321.0,361.0,361.0,0.703470452206709,0.1151276738996163,-0.0190898553369327,-0.1200645687019169,0.1200645687019169,0.9734938709544888,0.0503144398989597,1.0,1.0,1.0,False
MHAS,20,intercept_and_slope,0.4,100,100,1.0,5192,2076,3153,451,2076.0,3095.0,480.0,480.0,0.703470452206709,0.1151226001566247,-0.0190949290799242,-0.1245560395062696,0.1245560395062696,0.9811782868716676,0.0320762745803959,1.0,1.0,1.0,False
MHAS,20,intercept_and_slope,0.5,100,100,1.0,5192,2076,3153,451,2596.0,3871.0,600.0,600.0,0.703470452206709,0.1151297458808311,-0.0190877833557179,-0.122572847263646,0.122572847263646,0.9693889108688069,0.0314278055377714,1.0,1.0,1.0,False
MHAS,20,intercept_and_slope,0.6,100,100,1.0,5192,2076,3153,451,3115.0,4643.0,721.0,721.0,0.703470452206709,0.1151030655397668,-0.0191144636967822,-0.1231201604150837,0.1231201604150837,0.9810835451822064,0.0189164548177934,1.0,1.0,1.0,False
MHAS,20,intercept_only,0.05,100,100,1.0,5192,2076,3153,451,259.0,387.0,60.0,60.0,0.703470452206709,0.1158300448192766,-0.0183874844172724,-0.1145585088455997,0.1355401571142239,0.8256585408790303,0.1743414591209696,0.71,1.0,1.0,False
MHAS,20,intercept_only,0.1,100,100,1.0,5192,2076,3153,451,519.0,774.0,120.5,120.5,0.703470452206709,0.1158918960454119,-0.018325633191137,-0.1246598333707536,0.1246598333707536,0.8256585408790303,0.1743414591209696,0.74,1.0,1.0,False
MHAS,20,intercept_only,0.2,100,100,1.0,5192,2076,3153,451,1038.0,1550.0,241.0,241.0,0.703470452206709,0.1160971833789816,-0.0181203458575674,-0.1545085270396521,0.1545085270396521,0.8256585408790303,0.1743414591209696,0.82,1.0,1.0,False
MHAS,20,intercept_only,0.3,100,100,1.0,5192,2076,3153,451,1557.0,2321.0,361.0,361.0,0.703470452206709,0.1159139385629278,-0.0183035906736211,-0.1281169486522232,0.1281169486522232,0.8256585408790303,0.1743414591209696,0.99,1.0,1.0,False
MHAS,20,intercept_only,0.4,100,100,1.0,5192,2076,3153,451,2076.0,3095.0,480.0,480.0,0.703470452206709,0.1159426921784228,-0.0182748370581261,-0.1325241076438978,0.1325241076438978,0.8256585408790303,0.1743414591209696,0.99,1.0,1.0,False
MHAS,20,intercept_only,0.5,100,100,1.0,5192,2076,3153,451,2596.0,3871.0,600.0,600.0,0.703470452206709,0.1159277742893445,-0.0182897549472044,-0.130251603556963,0.130251603556963,0.8256585408790303,0.1743414591209696,1.0,1.0,1.0,False
MHAS,20,intercept_only,0.6,100,100,1.0,5192,2076,3153,451,3115.0,4643.0,721.0,721.0,0.703470452206709,0.1159342964815228,-0.0182832327550262,-0.1312488328258018,0.1312488328258018,0.8256585408790303,0.1743414591209696,1.0,1.0,1.0,False
MHAS,20,none,0.0,1,1,1.0,5192,2076,3153,451,0.0,0.0,0.0,0.0,0.703470452206709,0.134217529236549,0.0,-0.8651417921589332,0.8651417921589332,0.8256585408790303,0.1743414591209696,0.0,1.0,1.0,False
MHAS,21,intercept_and_slope,0.05,100,100,1.0,5192,2076,3135,475,259.0,386.5,59.0,59.0,0.6957067669172933,0.1212963977573661,-0.0155050154516384,-0.0024636332517033,0.0853813991063197,0.8799793818735919,0.1576064403617387,0.85,1.0,1.0,False
MHAS,21,intercept_and_slope,0.1,100,100,1.0,5192,2076,3135,475,519.0,774.5,116.0,116.0,0.6957067669172933,0.1210702564401138,-0.0157311567688907,0.0334915770826354,0.0521042925164771,0.9065506381102766,0.1188952046942241,0.97,1.0,1.0,False
MHAS,21,intercept_and_slope,0.2,100,100,1.0,5192,2076,3135,475,1038.0,1553.0,232.0,232.0,0.6957067669172933,0.120995839628558,-0.0158055735804464,0.035652813449669,0.0602916050282142,0.906046944232808,0.096013601490335,0.99,1.0,1.0,True
MHAS,21,intercept_and_slope,0.3,100,100,1.0,5192,2076,3135,475,1557.0,2330.0,350.0,350.0,0.6957067669172933,0.1209167066642544,-0.01588470654475,0.0282180351658542,0.0304603833095874,0.9081420768110836,0.0918579231889165,1.0,1.0,1.0,True
MHAS,21,intercept_and_slope,0.4,100,100,1.0,5192,2076,3135,475,2076.0,3105.5,465.0,465.0,0.6957067669172933,0.120909010500311,-0.0158924027086935,0.0286649953112392,0.0291974370117529,0.9041377879544128,0.0958622120455872,1.0,1.0,1.0,True
MHAS,21,intercept_and_slope,0.5,100,100,1.0,5192,2076,3135,475,2596.0,3883.0,582.0,582.0,0.6957067669172933,0.1209023790915365,-0.015899034117468,0.0349867667241201,0.0349867667241201,0.9043758615979588,0.0956241384020412,1.0,1.0,1.0,True
MHAS,21,intercept_and_slope,0.6,100,100,1.0,5192,2076,3135,475,3115.0,4660.0,697.0,697.0,0.6957067669172933,0.1208886514342884,-0.0159127617747161,0.0342548469142413,0.0342548469142413,0.9068220309820963,0.0931779690179035,1.0,1.0,1.0,True
MHAS,21,intercept_only,0.05,100,100,1.0,5192,2076,3135,475,259.0,386.5,59.0,59.0,0.6957067669172933,0.1216645653837298,-0.0151368478252747,-0.0037275392167721,0.0820470844927841,0.7868534787150111,0.2131465212849889,0.83,1.0,1.0,True
MHAS,21,intercept_only,0.1,100,100,1.0,5192,2076,3135,475,519.0,774.5,116.0,116.0,0.6957067669172933,0.1215474419562096,-0.0152539712527949,0.0351457809650853,0.0590376245077523,0.7868534787150111,0.2131465212849889,0.97,1.0,1.0,True
MHAS,21,intercept_only,0.2,100,100,1.0,5192,2076,3135,475,1038.0,1553.0,232.0,232.0,0.6957067669172933,0.1215194870130974,-0.0152819261959071,0.0396105758335787,0.0604815765343799,0.7868534787150111,0.2131465212849889,0.99,1.0,1.0,True
MHAS,21,intercept_only,0.3,100,100,1.0,5192,2076,3135,475,1557.0,2330.0,350.0,350.0,0.6957067669172933,0.1215034582279112,-0.0152979549810933,0.0327607365090422,0.035355380471621,0.7868534787150111,0.2131465212849889,1.0,1.0,1.0,True
MHAS,21,intercept_only,0.4,100,100,1.0,5192,2076,3135,475,2076.0,3105.5,465.0,465.0,0.6957067669172933,0.1215034642088576,-0.0152979490001469,0.0324583336005664,0.0324583336005664,0.7868534787150111,0.2131465212849889,1.0,1.0,1.0,True
MHAS,21,intercept_only,0.5,100,100,1.0,5192,2076,3135,475,2596.0,3883.0,582.0,582.0,0.6957067669172933,0.1214968493388508,-0.0153045638701537,0.0376741521583944,0.0376741521583944,0.7868534787150111,0.2131465212849889,1.0,1.0,1.0,True
MHAS,21,intercept_only,0.6,100,100,1.0,5192,2076,3135,475,3115.0,4660.0,697.0,697.0,0.6957067669172933,0.1214971012305035,-0.0153043119785009,0.0374586217661089,0.0374586217661089,0.7868534787150111,0.2131465212849889,1.0,1.0,1.0,True
MHAS,21,none,0.0,1,1,1.0,5192,2076,3135,475,0.0,0.0,0.0,0.0,0.6957067669172933,0.1368014132090045,0.0,-0.7636999360766957,0.7636999360766957,0.7868534787150111,0.2131465212849889,0.0,1.0,1.0,False
MHAS,22,intercept_and_slope,0.05,100,100,1.0,5192,2076,3090,464,259.0,391.0,57.5,57.5,0.6976295565564514,0.1196218894543206,-0.0167548208095115,0.0207341342278114,0.1034699562402479,0.9842100791867384,0.1311838310158628,0.83,1.0,1.0,False
MHAS,22,intercept_and_slope,0.1,100,100,1.0,5192,2076,3090,464,519.0,780.5,118.5,118.5,0.6976295565564514,0.1194374667674474,-0.0169392434963847,-0.0379724515647346,0.061409919313609,0.9978459947000424,0.0990525644995664,0.95,1.0,1.0,True
MHAS,22,intercept_and_slope,0.2,100,100,1.0,5192,2076,3090,464,1038.0,1570.5,237.0,237.0,0.6976295565564514,0.1192927768442368,-0.0170839334195953,-0.0290254266487869,0.0452029357080361,0.9724474040291994,0.0553505731381136,1.0,1.0,1.0,True
MHAS,22,intercept_and_slope,0.3,100,100,1.0,5192,2076,3090,464,1557.0,2351.5,351.5,351.5,0.6976295565564514,0.1192777241942474,-0.0170989860695846,-0.013590721529856,0.0301624828437852,0.948633221549146,0.05591193867414,1.0,1.0,1.0,True
MHAS,22,intercept_and_slope,0.4,100,100,1.0,5192,2076,3090,464,2076.0,3138.0,473.0,473.0,0.6976295565564514,0.1192315361476165,-0.0171451741162156,-0.0147465468941785,0.0273171476036582,0.9623047088119044,0.0389745583596009,1.0,1.0,1.0,True
MHAS,22,intercept_and_slope,0.5,100,100,1.0,5192,2076,3090,464,2596.0,3924.0,590.0,590.0,0.6976295565564514,0.1192273737257319,-0.0171493365381002,-0.0183287378716758,0.0188170707142209,0.9629327906535208,0.0370672093464793,1.0,1.0,1.0,True
MHAS,22,intercept_and_slope,0.6,100,100,1.0,5192,2076,3090,464,3115.0,4705.0,708.0,708.0,0.6976295565564514,0.1192231247580841,-0.0171535855057479,-0.015666903093018,0.015666903093018,0.9628946284337292,0.0371053715662707,1.0,1.0,1.0,True
MHAS,22,intercept_only,0.05,100,100,1.0,5192,2076,3090,464,259.0,391.0,57.5,57.5,0.6976295565564514,0.1198864134502724,-0.0164902968135597,0.0108644573706051,0.1065278697000579,0.8151102646022507,0.1848897353977493,0.82,1.0,1.0,False
MHAS,22,intercept_only,0.1,100,100,1.0,5192,2076,3090,464,519.0,780.5,118.5,118.5,0.6976295565564514,0.1198498658030887,-0.0165268444607434,-0.0407085744084325,0.0654469864142245,0.8151102646022507,0.1848897353977493,0.94,1.0,1.0,True
MHAS,22,intercept_only,0.2,100,100,1.0,5192,2076,3090,464,1038.0,1570.5,237.0,237.0,0.6976295565564514,0.1198158538599984,-0.0165608564038337,-0.0306573925987514,0.0475959248525342,0.8151102646022507,0.1848897353977493,0.99,1.0,1.0,True
MHAS,22,intercept_only,0.3,100,100,1.0,5192,2076,3090,464,1557.0,2351.5,351.5,351.5,0.6976295565564514,0.1197751923013269,-0.0166015179625052,-0.0169670887695754,0.0318548630107003,0.8151102646022507,0.1848897353977493,1.0,1.0,1.0,True
MHAS,22,intercept_only,0.4,100,100,1.0,5192,2076,3090,464,2076.0,3138.0,473.0,473.0,0.6976295565564514,0.1197749932003749,-0.0166017170634571,-0.0168926399131355,0.0287524973480482,0.8151102646022507,0.1848897353977493,1.0,1.0,1.0,True
MHAS,22,intercept_only,0.5,100,100,1.0,5192,2076,3090,464,2596.0,3924.0,590.0,590.0,0.6976295565564514,0.1197851796388933,-0.0165915306249388,-0.0205401803225203,0.0217775225876586,0.8151102646022507,0.1848897353977493,1.0,1.0,1.0,True
MHAS,22,intercept_only,0.6,100,100,1.0,5192,2076,3090,464,3115.0,4705.0,708.0,708.0,0.6976295565564514,0.1197791488229601,-0.016597561440872,-0.0184034465654415,0.0184034465654415,0.8151102646022507,0.1848897353977493,1.0,1.0,1.0,True
MHAS,22,none,0.0,1,1,1.0,5192,2076,3090,464,0.0,0.0,0.0,0.0,0.6976295565564514,0.1363767102638321,0.0,-0.7972280104965543,0.7972280104965543,0.8151102646022507,0.1848897353977493,0.0,1.0,1.0,False
MHAS,23,intercept_and_slope,0.05,100,100,1.0,5192,2076,3129,467,259.0,387.0,57.0,57.0,0.7069373545031428,0.1188917826272055,-0.0152643458809716,0.0181741607057022,0.1004874328815532,1.019523619305104,0.1234888654296399,0.82,1.0,1.0,False
MHAS,23,intercept_and_slope,0.1,100,100,1.0,5192,2076,3129,467,519.0,778.0,117.0,117.0,0.7069373545031428,0.1185943604871192,-0.0155617680210579,0.0059249994291634,0.0580108399980808,1.035295300626545,0.0897070228763065,0.97,1.0,1.0,True
MHAS,23,intercept_and_slope,0.2,100,100,1.0,5192,2076,3129,467,1038.0,1553.5,234.0,234.0,0.7069373545031428,0.1184365335276093,-0.0157195949805677,-0.0049818505157636,0.0443049293323153,1.0543800315447884,0.0597310058927342,1.0,1.0,1.0,True
MHAS,23,intercept_and_slope,0.3,100,100,1.0,5192,2076,3129,467,1557.0,2334.0,353.5,353.5,0.7069373545031428,0.1183871943402707,-0.0157689341679064,0.0012319893032279,0.0271283795036084,1.0493954086977677,0.0554387997823418,1.0,1.0,1.0,True
MHAS,23,intercept_and_slope,0.4,100,100,1.0,5192,2076,3129,467,2076.0,3106.5,467.0,467.0,0.7069373545031428,0.1183854363062659,-0.0157706922019112,0.0021940515257444,0.0233009918688756,1.0354969970418535,0.0365714669514104,1.0,1.0,1.0,True
MHAS,23,intercept_and_slope,0.5,100,100,1.0,5192,2076,3129,467,2596.0,3891.0,587.0,587.0,0.7069373545031428,0.1183664448296952,-0.0157896836784819,0.0012166638629497,0.0126308563033911,1.053783592139474,0.053783592139474,1.0,1.0,1.0,True
MHAS,23,intercept_and_slope,0.6,100,100,1.0,5192,2076,3129,467,3115.0,4667.0,705.0,705.0,0.7069373545031428,0.1183586293476532,-0.0157974991605239,1.9125266978654117e-05,0.0002011578515181,1.051852096949857,0.051852096949857,1.0,1.0,1.0,True
MHAS,23,intercept_only,0.05,100,100,1.0,5192,2076,3129,467,259.0,387.0,57.0,57.0,0.7069373545031428,0.1189873374932615,-0.0151687910149156,0.0254780276027044,0.0997002819125388,0.8595829399928593,0.1404170600071407,0.79,1.0,1.0,True
MHAS,23,intercept_only,0.1,100,100,1.0,5192,2076,3129,467,519.0,778.0,117.0,117.0,0.7069373545031428,0.118846949621922,-0.0153091788862551,0.014418139453332,0.0648873140605126,0.8595829399928593,0.1404170600071407,0.97,1.0,1.0,True
MHAS,23,intercept_only,0.2,100,100,1.0,5192,2076,3129,467,1038.0,1553.5,234.0,234.0,0.7069373545031428,0.1188382091805444,-0.0153179193276327,-0.0004964182447303,0.0449752734774108,0.8595829399928593,0.1404170600071407,1.0,1.0,1.0,True
MHAS,23,intercept_only,0.3,100,100,1.0,5192,2076,3129,467,1557.0,2334.0,353.5,353.5,0.7069373545031428,0.1188246165709834,-0.0153315119371937,0.0078554091853412,0.0285113031846739,0.8595829399928593,0.1404170600071407,1.0,1.0,1.0,True
MHAS,23,intercept_only,0.4,100,100,1.0,5192,2076,3129,467,2076.0,3106.5,467.0,467.0,0.7069373545031428,0.1188188605918175,-0.0153372679163596,0.0060730332836192,0.0245002069310476,0.8595829399928593,0.1404170600071407,1.0,1.0,1.0,True
MHAS,23,intercept_only,0.5,100,100,1.0,5192,2076,3129,467,2596.0,3891.0,587.0,587.0,0.7069373545031428,0.1188169963764427,-0.0153391321317344,0.0070858925510077,0.0133902709698196,0.8595829399928593,0.1404170600071407,1.0,1.0,1.0,True
MHAS,23,intercept_only,0.6,100,100,1.0,5192,2076,3129,467,3115.0,4667.0,705.0,705.0,0.7069373545031428,0.1188192663231385,-0.0153368621850386,0.0052909097245877,0.0052909097245877,0.8595829399928593,0.1404170600071407,1.0,1.0,1.0,True
MHAS,23,none,0.0,1,1,1.0,5192,2076,3129,467,0.0,0.0,0.0,0.0,0.7069373545031428,0.1341561285081771,0.0,-0.782940101266997,0.782940101266997,0.8595829399928593,0.1404170600071407,0.0,1.0,1.0,False
MHAS,24,intercept_and_slope,0.05,100,100,1.0,5192,2076,3101,455,259.0,391.0,57.5,57.5,0.7018327477511151,0.1164088651970138,-0.0162010521023622,0.0032437012200839,0.0908329314958875,1.0799996833445342,0.1269669989237436,0.87,1.0,1.0,False
MHAS,24,intercept_and_slope,0.1,100,100,1.0,5192,2076,3101,455,519.0,781.0,120.5,120.5,0.7018327477511151,0.1162251257678815,-0.0163847915314945,-0.0518020049264768,0.0776376240603488,1.0368649362923257,0.0837657750400574,0.94,1.0,1.0,True
MHAS,24,intercept_and_slope,0.2,100,100,1.0,5192,2076,3101,455,1038.0,1565.0,239.0,239.0,0.7018327477511151,0.1161261047897433,-0.0164838125096327,-0.0329787669655205,0.0498026933389645,1.019202596115145,0.0583887622119073,1.0,1.0,1.0,True
MHAS,24,intercept_and_slope,0.3,100,100,1.0,5192,2076,3101,455,1557.0,2348.0,360.0,360.0,0.7018327477511151,0.1160853825969373,-0.0165245347024387,-0.0380125649530771,0.0419948531114349,1.031973934558148,0.0416871102884031,1.0,1.0,1.0,True
MHAS,24,intercept_and_slope,0.4,100,100,1.0,5192,2076,3101,455,2076.0,3131.0,476.0,476.0,0.7018327477511151,0.1160665543713811,-0.0165433629279949,-0.0299110328237856,0.0345328250014585,1.041424351370428,0.042127305600175,1.0,1.0,1.0,True
MHAS,24,intercept_and_slope,0.5,100,100,1.0,5192,2076,3101,455,2596.0,3913.0,596.0,596.0,0.7018327477511151,0.1160572371576088,-0.0165526801417672,-0.0335619772042627,0.0335619772042627,1.041792338675751,0.041792338675751,1.0,1.0,1.0,True
MHAS,24,intercept_and_slope,0.6,100,100,1.0,5192,2076,3101,455,3115.0,4694.0,717.0,717.0,0.7018327477511151,0.1160493982753442,-0.0165605190240318,-0.0335164906220712,0.0335164906220712,1.03714477822453,0.0371447782245299,1.0,1.0,1.0,True
MHAS,24,intercept_only,0.05,100,100,1.0,5192,2076,3101,455,259.0,391.0,57.5,57.5,0.7018327477511151,0.116365487962477,-0.016244429336899,0.014631602832992,0.1001563423714238,0.8522644866110642,0.1477355133889357,0.86,1.0,1.0,False
MHAS,24,intercept_only,0.1,100,100,1.0,5192,2076,3101,455,519.0,781.0,120.5,120.5,0.7018327477511151,0.1163901775771714,-0.0162197397222046,-0.0498149546693384,0.0733689271326403,0.8522644866110642,0.1477355133889357,0.93,1.0,1.0,True
MHAS,24,intercept_only,0.2,100,100,1.0,5192,2076,3101,455,1038.0,1565.0,239.0,239.0,0.7018327477511151,0.1163333179115697,-0.0162765993878063,-0.0350476631111963,0.0483360029601217,0.8522644866110642,0.1477355133889357,1.0,1.0,1.0,True
MHAS,24,intercept_only,0.3,100,100,1.0,5192,2076,3101,455,1557.0,2348.0,360.0,360.0,0.7018327477511151,0.1163385173846243,-0.0162713999147518,-0.0369160676585432,0.0401649059451931,0.8522644866110642,0.1477355133889357,1.0,1.0,1.0,True
MHAS,24,intercept_only,0.4,100,100,1.0,5192,2076,3101,455,2076.0,3131.0,476.0,476.0,0.7018327477511151,0.1163163391879585,-0.0162935781114175,-0.0285717112864643,0.0309638681505436,0.8522644866110642,0.1477355133889357,1.0,1.0,1.0,True
MHAS,24,intercept_only,0.5,100,100,1.0,5192,2076,3101,455,2596.0,3913.0,596.0,596.0,0.7018327477511151,0.1163239794088552,-0.0162859378905208,-0.0315541750034209,0.0315541750034209,0.8522644866110642,0.1477355133889357,1.0,1.0,1.0,True
MHAS,24,intercept_only,0.6,100,100,1.0,5192,2076,3101,455,3115.0,4694.0,717.0,717.0,0.7018327477511151,0.1163224068245034,-0.0162875104748726,-0.0309501794204549,0.0309501794204549,0.8522644866110642,0.1477355133889357,1.0,1.0,1.0,True
MHAS,24,none,0.0,1,1,1.0,5192,2076,3101,455,0.0,0.0,0.0,0.0,0.7018327477511151,0.1326099172993761,0.0,-0.8049248311344491,0.8049248311344491,0.8522644866110642,0.1477355133889357,0.0,1.0,1.0,False
MHAS,25,intercept_and_slope,0.05,100,100,1.0,5192,2076,3134,469,259.0,387.0,58.5,58.5,0.696890113890478,0.1193728115691007,-0.0173948052782007,-0.0659615372507245,0.1081131794035961,0.933176115919854,0.1120986364494441,0.84,1.0,1.0,False
MHAS,25,intercept_and_slope,0.1,100,100,1.0,5192,2076,3134,469,519.0,776.0,116.0,116.0,0.696890113890478,0.1191003829846039,-0.0176672338626976,-0.0388448601706631,0.0672779423197403,0.9899042683791508,0.0714727223785635,0.94,1.0,1.0,True
MHAS,25,intercept_and_slope,0.2,100,100,1.0,5192,2076,3134,469,1038.0,1553.0,234.0,234.0,0.696890113890478,0.1190111436727849,-0.0177564731745166,-0.0485005841934489,0.0568472496273874,0.9874433912299688,0.0564246236310881,0.99,1.0,1.0,True
MHAS,25,intercept_and_slope,0.3,100,100,1.0,5192,2076,3134,469,1557.0,2327.0,353.0,353.0,0.696890113890478,0.1189775646735168,-0.0177900521737847,-0.04990761522285,0.0507383409763334,0.985570658646686,0.0369893516025747,1.0,1.0,1.0,True
MHAS,25,intercept_and_slope,0.4,100,100,1.0,5192,2076,3134,469,2076.0,3106.5,469.0,469.0,0.696890113890478,0.1189483510169356,-0.0178192658303658,-0.0485291961167996,0.0485291961167996,0.9883892358030892,0.0280337337078415,1.0,1.0,1.0,True
MHAS,25,intercept_and_slope,0.5,100,100,1.0,5192,2076,3134,469,2596.0,3884.0,584.0,584.0,0.696890113890478,0.1189263555989984,-0.0178412612483031,-0.0389510739774984,0.0389510739774984,1.000253349515968,0.0161314040432509,1.0,1.0,1.0,True
MHAS,25,intercept_and_slope,0.6,100,100,1.0,5192,2076,3134,469,3115.0,4661.0,703.0,703.0,0.696890113890478,0.1189268533535195,-0.017840763493782,-0.0427389734335755,0.0427389734335755,0.997510700738377,0.002489299261623,1.0,1.0,1.0,True
MHAS,25,intercept_only,0.05,100,100,1.0,5192,2076,3134,469,259.0,387.0,58.5,58.5,0.696890113890478,0.1196515431860732,-0.0171160736612283,-0.068842093991869,0.1106569487193103,0.8329358898085379,0.167064110191462,0.8,1.0,1.0,False
MHAS,25,intercept_only,0.1,100,100,1.0,5192,2076,3134,469,519.0,776.0,116.0,116.0,0.696890113890478,0.1194865145489325,-0.0172811022983689,-0.0414071948337054,0.0683222493914876,0.8329358898085379,0.167064110191462,0.95,1.0,1.0,True
MHAS,25,intercept_only,0.2,100,100,1.0,5192,2076,3134,469,1038.0,1553.0,234.0,234.0,0.696890113890478,0.1195337983215641,-0.0172338185257374,-0.0543678835616601,0.0631582940563253,0.8329358898085379,0.167064110191462,0.99,1.0,1.0,True
MHAS,25,intercept_only,0.3,100,100,1.0,5192,2076,3134,469,1557.0,2327.0,353.0,353.0,0.696890113890478,0.1195438994724652,-0.0172237173748363,-0.0569364381759191,0.057693208717037,0.8329358898085379,0.167064110191462,1.0,1.0,1.0,True
MHAS,25,intercept_only,0.4,100,100,1.0,5192,2076,3134,469,2076.0,3106.5,469.0,469.0,0.696890113890478,0.1195297049221027,-0.0172379119251987,-0.0533096684751737,0.0533096684751737,0.8329358898085379,0.167064110191462,1.0,1.0,1.0,True
MHAS,25,intercept_only,0.5,100,100,1.0,5192,2076,3134,469,2596.0,3884.0,584.0,584.0,0.696890113890478,0.1195025857850501,-0.0172650310622513,-0.0460129539038501,0.0460129539038501,0.8329358898085379,0.167064110191462,1.0,1.0,1.0,True
MHAS,25,intercept_only,0.6,100,100,1.0,5192,2076,3134,469,3115.0,4661.0,703.0,703.0,0.696890113890478,0.119511688761542,-0.0172559280857595,-0.0485203804707476,0.0485203804707476,0.8329358898085379,0.167064110191462,1.0,1.0,1.0,True
MHAS,25,none,0.0,1,1,1.0,5192,2076,3134,469,0.0,0.0,0.0,0.0,0.696890113890478,0.1367676168473015,0.0,-0.8150048742113418,0.8150048742113418,0.8329358898085379,0.167064110191462,0.0,1.0,1.0,False
MHAS,26,intercept_and_slope,0.05,100,100,1.0,5192,2076,3117,490,259.0,390.0,56.0,56.0,0.7067975420088096,0.1240362375275502,-0.013677114041695,0.1039799419841915,0.1126034642318787,0.981233103045672,0.1287508008450302,0.79,1.0,1.0,False
MHAS,26,intercept_and_slope,0.1,100,100,1.0,5192,2076,3117,490,519.0,780.0,115.0,115.0,0.7067975420088096,0.123804674712882,-0.0139086768563632,0.0871473291859893,0.0900163708627543,1.032298012219706,0.0912231561945922,0.88,1.0,1.0,True
MHAS,26,intercept_and_slope,0.2,100,100,1.0,5192,2076,3117,490,1038.0,1557.0,228.0,228.0,0.7067975420088096,0.1237660988780706,-0.0139472526911746,0.1044511236694513,0.1044511236694513,1.0229115014199244,0.0569384837538095,0.93,1.0,1.0,False
MHAS,26,intercept_and_slope,0.3,100,100,1.0,5192,2076,3117,490,1557.0,2343.0,343.0,343.0,0.7067975420088096,0.1236984984333442,-0.014014853135901,0.0917980607297243,0.0917980607297243,1.0285741910285,0.0460958461681901,1.0,1.0,1.0,True
MHAS,26,intercept_and_slope,0.4,100,100,1.0,5192,2076,3117,490,2076.0,3117.0,453.0,453.0,0.7067975420088096,0.1237061908623159,-0.0140071607069293,0.1013216330078416,0.1013216330078416,1.0303968700369317,0.0362420766675344,1.0,1.0,1.0,False
MHAS,26,intercept_and_slope,0.5,100,100,1.0,5192,2076,3117,490,2596.0,3899.0,569.0,569.0,0.7067975420088096,0.1236754735923228,-0.0140378779769224,0.0962661506997955,0.0962661506997955,1.034096020129847,0.0340960201298471,1.0,1.0,1.0,True
MHAS,26,intercept_and_slope,0.6,100,100,1.0,5192,2076,3117,490,3115.0,4679.0,682.0,682.0,0.7067975420088096,0.1236753115157365,-0.0140380400535087,0.0988738351498697,0.0988738351498697,1.030225100471538,0.030225100471538,1.0,1.0,1.0,True
MHAS,26,intercept_only,0.05,100,100,1.0,5192,2076,3117,490,259.0,390.0,56.0,56.0,0.7067975420088096,0.1240885572694967,-0.0136247942997485,0.1070038679433566,0.1182010797179231,0.8491582116455739,0.150841788354426,0.79,1.0,1.0,False
MHAS,26,intercept_only,0.1,100,100,1.0,5192,2076,3117,490,519.0,780.0,115.0,115.0,0.7067975420088096,0.1240431648878463,-0.0136701866813989,0.1005095875207803,0.1033294191588338,0.8491582116455739,0.150841788354426,0.86,1.0,1.0,False
MHAS,26,intercept_only,0.2,100,100,1.0,5192,2076,3117,490,1038.0,1557.0,228.0,228.0,0.7067975420088096,0.1240306099856126,-0.0136827415836326,0.1096085929407366,0.1096085929407366,0.8491582116455739,0.150841788354426,0.89,1.0,1.0,False
MHAS,26,intercept_only,0.3,100,100,1.0,5192,2076,3117,490,1557.0,2343.0,343.0,343.0,0.7067975420088096,0.1240015129987694,-0.0137118385704758,0.094618570501954,0.094618570501954,0.8491582116455739,0.150841788354426,0.99,1.0,1.0,True
MHAS,26,intercept_only,0.4,100,100,1.0,5192,2076,3117,490,2076.0,3117.0,453.0,453.0,0.7067975420088096,0.1240211833872891,-0.0136921681819561,0.1061376880903917,0.1061376880903917,0.8491582116455739,0.150841788354426,1.0,1.0,1.0,False
MHAS,26,intercept_only,0.5,100,100,1.0,5192,2076,3117,490,2596.0,3899.0,569.0,569.0,0.7067975420088096,0.1240119110340158,-0.0137014405352294,0.1009844740527061,0.1009844740527061,0.8491582116455739,0.150841788354426,1.0,1.0,1.0,False
MHAS,26,intercept_only,0.6,100,100,1.0,5192,2076,3117,490,3115.0,4679.0,682.0,682.0,0.7067975420088096,0.1240165450151016,-0.0136968065541436,0.1036231521330631,0.1036231521330631,0.8491582116455739,0.150841788354426,1.0,1.0,1.0,False
MHAS,26,none,0.0,1,1,1.0,5192,2076,3117,490,0.0,0.0,0.0,0.0,0.7067975420088096,0.1377133515692453,0.0,-0.7247479390373822,0.7247479390373822,0.8491582116455739,0.150841788354426,0.0,1.0,1.0,False
MHAS,27,intercept_and_slope,0.05,100,100,1.0,5192,2076,3083,483,259.0,392.5,56.0,56.0,0.7066391941391942,0.1229466992138833,-0.0139014344380491,0.0949172999307743,0.1052388363840346,1.004140219874261,0.1063529990558903,0.76,1.0,1.0,False
MHAS,27,intercept_and_slope,0.1,100,100,1.0,5192,2076,3083,483,519.0,784.5,115.5,115.5,0.7066391941391942,0.1227657021355044,-0.014082431516428,0.0851884377011827,0.0888997919775281,1.0288568090795869,0.0747820184634182,0.86,1.0,1.0,True
MHAS,27,intercept_and_slope,0.2,100,100,1.0,5192,2076,3083,483,1038.0,1570.5,232.0,232.0,0.7066391941391942,0.1226978047412791,-0.0141503289106533,0.0833920249505369,0.0833920249505369,1.0207564277244496,0.0596074622927806,0.93,1.0,1.0,True
MHAS,27,intercept_and_slope,0.3,100,100,1.0,5192,2076,3083,483,1557.0,2355.0,343.0,343.0,0.7066391941391942,0.1226637626469037,-0.0141843710050287,0.0942766689580154,0.0942766689580154,1.0144295722659036,0.0376232010124954,0.99,1.0,1.0,True
MHAS,27,intercept_and_slope,0.4,100,100,1.0,5192,2076,3083,483,2076.0,3140.0,459.0,459.0,0.7066391941391942,0.1226508811346144,-0.014197252517318,0.0856346735170724,0.0856346735170724,1.0350478942346886,0.0383501267101428,1.0,1.0,1.0,True
MHAS,27,intercept_and_slope,0.5,100,100,1.0,5192,2076,3083,483,2596.0,3926.5,573.5,573.5,0.7066391941391942,0.122644135708007,-0.0142039979439254,0.0883247983682205,0.0883247983682205,1.0270833506057355,0.0279122837557922,1.0,1.0,1.0,True
MHAS,27,intercept_and_slope,0.6,100,100,1.0,5192,2076,3083,483,3115.0,4712.0,689.0,689.0,0.7066391941391942,0.1226409723545053,-0.0142071612974271,0.0877532228644726,0.0877532228644726,1.0317073983247758,0.0317073983247756,1.0,1.0,1.0,True
MHAS,27,intercept_only,0.05,100,100,1.0,5192,2076,3083,483,259.0,392.5,56.0,56.0,0.7066391941391942,0.1229375202604753,-0.0139106133914571,0.093832113501159,0.1069954029261293,0.8495017102346555,0.1504982897653445,0.75,1.0,1.0,False
MHAS,27,intercept_only,0.1,100,100,1.0,5192,2076,3083,483,519.0,784.5,115.5,115.5,0.7066391941391942,0.1228956548494594,-0.0139524788024731,0.0866894665812139,0.0901837328796784,0.8495017102346555,0.1504982897653445,0.86,1.0,1.0,True
MHAS,27,intercept_only,0.2,100,100,1.0,5192,2076,3083,483,1038.0,1570.5,232.0,232.0,0.7066391941391942,0.1228622548149935,-0.0139858788369389,0.0885209222449724,0.0885209222449724,0.8495017102346555,0.1504982897653445,0.92,1.0,1.0,True
MHAS,27,intercept_only,0.3,100,100,1.0,5192,2076,3083,483,1557.0,2355.0,343.0,343.0,0.7066391941391942,0.1228597189979017,-0.0139884146540307,0.0950867410007919,0.0950867410007919,0.8495017102346555,0.1504982897653445,0.99,1.0,1.0,True
MHAS,27,intercept_only,0.4,100,100,1.0,5192,2076,3083,483,2076.0,3140.0,459.0,459.0,0.7066391941391942,0.1228471772662173,-0.0140009563857151,0.0886720165754827,0.0886720165754827,0.8495017102346555,0.1504982897653445,1.0,1.0,1.0,True
MHAS,27,intercept_only,0.5,100,100,1.0,5192,2076,3083,483,2596.0,3926.5,573.5,573.5,0.7066391941391942,0.1228503821631319,-0.0139977514888006,0.0909191322868117,0.0909191322868117,0.8495017102346555,0.1504982897653445,1.0,1.0,1.0,True
MHAS,27,intercept_only,0.6,100,100,1.0,5192,2076,3083,483,3115.0,4712.0,689.0,689.0,0.7066391941391942,0.122849851263847,-0.0139982823880854,0.0905546435009039,0.0905546435009039,0.8495017102346555,0.1504982897653445,1.0,1.0,1.0,True
MHAS,27,none,0.0,1,1,1.0,5192,2076,3083,483,0.0,0.0,0.0,0.0,0.7066391941391942,0.1368481336519325,0.0,-0.7319719325759417,0.7319719325759417,0.8495017102346555,0.1504982897653445,0.0,1.0,1.0,False
MHAS,28,intercept_and_slope,0.05,100,100,1.0,5192,2076,3114,464,259.0,389.5,58.5,58.5,0.6865988939492518,0.1197212985626583,-0.0165368093038333,-0.0114635192940672,0.0968867945382181,0.8564616959858977,0.1725334055855077,0.85,1.0,1.0,False
MHAS,28,intercept_and_slope,0.1,100,100,1.0,5192,2076,3114,464,519.0,779.5,119.0,119.0,0.6865988939492518,0.1195107646114121,-0.0167473432550795,-0.0032378107770872,0.0725476226683258,0.8809246353572346,0.1205941029218274,0.94,1.0,1.0,False
MHAS,28,intercept_and_slope,0.2,100,100,1.0,5192,2076,3114,464,1038.0,1562.0,235.0,235.0,0.6865988939492518,0.1193387665481458,-0.0169193413183458,0.0052464256879901,0.0395131603447509,0.8923039002356883,0.1083201577243788,1.0,1.0,1.0,False
MHAS,28,intercept_and_slope,0.3,100,100,1.0,5192,2076,3114,464,1557.0,2334.5,354.0,354.0,0.6865988939492518,0.1193145605496955,-0.0169435473167961,-0.0034357026924699,0.0256122084310273,0.8966938146814714,0.1033061853185286,1.0,1.0,1.0,False
MHAS,28,intercept_and_slope,0.4,100,100,1.0,5192,2076,3114,464,2076.0,3117.0,471.5,471.5,0.6865988939492518,0.1192968191233537,-0.0169612887431379,0.0019480528278593,0.0195491871139143,0.901222157794661,0.098777842205339,1.0,1.0,1.0,True
MHAS,28,intercept_and_slope,0.5,100,100,1.0,5192,2076,3114,464,2596.0,3901.0,590.0,590.0,0.6865988939492518,0.119307747662949,-0.0169503602035426,-0.0022050442556841,0.0129136331832064,0.9013667288062288,0.0986332711937711,1.0,1.0,1.0,True
MHAS,28,intercept_and_slope,0.6,100,100,1.0,5192,2076,3114,464,3115.0,4681.0,708.0,708.0,0.6865988939492518,0.1192986161306822,-0.0169594917358094,-0.0005697942984576,0.0006796925633965,0.899725134244685,0.1002748657553149,1.0,1.0,1.0,False
MHAS,28,intercept_only,0.05,100,100,1.0,5192,2076,3114,464,259.0,389.5,58.5,58.5,0.6865988939492518,0.1199359057493227,-0.0163222021171689,0.0080595410450283,0.0978075717641463,0.7810674751433603,0.2189325248566397,0.82,1.0,1.0,True
MHAS,28,intercept_only,0.1,100,100,1.0,5192,2076,3114,464,519.0,779.5,119.0,119.0,0.6865988939492518,0.119891282960894,-0.0163668249055976,-0.0025463839342509,0.0681168503760437,0.7810674751433603,0.2189325248566397,0.93,1.0,1.0,True
MHAS,28,intercept_only,0.2,100,100,1.0,5192,2076,3114,464,1038.0,1562.0,235.0,235.0,0.6865988939492518,0.1198156903713675,-0.0164424174951242,0.0078662377478373,0.0402769525529962,0.7810674751433603,0.2189325248566397,1.0,1.0,1.0,True
MHAS,28,intercept_only,0.3,100,100,1.0,5192,2076,3114,464,1557.0,2334.5,354.0,354.0,0.6865988939492518,0.1198331189031477,-0.0164249889633439,0.000894126798613,0.0289048377789667,0.7810674751433603,0.2189325248566397,1.0,1.0,1.0,True
MHAS,28,intercept_only,0.4,100,100,1.0,5192,2076,3114,464,2076.0,3117.0,471.5,471.5,0.6865988939492518,0.1198204786486594,-0.0164376292178322,0.0058749325881833,0.0217947192406191,0.7810674751433603,0.2189325248566397,1.0,1.0,1.0,True
MHAS,28,intercept_only,0.5,100,100,1.0,5192,2076,3114,464,2596.0,3901.0,590.0,590.0,0.6865988939492518,0.1198310455957579,-0.0164270622707337,0.001688369794042,0.0130871504631095,0.7810674751433603,0.2189325248566397,1.0,1.0,1.0,True
MHAS,28,intercept_only,0.6,100,100,1.0,5192,2076,3114,464,3115.0,4681.0,708.0,708.0,0.6865988939492518,0.1198280531426888,-0.0164300547238028,0.002848786495553,0.002848786495553,0.7810674751433603,0.2189325248566397,1.0,1.0,1.0,True
MHAS,28,none,0.0,1,1,1.0,5192,2076,3114,464,0.0,0.0,0.0,0.0,0.6865988939492518,0.1362581078664917,0.0,-0.7844081194490055,0.7844081194490055,0.7810674751433603,0.2189325248566397,0.0,1.0,1.0,False
MHAS,29,intercept_and_slope,0.05,100,100,1.0,5192,2076,3157,465,259.0,388.5,60.0,60.0,0.7195046254134113,0.1165636691814004,-0.0160029549634084,-0.0546370929925624,0.0980549636873832,1.0707488195716426,0.1210164378254918,0.8,1.0,1.0,False
MHAS,29,intercept_and_slope,0.1,100,100,1.0,5192,2076,3157,465,519.0,772.0,120.0,120.0,0.7195046254134113,0.1163896692291297,-0.0161769549156791,-0.0548064264298833,0.0708133174676137,1.0945361712995618,0.1104633261513994,0.94,1.0,1.0,False
MHAS,29,intercept_and_slope,0.2,100,100,1.0,5192,2076,3157,465,1038.0,1548.0,234.0,234.0,0.7195046254134113,0.1162771016820977,-0.0162895224627111,-0.0297316317672023,0.0459324635545225,1.1075994345773994,0.1075994345773992,1.0,1.0,1.0,False
MHAS,29,intercept_and_slope,0.3,100,100,1.0,5192,2076,3157,465,1557.0,2317.0,352.0,352.0,0.7195046254134113,0.1162165970453485,-0.0163500270994603,-0.0389633556716743,0.0394459158026937,1.093019205061497,0.0930192050614971,1.0,1.0,1.0,True
MHAS,29,intercept_and_slope,0.4,100,100,1.0,5192,2076,3157,465,2076.0,3091.0,470.0,470.0,0.7195046254134113,0.1162046311746813,-0.0163619929701275,-0.0416303683433447,0.0416303683433447,1.1060607679667025,0.1060607679667022,1.0,1.0,1.0,False
MHAS,29,intercept_and_slope,0.5,100,100,1.0,5192,2076,3157,465,2596.0,3867.5,588.0,588.0,0.7195046254134113,0.1161920843504561,-0.0163745397943527,-0.0424574891083032,0.0424574891083032,1.10486021447146,0.1048602144714602,1.0,1.0,1.0,False
MHAS,29,intercept_and_slope,0.6,100,100,1.0,5192,2076,3157,465,3115.0,4638.0,707.0,707.0,0.7195046254134113,0.1161847636971486,-0.0163818604476602,-0.0428494951960215,0.0428494951960215,1.1039522507285875,0.1039522507285877,1.0,1.0,1.0,False
MHAS,29,intercept_only,0.05,100,100,1.0,5192,2076,3157,465,259.0,388.5,60.0,60.0,0.7195046254134113,0.1167938208091424,-0.0157728033356664,-0.0588915473405993,0.1024356033495551,0.8833452751997012,0.1166547248002988,0.78,1.0,1.0,False
MHAS,29,intercept_only,0.1,100,100,1.0,5192,2076,3157,465,519.0,772.0,120.0,120.0,0.7195046254134113,0.1166779405471677,-0.0158886835976411,-0.0506187596087964,0.0746663911731558,0.8833452751997012,0.1166547248002988,0.93,1.0,1.0,True
MHAS,29,intercept_only,0.2,100,100,1.0,5192,2076,3157,465,1038.0,1548.0,234.0,234.0,0.7195046254134113,0.116617100668917,-0.0159495234758918,-0.0338675453119118,0.0479720560599361,0.8833452751997012,0.1166547248002988,1.0,1.0,1.0,True
MHAS,29,intercept_only,0.3,100,100,1.0,5192,2076,3157,465,1557.0,2317.0,352.0,352.0,0.7195046254134113,0.1166260677197314,-0.0159405564250774,-0.041016268361387,0.0419515386264176,0.8833452751997012,0.1166547248002988,1.0,1.0,1.0,True
MHAS,29,intercept_only,0.4,100,100,1.0,5192,2076,3157,465,2076.0,3091.0,470.0,470.0,0.7195046254134113,0.1166318409600009,-0.015934783184808,-0.0433977340565345,0.0433977340565345,0.8833452751997012,0.1166547248002988,1.0,1.0,1.0,True
MHAS,29,intercept_only,0.5,100,100,1.0,5192,2076,3157,465,2596.0,3867.5,588.0,588.0,0.7195046254134113,0.1166399513110405,-0.0159266728337683,-0.0466146403277331,0.0466146403277331,0.8833452751997012,0.1166547248002988,1.0,1.0,1.0,True
MHAS,29,intercept_only,0.6,100,100,1.0,5192,2076,3157,465,3115.0,4638.0,707.0,707.0,0.7195046254134113,0.1166383375923844,-0.0159282865524244,-0.0459859449789041,0.0459859449789041,0.8833452751997012,0.1166547248002988,1.0,1.0,1.0,True
MHAS,29,none,0.0,1,1,1.0,5192,2076,3157,465,0.0,0.0,0.0,0.0,0.7195046254134113,0.1325666241448089,0.0,-0.8136919591198191,0.8136919591198191,0.8833452751997012,0.1166547248002988,0.0,1.0,1.0,False
MHAS,30,intercept_and_slope,0.05,100,100,1.0,5192,2076,3130,476,259.0,389.0,59.0,59.0,0.6892695661535149,0.1213235140125147,-0.0147533908475157,0.0537416397980336,0.1206246885765818,0.9249297175543526,0.1300858328866355,0.8,1.0,1.0,False
MHAS,30,intercept_and_slope,0.1,100,100,1.0,5192,2076,3130,476,519.0,779.0,115.0,115.0,0.6892695661535149,0.1210994741406083,-0.0149774307194222,0.0743621634056321,0.0852924756681544,0.9376536173591729,0.1162373078973104,0.95,1.0,1.0,False
MHAS,30,intercept_and_slope,0.2,100,100,1.0,5192,2076,3130,476,1038.0,1556.5,232.5,232.5,0.6892695661535149,0.1210163670865804,-0.0150605377734501,0.0617188272564136,0.0663563789427026,0.9320046415847628,0.0687136570010669,0.98,1.0,1.0,True
MHAS,30,intercept_and_slope,0.3,100,100,1.0,5192,2076,3130,476,1557.0,2329.5,350.0,350.0,0.6892695661535149,0.1209572045728644,-0.015119700287166,0.0602540721915916,0.0617970144839191,0.9347370198403524,0.0653952025893738,1.0,1.0,1.0,True
MHAS,30,intercept_and_slope,0.4,100,100,1.0,5192,2076,3130,476,2076.0,3110.5,465.0,465.0,0.6892695661535149,0.1209433552423082,-0.0151335496177222,0.0602438702811761,0.0602438702811761,0.9316636686680384,0.0683363313319617,1.0,1.0,1.0,True
MHAS,30,intercept_and_slope,0.5,100,100,1.0,5192,2076,3130,476,2596.0,3887.0,582.0,582.0,0.6892695661535149,0.1209452230632167,-0.0151316817968137,0.0625302144105798,0.0625302144105798,0.9259632333583254,0.0740367666416745,1.0,1.0,1.0,True
MHAS,30,intercept_and_slope,0.6,100,100,1.0,5192,2076,3130,476,3115.0,4666.0,696.0,696.0,0.6892695661535149,0.1209380152897404,-0.0151388895702901,0.0657447423064459,0.0657447423064459,0.930133273860938,0.0698667261390619,1.0,1.0,1.0,True
MHAS,30,intercept_only,0.05,100,100,1.0,5192,2076,3130,476,259.0,389.0,59.0,59.0,0.6892695661535149,0.1214463736761406,-0.0146305311838899,0.061397918235038,0.1092150951368296,0.7987905446209878,0.2012094553790122,0.8,1.0,1.0,False
MHAS,30,intercept_only,0.1,100,100,1.0,5192,2076,3130,476,519.0,779.0,115.0,115.0,0.6892695661535149,0.1213718005972892,-0.0147051042627412,0.0871812641616645,0.0993086920453899,0.7987905446209878,0.2012094553790122,0.94,1.0,1.0,True
MHAS,30,intercept_only,0.2,100,100,1.0,5192,2076,3130,476,1038.0,1556.5,232.5,232.5,0.6892695661535149,0.1213406013208618,-0.0147363035391686,0.0734176991940321,0.0734176991940321,0.7987905446209878,0.2012094553790122,0.98,1.0,1.0,True
MHAS,30,intercept_only,0.3,100,100,1.0,5192,2076,3130,476,1557.0,2329.5,350.0,350.0,0.6892695661535149,0.1213214859910405,-0.0147554188689899,0.0697035370986771,0.0712566328786748,0.7987905446209878,0.2012094553790122,1.0,1.0,1.0,True
MHAS,30,intercept_only,0.4,100,100,1.0,5192,2076,3130,476,2076.0,3110.5,465.0,465.0,0.6892695661535149,0.1213135658074423,-0.0147633390525882,0.0679035140348685,0.0679035140348685,0.7987905446209878,0.2012094553790122,1.0,1.0,1.0,True
MHAS,30,intercept_only,0.5,100,100,1.0,5192,2076,3130,476,2596.0,3887.0,582.0,582.0,0.6892695661535149,0.1213112632537551,-0.0147656416062754,0.0721572522789383,0.0721572522789383,0.7987905446209878,0.2012094553790122,1.0,1.0,1.0,True
MHAS,30,intercept_only,0.6,100,100,1.0,5192,2076,3130,476,3115.0,4666.0,696.0,696.0,0.6892695661535149,0.1213086412322174,-0.014768263627813,0.0748033948225663,0.0748033948225663,0.7987905446209878,0.2012094553790122,1.0,1.0,1.0,True
MHAS,30,none,0.0,1,1,1.0,5192,2076,3130,476,0.0,0.0,0.0,0.0,0.6892695661535149,0.1360769048600305,0.0,-0.7413354634777625,0.7413354634777625,0.7987905446209878,0.2012094553790122,0.0,1.0,1.0,False
